"conversation_id_str","created_at","favorite_count","full_text","id_str","image_url","in_reply_to_screen_name","lang","location","quote_count","reply_count","retweet_count","tweet_url","user_id_str","username"
"1893708251146912122","Sun Feb 23 17:03:25 +0000 2025","0","Same principle for the proper match going fans crowd who think they re better than others stop buying tickets and pies on the concourse and enabling the Yanks to leech almost a billion £ out of the club through your money. Enemies of Manchester United the lot of you!","1893708251146912122","","","en","World","0","0","0","https://x.com/vault_dweller_7/status/1893708251146912122","1102944326894698497","vault_dweller_7"
"1893692674755944672","Sun Feb 23 17:03:03 +0000 2025","0","@UTDchumalo @Ugochukwu_96 What position is Manchester united currently?","1893708158507380822","","UTDchumalo","en","all over Nigeria ","0","0","0","https://x.com/Tchi_no/status/1893708158507380822","3064292589","Tchi_no"
"1893708161367851470","Sun Feb 23 17:03:03 +0000 2025","0","[®]™ MANCHESTER CITY GOAL IS RULED OFFSIDE https://t.co/MEXLGeOfit","1893708161367851470","https://pbs.twimg.com/media/GkfNh2DWMAAwry8.jpg","","en","📧 info@unitedradar.com","0","0","1","https://x.com/UnitedRadar/status/1893708161367851470","1548251668424187904","UnitedRadar"
"1893652483743895806","Sun Feb 23 17:03:10 +0000 2025","0","@CollinsZagaa @BashirAhmaad Abeg wrote your mother fucker full oo. Make e no be like sey na my club Manchester united football club you Wan blast.","1893708190321168510","","CollinsZagaa","en","","0","0","0","https://x.com/Amarantopashilo/status/1893708190321168510","1528445633606127616","Amarantopashilo"
"1893708098155467238","Sun Feb 23 17:02:48 +0000 2025","0","Access Bank Manchester United I made the wrong life choices man","1893708098155467238","","","en","","0","0","0","https://x.com/agbulight/status/1893708098155467238","1597205847649796098","agbulight"
"1893304463789633597","Sun Feb 23 17:02:44 +0000 2025","0","@realistfootyops @DylanMcbennett7 Agree to disagree. A simple sideways pass is not a chance created. I watch the games and I see Fernandes as the only player at Manchester United willing to take a risk to create.","1893708081680310349","","realistfootyops","en","","0","0","0","https://x.com/redflagflying6/status/1893708081680310349","1842236239476613120","redflagflying6"
"1893708078043758866","Sun Feb 23 17:02:43 +0000 2025","0"," You scouse bastard sing the United fans to Manchester born Tarkowski Forgetting their record scorer in the Prem is a scouser..","1893708078043758866","","","en","England, United Kingdom","0","0","0","https://x.com/Jayph96/status/1893708078043758866","1550432340270358530","Jayph96"
"1893708016823816195","Sun Feb 23 17:02:29 +0000 2025","0","Stop using Manchester United for clicks https://t.co/osQ8GFsGJx","1893708016823816195","https://pbs.twimg.com/media/GkfNZluXgAA4iom.jpg","","en","on earth for now ","0","0","0","https://x.com/Aaron_Magook/status/1893708016823816195","918106390564147200","Aaron_Magook"
"1893707943125627183","Sun Feb 23 17:02:11 +0000 2025","1","These stats are for two attacking players one of them at Manchester United and he doesn't love his team. https://t.co/akGlqOEsMX","1893707943125627183","https://pbs.twimg.com/media/GkfNVW9XsAA29Up.jpg","","en","Lagos 🇳🇬 On Your Mind ","0","0","0","https://x.com/D_WarEagle/status/1893707943125627183","149831830","D_WarEagle"
"1893691080631103878","Sun Feb 23 17:01:24 +0000 2025","0","@studyeurope123 Thank you for your update. After submitting my application to Kufstein UAS they asked me to take IELTS at least 5.5 submit legalized docs and will seat for supplementary exam in maths &amp; Eng. and pass them. My question is how difficult or easy is their supplementary exam?","1893707746899365974","","studyeurope123","en","United Kingdom","0","0","0","https://x.com/fab_utd/status/1893707746899365974","1473266007581941762","fab_utd"
"1893707742440743127","Sun Feb 23 17:01:23 +0000 2025","0","I have 2 tickets for the upcoming Manchester United vs Fulham game and 3 tickets for the thrilling clash against Arsenal. All seats are together so you can enjoy the action friends! DM me for more information! #Tickets #MUFC #ManUtdspares #ManchesterUnited #SpareTickets","1893707742440743127","","","en","Manchester, England","0","0","0","https://x.com/finlaymufc34/status/1893707742440743127","1208084316716224513","finlaymufc34"
"1893699588118528233","Sun Feb 23 17:01:13 +0000 2025","0","@studyeurope123 Thank you for your update. After submitting my application to Kufstein UAS they asked me to take IELTS at least 5.5 submit legalized docs and will seat for supplementary exam in maths &amp; Eng. and pass them. My question is how difficult or easy is their supplementary exam?","1893707697599525123","","studyeurope123","en","United Kingdom","0","0","0","https://x.com/fab_utd/status/1893707697599525123","1473266007581941762","fab_utd"
"1893704032784417025","Sun Feb 23 17:01:07 +0000 2025","0","@Xander_UTD I'm aware of the state of the club I support You're not United fans you're Players FC. You support Rashford not Manchester United. You're not back the manager. I'm just saying the fact that rashy for the last 2 years have been dreadful XanderUTD you can't accept that fact","1893707673557684538","","Xander_UTD","en","Tanah Anarki","0","0","0","https://x.com/cursedfatkid/status/1893707673557684538","272840915","cursedfatkid"
"1893707634890494007","Sun Feb 23 17:00:58 +0000 2025","0","Of course! An assist is bringing all these essays. Imagine what will happen when he scores. Leave Manchester United and follow Rashford that way you win Manchester wins.","1893707634890494007","","","en","","0","0","0","https://x.com/Lyrndah/status/1893707634890494007","257506635","Lyrndah"
"1893707631027450102","Sun Feb 23 17:00:57 +0000 2025","4","The Bruno Fernandes hate from the Manchester United fanbase will never make sense to me. https://t.co/GhcTXztmDz","1893707631027450102","https://pbs.twimg.com/media/GkfLba8WAAATfXg.jpg","","en","🌐","0","0","0","https://x.com/CantonasMind/status/1893707631027450102","1268570123260002306","CantonasMind"
"1893707400038797477","Sun Feb 23 17:00:56 +0000 2025","0","@Asensii20 Balloon Dior loading","1893707628406079614","","Asensii20","en","","0","0","0","https://x.com/Jpaul0011/status/1893707628406079614","1821280360614744064","Jpaul0011"
"1893698520344891480","Sun Feb 23 17:00:35 +0000 2025","0","@StretfordPaddck Love it ️ and he has the game on in the background he loves Manchester United just as much as Manchester United loves him #MUFC","1893707541340717135","","StretfordPaddck","en","Scotland, United Kingdom","0","0","0","https://x.com/sandfoga/status/1893707541340717135","86354006","sandfoga"
"1893707452794712187","Sun Feb 23 17:00:14 +0000 2025","0","Manchester United at a Financial Crossroads: Ratcliffe s Bold Cost-Cutting Gamble https://t.co/4juPvVukoY","1893707452794712187","","","en","United Kingdom","0","0","0","https://x.com/FootballLIVEH11/status/1893707452794712187","1515782373585170446","FootballLIVEH11"
"1893705426304106574","Sun Feb 23 16:59:40 +0000 2025","1","@nuradeeeen Manchester United own them","1893707308493881850","","nuradeeeen","en","peace of mind ♥️🫶","0","0","0","https://x.com/NachouBae/status/1893707308493881850","1597262269733376000","NachouBae"
"1893707296468762759","Sun Feb 23 16:59:37 +0000 2025","2","As a Manchester United fan I here by consent to Liverpool winning the league. I am born in 94 and live in London my real opps are ARSENAL. I don t care fuck arsenal","1893707296468762759","","","en","","0","0","0","https://x.com/slysterling20/status/1893707296468762759","3324517743","slysterling20"
"1893674708073431165","Sun Feb 23 16:59:03 +0000 2025","1","@studyeurope123 Thank you for your update. After submitting my application to Kufstein UAS they asked me to take IELTS at least 5.5 submit legalized docs and will seat for supplementary exam in maths &amp; Eng. and pass them. My question is how difficult or easy is their supplementary exam?","1893707152113516613","","studyeurope123","en","United Kingdom","0","0","0","https://x.com/fab_utd/status/1893707152113516613","1473266007581941762","fab_utd"
"1893704598809882657","Sun Feb 23 16:58:38 +0000 2025","1","@WaruiJohn2 Which African Manchester United fan wants arsenal to win the league??? Not me","1893707047197110600","","WaruiJohn2","en","Area 51","0","0","0","https://x.com/Atandi01/status/1893707047197110600","1538461628554956800","Atandi01"
"1893706861720805554","Sun Feb 23 16:57:53 +0000 2025","3","Casemiro's first club São Paulo FC wishing him a happy birthday today #VamosSãoPaulo #MUFC #Casemiro 🇧🇷 https://t.co/ljiI8475bD","1893706861720805554","https://pbs.twimg.com/media/GkfIUQOXIAAT1vU.jpg","","en","","0","1","0","https://x.com/Unitedfans2023/status/1893706861720805554","1624823334901805062","Unitedfans2023"
"1893706840241840154","Sun Feb 23 16:57:48 +0000 2025","1","Paul Pogba has personally spoke with Ruben Amorim. Manchester United are prepared to offer a one-year contract. The club would like to negotiate a low salary with lots of bonuses. #MUFC (Source: @jac_talbot) https://t.co/OGvnEJWomn","1893706840241840154","https://pbs.twimg.com/media/GkfMVdEW8AA9bvX.jpg","","en","","0","0","0","https://x.com/sportspheree/status/1893706840241840154","1677882646754480128","sportspheree"
"1893706769429307824","Sun Feb 23 16:57:31 +0000 2025","0","If you tell attackers at Manchester united to have some concern for defence they will cry for a new challenge","1893706769429307824","","","en","Ubiquitous ","1","0","0","https://x.com/Onahi_/status/1893706769429307824","390021266","Onahi_"
"1893706765918691795","Sun Feb 23 16:57:31 +0000 2025","0","My coach at Manchester United wants to start playing well when he signs his own players. I'm here imagining what will happen once Arne Slot signs his own players.","1893706765918691795","","","en","Lagos 🇳🇬 On Your Mind ","0","1","0","https://x.com/D_WarEagle/status/1893706765918691795","149831830","D_WarEagle"
"1893692249268969732","Sun Feb 23 16:57:30 +0000 2025","0","@UTDTrey Add Manchester united too to those teams","1893706764694032836","","UTDTrey","en","Nairobi, Kenya","0","0","0","https://x.com/ukhebisam/status/1893706764694032836","777821016","ukhebisam"
"1893706689469194450","Sun Feb 23 16:57:12 +0000 2025","0","Check out Paul Parker Futera On Card Auto SP RARE #05/06 FTA14 England Manchester United https://t.co/I8oxtTqBjJ #eBay via @eBay_UK","1893706689469194450","","","en","","0","0","0","https://x.com/andysellsstuff/status/1893706689469194450","1893701302489948160","andysellsstuff"
"1893706657731154242","Sun Feb 23 16:57:05 +0000 2025","0","Mohamed Salah has contributed to 70 goals against the top 6 in the Premier League: Contributed to (19) goals against Manchester United Contributed to (15) goals against Tottenham Contributed to (14) goals against Manchester City Contributed to (13) goals against https://t.co/nLPomoGBo1","1893706657731154242","https://pbs.twimg.com/media/GkfMKkTXMAI3uK6.jpg","","en","","0","0","0","https://x.com/latestnews2026/status/1893706657731154242","1175446897768706048","latestnews2026"
"1893706607931842879","Sun Feb 23 16:56:53 +0000 2025","0","Manchester City playing like Manchester United.","1893706607931842879","","","en","Celebrity  Land","0","0","0","https://x.com/ChrisExcelTrans/status/1893706607931842879","1267200752029704193","ChrisExcelTrans"
"1893630741918965812","Sun Feb 23 16:56:28 +0000 2025","0","@kirstyjmcneill BILLIONS for SE Engerland BILLIONS for Manchester United BILLIONS for Tata Steel 600 MILLIONS for Antwerp BELGIUM Loose change for Scotland The colony to be kept POOR !","1893706505309810809","","kirstyjmcneill","en","","0","0","0","https://x.com/ShuggyMcGlumper/status/1893706505309810809","1304418969022070789","ShuggyMcGlumper"
"1893705172469129296","Sun Feb 23 16:56:12 +0000 2025","0","@statmusefc Manchester clubs seem to be Salah's favorite.. Ofcourse he is United's owner.. ","1893706436871405833","","statmusefc","en","World","0","0","0","https://x.com/Sarcastic_SR/status/1893706436871405833","2928626635","Sarcastic_SR"
"1893704500898095359","Sun Feb 23 16:56:05 +0000 2025","1","@PollenUTD This was the last time Manchester United scored a goal like that https://t.co/RjtyU6ShFj","1893706406840131680","https://pbs.twimg.com/ext_tw_video_thumb/1803349719487504384/pu/img/hk5eWVqOkMSiISEo.jpg","PollenUTD","en","","0","1","0","https://x.com/TmCiteilife/status/1893706406840131680","1499649861934886912","TmCiteilife"
"1893705586891440500","Sun Feb 23 16:56:05 +0000 2025","1","@plumpymodel na me tell am make she marry am ","1893706406710124544","","plumpymodel","en","","0","1","0","https://x.com/Jpaul0011/status/1893706406710124544","1821280360614744064","Jpaul0011"
"1893487780208222279","Sun Feb 23 16:54:52 +0000 2025","1","@Y2Uchis @thescreenlad He s a Manchester United fan he had amad diallo avi before this","1893706100702105733","","Y2Uchis","en","Sigh hubba hubba ","0","1","0","https://x.com/km7central/status/1893706100702105733","1445103662947315715","km7central"
"1893706056934551568","Sun Feb 23 16:54:41 +0000 2025","0","Man City play like Manchester United these days.","1893706056934551568","","","en","Entrepreneur","0","0","0","https://x.com/fumnie/status/1893706056934551568","1080878787267567616","fumnie"
"1893705987812426136","Sun Feb 23 16:54:25 +0000 2025","0","Mohamed Salah has contributed to 87 goals against the top 6 in all competitions: Contributed to (22) goals against Manchester United Contributed to (20) goals against Tottenham Contributed to (20) goals against Manchester City Contributed to (13) goals against https://t.co/E8rqVViYyD","1893705987812426136","https://pbs.twimg.com/media/GkfLjloW8AAljuR.jpg","","en","","0","0","0","https://x.com/latestnews2026/status/1893705987812426136","1175446897768706048","latestnews2026"
"1893705586891440500","Sun Feb 23 16:54:25 +0000 2025","1","@plumpymodel You way your belle big pass my papa own ","1893705987351089333","","plumpymodel","en","","0","1","0","https://x.com/Jpaul0011/status/1893705987351089333","1821280360614744064","Jpaul0011"
"1893705885559484650","Sun Feb 23 16:54:01 +0000 2025","0","Date a Manchester United fan they'll never leave you no matter how bad it gets","1893705885559484650","","","en","Nigeria","0","0","0","https://x.com/princemjd08/status/1893705885559484650","440731439","princemjd08"
"1893705874998239254","Sun Feb 23 16:53:58 +0000 2025","0","Manchester United tried to kill their career.","1893705874998239254","","","en","Seeker","0","0","0","https://x.com/leomar_rc01/status/1893705874998239254","1849067147349098499","leomar_rc01"
"1893705847257096351","Sun Feb 23 16:53:51 +0000 2025","0","Mohamed Salah contributed to 87 goals against the top 6 in all competitions: (22) goals against Manchester United (20) goals against Tottenham (20) goals against Manchester City (13) goals against Arsenal (12) goals against Chelsea https://t.co/cjUvdiyEp0","1893705847257096351","https://pbs.twimg.com/media/GkfLbqBW4AAOyTX.jpg","","en","","0","0","0","https://x.com/CR_74_/status/1893705847257096351","1483793308816191490","CR_74_"
"1893704711552778427","Sun Feb 23 16:53:38 +0000 2025","0","@alofe_oluwafemi Manchester United ","1893705791783186884","","alofe_oluwafemi","en","Mizoram, India","0","0","0","https://x.com/sailopari232/status/1893705791783186884","1776883857976885248","sailopari232"
"1893705317709414517","Sun Feb 23 16:53:37 +0000 2025","0","@sachin_rt @imVkohli @ShreyasIyer15 @ShubmanGill @imkuldeep18 @hardikpandya7 Perfect Closure Sir @sachin_rt Always indebted to have seen you perform such miracles when we needed the most. Thank you for glittering all generations with your aura charm and legacy ️️️","1893705785143591262","","sachin_rt","en","Kolkata, IN","0","0","0","https://x.com/itsHiM_Rahman/status/1893705785143591262","1406311513913139213","itsHiM_Rahman"
"1893694897888149651","Sun Feb 23 16:53:35 +0000 2025","0","@visionradio891 Good evening @Brightk Listening in from kitoma nyakayojo mbarara man city 1:3 Liverpool regards to all Manchester united funs ","1893705778059489714","","visionradio891","en","Mbarara, Uganda","0","0","0","https://x.com/GilbertGil69397/status/1893705778059489714","1797435573189181440","GilbertGil69397"
"1893316543598993766","Sun Feb 23 16:53:35 +0000 2025","1","@JakeWStephens91 @adbennoEFC These Everton fans going on about the referee forget that this is the same guy who referee the arsenal Manchester United game in the FA cup this season which was probably the most biased anti man united game ever","1893705777740677274","","JakeWStephens91","en","","0","0","0","https://x.com/BADB3RTY/status/1893705777740677274","559697178","BADB3RTY"
"1893705767691137090","Sun Feb 23 16:53:33 +0000 2025","2","Mohamed Salah contributed to 70 goals against the top 6 in Premier League : (19) goals against Manchester United (15) goals against Tottenham (14) goals against Manchester City (13) goals against Arsenal (9) goals against Chelsea https://t.co/uH64TSj0Fb","1893705767691137090","https://pbs.twimg.com/media/GkfLXBdWMAAF4pT.jpg","","en","","0","0","0","https://x.com/CR_74_/status/1893705767691137090","1483793308816191490","CR_74_"
"1893702152230523088","Sun Feb 23 16:53:22 +0000 2025","1","@greenall_dom Dear Sir We have reviewed the picture and regret to inform you that due to the team not being Manchester United the panel of shitsperts has voted against having it splashed all over our channels. Sincerely with much prejudice Sky sports.","1893705723470586326","","greenall_dom","en","","0","1","0","https://x.com/yasmingov/status/1893705723470586326","327499232","yasmingov"
"1893705718424891639","Sun Feb 23 16:53:21 +0000 2025","0","At 37 Christiano Ronaldo was carrying manchester united. Scoring incredible goals in the EPL against the greatest clubs in the world. Messi will always be a fraud","1893705718424891639","","","en","","0","0","0","https://x.com/OrvinOtieno/status/1893705718424891639","1659624807271391232","OrvinOtieno"
"1893704709203960295","Sun Feb 23 16:53:20 +0000 2025","0","@AhmadxImranKhan Dont watch manchester united otherwise you will be in depression","1893705715316855239","","AhmadxImranKhan","en","बिहारी ","0","0","0","https://x.com/drrohittweets/status/1893705715316855239","243812999","drrohittweets"
"1893705702071296122","Sun Feb 23 16:53:17 +0000 2025","1"," A historic number! ️ Mohamed Salah contributed to 70 goals against the top 6 in the Premier League: Contributed to (19) goals against Manchester United Contributed to (15) goals against Tottenham Contributed to (14) goals against Manchester City https://t.co/x3Ujj29p4m","1893705702071296122","https://pbs.twimg.com/media/GkfLS-hWAAAMok5.jpg","","en","","0","0","0","https://x.com/aboAliAlshatimi/status/1893705702071296122","1863420635206107136","aboAliAlshatimi"
"1893705601961595253","Sun Feb 23 16:52:53 +0000 2025","0","Pakistani self depreciating humour is one of my favourite genres. That baap-beta comedy is so boring this is genuinely funny Being a Manchester United fan can confirm self depreciating humour really helps mental health","1893705601961595253","","","en","New Delhi, India","0","0","0","https://x.com/SarcasticSSJ/status/1893705601961595253","722093882234810368","SarcasticSSJ"
"1893705601957396715","Sun Feb 23 16:52:53 +0000 2025","0","Manchester United Football Programmes Supporters Newsletters &amp; Yearbooks. £0.50 each excluding postage cost https://t.co/nbXoZ4IOaR","1893705601957396715","https://pbs.twimg.com/media/GkfLNBjWoAAVukm.jpg","","en","Manchester","0","0","0","https://x.com/MUFCMemorabilia/status/1893705601957396715","2204550751","MUFCMemorabilia"
"1893703608413061323","Sun Feb 23 16:52:53 +0000 2025","0","@Silva_SM21 Ahh even Manchester United fans are rooting for Liverpool","1893705600480976968","","Silva_SM21","en","AT YOUR GIRLS CRIB","0","0","0","https://x.com/martinwxrldwxde/status/1893705600480976968","1598766578337710108","martinwxrldwxde"
"1893426646130065788","Sun Feb 23 16:52:34 +0000 2025","1","@JohnDickhut @mi1fmi1k That s a funny way to say Manchester United","1893705524241150290","","JohnDickhut","en","","0","0","0","https://x.com/jakekowalewski7/status/1893705524241150290","4807895723","jakekowalewski7"
"1893705294846337507","Sun Feb 23 16:51:40 +0000 2025","14","What Everton dressing room thought of Manchester United penalty decision as Andy Madley called out #mufc https://t.co/v3SIpkBuQL","1893705294846337507","","","en","Manchester, UK","0","7","2","https://x.com/ManUtdMEN/status/1893705294846337507","57299064","ManUtdMEN"
"1893697011410518442","Sun Feb 23 16:51:39 +0000 2025","0","@olawale2_ Playing for Aston villa and Manchester United na same thing?? Omo mehn lmao...","1893705292086452638","","olawale2_","en","","0","0","0","https://x.com/oyewo_olalekan/status/1893705292086452638","1509144664271695876","oyewo_olalekan"
"1893705063618761114","Sun Feb 23 16:50:45 +0000 2025","1"," A historic number! ️ Mohamed Salah contributed to 87 goals against the top 6 in all competitions: Contributed to (22) goals against Manchester United Contributed to (20) goals against Tottenham Contributed to (20) goals against Manchester City https://t.co/W6QBKKEc0G","1893705063618761114","https://pbs.twimg.com/media/GkfKuA3XQAEwkII.jpg","","en","","0","0","0","https://x.com/aboAliAlshatimi/status/1893705063618761114","1863420635206107136","aboAliAlshatimi"
"1893497628643488185","Sun Feb 23 16:50:40 +0000 2025","2","@mkainerugaba Let's go with Manchester United Afande","1893705043808760223","","mkainerugaba","en","Kampala, Uganda, Rwanda,Kigali","0","0","0","https://x.com/Muhoozi_Titan/status/1893705043808760223","1016322375816761344","Muhoozi_Titan"
"1893580074902847764","Sun Feb 23 16:50:19 +0000 2025","0","@ManUtd @Casemiro Paul Pogba has personally spoke with Ruben Amorim. Manchester United are prepared to offer a one-year contract..","1893704955657077199","","ManUtd","en","","0","0","0","https://x.com/LondosNick/status/1893704955657077199","1441002680881537025","LondosNick"
"1893704332719079905","Sun Feb 23 16:50:11 +0000 2025","0","May you grow stronger and return home with #iccchampionstrophy2025 To the entire #IndianCricketTeam #KeepShining #BleedBlue","1893704923356790911","","itsHiM_Rahman","en","Kolkata, IN","0","0","0","https://x.com/itsHiM_Rahman/status/1893704923356790911","1406311513913139213","itsHiM_Rahman"
"1893667786766905388","Sun Feb 23 16:50:07 +0000 2025","0","@MysteryChampion Manchester United","1893704903588983154","","MysteryChampion","en","","0","0","0","https://x.com/OFI4GR/status/1893704903588983154","92015169","OFI4GR"
"1893700118005559685","Sun Feb 23 16:49:55 +0000 2025","1","@FergiesRolex @Lea_EFC To be fair though Reggie it was a foul had that been roles reversed the majority of Manchester United fans would equally be screaming penalty. Though the alarming thing about yesterday was that United wasn t even in the game until Fernandez was pushed back 10 yards and","1893704855924920325","","FergiesRolex","en","Loughborough, England","0","1","0","https://x.com/Everton191177/status/1893704855924920325","1777269444814716929","Everton191177"
"1893704811150766564","Sun Feb 23 16:49:44 +0000 2025","0","@FA_PGMOL why is the ref from manchester for lfc v mcfc. There has never been a ref for liverpool in a lfc v mcfc game. Its daft and we are supposed to believe he supports altringham. Only refs in manchester dont support city or united.","1893704811150766564","","FA_PGMOL","en","Ireland","0","0","0","https://x.com/talkingpj/status/1893704811150766564","220040404","talkingpj"
"1893704787973001220","Sun Feb 23 16:49:39 +0000 2025","1","Get a lawn chair take my plasma TV outside and watch prime manchester united while I cry and drink lager","1893704787973001220","","","en","","0","0","0","https://x.com/utdcupboard/status/1893704787973001220","1303037382271401984","utdcupboard"
"1893694262081921307","Sun Feb 23 16:48:25 +0000 2025","0","@_Hybreed_ Chiefs is like Manchester united they holding on to glory days instead of adaptation https://t.co/AyA14qCMkg","1893704478152417763","https://pbs.twimg.com/media/GkfKL9wXkAANawo.jpg","_Hybreed_","en","Room 8, Block C, Kuvuki Land ","0","0","0","https://x.com/1458Ben/status/1893704478152417763","1550788506041073665","1458Ben"
"1893703544202559712","Sun Feb 23 16:48:18 +0000 2025","0","@ManCity 3 must things 1. Death 2. Manchester united 15th and 3. Manchester city surving its legs to Salah","1893704449312383121","","ManCity","en","","0","0","0","https://x.com/s68845192_s/status/1893704449312383121","1597195627162750976","s68845192_s"
"1893408005611217238","Sun Feb 23 16:48:07 +0000 2025","0","@markgoldbridge Paul Pogba has personally spoke with Ruben Amorim. Manchester United are prepared to offer a one-year contract.","1893704400599728443","","markgoldbridge","en","","0","0","0","https://x.com/LondosNick/status/1893704400599728443","1441002680881537025","LondosNick"
"1893703487004831752","Sun Feb 23 16:47:58 +0000 2025","0","@AmorimBalll_ He took over the contract Manchester United had in the past. He s destined for greatness","1893704366139322524","","AmorimBalll_","en","","0","0","0","https://x.com/TheSlowLad/status/1893704366139322524","38676092","TheSlowLad"
"1893704334933655704","Sun Feb 23 16:47:51 +0000 2025","1","Any team that wants to beat Manchester united should do so now. Cos next season di3 don't even think of it. We're coming like... Teams will suffer in our hands.","1893704334933655704","","","en","Kumasi, Ghana","0","1","0","https://x.com/Sonka_Samuel/status/1893704334933655704","145057072","Sonka_Samuel"
"1893704332719079905","Sun Feb 23 16:47:50 +0000 2025","0","You Waited! We Waited! Some despised you some trolled you &amp; some silently prayed for your return to form @imVkohli Nothing better than the King silencing all and reaffirming his authority in the biggest of the game we were playing #INDvsPAK The Calma celebration is YOU! https://t.co/g4XGaBDXNo","1893704332719079905","https://pbs.twimg.com/media/GkfJdL4WwAANNZC.jpg","","en","Kolkata, IN","0","1","0","https://x.com/itsHiM_Rahman/status/1893704332719079905","1406311513913139213","itsHiM_Rahman"
"1893704151218962658","Sun Feb 23 16:47:07 +0000 2025","0","MARCUS RASHFORD SIGNED MANCHESTER UNITED FOOTBALL SHIRT WITH PROOF COA £122.00 currently 3 bids 8 watchers Ends Tue 25th Feb @ 8:13pm https://t.co/YYFCew5QAU #ad #mufc https://t.co/ahTyjNfcyJ","1893704151218962658","https://pbs.twimg.com/media/GkfJ5AnXEAEkqxv.jpg","","en","Old Trafford","0","0","0","https://x.com/MANUmemorabilia/status/1893704151218962658","1712819216833748992","MANUmemorabilia"
"1893703487004831752","Sun Feb 23 16:46:50 +0000 2025","0","@AmorimBalll_ GOAT mate he is out of contract Manchester United should get him best way for Salah to get back at Liverpool for not giving him a good contract deal till now","1893704079534170314","","AmorimBalll_","en","Anywhere","0","0","0","https://x.com/FootballUntd/status/1893704079534170314","1767791041011200000","FootballUntd"
"1893704025666617556","Sun Feb 23 16:46:37 +0000 2025","0","-VAN DE BEEK (EX- MANCHESTER UNITED) ALMOST SCORES FOR GIRONA!! REAL MADRID 0-0 GIRONA https://t.co/v877yJ25P0","1893704025666617556","https://pbs.twimg.com/media/GkfJxKeWoAIVwAR.jpg","","en","","0","0","0","https://x.com/TheSlowLad/status/1893704025666617556","38676092","TheSlowLad"
"1893704005240434764","Sun Feb 23 16:46:32 +0000 2025","2","I had a dream that the 2025 Super cup final was Barcelona VS Manchester United. https://t.co/iOsgv8G8Mg","1893704005240434764","https://pbs.twimg.com/media/GkfJwaqWsAAnYJd.jpg","","en","Somewhere ","0","0","0","https://x.com/EdwinAndabwa/status/1893704005240434764","1644995611228241920","EdwinAndabwa"
"1893664654918136123","Sun Feb 23 16:46:30 +0000 2025","0","@AngryTomtweets Retro makeovers on sports nostalgia blending history with high-tech flair. Fascinating move Manchester United!","1893703994016489737","","AngryTomtweets","en","Lancaster, California","0","0","0","https://x.com/neurorek/status/1893703994016489737","1737058708742422528","neurorek"
"1893703938400030817","Sun Feb 23 16:46:16 +0000 2025","0","And then there s Manchester United ","1893703938400030817","","","en","outside my comfort zone. ","0","0","0","https://x.com/yomi_mabayoje/status/1893703938400030817","617864273","yomi_mabayoje"
"1893703890865905677","Sun Feb 23 16:46:06 +0000 2025","0","Remembering the days when Manchester United were the giants of England and Europe makes this even harder. Forever red always hopeful for our resurgence. #MUFC #ForeverRed","1893703893596442650","","Afdal_Ghazi","en","Nigeria","0","1","0","https://x.com/Afdal_Ghazi/status/1893703893596442650","1806499598673809408","Afdal_Ghazi"
"1893667786766905388","Sun Feb 23 16:46:05 +0000 2025","0","@MysteryChampion Manchester united","1893703890660450671","","MysteryChampion","en","","0","0","0","https://x.com/LeoDaly15/status/1893703890660450671","1607113112058044420","LeoDaly15"
"1893674343453893095","Sun Feb 23 16:46:02 +0000 2025","0","@planetfaz Holding Manchester united together* you mean","1893703879302287757","","planetfaz","en","","0","0","0","https://x.com/EpilepticRabbit/status/1893703879302287757","1253736817284833281","EpilepticRabbit"
"1893703872348033120","Sun Feb 23 16:46:01 +0000 2025","1","You Look at set piece routine goals other teams score and then you wonder what Manchester United set piece coach does with the team all week","1893703872348033120","","","en","","0","0","0","https://x.com/Beeg_Erv/status/1893703872348033120","1512517166440103948","Beeg_Erv"
"1893703869940523376","Sun Feb 23 16:46:00 +0000 2025","248","United's Scandinavians are thriving 🇳🇴🇸🇪 #MUWomen https://t.co/kDnUlJr5go","1893703869940523376","https://pbs.twimg.com/media/GkUoXALXAAA4JTg.jpg","","en","United Store 🛍️➡️","4","1","24","https://x.com/ManUtdWomen/status/1893703869940523376","977180963846443013","ManUtdWomen"
"1893667786766905388","Sun Feb 23 16:45:42 +0000 2025","0","@MysteryChampion @DonkTrading Manchester United ","1893703795743350976","","MysteryChampion","en","","0","0","0","https://x.com/r27mufc/status/1893703795743350976","1646564298263494661","r27mufc"
"1893703647134900397","Sun Feb 23 16:45:40 +0000 2025","3","@markgoldbridge Manchester United players need to go to Liverpool Academy and learn football","1893703787379851633","","markgoldbridge","en","𝕏","0","0","1","https://x.com/_UTD24/status/1893703787379851633","1266599636925644800","_UTD24"
"1893269105077055656","Sun Feb 23 16:45:35 +0000 2025","0","@Michael_fgh12 Need IPTV for Premier League Matches? WA Now for Quick Setup 🇬🇧 Everton FC vs Manchester United","1893703763086459040","","Michael_fgh12","en","Germany","0","1","0","https://x.com/elijahwood_M/status/1893703763086459040","1856519694896726016","elijahwood_M"
"1893667786766905388","Sun Feb 23 16:45:27 +0000 2025","0","@MysteryChampion @DonkTrading Manchester United","1893703732627493063","","MysteryChampion","en","","0","0","0","https://x.com/UTDK7_/status/1893703732627493063","930952046957748224","UTDK7_"
"1893703689807810771","Sun Feb 23 16:45:17 +0000 2025","1","Robin van Persie has been appointed as the new Feyenoord manager 🇳🇱 The former Arsenal and Manchester United striker rejoins the club he started and ended his career at with a 14 point gap to leaders Ajax and a Champions League showdown with Inter Milan to come next month ","1893703689807810771","","","en","","0","0","0","https://x.com/TheWoodworkUK/status/1893703689807810771","1496882953405796359","TheWoodworkUK"
"1893703679162700059","Sun Feb 23 16:45:15 +0000 2025","21","Need IPTV for Premier League Matches? WA Now for Quick Setup 🇬🇧 Everton FC vs Manchester United","1893703679162700059","","","en","United Kingdom","19","21","21","https://x.com/Michael_fgh12/status/1893703679162700059","1831690267021242368","Michael_fgh12"
"1893703666126717267","Sun Feb 23 16:45:11 +0000 2025","4","Manchester United legend Robin van Persie has been appointed head coach of Feyenoord. Robin - who will be assisted by former Reds coach Rene Hake - will be tasked with facing Inter Milan in the next round of the UEFA Champions League next month following Friday's draw. #MUFC https://t.co/nMO8sTRdFY","1893703666126717267","https://pbs.twimg.com/media/GkfJcl6X0AAQdLx.jpg","","en","","0","0","0","https://x.com/UtdJoshua03/status/1893703666126717267","803304278282665988","UtdJoshua03"
"1893703567720034477","Sun Feb 23 16:44:48 +0000 2025","0","NB: Manchester United are distancing themselves from Manchester City However the committee has decided that they are going to support Liverpool in this derby ","1893703567720034477","","","en","Johannesburg, South Africa","0","0","0","https://x.com/BenzellWakudumo/status/1893703567720034477","1295678894","BenzellWakudumo"
"1893698993344921829","Sun Feb 23 16:44:24 +0000 2025","0","@UsherKomugisha @Radio2000_ZA Wait till I say big up to the Manchester United fan Usher ","1893703465253191911","","UsherKomugisha","en","Southern Africa Region","0","1","0","https://x.com/_TatendaGondo/status/1893703465253191911","1461713154","_TatendaGondo"
"1893703440825496038","Sun Feb 23 16:44:18 +0000 2025","0","If Manchester City got stripped off all their titles and titles were retroactively given to the second place team then United would somehow get more than anyone rise because they somehow came second the most behind City which I didn t know at all until I looked at it just now.","1893703440825496038","","","en","Arklow","0","0","0","https://x.com/RyanW_CFC/status/1893703440825496038","2405078980","RyanW_CFC"
"1893703374807191623","Sun Feb 23 16:44:02 +0000 2025","0","It s interesting to hear that Paul Pogba and Ruben Amorim have reportedly had a conversation especially with Manchester United considering a one-year deal. The idea of a low base salary paired with performance bonuses makes sense it s a low-risk move for the club given Pogba s https://t.co/w0q3MEFqha","1893703374807191623","https://pbs.twimg.com/media/GkfJLK7W4AAW_pB.jpg","","en","","0","1","0","https://x.com/sportsarena710/status/1893703374807191623","1893699592731934720","sportsarena710"
"1893565109370278265","Sun Feb 23 16:44:01 +0000 2025","0","@Benjwinst And yet it would have been a penalty had it been Liverpool or Manchester United","1893703368792485935","","Benjwinst","en","Formby, England","0","0","0","https://x.com/DavidBrown1933/status/1893703368792485935","636243536","DavidBrown1933"
"1893703245157061069","Sun Feb 23 16:43:31 +0000 2025","2","We lost to Aston villa but we are 13 points above Manchester United https://t.co/C1fg1kjeQ1","1893703245157061069","https://pbs.twimg.com/ext_tw_video_thumb/1893703196444352513/pu/img/WIaA4-okH12PJguu.jpg","","en","Los Angeles, CA","0","0","0","https://x.com/JuvestNyo/status/1893703245157061069","1331287653036281857","JuvestNyo"
"1893658224005460167","Sun Feb 23 16:43:09 +0000 2025","1","@PrinceDavidOsei Are you hungry? ","1893703151741440241","","PrinceDavidOsei","en","Techiman, Ghana","0","0","0","https://x.com/nyamegye90/status/1893703151741440241","1616173040965926937","nyamegye90"
"1893702086677627064","Sun Feb 23 16:42:25 +0000 2025","0","@LaurensJulien Similar tactics to Manchester United get at them?","1893702966097367291","","LaurensJulien","en","Westwood, Los Angeles","0","0","0","https://x.com/James_Handal/status/1893702966097367291","1884586053883027456","James_Handal"
"1893497628643488185","Sun Feb 23 16:41:58 +0000 2025","0","@mkainerugaba I strongly recommend Manchester United.","1893702856370270521","","mkainerugaba","en","Oyam, Uganda","0","0","0","https://x.com/oyite6/status/1893702856370270521","1557787476365910017","oyite6"
"1893702819657466308","Sun Feb 23 16:41:50 +0000 2025","5","Man City vs Liverpool Live Stream ^^ Manchester City vs Liverpool Live Stream HD TV Live 1 ▶ https://t.co/apm2h7dxk7 Live 2 ▶ https://t.co/hCFwxJ59lZ Liverpool vs Man City Liverpool vs Manchester City Live Bayern Munich vs Eintracht Frankfurt Nice vs Montpellier Live https://t.co/kQPROabuxy","1893702819657466308","https://pbs.twimg.com/ext_tw_video_thumb/1893702799256412160/pu/img/9ChX2W0yOh0ark9c.jpg","","en","","0","0","5","https://x.com/mexicolive4k/status/1893702819657466308","1801411972967370752","mexicolive4k"
"1893552770843595083","Sun Feb 23 16:41:46 +0000 2025","0","@itsMJ_Ke He still belongs to Manchester United nothing like an ex'","1893702806151811521","","itsMJ_Ke","en","Nairobi, Kenya","0","0","0","https://x.com/mulierics/status/1893702806151811521","1478352618950959106","mulierics"
"1893621996807688455","Sun Feb 23 16:41:44 +0000 2025","0","@hibayFC The person behind the account is a Manchester United fan he has a amad diallo avi","1893702797654167553","","hibayFC","en","Sigh hubba hubba ","0","1","0","https://x.com/km7central/status/1893702797654167553","1445103662947315715","km7central"
"1893700344854544820","Sun Feb 23 16:41:23 +0000 2025","1","@UtdFaithfuls This guy didn't start his football career at Manchester United but his love passion and dedication for this club makes me love him more get well soon hero","1893702705811484839","","UtdFaithfuls","en","Nairobi, Kenya","0","1","0","https://x.com/SolomonSyengo/status/1893702705811484839","1090979341113151488","SolomonSyengo"
"1893622352107196433","Sun Feb 23 16:40:50 +0000 2025","0","@lapido16 @AgamoleE @CantonasCoIIar At least give him a chance who knows he can score a goal because that's a good position for a striker to score a goal. It's not like Maguire would pass to someone who would do something better than him. I never understand Manchester United fans logic.","1893702567575662934","","lapido16","en","","0","0","0","https://x.com/redhafiz10/status/1893702567575662934","1603430926293213184","redhafiz10"
"1893497628643488185","Sun Feb 23 16:40:40 +0000 2025","0","@mkainerugaba @TinaBey6 Manchester united Afade","1893702527989801373","","mkainerugaba","en","","0","0","0","https://x.com/DicksonAba60354/status/1893702527989801373","1836127747594145792","DicksonAba60354"
"1893699086802395568","Sun Feb 23 16:39:43 +0000 2025","0","@_AsiwajuLerry My only question is what is Manchester United doing there","1893702287400329381","","_AsiwajuLerry","en","","0","0","0","https://x.com/ChineduObi88187/status/1893702287400329381","1853474587347927040","ChineduObi88187"
"1893702119737225540","Sun Feb 23 16:39:03 +0000 2025","0","A City United. Manchester ️","1893702119737225540","","","en","","0","0","0","https://x.com/Gidaas/status/1893702119737225540","311887983","Gidaas"
"1893277670881767644","Sun Feb 23 16:38:56 +0000 2025","0","Finaaal no St James Park Newcastle United 4-3 Nottingham Forest #NEWNFO Teve um golinho do Yates no final A seguir 13:30 Liverpool v Manchester City #LIVMCI","1893702090796507282","","trivella","en","Pederneiras/Brasil","0","0","0","https://x.com/trivella/status/1893702090796507282","18553657","trivella"
"1893702078129692760","Sun Feb 23 16:38:53 +0000 2025","6","The problem with girls in football is that in a week you see her with original Manchester United City Liverpool Chelsea Arsenal and Real Madrid jersey on. Pathetic","1893702078129692760","","","en","Earth","0","2","3","https://x.com/wesmapesa/status/1893702078129692760","926042944611774464","wesmapesa"
"1893696133945323729","Sun Feb 23 16:38:29 +0000 2025","1","@ChigEmic Anybody wey dey bet should stay clear of Manchester United.","1893701976799510751","","ChigEmic","en","Traveler","0","0","0","https://x.com/obolibojaa/status/1893701976799510751","132357708","obolibojaa"
"1893674408083968456","Sun Feb 23 16:38:27 +0000 2025","0","@IanMurrayMP What garbage labour have done nothing to save grangemouth they have however given inros billions to build an oil processing plant in Belgium and millions to Radcliffe to do up Manchester United's stadium #LabourLies #LabourLiars #LabourOut this labours real legacy https://t.co/DEDLwVPsYU","1893701968444448885","https://pbs.twimg.com/media/GkfH550WMAA5yzE.jpg","IanMurrayMP","en","Far Away In Time","0","0","0","https://x.com/boilafrog/status/1893701968444448885","535789943","boilafrog"
"1893361768715481362","Sun Feb 23 16:38:15 +0000 2025","0","@Miltonneves Manchester United https://t.co/CxQS3iWKEz","1893701920050557208","https://pbs.twimg.com/media/GkfH2--W0AAW9jh.jpg","Miltonneves","en","São Bernardo do Campo, Brasil","0","0","0","https://x.com/LusFern19561017/status/1893701920050557208","1413179985981054977","LusFern19561017"
"1893624346306027974","Sun Feb 23 16:38:00 +0000 2025","0","@UnitedStandMUFC Forrest fan flexing a Man U draw to stay 15th the downfall of Manchester United is glorious.","1893701857219920331","","UnitedStandMUFC","en","","0","0","0","https://x.com/jaylaws88/status/1893701857219920331","1148300104761319424","jaylaws88"
"1893619387392721089","Sun Feb 23 16:36:59 +0000 2025","1","@UTDTyco Said he told the fans to fuck off He stuck the middle finger at fans (Manchester united fans) What more gaslighting do you wanna do to defend him because at this point it s agenda. Sensitive You said Sancho told the fans to fuck off because he had a disagreement with Eth","1893701598720688319","","UTDTyco","en","","0","0","0","https://x.com/StandardsUTD/status/1893701598720688319","1322260492526723072","StandardsUTD"
"1893701598171308492","Sun Feb 23 16:36:58 +0000 2025","0"," Paul Pogba has personally spoke with Ruben Amorim. Manchester United are prepared to offer a one-year contract. The club would like to negotiate a low salary with lots of bonuses. (Source: @jac_talbot) https://t.co/lV74b98nME","1893701598171308492","https://pbs.twimg.com/media/GkfHkGWWwAAyUZo.jpg","","en","Ohio, USA","0","0","0","https://x.com/FabrizioFutbal/status/1893701598171308492","348158724","FabrizioFutbal"
"1893359169157157072","Sun Feb 23 16:36:58 +0000 2025","0","@dailystarnews Sounds like Manchester United could use some data training! Maybe @PublicAIData can help them toughen up and earn rewards for their efforts! #PublicAI","1893701594430005679","","dailystarnews","en","","0","0","0","https://x.com/imranvaii/status/1893701594430005679","1504655278587129857","imranvaii"
"1893701571029922147","Sun Feb 23 16:36:52 +0000 2025","3","Frank Brett - Manchester United's full-back from a century ago https://t.co/PuZWoWBRcJ","1893701571029922147","https://pbs.twimg.com/media/GkfHdT5WUAAMM3V.jpg","","en","","0","1","0","https://x.com/NewtonH57888659/status/1893701571029922147","1340396787534864386","NewtonH57888659"
"1893701488179925154","Sun Feb 23 16:36:32 +0000 2025","0","Man United could turn to former Tottenham manager to replace Ruben Amorim #MUFC https://t.co/uTI3PM9b2Z","1893701488179925154","","","en","contact@sportsrooter.com","0","0","0","https://x.com/ManUtdRooter/status/1893701488179925154","1304508401016172545","ManUtdRooter"
"1893701538620551508","Sun Feb 23 16:36:44 +0000 2025","0","Without Manchester united you wouldn t be relevant.","1893701538620551508","","","en","Minneapolis, MN","0","0","0","https://x.com/TefloNB5/status/1893701538620551508","852456033222098944","TefloNB5"
"1893701446081659211","Sun Feb 23 16:36:22 +0000 2025","4","Manuel Ugarte volley for Manchester United yesterday Luka Modric volley for Real Madrid today Twinning.","1893701446081659211","","","en","Lagos, Nigeria","0","2","0","https://x.com/GidiGambino/status/1893701446081659211","1451988033826398209","GidiGambino"
"1893701139998167454","Sun Feb 23 16:35:09 +0000 2025","2","Manchester united this season is better than Chelsea who have forgotten how to play and manage a simple game.","1893701139998167454","","","en","Kiambu, Kenya","0","0","0","https://x.com/yemmyen/status/1893701139998167454","1692666365960765440","yemmyen"
"1893495083304886721","Sun Feb 23 16:34:53 +0000 2025","0","@mkainerugaba UPDF is one of the worst team in terms of performance and salary payment in Uganda premier league I think they need your help before you buy Manchester United Sir!","1893701070674653565","","mkainerugaba","en","Kampala, Uganda","0","0","0","https://x.com/JoshuaOpioug/status/1893701070674653565","1660947354365710338","JoshuaOpioug"
"1893700939686515058","Sun Feb 23 16:34:21 +0000 2025","1","Liverpool &amp; Manchester City fans raise a banner together today titled.. 'Stop exploiting the loyalty of the fans.' The fans are angry about the increase in ticket prices for fans. Manchester City &amp; United &amp; Liverpool fans in particular have raised the banner several times this https://t.co/YcEyIUvEia","1893700939686515058","https://pbs.twimg.com/media/GkfG9ryXkAAQNc3.jpg","","en","","0","0","0","https://x.com/latestnews2026/status/1893700939686515058","1175446897768706048","latestnews2026"
"1893299200391020748","Sun Feb 23 16:33:51 +0000 2025","0","@samuelluckhurst Manchester United should try their best to keep this guy's mouth shut.....! Negative AF ","1893700812750152177","","samuelluckhurst","en","","0","0","0","https://x.com/Swapnil161994/status/1893700812750152177","1724487193786556416","Swapnil161994"
"1893497628643488185","Sun Feb 23 16:32:19 +0000 2025","0","@mkainerugaba Manchester United","1893700427322982443","","mkainerugaba","en","Doha, Qatar","0","0","0","https://x.com/JoshuaRutajogwa/status/1893700427322982443","1252696507633057792","JoshuaRutajogwa"
"1893667786766905388","Sun Feb 23 16:32:08 +0000 2025","0","@MysteryChampion Manchester United","1893700381684772985","","MysteryChampion","en","","0","0","0","https://x.com/planck5192/status/1893700381684772985","1790064104649932800","planck5192"
"1893697011410518442","Sun Feb 23 16:31:07 +0000 2025","0","@olawale2_ @ayolimited So you think playing for west ham is same as playing for Manchester United you think he is getting same pressure at west ham??? Ybk dey ground next joke","1893700122942320967","","olawale2_","en","","0","0","0","https://x.com/Kyekye_ku/status/1893700122942320967","1622942240401235971","Kyekye_ku"
"1893700103262654919","Sun Feb 23 16:31:02 +0000 2025","2","Manchester City vs Liverpool Live Coverage Like &amp; Repost #MCILIV https://t.co/5LzVCpVirp","1893700103262654919","","","en","","0","0","0","https://x.com/Aladdindac/status/1893700103262654919","1884585690463428608","Aladdindac"
"1893700093548589114","Sun Feb 23 16:31:00 +0000 2025","0","- Manchester City vs Liverpool is here enjoy this one https://t.co/8HDAbvqXUM","1893700093548589114","https://pbs.twimg.com/media/GkfGMeWWIAAfgsc.jpg","","en","Old Trafford","0","0","0","https://x.com/United_Blakker_/status/1893700093548589114","1427001098154479619","United_Blakker_"
"1893698625839980811","Sun Feb 23 16:30:41 +0000 2025","0","@DeadlineDayLive Apparently Mitchell still has 2yrs on his Palace deal...but Manchester United needing so many players should be all over Kimmich Gomes Tah and Jonathan David","1893700014020415551","","DeadlineDayLive","en","botswana","0","0","0","https://x.com/mikemothusi11/status/1893700014020415551","489804729","mikemothusi11"
"1893684109177700397","Sun Feb 23 16:29:41 +0000 2025","0","@centredevils @FilSport @mufcMPB If this man got some sense he would stay far away from Manchester United","1893699763402412049","","centredevils","en","Orlando, FL","0","0","0","https://x.com/oharadante_o/status/1893699763402412049","953699761147777024","oharadante_o"
"1893699725372620909","Sun Feb 23 16:29:32 +0000 2025","0","*Garnacho Transfer News* There's still a feeling that Manchester United could look to sell Alejandro Garnacho in the summer despite their reluctant to sell him called by Journalist Ben Jacobs via GiveMeSport. #MUFC #ManUnited #ManUtd #ManchesterUnited #MUMUfootball https://t.co/3cfgKLfX91","1893699725372620909","https://pbs.twimg.com/media/GkfFvSHXwAABUii.jpg","","en","","0","0","0","https://x.com/MUMUfootball/status/1893699725372620909","1495763503394734081","MUMUfootball"
"1893697802401648688","Sun Feb 23 16:29:27 +0000 2025","16","@teadrinkingtwit Hello brother. Can you give us Hojlund to continue the Fenerbahce-Manchester United brotherhood?","1893699704518565970","","teadrinkingtwit","en","İstanbul-Mardin ","0","3","0","https://x.com/Fur47n/status/1893699704518565970","1603323515515592704","Fur47n"
"1893392071790150142","Sun Feb 23 16:29:24 +0000 2025","0","@Michael_Grigs26 If you can get a Villa shirt and support trashford there it ll save you the energy to tweet this. I mean you can t do nothing to bring him back. Manchester United is different from Villa","1893699691839095137","","Michael_Grigs26","en","Ghana","0","0","0","https://x.com/Twentieone_c/status/1893699691839095137","1573810164112805892","Twentieone_c"
"1893699649371869250","Sun Feb 23 16:29:14 +0000 2025","0","Waiting for the Bangladeshi alibis #INDvPAKlive #INDvsPAK #India #IndvsBan #indvsbangladesh","1893699649371869250","","","en","Kolkata, India","0","0","0","https://x.com/Santanu14081988/status/1893699649371869250","592718628","Santanu14081988"
"1893699629826408735","Sun Feb 23 16:29:09 +0000 2025","1","BREAKING: Paul Pogba has held talks with Ruben Amorim. Manchester United would be ready to offer him a renewable one-year contract. Manchester United would like to negotiate a low salary with many bonuses. #MUFC [@jac_talbot via @FilSport] https://t.co/TDuUHy5nQv","1893699629826408735","https://pbs.twimg.com/media/GkfFxssWEAAGR_W.jpg","","en","","0","0","0","https://x.com/FlyingDevils99/status/1893699629826408735","1885234793975058432","FlyingDevils99"
"1893674408398491989","Sun Feb 23 16:29:07 +0000 2025","0","@UTDTrey As soon as he became a Manchester united player he ll flopped","1893699618891763869","","UTDTrey","en","Nigeria","0","0","0","https://x.com/j_i_n_i_or/status/1893699618891763869","1509709241845694469","j_i_n_i_or"
"1893699505305858097","Sun Feb 23 16:28:39 +0000 2025","1"," BREAKING: Liverpool &amp; Manchester City fans raise one banner together today titled.. 'Stop exploiting the loyalty of the fans.' The fans are angry about the increase in ticket prices for fans. Manchester City &amp; United &amp; Liverpool fans in particular have raised https://t.co/KURY6Zp6oe","1893699505305858097","https://pbs.twimg.com/media/GkfFqM9X0AAnjHo.jpg","","en","","0","0","0","https://x.com/aboAliAlshatimi/status/1893699505305858097","1863420635206107136","aboAliAlshatimi"
"1893670814848872517","Sun Feb 23 16:28:36 +0000 2025","0","@utd_Eman Manchester United are letting them down","1893699489749201038","","utd_Eman","en","","0","0","0","https://x.com/JBTFooty/status/1893699489749201038","1671599453759852545","JBTFooty"
"1893698625839980811","Sun Feb 23 16:28:26 +0000 2025","0","@DeadlineDayLive This team will beat Manchester United home and away anytime any day","1893699448397574272","","DeadlineDayLive","en","Nigeria ","0","0","0","https://x.com/ChelseafcDio/status/1893699448397574272","1805210706771664896","ChelseafcDio"
"1893699414859846084","Sun Feb 23 16:28:18 +0000 2025","1","Manchester City vs Liverpool Live Online Like &amp; Repost #MCILIV https://t.co/5LzVCpVirp","1893699414859846084","","","en","","0","0","0","https://x.com/Aladdindac/status/1893699414859846084","1884585690463428608","Aladdindac"
"1893699397789024642","Sun Feb 23 16:28:14 +0000 2025","12","As Manchester United and Arsenal fans we must cook the loser but we will cook Liverpool with fire from hell should they lose https://t.co/HY3xw9DDpV","1893699397789024642","https://pbs.twimg.com/media/GkfFjrLXQAAOy_R.jpg","","en","Earth","0","4","8","https://x.com/wesmapesa/status/1893699397789024642","926042944611774464","wesmapesa"
"1893698625839980811","Sun Feb 23 16:28:12 +0000 2025","1","@DeadlineDayLive United: De Gea Tah Gomez David","1893699391854158250","","DeadlineDayLive","en","Czech Republic","0","0","0","https://x.com/ImBelugaCat/status/1893699391854158250","1497458729511497728","ImBelugaCat"
"1893699244810207308","Sun Feb 23 16:27:37 +0000 2025","0","Its truly sad to see a club like manchester united have to play someone like Rasmus Højlund. The manager deserves to get heat for keeping on playing him though. This is unacceptable. Playing with a man down is more effective. The guy should be sent to @WWE #MUFC #hojlund","1893699244810207308","","","en","","0","0","0","https://x.com/footHAL9000/status/1893699244810207308","1691953849890910209","footHAL9000"
"1893699076140494954","Sun Feb 23 16:26:57 +0000 2025","0","Manchester United is now a problem to Amorim","1893699076140494954","","","en","","0","0","0","https://x.com/thefootballsimp/status/1893699076140494954","1893090538997362689","thefootballsimp"
"1893602641646698539","Sun Feb 23 16:26:55 +0000 2025","0","@WealthyEmy @MavinRecords @symplyDAPO With Manchester United @symplyDAPO","1893699065679905152","","WealthyEmy","en","LAGOS,NIGERIA","0","0","0","https://x.com/Specialabdul_/status/1893699065679905152","1048031624","Specialabdul_"
"1893698625839980811","Sun Feb 23 16:26:42 +0000 2025","2","@DeadlineDayLive Sane and kimmich to Manchester United","1893699014601609437","","DeadlineDayLive","en","","0","0","0","https://x.com/horlarbsblog/status/1893699014601609437","1835221930154008576","horlarbsblog"
"1893695657652736078","Sun Feb 23 16:26:16 +0000 2025","0","@terryflewers Manchester United destroy careers","1893698902974472435","","terryflewers","en","","0","0","0","https://x.com/letmehit007/status/1893698902974472435","1486331087919845380","letmehit007"
"1893494905852264761","Sun Feb 23 16:26:10 +0000 2025","1","@00IAMMUSIC Yeah PLAYboi is jus PLAYing with his album","1893698877707956263","","00IAMMUSIC","en","","0","0","0","https://x.com/youngloewie2/status/1893698877707956263","1558206552707932160","youngloewie2"
"1893387947396804916","Sun Feb 23 16:25:57 +0000 2025","1","@Aiizyyq Manchester United deserves players who give their all. That's literally it.","1893698823492337750","","Aiizyyq","en","Singapore","0","0","0","https://x.com/AdiiUnited/status/1893698823492337750","1025007676126707712","AdiiUnited"
"1893698797693210830","Sun Feb 23 16:25:51 +0000 2025","2","India vs Pakistan aint rivalry it is a ownership . India vs australia and australia vs England is called rivalry. Ind vs pak is basically like the Manchester United vs Manchester City ( just geographical reasons). Manchester United rivalry is with Liverpool.","1893698797693210830","","","en","","0","0","0","https://x.com/ManpreetMohant4/status/1893698797693210830","1574667420702507008","ManpreetMohant4"
"1893497628643488185","Sun Feb 23 16:25:48 +0000 2025","0","@mkainerugaba Manchester United ofcourse","1893698785890451598","","mkainerugaba","en","","0","0","0","https://x.com/HBisherurwa/status/1893698785890451598","1750396998094585856","HBisherurwa"
"1893497628643488185","Sun Feb 23 16:25:47 +0000 2025","0","@mkainerugaba Manchester United","1893698780324565411","","mkainerugaba","en","Samuelkahima460@gmail.com ","0","0","0","https://x.com/samuelkahima460/status/1893698780324565411","776423640296554496","samuelkahima460"
"1893316543598993766","Sun Feb 23 16:25:41 +0000 2025","0","@adbennoEFC You mean there are no 3 worse teams than Manchester United","1893698755347521727","","adbennoEFC","en","","0","0","0","https://x.com/fresiavangaal/status/1893698755347521727","2673104675","fresiavangaal"
"1893698608370733219","Sun Feb 23 16:25:06 +0000 2025","0","Manchester City vs Liverpool Live Like &amp; Repost https://t.co/5LzVCpVirp","1893698608370733219","","","en","","0","0","0","https://x.com/Aladdindac/status/1893698608370733219","1884585690463428608","Aladdindac"
"1893300466089406918","Sun Feb 23 16:25:01 +0000 2025","0","@dr_smasher005 @pulkit5Dx Bangladesh","1893698587847962744","","dr_smasher005","en","Kolkata, India","0","0","0","https://x.com/Santanu14081988/status/1893698587847962744","592718628","Santanu14081988"
"1893698576691212316","Sun Feb 23 16:24:58 +0000 2025","0","Chelsea are definitely going to meet Manchester united.","1893698576691212316","","","en","janatul firdausi InshaAllah🏞️","0","1","0","https://x.com/SA_jajirma/status/1893698576691212316","1101374371623550977","SA_jajirma"
"1893678953283338308","Sun Feb 23 16:24:56 +0000 2025","0","@LifeOfAdunni That's Manchester United for you","1893698568931639416","","LifeOfAdunni","en","lagos nigeria","0","0","0","https://x.com/Musbinho/status/1893698568931639416","369062341","Musbinho"
"1893312984639750539","Sun Feb 23 16:23:25 +0000 2025","0","@mikeparry8 @Everton @FA @ManUtd It gets clips all the day long because we're Manchester United","1893698185110990930","","mikeparry8","en","","0","0","0","https://x.com/salah74903/status/1893698185110990930","1887539398935531520","salah74903"
"1893574264223129616","Sun Feb 23 16:23:23 +0000 2025","0","@Pinovibes Mancity 2 Manchester united 0","1893698176458092816","","Pinovibes","en","","0","0","0","https://x.com/Olayemi6431/status/1893698176458092816","1606312973647187974","Olayemi6431"
"1893695360574398975","Sun Feb 23 16:23:17 +0000 2025","1","@lewat_c Outfit menghadiri Manchester United's downfall.","1893698154886754512","","lewat_c","en","","0","1","0","https://x.com/tofutext/status/1893698154886754512","1531221818064838656","tofutext"
"1893698120015389042","Sun Feb 23 16:23:09 +0000 2025","0","Lmao any AVAILABLE Manchester United winger We were reliant on Amad even when he was there","1893698120015389042","","","en","Pretoria","0","0","0","https://x.com/Siya_TB/status/1893698120015389042","376696832","Siya_TB"
"1893698064784756997","Sun Feb 23 16:22:56 +0000 2025","0","Manchester united got away with the penatly claim for everton And chelsea got away with the penalty claim for villa They are both penalties‍️‍️ Should of ended 3-2 to everton And 3-1 to villa","1893698064784756997","","","en","","0","0","0","https://x.com/humblecfc/status/1893698064784756997","1730659160138665984","humblecfc"
"1893697978709299484","Sun Feb 23 16:22:35 +0000 2025","2","It should be ILLEGAL to support both Manchester United and Pakistan! All you get is pain and disappointment #ChampionsTrophy || #INDvsPAK || #PakistanCricket || #Pakistan https://t.co/CKd1M76Mr4","1893697978709299484","https://pbs.twimg.com/tweet_video_thumb/GkfERQhWoAAOzIU.jpg","","en","Manchester, England","1","1","1","https://x.com/UTD_MNM/status/1893697978709299484","1685036684541337603","UTD_MNM"
"1893697960564625914","Sun Feb 23 16:22:31 +0000 2025","31","Manchester City - Liverpool live stream https://t.co/RUKUN8nm8W","1893697960564625914","","","en","","0","0","27","https://x.com/DorettaCha57856/status/1893697960564625914","1694621900520013824","DorettaCha57856"
"1893697811499163768","Sun Feb 23 16:21:56 +0000 2025","1","Pakistan Cricket are like Manchester United every time they step in the field its a new low. #INDvsPAK","1893697811499163768","","","en","Nepal","0","0","0","https://x.com/sushant_poudel_/status/1893697811499163768","1194424948980248576","sushant_poudel_"
"1893697750262263925","Sun Feb 23 16:21:41 +0000 2025","1","Manchester City vs Liverpool Live Stream Like &amp; Repost #MCILIV https://t.co/5LzVCpVirp","1893697750262263925","","","en","","0","0","1","https://x.com/Aladdindac/status/1893697750262263925","1884585690463428608","Aladdindac"
"1893292305169186828","Sun Feb 23 16:21:34 +0000 2025","0","@umirf1 Manchester United is a stumbling block true and true","1893697719467724804","","umirf1","en","Athens ","0","0","0","https://x.com/Durov009/status/1893697719467724804","1832329050280411136","Durov009"
"1893697713566257622","Sun Feb 23 16:21:32 +0000 2025","0","Manchester united fans when others are talking about playing champions league next season and to them they are next to relegation zone #MCILIV //isak https://t.co/eSlMqRY3eZ","1893697713566257622","https://pbs.twimg.com/media/GkfECLjWoAATGW_.jpg","","en","WORLD WIDE ","0","0","1","https://x.com/AnkoSamwel/status/1893697713566257622","1166286811603320833","AnkoSamwel"
"1893675395825672536","Sun Feb 23 16:21:25 +0000 2025","1","@SeanAmblerFM24 Guidetti this is a name I haven't heard since his Celta Vigo days especially his miss against Manchester United in the 2016-17 Europa League.","1893697684885696868","","SeanAmblerFM24","en","","0","1","0","https://x.com/Yohaninho64/status/1893697684885696868","1876643481067950080","Yohaninho64"
"1893697681815400661","Sun Feb 23 16:21:25 +0000 2025","0","We are coming Manchester United.","1893697681815400661","","","en","","0","0","0","https://x.com/positive___vibe/status/1893697681815400661","306117074","positive___vibe"
"1893697582301344098","Sun Feb 23 16:21:01 +0000 2025","0","Everton 2-2 Manchester United: Late VAR Drama Overshadows Thrilling Comeback https://t.co/OSrWhLQNQA https://t.co/9iny3ZwN4B","1893697582301344098","https://pbs.twimg.com/media/GkfD6pkWsAAiUK8.png","","en","United Kingdom ","0","0","0","https://x.com/influencer_uk/status/1893697582301344098","1356896155163000838","influencer_uk"
"1893399307601969638","Sun Feb 23 16:20:41 +0000 2025","0","@ManUtdInPidgin You aren't questioning rashford for not work hard in games at Manchester United the way he was doing for Aston villa last night.but here you are blaming the coach..stupid fans everywhere","1893697499136721273","","ManUtdInPidgin","en","","0","0","0","https://x.com/MichaelMbachu2/status/1893697499136721273","1604563784605077504","MichaelMbachu2"
"1893697461081833878","Sun Feb 23 16:20:32 +0000 2025","4","Manchester United should sign these 4 players: 🇸🇪 Gyokeres #9 🇧🇷 Rodrygo #7 🇧🇷 Ederson #18 󠁧󠁢󠁥󠁮󠁧󠁿 Guehi #5 #MUFC #GlazersOut","1893697461081833878","","","en","Earth","0","0","0","https://x.com/Facts9000/status/1893697461081833878","914469560631382017","Facts9000"
"1893497628643488185","Sun Feb 23 16:20:13 +0000 2025","0","@mkainerugaba Manchester United. We keep pressing bakachere","1893697380869906679","","mkainerugaba","en","","0","0","0","https://x.com/TwahirwaBosco2/status/1893697380869906679","1337671580495831040","TwahirwaBosco2"
"1893497628643488185","Sun Feb 23 16:20:00 +0000 2025","0","@mkainerugaba Manchester united because it's for only smart people Arsenal is full of hooligans like those of Nup...bye musita'we...!!","1893697327237370200","","mkainerugaba","en","","0","0","0","https://x.com/anuwamanya608/status/1893697327237370200","1736331181866483713","anuwamanya608"
"1893697358761762825","Sun Feb 23 16:20:08 +0000 2025","1","Elanga left and now doing well Mctominay left and now doing well Sancho left remains same Sancho Antony left and now doing well Rashford left and now doing well What is going on at Manchester United that seems to retrogress players rather than improve them? Even managers!","1893697358761762825","","","en","","0","0","0","https://x.com/DokLava/status/1893697358761762825","1267062876696727555","DokLava"
"1893697319641510259","Sun Feb 23 16:19:58 +0000 2025","0","Hello mates 3x Manchester united vs Ipswich town tickets available for sale anybody interested should dm #mufctickets #MUFC #mufcspares #MUFC_FAMILY","1893697319641510259","","","en","Manchester, England","0","0","0","https://x.com/_Russell_jr/status/1893697319641510259","1813852375444013056","_Russell_jr"
"1893697084701774117","Sun Feb 23 16:19:02 +0000 2025","0","Cometh the hour... Cometh the KING #ViratKohli𓃵 #KingKohli What a century What a WIN!! #ICCChampionsTrophy #iccchampionstrophy2025 #ChampionsTrophy #ChampionsTrophy2025 #BleedBlue","1893697084701774117","","","en","Kolkata, IN","0","0","0","https://x.com/itsHiM_Rahman/status/1893697084701774117","1406311513913139213","itsHiM_Rahman"
"1893696902912201123","Sun Feb 23 16:18:19 +0000 2025","0","How come Manchester United ignored this man and went for Casemiro (Abaya)","1893696902912201123","","","en","cloud 9","0","0","0","https://x.com/youralapomeji/status/1893696902912201123","1653161076840701952","youralapomeji"
"1893696902652100880","Sun Feb 23 16:18:19 +0000 2025","3","Like Manchester United the Pakistan cricket team don t have a backbone. No passion. No fight. Despicable","1893696902652100880","","","en","Stretford End ","0","0","1","https://x.com/TheTopAkhi/status/1893696902652100880","1791172640092119040","TheTopAkhi"
"1893695771255431213","Sun Feb 23 16:17:56 +0000 2025","0","@Kheed_Rasta_1 Manchester united player in making","1893696806384452012","","Kheed_Rasta_1","en","WORLD WIDE ","0","0","0","https://x.com/AnkoSamwel/status/1893696806384452012","1166286811603320833","AnkoSamwel"
"1893696800290189394","Sun Feb 23 16:17:55 +0000 2025","0","Manchester United are 15th https://t.co/tvBUJNBkL7","1893696800290189394","https://pbs.twimg.com/media/GkfDM9oXIAAVFC_.jpg","","en","","0","0","0","https://x.com/football_clipz_/status/1893696800290189394","1338930537893916677","football_clipz_"
"1893696598460240359","Sun Feb 23 16:17:06 +0000 2025","0","Kaizer chiefs=Manchester united.","1893696598460240359","","","en","","0","0","0","https://x.com/whaateverrbro/status/1893696598460240359","1864304414493958144","whaateverrbro"
"1893692132776456343","Sun Feb 23 16:16:59 +0000 2025","0","@MickyCarlos Bette than Manchester United s games","1893696566977778140","","MickyCarlos","en","Safe in the arms of Jesus","0","0","0","https://x.com/J0k3ster_/status/1893696566977778140","754771400","J0k3ster_"
"1893309087229550680","Sun Feb 23 16:16:42 +0000 2025","0","@mattflack90 Fuck off the hysterical blind hatred these rival fans have for Manchester United is insane. we re rubbish now it s time to let it go. We can t hurt you anymore. It was a dive simple as.","1893696497096471031","","mattflack90","en","","0","0","0","https://x.com/kerfuffler69/status/1893696497096471031","1824505197172752384","kerfuffler69"
"1893696450040582654","Sun Feb 23 16:16:32 +0000 2025","0","..should hurt and th n tell sky sports that if the Rat and the Glazers haven t sold the club we will not be attending any home games and no season tickets will be boat and we will be asking every Manchester United fan around the world to support..","1893696455996576109","","DavidCo45406967","en","Newtownards, Northern Ireland","0","1","0","https://x.com/DavidCo45406967/status/1893696455996576109","747904820057612288","DavidCo45406967"
"1893696299519635920","Sun Feb 23 16:15:55 +0000 2025","2","Manchester United are looking to sign a quality striker in the summer and they have identified Jonathan David as a potential target. #MUFC https://t.co/yKoSeZEiG3","1893696299519635920","https://pbs.twimg.com/tweet_video_thumb/GkfCvrJWkAAgd4L.jpg","","en","Manchester","0","0","0","https://x.com/RedDevilReports/status/1893696299519635920","2523609524","RedDevilReports"
"1893696067193237915","Sun Feb 23 16:15:00 +0000 2025","0","What a way to score your first Manchester United goal Manuel Ugarte 🇺🇾 https://t.co/vlAB58Rxau","1893696067193237915","https://pbs.twimg.com/ext_tw_video_thumb/1893337711282425856/pu/img/uHYYGOjpkQf1Rq3e.jpg","","en","","0","1","0","https://x.com/besoccer_com/status/1893696067193237915","217832643","besoccer_com"
"1893695951228797231","Sun Feb 23 16:14:32 +0000 2025","0","Paul Pogba has personally spoke with Ruben Amorim. Manchester United are prepared to offer a one-year contract. The club would like to negotiate a low salary with lots of bonuses. (Source: @jac_talbot) https://t.co/3RURTJ4OMp","1893695951228797231","https://pbs.twimg.com/media/GkfCbnDWgAAidiB.jpg","","en","Dallas, TX","0","0","0","https://x.com/wemanutd/status/1893695951228797231","1622146564046131200","wemanutd"
"1893695944035574223","Sun Feb 23 16:14:30 +0000 2025","2","Manchester City vs Liverpool Live Like &amp; Repost #MCILIV https://t.co/5LzVCpVirp","1893695944035574223","","","en","","0","1","2","https://x.com/Aladdindac/status/1893695944035574223","1884585690463428608","Aladdindac"
"1893338558733205744","Sun Feb 23 16:13:50 +0000 2025","0","@sincerelybimbo @pee_its @amberritaly Why he even paying for it anyway? Unless its super strict just wear something in your closet","1893695774925410493","","sincerelybimbo","en","Old Trafford, Manchester","0","0","0","https://x.com/ManUtdtrdevils/status/1893695774925410493","1460339599155343371","ManUtdtrdevils"
"1893680316876759436","Sun Feb 23 16:13:37 +0000 2025","0","@piersmorgan He wants go to Manchester United","1893695722098200721","","piersmorgan","en","","0","0","0","https://x.com/gerardburns77/status/1893695722098200721","1468159716102660096","gerardburns77"
"1893695711394271296","Sun Feb 23 16:13:35 +0000 2025","0"," Paul Pogba has personally spoke with Ruben Amorim. Manchester United are prepared to offer a one-year contract. The club would like to negotiate a low salary with lots of bonuses. (Source: @jac_talbot) https://t.co/4HKLNLD3Ui","1893695711394271296","https://pbs.twimg.com/media/GkfCNbaWwAAh0Zs.jpg","","en","","0","0","0","https://x.com/O7sports/status/1893695711394271296","1880621714557538304","O7sports"
"1893684178060726605","Sun Feb 23 16:13:32 +0000 2025","0","@DeadlineDayLive @jac_talbot Bring it on Manchester United","1893695700526858332","","DeadlineDayLive","en","Kampala, Uganda","0","0","0","https://x.com/PeterTumusiime9/status/1893695700526858332","1411374866423586820","PeterTumusiime9"
"1893684109177700397","Sun Feb 23 16:12:07 +0000 2025","0","@centredevils @FilSport @mufcMPB Our players will come to their senses if their wages are reduced... You will see Paul Pogba will be serious if Manchester United offer and sign him with low salary","1893695341658005573","","centredevils","en","United Kingdom","0","0","0","https://x.com/wise_highlights/status/1893695341658005573","1667172325471535108","wise_highlights"
"1893695313740742877","Sun Feb 23 16:12:00 +0000 2025","1184","An inspirational figure Find out why Sir Alex Ferguson was at our recent #MUAcademy celebration event ℹ️ #MUFC","1893695313740742877","","","en","United Store 🛍️➡️","4","59","72","https://x.com/ManUtd/status/1893695313740742877","558797310","ManUtd"
"1893682163800735928","Sun Feb 23 16:11:59 +0000 2025","0","@ejaz998 @Priceless_MCI Well I wouldn't give away Rico Lewis to Manchester United. Then Man United would relegate to Championship for sure. ","1893695309080924222","","ejaz998","en","Syddanmark, Danmark","0","1","0","https://x.com/Kajs_Corner/status/1893695309080924222","1430325964177817602","Kajs_Corner"
"1893423028396073432","Sun Feb 23 16:11:48 +0000 2025","0","@eurofootcom Fuck every Manchester United who wished him to be sold fuuuuuuuuk","1893695262029177252","","eurofootcom","en","🇿🇲🏴󠁧󠁢󠁥󠁮󠁧󠁿","0","0","0","https://x.com/GeorgeChipoya/status/1893695262029177252","802352340695216128","GeorgeChipoya"
"1893695208421830822","Sun Feb 23 16:11:35 +0000 2025","0","Yeap just like the one against Manchester United in 2013","1893695208421830822","","","en","England, United Kingdom","0","0","0","https://x.com/Chemist_analyst/status/1893695208421830822","2163709528","Chemist_analyst"
"1893416946256793957","Sun Feb 23 16:11:26 +0000 2025","0","@terryflewers Manchester United name gets the clicks and they love to hate this club the envy in their heart is tremendous.","1893695170148790517","","terryflewers","en","Trinidad & Tobago🇹🇹🇹🇹🇹🇹","0","0","0","https://x.com/71huggybear/status/1893695170148790517","83688181","71huggybear"
"1893386517323645198","Sun Feb 23 16:11:01 +0000 2025","0","@StatmanDave Part of the reason Manchester United isn't doing well it's the dumb fans.","1893695067526705342","","StatmanDave","en","Lilongwe","0","0","0","https://x.com/Nathan211250171/status/1893695067526705342","1427967223742750724","Nathan211250171"
"1893692249268969732","Sun Feb 23 16:10:28 +0000 2025","34","@UTDTrey Assuming Manchester United could just play like either of them this season. https://t.co/vati5W5czH","1893694926942073278","https://pbs.twimg.com/media/GkfBfwwWEAAQsrs.jpg","UTDTrey","en","London ","0","0","0","https://x.com/boysports24/status/1893694926942073278","1504074036984360961","boysports24"
"1893360289698963771","Sun Feb 23 16:10:27 +0000 2025","0","@tamsboy9 Skims Manchester United","1893694923464962124","","tamsboy9","en","","0","0","0","https://x.com/thomashast9677/status/1893694923464962124","1885826709024301056","thomashast9677"
"1893694842028351745","Sun Feb 23 16:10:08 +0000 2025","8","Dhungan if we lose this","1893694842028351745","","","en","Old Trafford","0","4","0","https://x.com/MarathiMUFC/status/1893694842028351745","1216633134915059712","MarathiMUFC"
"1893694840413548838","Sun Feb 23 16:10:07 +0000 2025","0","@elonmusk Pls buy Manchester United ","1893694840413548838","","elonmusk","en","","0","0","0","https://x.com/AviOfTheAvatar/status/1893694840413548838","1644208557573767168","AviOfTheAvatar"
"1893694597236199907","Sun Feb 23 16:09:09 +0000 2025","0","Manchester United vs Fulham is on talkSPORT App. Coverage presented by Adrian Durham. For more details see https://t.co/DYHrAiX8Fd #ManchesterUnited #Fulham #talkSPORTApp","1893694597236199907","","","en","UK","0","0","0","https://x.com/ICDb_tv/status/1893694597236199907","1183712712146198528","ICDb_tv"
"1893694579162886543","Sun Feb 23 16:09:05 +0000 2025","0","Live for Manchester City vs Liverpool https://t.co/EH23dMvpC0","1893694579162886543","","","en","UK","0","0","0","https://x.com/Richsports7/status/1893694579162886543","1277671273859092480","Richsports7"
"1893694551417610290","Sun Feb 23 16:08:58 +0000 2025","22","Sky Sports reporting that Manchester United considering Mark Goldbridge as their next manager https://t.co/ubdTna2kh0","1893694551417610290","https://pbs.twimg.com/media/GkfBJ-zXcAAul01.jpg","","en","United Kingdom","0","4","3","https://x.com/AnthonyMahoney3/status/1893694551417610290","184113529","AnthonyMahoney3"
"1893679467798683949","Sun Feb 23 16:08:52 +0000 2025","1","@Domers_T1 whilst i somewhat agree and he shouldn t be a starting striker for manchester united he was willing to take the #9 shirt and he also shows no fight or anything on the pitch which is just frustrating to see","1893694526490870159","","Domers_T1","en","","0","0","0","https://x.com/daloting/status/1893694526490870159","1386341890245672970","daloting"
"1893692598671331566","Sun Feb 23 16:07:49 +0000 2025","5","@MRight_KE Manchester united","1893694260538478653","","MRight_KE","en","New York, USA","0","0","0","https://x.com/Murila_Jnr_KE/status/1893694260538478653","2880823822","Murila_Jnr_KE"
"1893694317476086270","Sun Feb 23 16:08:03 +0000 2025","8","Manchester City VS Liverpool WATCH ALONG LIVE Premier League https://t.co/VV2V5FUhYS via @YouTube #MCILIV #mancity #vs #liverpool #watchalong https://t.co/D7fAdEIYYL","1893694317476086270","https://pbs.twimg.com/media/GkfA2p3X0AA23rA.jpg","","en","UK","0","0","12","https://x.com/FlyingPigUnited/status/1893694317476086270","1030726256","FlyingPigUnited"
"1893694446631330144","Sun Feb 23 16:08:33 +0000 2025","0","Same way mungo Park discover river Niger Chelsea will discover Manchester United. https://t.co/OmXPUwuKvN","1893694446631330144","https://pbs.twimg.com/media/GkfBD8cWEAE5yzY.jpg","","en","Òpin Ayé","0","0","0","https://x.com/LUX_NG23/status/1893694446631330144","1572962040414699528","LUX_NG23"
"1893694254423118247","Sun Feb 23 16:07:48 +0000 2025","1"," holding back Manchester United https://t.co/HqNgzP1PhN","1893694254423118247","https://pbs.twimg.com/media/GkfA4rXWEAAFPiw.jpg","","en","","0","0","0","https://x.com/BaldIsBest10/status/1893694254423118247","1845147366258610180","BaldIsBest10"
"1893694253320052810","Sun Feb 23 16:07:47 +0000 2025","3","Manchester United fans who are supporting tonight????","1893694253320052810","","","en","Uganda","0","2","1","https://x.com/thezirkzeera/status/1893694253320052810","1810263946957619200","thezirkzeera"
"1893308489092526313","Sun Feb 23 16:07:09 +0000 2025","0","@Utd_Forever7 @ManUtd @premierleague I'm glad all our fan's are starting to see this. I've been shouting it for the past two year. Dalot is the most useless player in Manchester United. The club should have sacked him with Ten Hag. He will be the downfall of AMORIM mark my words. Because AMORIM won't bench him fr ","1893694091331838217","","Utd_Forever7","en","Earth 🌍","0","0","0","https://x.com/UTDmendy/status/1893694091331838217","1115109539597225985","UTDmendy"
"1893694018317357525","Sun Feb 23 16:06:51 +0000 2025","0","Just like Everton V Manchester United it was a game of two halves. Newcastle 4-1 up at half time. Nottingham Forest took control of the second half and scored 2 goals. It wasn't enough to win the game but if there were more mins Forest would have gotten an equaliser. #NEWNOT","1893694018317357525","","","en","Kent, England ","0","0","0","https://x.com/prince_chas_cca/status/1893694018317357525","1294567968169500672","prince_chas_cca"
"1893382409082552582","Sun Feb 23 16:06:33 +0000 2025","0","@AmorimBalll_ Rashford had a painful realisation he had fallen off when he thought big teams would come for him after that presser he released. Him being at Aston villa is him working his way up again. We don't have amnesia. We all watched him play for Manchester United.","1893693941511254357","","AmorimBalll_","en","Abuja, Nigeria","0","0","0","https://x.com/KriscrisG/status/1893693941511254357","141632717","KriscrisG"
"1893693284465217944","Sun Feb 23 16:06:20 +0000 2025","1","@UtdSteve_ Leaving Manchester United is the greatest blessing in football it seems","1893693888780460325","","UtdSteve_","en","Montréal, Québec","0","1","0","https://x.com/450Gla/status/1893693888780460325","1284706910588084225","450Gla"
"1893692414608433442","Sun Feb 23 16:06:15 +0000 2025","1","@LilMoGh The best one is the one against Manchester United in his debut season in the UCL","1893693865833427215","","LilMoGh","en","Kumasi, Ghana","0","2","0","https://x.com/mikael563/status/1893693865833427215","829004222557466626","mikael563"
"1893628718997790841","Sun Feb 23 16:06:13 +0000 2025","0","@UTDTrey That will be nice Barcelona will beat Madrid in the UCL final and beat Manchester United in Super Cup final. We will be there!","1893693856236892663","","UTDTrey","en","Bauchi, Kaduna ","0","0","0","https://x.com/Diqsa_01/status/1893693856236892663","881658840512638978","Diqsa_01"
"1893693829439500339","Sun Feb 23 16:06:06 +0000 2025","0","U support Manchester United","1893693829439500339","","","en","Western, Ghana","0","0","0","https://x.com/lewapost/status/1893693829439500339","1829929425464373249","lewapost"
"1893692249268969732","Sun Feb 23 16:05:50 +0000 2025","0","@UTDTrey Manchester United can't relate","1893693759793119736","","UTDTrey","en","Somewhere in earth ","0","0","0","https://x.com/PrinceOraguim/status/1893693759793119736","1575263595134337024","PrinceOraguim"
"1893691526821081219","Sun Feb 23 16:05:46 +0000 2025","0","@uj_SZN Manchester United still 15th","1893693745335329189","","uj_SZN","en","INDIA","0","0","0","https://x.com/arcoffootball/status/1893693745335329189","1802117530279927808","arcoffootball"
"1893580074902847764","Sun Feb 23 16:05:34 +0000 2025","0","@ManUtd @Casemiro Why didn't you use a picture of Casemiro in Manchester United home jessy? Something isn't adding up here.","1893693693208494318","","ManUtd","en","Port Harcourt, Nigeria","0","0","0","https://x.com/Uchenduking/status/1893693693208494318","801473452695764992","Uchenduking"
"1893692835779449224","Sun Feb 23 16:05:31 +0000 2025","0","@Mbahdeyforyou As oil wey Manchester united be","1893693680612999511","","Mbahdeyforyou","en","","0","0","0","https://x.com/Feliz__nation/status/1893693680612999511","1492749505749524483","Feliz__nation"
"1893693679161774362","Sun Feb 23 16:05:30 +0000 2025","0","If you haven't fallen out of love with the club yet this should do it. Damning and in many ways Manchester United in 2025.","1893693679161774362","","","en","","0","0","0","https://x.com/reddevil__21/status/1893693679161774362","824150951388938242","reddevil__21"
"1893693663231836446","Sun Feb 23 16:05:27 +0000 2025","0","I love hugs o but give me the 5 million dollars","1893693663231836446","","","en","Lagos, Nigeria","0","0","0","https://x.com/Susaan_eo/status/1893693663231836446","1519998374572875777","Susaan_eo"
"1893692064249913712","Sun Feb 23 16:05:14 +0000 2025","0","@emefalov3 U think Manchester United is playing in the IRAQi league on","1893693610593260005","","emefalov3","en","everywhere...","0","1","0","https://x.com/onyameahuwo/status/1893693610593260005","1734902695","onyameahuwo"
"1893387335095537897","Sun Feb 23 16:04:32 +0000 2025","0","@AmorimBalll_ Sadly his time as a Manchester United player is over ","1893693436173107657","","AmorimBalll_","en","","0","0","0","https://x.com/S8ashi/status/1893693436173107657","769669794","S8ashi"
"1892968234472652844","Sun Feb 23 16:04:25 +0000 2025","0","@utdTony1 Manchester United says NO ","1893693405374398489","","utdTony1","en","","0","0","0","https://x.com/cityzens45/status/1893693405374398489","1775633505046712320","cityzens45"
"1893692064249913712","Sun Feb 23 16:03:42 +0000 2025","0","@emefalov3 Manchester United can't can't","1893693226390888816","","emefalov3","en","everywhere...","0","1","0","https://x.com/onyameahuwo/status/1893693226390888816","1734902695","onyameahuwo"
"1893389782186635429","Sun Feb 23 16:03:39 +0000 2025","1","@Cle_Etc @jamespugh85 @Steverhoeven A week long discussion on every sports news station about the problems with diving in the game how useless VAR is for not stopping those very situations happening and why Manchester Utd were allowed a penalty kick for it. 100%","1893693212956496108","","Cle_Etc","en","England, United Kingdom","0","0","0","https://x.com/Mike87_United/status/1893693212956496108","1534120855","Mike87_United"
"1893692835779449224","Sun Feb 23 16:03:16 +0000 2025","0","@Mbahdeyforyou 7+7=14 Manchester United is 15th!","1893693115589963798","","Mbahdeyforyou","en","Lagos, Nigeria","0","0","0","https://x.com/kanbi_dayo/status/1893693115589963798","4038493343","kanbi_dayo"
"1893692249268969732","Sun Feb 23 16:03:11 +0000 2025","0","@UTDTrey With Manchester united","1893693093100093895","","UTDTrey","en","Earth ","0","0","0","https://x.com/HonchoCFC/status/1893693093100093895","1388572668191027201","HonchoCFC"
"1893692835779449224","Sun Feb 23 16:03:05 +0000 2025","0","@Mbahdeyforyou And Manchester United will soon discover QPR","1893693069465198716","","Mbahdeyforyou","en","Nigeria ","0","0","0","https://x.com/Real_me_Abdul/status/1893693069465198716","1471732172","Real_me_Abdul"
"1893692249268969732","Sun Feb 23 16:02:57 +0000 2025","0","@UTDTrey Manchester united need championship","1893693033822003282","","UTDTrey","en","Lagos, Nigeria","0","0","0","https://x.com/i_justin_m/status/1893693033822003282","1477957329278717952","i_justin_m"
"1893692249268969732","Sun Feb 23 16:02:41 +0000 2025","1","@UTDTrey And championship need Manchester united man","1893692970106327278","","UTDTrey","en","2318🖤","0","0","0","https://x.com/wisdommec/status/1893692970106327278","1379876901351792647","wisdommec"
"1893382664347939304","Sun Feb 23 16:02:34 +0000 2025","0","@UTDMarcel Are you a Rashford fan or a Manchester United fan? You sound idiotic","1893692938430894466","","UTDMarcel","en","State College to Yeadon PA","0","0","0","https://x.com/galileo87/status/1893692938430894466","291698826","galileo87"
"1893685038522208392","Sun Feb 23 16:01:54 +0000 2025","0","@AmorimBalll_ @RobDawsonESPN lol because he has played ever since he landed at Manchester United. Play Yoro at RCB and let the guy rest .. When he comes back.. Dalot should be benched for him","1893692769559892263","","AmorimBalll_","en","Cape Town ","0","0","0","https://x.com/apho_madikane/status/1893692769559892263","839030982707671041","apho_madikane"
"1893692737737650338","Sun Feb 23 16:01:46 +0000 2025","48","Manchester United + Moneyball https://t.co/x5o4DmO16K","1893692737737650338","https://pbs.twimg.com/amplify_video_thumb/1893692722562678785/img/EFRe25Jkz2W7KI5-.jpg","","en","","0","1","0","https://x.com/B5nh4/status/1893692737737650338","1857592447724863489","B5nh4"
"1893692712559247730","Sun Feb 23 16:01:40 +0000 2025","0","️ Excitement in the air! Follow live updates as Manchester United takes on Ipswich Town in the Premier League. Catch all the action and stats here: https://t.co/d7M3qlLQ5q #PremierLeague #FootballFever","1893692712559247730","","","en","South Africa","0","0","0","https://x.com/goodnewzsa/status/1893692712559247730","1808207370104741888","goodnewzsa"
"1893692710533415197","Sun Feb 23 16:01:39 +0000 2025","1","Chelsea is chasing Manchester United who s in 15th place","1893692710533415197","","","en","","0","0","0","https://x.com/Dani_xtereo/status/1893692710533415197","1693555698943078401","Dani_xtereo"
"1893692675515101198","Sun Feb 23 16:01:31 +0000 2025","0","I d genuinely pay good money to know how many minutes Jarred Gillet is adding on at the end of that game if it s at Old Trafford and it was Manchester United hanging on. I ll wager anything you like it s AT LEAST double the pitiful 3 minutes he added on there.","1893692675515101198","","","en","England, United Kingdom","0","0","0","https://x.com/Mike87_United/status/1893692675515101198","1534120855","Mike87_United"
"1893690386150822362","Sun Feb 23 16:01:27 +0000 2025","0","@bethTmufc Sancho and Rashford starts for the 15th Manchester united","1893692656523313607","","bethTmufc","en","Universal","0","0","0","https://x.com/Collinsedin1/status/1893692656523313607","928054896477294592","Collinsedin1"
"1893689039221342274","Sun Feb 23 16:01:20 +0000 2025","1","@NirmalDhl4466 They are Manchester United","1893692630149513329","","NirmalDhl4466","en","","0","0","0","https://x.com/deepszero/status/1893692630149513329","117686299","deepszero"
"1893692249268969732","Sun Feb 23 16:01:15 +0000 2025","0","@UTDTrey And Manchester United also need their own league","1893692607538102698","","UTDTrey","en","Tanzania","0","0","0","https://x.com/Sanguroofficial/status/1893692607538102698","313744298","Sanguroofficial"
"1893300761624203462","Sun Feb 23 16:01:14 +0000 2025","0","@yabaleftonline 6/9 are Manchester united fans.","1893692602387427556","","yabaleftonline","en","Dar es Salaam, Tanzania","0","0","0","https://x.com/adonist34/status/1893692602387427556","1374126722183016452","adonist34"
"1893692582275768731","Sun Feb 23 16:01:09 +0000 2025","1","We got rid of managers. We got rid of Woodward. We got rid of owners. We got rid of players. The only problem left is the fans. Manchester United fans are the most useless fanbase in football.","1893692582275768731","","","en","New Jersey, USA","0","0","0","https://x.com/dinktony/status/1893692582275768731","1272537627623854080","dinktony"
"1893692420769956204","Sun Feb 23 16:00:30 +0000 2025","0","Look at the fight in this Nottingham team. I can't remember the last time Manchester United did this as a team. Everyone running their legs off.","1893692420769956204","","","en","Middle Earth","0","0","0","https://x.com/saint_ifeni/status/1893692420769956204","371820570","saint_ifeni"
"1893692249268969732","Sun Feb 23 16:00:29 +0000 2025","3","@UTDTrey Manchester United should be allowed to this mini league ","1893692415950668032","","UTDTrey","en","📊 POLLS KINGDOM 👑🏰","0","3","0","https://x.com/mixtorious1/status/1893692415950668032","4100827096","mixtorious1"
"1893692401136619913","Sun Feb 23 16:00:26 +0000 2025","0","️ OnThisDay in 2000 Manchester United's legends Denis Law George Best and Sir Bobby Charlton united at Old Trafford to unveil their bronze statues celebrating their incredible impact and legacy in football history. ️","1893692401136619913","","","en","","0","0","0","https://x.com/_footyflashback/status/1893692401136619913","1857156130385821696","_footyflashback"
"1893692333884944398","Sun Feb 23 16:00:10 +0000 2025","7","Celebrating 20 years of fan-owned football! Our FCUM Est.2005 merchandise collection features made-to-order clothing commemorating two decades of fan-owned football. From hoodies to tees find your perfect fit - shop the collection here: https://t.co/nZbP77kME1 https://t.co/VhVGhjm2tj","1893692333884944398","https://pbs.twimg.com/media/Gke_HdeXsAAX7T4.png","","en","Manchester, England","0","0","4","https://x.com/FCUnitedMcr/status/1893692333884944398","17706314","FCUnitedMcr"
"1893692292231246175","Sun Feb 23 16:00:00 +0000 2025","1","Bruno Fernandes is the first Manchester United player to score from a free-kick in the Premier League since Cristiano Ronaldo against Norwich in April 2022. https://t.co/4ReCVu8HyN","1893692292231246175","https://pbs.twimg.com/media/Gke_GJ_XQAAEwIQ.jpg","","en","","0","0","1","https://x.com/UtdLabesk/status/1893692292231246175","1893302674579431424","UtdLabesk"
"1893692231799672853","Sun Feb 23 15:59:45 +0000 2025","5","Newcastle and Forest was an entertaining match. Both teams recently in the Championship. Both now fighting for top 4. Manchester United fighting to stay up. Entertaining game. Humbling circumstances. Shameful MUFC ownership.","1893692231799672853","","","en","Toronto, Ontario, Canada #The6","0","0","0","https://x.com/unitedtunnel/status/1893692231799672853","1182801112669315072","unitedtunnel"
"1893692171670221066","Sun Feb 23 15:59:31 +0000 2025","17","Full time at Fc 3point to the home side FCUM 2 - CAFC 0 ️️ https://t.co/6MF1mtqVKA","1893692171670221066","https://pbs.twimg.com/ext_tw_video_thumb/1893692142670745600/pu/img/7bfQNomuhDD9Dn1b.jpg","","en","Broadhurst Park, Manchester","2","0","0","https://x.com/FCUnitedWomen/status/1893692171670221066","448387159","FCUnitedWomen"
"1893632632174334106","Sun Feb 23 15:58:34 +0000 2025","0","@MattCle89772732 @Joey7Barton Jesus ...... God help us if you think this fool could ever do a Job at Manchester United! Oh on second thoughts the stadium Stands could do with a Sweep ...! Do you think Joey things he had a Resonable Career? lol .... I doubt it thats why he is bitter and Twisted about life!","1893691930845872297","","MattCle89772732","en","""My New Man Cave""  ","0","0","0","https://x.com/Jimbob210712/status/1893691930845872297","440151239","Jimbob210712"
"1893691878052098481","Sun Feb 23 15:58:21 +0000 2025","0","Manchester United loanee Antony nominated alongside Real Madrid superstar for February's LaLiga Player of the Month award https://t.co/5IKExjyPld","1893691878052098481","","","en","Rio de Janeiro","0","0","0","https://x.com/albertoallen/status/1893691878052098481","58972703","albertoallen"
"1893691847307849804","Sun Feb 23 15:58:14 +0000 2025","20","Football is truly a funny sport where everyone needs to stay humble. Today Manchester United Chelsea and City(yet it's them playing )will unite to support Liverpool while Arsenal backs Man City. Anyways fans of Manchester City since 2009 let s gather here https://t.co/iWBPQoE0UA","1893691847307849804","https://pbs.twimg.com/media/Gke-sXlWQAIDB8U.jpg","","en","","0","16","0","https://x.com/IsaacAFC_/status/1893691847307849804","1771047269669711872","IsaacAFC_"
"1893681061185642682","Sun Feb 23 15:57:57 +0000 2025","0","@LFC Please win for Manchester United","1893691778378702937","","LFC","en","","0","0","0","https://x.com/LopezCisco30505/status/1893691778378702937","1636854678863347714","LopezCisco30505"
"1893691634245603441","Sun Feb 23 15:57:23 +0000 2025","0","Is Sam Wallace not a Manchester reporter? Or am I missing something? Only time I ever see his name is reporting on United","1893691634245603441","","","en","🇯🇲 🇳🇬","0","0","0","https://x.com/gothamfannn/status/1893691634245603441","1318923016869498880","gothamfannn"
"1893691274927993210","Sun Feb 23 15:55:57 +0000 2025","0","David Moyes confirmed Everton s high asking price for Jarrad Branthwaite.‼️ He warned Manchester United and Chelsea they must spend big. The defender remains a highly sought-after target. Photo credit: Getty Images https://t.co/tMRFWB9sjV","1893691274927993210","https://pbs.twimg.com/media/Gke9xOUXEAAMX3A.jpg","","en","united kingdom","0","0","0","https://x.com/thesoftfootball/status/1893691274927993210","1845386241421832210","thesoftfootball"
"1893691234859815230","Sun Feb 23 15:55:48 +0000 2025","0","Assane Diao 19 y.o wish manchester united start watching him better than hojlund","1893691234859815230","","","en","","0","0","0","https://x.com/mohamed30665404/status/1893691234859815230","1424385693871136773","mohamed30665404"
"1893690560931664070","Sun Feb 23 15:55:08 +0000 2025","0","@NBSportUg Never been the right man hype made him the right man . I will be surprised if he will be at Manchester United by March 2026.","1893691068857696697","","NBSportUg","en","Kampala | Uganda","0","0","0","https://x.com/ke8th_lfc/status/1893691068857696697","225566224","ke8th_lfc"
"1893492965214990578","Sun Feb 23 15:54:57 +0000 2025","0","@mkainerugaba Manchester United","1893691023307518126","","mkainerugaba","en","Mbarara, Uganda","0","0","0","https://x.com/agabamusana1/status/1893691023307518126","1509482655334731778","agabamusana1"
"1893691009944482082","Sun Feb 23 15:54:54 +0000 2025","0","I ve got x2 Manchester United v Ipswich Town tickets for sale £43 for each ticket (MUFC end) Send a DM if you re interested. #ManchesterUnited #PremierLeague #IpswichTown #MUFC #kickoff","1893691009944482082","","","en","York, England","0","0","0","https://x.com/damzoo007/status/1893691009944482082","1630686984669741059","damzoo007"
"1893690828746268710","Sun Feb 23 15:54:11 +0000 2025","0","Paul Pogba has personally spoke with Ruben Amorim. Manchester United are prepared to offer a one-year contract. The club would like to negotiate a low salary with lots of bonuses. (Source: @jac_talbot) https://t.co/NmVrWpRuV7","1893690828746268710","https://pbs.twimg.com/media/Gke9xUOWoAA3uFP.jpg","","en","","0","0","0","https://x.com/thewhi8s/status/1893690828746268710","1624652116194197504","thewhi8s"
"1893690814062006564","Sun Feb 23 15:54:07 +0000 2025","10","1st goal for Ashleigh Bullock @ 90 +2mins Cracking goal and amazing celebration FCUM 2 - CAFC 0 ️️ https://t.co/A9OVSvtppm","1893690814062006564","https://pbs.twimg.com/ext_tw_video_thumb/1893690779412901888/pu/img/qMixg7gfsycvcGhu.jpg","","en","Broadhurst Park, Manchester","0","2","1","https://x.com/FCUnitedWomen/status/1893690814062006564","448387159","FCUnitedWomen"
"1893690499992584423","Sun Feb 23 15:52:52 +0000 2025","3","Manchester United #ManchesterUnited #wallpaper https://t.co/AGnSMPnO2e","1893690499992584423","https://pbs.twimg.com/media/Gke9d4kXMAAweRs.jpg","","en","Tangamandapio","0","0","0","https://x.com/zeldannie/status/1893690499992584423","140981827","zeldannie"
"1893690414068064269","Sun Feb 23 15:52:32 +0000 2025","0","2x available Manchester united vs Ipswich Dm if interested #Ticket #spares #mufcspares #mufc @ManUtd #pl #ggmu #WSL","1893690414068064269","","","en","Manchester, England","0","0","0","https://x.com/Man_utd_spares/status/1893690414068064269","2587463465","Man_utd_spares"
"1893690333151539646","Sun Feb 23 15:52:13 +0000 2025","5","Our captain. Top professional. Gets into every team in the world every team accommodates to get him in. Mr. Manchester United. Best player post Fergie bar none. Under appreciated overhated and still gives everything when it comes to Manchester United. King Bruno Fernandes https://t.co/YfaiULplU3","1893690333151539646","https://pbs.twimg.com/media/Gke9UdCXgAA6lxn.jpg","","en","Ireland","0","0","1","https://x.com/Hesnothereee/status/1893690333151539646","1682767742456266752","Hesnothereee"
"1893690165278699704","Sun Feb 23 15:51:33 +0000 2025","0","Manchester united should consider signing isak from Newcastle ","1893690165278699704","","","en","WORLD WIDE ","0","1","0","https://x.com/AnkoSamwel/status/1893690165278699704","1166286811603320833","AnkoSamwel"
"1893690047511105757","Sun Feb 23 15:51:05 +0000 2025","0","MANCHESTER UNITED IS THE PROBLEM. PLEASE UNDERSTAND THAT. The club the fans all problems","1893690049708879997","","OleBallLover","en","Brooklyn, NY","0","0","0","https://x.com/OleBallLover/status/1893690049708879997","1429474455491805189","OleBallLover"
"1893689839704231994","Sun Feb 23 15:50:15 +0000 2025","70","Manchester United s disastrous seasons: 2 trophies 3 finals Arteta s best-ever Arsenal seasons: 0 trophies 0 finals https://t.co/l7DyTXE1Zj","1893689839704231994","https://pbs.twimg.com/ext_tw_video_thumb/1761001495863193600/pu/img/9eTChJecYWKxfd-a.jpg","","en","Manchester, England","1","0","8","https://x.com/ManUnitedMedia/status/1893689839704231994","3300624203","ManUnitedMedia"
"1893689838169121040","Sun Feb 23 15:50:15 +0000 2025","11","Johnny Carey (1919-1995) Manchester United (1936-1953) Johnny Carey was born on this day in 1919 #MUFC #JohnnyCarey https://t.co/jOFrGbhiRw","1893689838169121040","https://pbs.twimg.com/media/Gke7PEKW8AAOA31.jpg","","en","","0","0","1","https://x.com/Unitedfans2023/status/1893689838169121040","1624823334901805062","Unitedfans2023"
"1893484186532446401","Sun Feb 23 15:50:03 +0000 2025","0","@JMNDComps @Landoo_szn West ham is below Manchester United on the table ","1893689788726751502","","JMNDComps","en","","0","0","0","https://x.com/MancunianDevil6/status/1893689788726751502","1634948074769375232","MancunianDevil6"
"1893689709102027075","Sun Feb 23 15:49:44 +0000 2025","1110","Manchester United s disastrous seasons: 2 trophies 3 finals Arteta s best-ever Arsenal seasons: 0 trophies 0 finals https://t.co/6l2x8M9Geo","1893689709102027075","https://pbs.twimg.com/ext_tw_video_thumb/1761001495863193600/pu/img/9eTChJecYWKxfd-a.jpg","","en","","7","13","153","https://x.com/FootyHumour/status/1893689709102027075","471436748","FootyHumour"
"1893570812793266195","Sun Feb 23 15:49:43 +0000 2025","0","@Utd_zari Leave Manchester United before it leaves you","1893689703842333099","","Utd_zari","en","Swaziland,Manzini","0","0","0","https://x.com/bandile_kuhle/status/1893689703842333099","1369284906484957187","bandile_kuhle"
"1893689660632690793","Sun Feb 23 15:49:32 +0000 2025","1","Barcelona have been dumped out of Europe 4 times in the last two years by Frankfurt Manchester United and Bayern Munich. Ironically enough these are all 3 teams great at controlling and exploiting space the very same qualities Xavi has imposed at Barca.","1893689660632690793","","","en","England, United Kingdom","0","0","0","https://x.com/Nonewthing21/status/1893689660632690793","1758402250370600960","Nonewthing21"
"1893497628643488185","Sun Feb 23 15:49:29 +0000 2025","0","@mkainerugaba Manchester united it will be a better choice","1893689645491171724","","mkainerugaba","en","east africa,kampala","0","0","0","https://x.com/AaronCarter909/status/1893689645491171724","1413883584222486528","AaronCarter909"
"1893674343453893095","Sun Feb 23 15:49:16 +0000 2025","0","@planetfaz Correction: Manchester United is holding back Bruno Fernandes. Without him United would ve been fighting relegation seasons ago. We were shit before he joined and he made us play very well in the seasons after he joined","1893689593876078935","","planetfaz","en","","0","0","0","https://x.com/CruzRuben916/status/1893689593876078935","2988246555","CruzRuben916"
"1893287759130870060","Sun Feb 23 15:49:04 +0000 2025","0","What a great comeback by Manchester United but not enough for the 3 points against Everton in the 2nd half. Good one there Man United. #EVEMUN","1893689542609080577","","OkwuchukwuGA","en","","0","0","0","https://x.com/OkwuchukwuGA/status/1893689542609080577","3833068695","OkwuchukwuGA"
"1816129464717230116","Sun Feb 23 15:49:01 +0000 2025","0","213. Everton 2-2 Manchester United","1893689530206523669","","Leoninhoww","en","","0","1","0","https://x.com/Leoninhoww/status/1893689530206523669","1695784029511962624","Leoninhoww"
"1893689461109567963","Sun Feb 23 15:48:45 +0000 2025","0","Moyes is a better manager he took a team fighting relegation never bought anyone never condemned anyone played football now Everton is far much a better team than Manchester as united as it is.","1893689461109567963","","","en","Bulawayo, Zimbabwe","0","0","0","https://x.com/respect_ncube/status/1893689461109567963","933312217071718400","respect_ncube"
"1893689453698232822","Sun Feb 23 15:48:43 +0000 2025","5","Substitution for FC 86 mins Off Darcey Griffin On Mia Hayes FCUM 1 - CAFC 0 ️️ https://t.co/lZ8ApZOgJ8","1893689453698232822","https://pbs.twimg.com/media/Gke8hagXQAA003G.jpg","","en","Broadhurst Park, Manchester","0","0","1","https://x.com/FCUnitedWomen/status/1893689453698232822","448387159","FCUnitedWomen"
"1764841847388807600","Sun Feb 23 15:48:25 +0000 2025","0","@AlexaBliss_WWE @macp80874 @united United there s only one: Manchester United. We re converting you Americans https://t.co/RBztepZvSS","1893689377739432356","https://pbs.twimg.com/media/Gke8coSWYAAw8l7.jpg","AlexaBliss_WWE","en","England, United Kingdom","0","0","0","https://x.com/thiingryu/status/1893689377739432356","1744792624026755072","thiingryu"
"1893689312371155271","Sun Feb 23 15:48:09 +0000 2025","5","Pakistan cricket team is the new Manchester United","1893689312371155271","","","en","Next trip: London","0","3","0","https://x.com/RahulGoradia1/status/1893689312371155271","1230545494440460289","RahulGoradia1"
"1893689304259449054","Sun Feb 23 15:48:07 +0000 2025","0","Why does It feel like... .. ETH bought all those players as a big F.U to everyone involved with Manchester United I think he knew before the season began that he's getting the sack...@rioferdy5","1893689304259449054","","","en","New York, USA","0","0","0","https://x.com/alpha01fx/status/1893689304259449054","231839005","alpha01fx"
"1893688197739172000","Sun Feb 23 15:47:25 +0000 2025","1","@BrentfordHive Incredible season where there are absolutely no small teams except leicester southampton ipswich and manchester united im a united fan btw","1893689125229793729","","BrentfordHive","en","","0","1","0","https://x.com/Fpl_Byted/status/1893689125229793729","1745062368630169600","Fpl_Byted"
"1893689114567885224","Sun Feb 23 15:47:22 +0000 2025","0","If they keep moving like this they might discover Manchester United","1893689114567885224","","","en","Your house","0","0","0","https://x.com/KwasiNawil/status/1893689114567885224","1040739521372012544","KwasiNawil"
"1893673171187896828","Sun Feb 23 15:47:10 +0000 2025","0","@brightutd @LouieDi13 Wetin Manchester United face bro?","1893689063867068732","","brightutd","en","Lagos, Nigeria","0","1","0","https://x.com/OlumideSodeko/status/1893689063867068732","1156313419844345856","OlumideSodeko"
"1893689018769960998","Sun Feb 23 15:46:59 +0000 2025","0","Compare and buy tickets to Manchester United v Newcastle United here at Safe Ticket Compare","1893689018769960998","","","en","","0","1","0","https://x.com/safetixcompare/status/1893689018769960998","1456473429398278146","safetixcompare"
"1893666829215674490","Sun Feb 23 15:46:34 +0000 2025","0","@elonmusk Off the topic can you buy Manchester United please","1893688914050744681","","elonmusk","en","","0","0","0","https://x.com/ssekulima_sa/status/1893688914050744681","1754855934055063552","ssekulima_sa"
"1893688590506263019","Sun Feb 23 15:45:17 +0000 2025","16","If Manchester United refuse to come up Chelsea will go down to meet them https://t.co/DaVIdnnOhk","1893688590506263019","https://pbs.twimg.com/media/Gke7uxpXcAA3iuk.jpg","","en","Port Harcourt","0","8","9","https://x.com/SanTaExqCobar/status/1893688590506263019","1300424963908829189","SanTaExqCobar"
"1888790245119795382","Sun Feb 23 15:45:09 +0000 2025","0","@Buccaneers 1 love 1 United. Glazers do the right thing sell your shares in Manchester United you were not wanted when you bought the club you are even more not wanted now. You are destroying 1 of Europe's greatest sporting clubs. You should be ashamed of yourselves. Horrible family.","1893688558034071823","","Buccaneers","en","","0","0","0","https://x.com/LeighLockwood4/status/1893688558034071823","734171029761892352","LeighLockwood4"
"1893675312128442729","Sun Feb 23 15:45:06 +0000 2025","1","@Mammabell15 Bless ","1893688544754896968","","Mammabell15","en","England, United Kingdom","0","0","0","https://x.com/Manchester96622/status/1893688544754896968","1784273212387336192","Manchester96622"
"1893686499918438542","Sun Feb 23 15:45:05 +0000 2025","0","@dafuqiswrngelon No player with self respect should be coming to Manchester United let alone coming back","1893688539952418952","","dafuqiswrngelon","en","United States","0","0","0","https://x.com/_vwake/status/1893688539952418952","1185646724","_vwake"
"1893629497720623457","Sun Feb 23 15:44:37 +0000 2025","0","@PhiriTofara Liverpool 2 - 0 Manchester United","1893688422067212479","","PhiriTofara","en","Zimbabwe ","0","0","0","https://x.com/ZimPothead/status/1893688422067212479","1187058800697708546","ZimPothead"
"1893677864089772535","Sun Feb 23 15:44:31 +0000 2025","2","@FabrizioRomano This is how you Score your 50th Premier league Goal. SENSATIONAL. WELCOME TO MANCHESTER UNITED ISAK https://t.co/wIRT6gtnl9","1893688394972062077","https://pbs.twimg.com/media/GkexryDXYAAJSY9.jpg","FabrizioRomano","en","","0","1","0","https://x.com/UTDXMancunian/status/1893688394972062077","997831743066472449","UTDXMancunian"
"1893688216718336030","Sun Feb 23 15:43:48 +0000 2025","1","One of the most underrated and unsung hero for Manchester United. Constantly shut down the best wingers in the planet. Spider Wan ","1893688216718336030","","","en","Chennai, India","0","0","0","https://x.com/sriramofearth/status/1893688216718336030","2293776547","sriramofearth"
"1893677512065941650","Sun Feb 23 15:43:44 +0000 2025","0","@UTDTrey Meanwhile Manchester United lead the race for 15th place get the trophy ready.","1893688198045241374","","UTDTrey","en","Market Rasen, England","0","0","0","https://x.com/stevebu250/status/1893688198045241374","719238738585497600","stevebu250"
"1893688117367878072","Sun Feb 23 15:43:24 +0000 2025","10","Paul Pogba back to Manchester United https://t.co/1ZSzDreJu2","1893688117367878072","https://pbs.twimg.com/ext_tw_video_thumb/1893688014792208385/pu/img/UYQa64sQXUVnIsQb.jpg","","en","Manchester, England","0","0","1","https://x.com/RedDevi15669684/status/1893688117367878072","1408794971847626759","RedDevi15669684"
"1893614808102003074","Sun Feb 23 15:43:24 +0000 2025","0","@BBCMOTD Former Arsenal and Manchester United striker Robin van Persie has been appointed as the new Feyenoord head coach ","1893688113999867911","","BBCMOTD","en","","0","0","0","https://x.com/RehanJamil88979/status/1893688113999867911","1734844336888803328","RehanJamil88979"
"1893684088973746465","Sun Feb 23 15:43:08 +0000 2025","0","@boysports24 @FabrizioRomano Why would you even consider comparing those two players? It feels like you're just a die-hard Manchester United fan trying to defend your choice! ","1893688048468083197","","boysports24","en","","0","0","0","https://x.com/Da40784Damilola/status/1893688048468083197","1893208794873679872","Da40784Damilola"
"1893156080605372634","Sun Feb 23 15:42:56 +0000 2025","0","@ragdolled98 We ve gone from league 2 to premier league. And 7 points clear of Manchester United. I ll take that in my lifetime ","1893688000426500111","","ragdolled98","en","","0","0","0","https://x.com/joshdavis10/status/1893688000426500111","152330888","joshdavis10"
"1893679644580122816","Sun Feb 23 15:42:49 +0000 2025","0","@utdTony1 Marcus Rashford is back. Manchester United was the problem. Finished club.","1893687967396290930","","utdTony1","en","Ibafo, Nigeria","0","0","0","https://x.com/audu_oluwaseun/status/1893687967396290930","3374891171","audu_oluwaseun"
"1893687879852786125","Sun Feb 23 15:42:28 +0000 2025","0","Manchester United are sweating on the fitness of Noussair Mazraoui ahead of their game against Ipswich Town Mazraoui is set to undergo further tests on Monday before a decision is made on whether he can feature against Ips at OT on Wednesday. - Rob Dawson","1893687879852786125","","","en","England, United Kingdom","0","1","0","https://x.com/utd_rush/status/1893687879852786125","1432985176246677507","utd_rush"
"1893677512065941650","Sun Feb 23 15:42:24 +0000 2025","0","@UTDTrey You could still screenshot the next 4 teams and Manchester United will not be among","1893687865562808553","","UTDTrey","en","Chelsea ","0","0","0","https://x.com/EverytinEstavao/status/1893687865562808553","1817496586043162624","EverytinEstavao"
"1893625845811388752","Sun Feb 23 15:42:10 +0000 2025","0","@cjayunited10 We're manchester united if you can't handle the pressure fuck off","1893687806385369161","","cjayunited10","en","","0","0","0","https://x.com/StatsfactsNlies/status/1893687806385369161","1557808676693483522","StatsfactsNlies"
"1893687789822095680","Sun Feb 23 15:42:06 +0000 2025","7","Look at how many players have succeeded this season who struggled last season not only that look like they re smiling and have freedom. Look at players who had all that we signed and they lost that. Manchester United it s no coincidence wake up.","1893687789822095680","","","en","","0","0","0","https://x.com/HCfootball01/status/1893687789822095680","1538204206569598978","HCfootball01"
"1893687761632112813","Sun Feb 23 15:42:00 +0000 2025","0","Wishing a very happy birthday to @Casemiro #MUFC https://t.co/y1MRDLcAb9","1893687761632112813","https://pbs.twimg.com/media/Gke6-nRWEAAASgj.jpg","","en","United Kingdom","0","0","0","https://x.com/ManUnitedInfo10/status/1893687761632112813","1453243738143264773","ManUnitedInfo10"
"1893416946256793957","Sun Feb 23 15:40:56 +0000 2025","0","@terryflewers I'll be honest.... probably because it's Manchester United","1893687493079314868","","terryflewers","en","","0","0","0","https://x.com/DEmbo1878/status/1893687493079314868","1577353701815091201","DEmbo1878"
"1893421910756585527","Sun Feb 23 15:40:37 +0000 2025","1","@Messibuttonboy @alex_crook Bizarrely he kept asking whether Amorim was stupid as if Emery was. He also said why would a player leave Manchester United for Villa. He is completely historically ignorant and uniformed about Villa s current set up. He s just called this one complete wrong and should say so!","1893687417397186841","","Messibuttonboy","en","Midlands ","0","1","0","https://x.com/JonCollett/status/1893687417397186841","49606927","JonCollett"
"1893686672807567841","Sun Feb 23 15:40:25 +0000 2025","0","@hazharoon Shoot the players too attack their houses. This is pathetic how are you Pakistani fans accepting this mediocrity","1893687365668921345","","hazharoon","en","","0","0","0","https://x.com/mo12398x/status/1893687365668921345","1670687730546753537","mo12398x"
"1893687314599035194","Sun Feb 23 15:40:13 +0000 2025","3"," Paul Pogba has held talks with Ruben Amorim. Manchester United would be ready to offer him a renewable one-year contract. United would like to negotiate a low salary with many bonuses. [@jac_talbot via @FilSport] #MUFC https://t.co/WNSyjs1fOV","1893687314599035194","https://pbs.twimg.com/media/Gke6dVvWIAAVDVc.jpg","","en","","0","0","1","https://x.com/soccer_central1/status/1893687314599035194","1307341001695125512","soccer_central1"
"1893686027396546788","Sun Feb 23 15:40:11 +0000 2025","0","@KobbieEra Greenwood was supposed to be Van persie regen until Manchester United Happened to him ","1893687306713739473","","KobbieEra","en","","0","0","0","https://x.com/MilaVIbezCFC/status/1893687306713739473","1696999199009615873","MilaVIbezCFC"
"1893387189947351183","Sun Feb 23 15:39:55 +0000 2025","0","@Cavyshe1 @midotz8 @_CFCMax Manchester united","1893687237549720021","","Cavyshe1","en","+255","0","1","0","https://x.com/OffSantos26/status/1893687237549720021","1500570041267412993","OffSantos26"
"1893687163750953201","Sun Feb 23 15:39:37 +0000 2025","0","Erling Haaland has been ruled out of Manchester City's match against Liverpool due to injury. The striker was an unused substitute in the recent Champions League defeat to Real Madrid after sustaining a knock in the previous game against Newcastle United. https://t.co/MmqLOWgDPs","1893687163750953201","https://pbs.twimg.com/media/Gke6cE8XsAAbZqR.jpg","","en","","0","0","0","https://x.com/neoupdate_/status/1893687163750953201","1767468817192501248","neoupdate_"
"1893687128858464457","Sun Feb 23 15:39:29 +0000 2025","99","Noussair Mazraoui is due to undergo tests today before a decision is made on his participation in Wednesday's match. #MUFC [@RobDawsonESPN via @UtdXclusive] https://t.co/YrBPRJSsL6","1893687128858464457","https://pbs.twimg.com/media/Gke6aDjXgAAulRb.jpg","","en","","0","2","4","https://x.com/Utd_Forever7/status/1893687128858464457","1533604675244670978","Utd_Forever7"
"1893684088973746465","Sun Feb 23 15:38:50 +0000 2025","1","@UTDTrey @FabrizioRomano You fucking getting relegated while trying chat with a team competing for top four Lol Only Manchester United fan ","1893686967935582540","","UTDTrey","en","Kasoa, Ghana","0","0","0","https://x.com/ArthurGlad27125/status/1893686967935582540","1685754840603906052","ArthurGlad27125"
"1893686925191463029","Sun Feb 23 15:38:43 +0000 2025","0","Manchester United https://t.co/HCMVDshmyE","1893686937308811270","https://pbs.twimg.com/media/Gke6OpQXsAEoHmw.jpg","Modoundiaye001","en","","0","1","0","https://x.com/Modoundiaye001/status/1893686937308811270","1435501009925705730","Modoundiaye001"
"1893685890662191153","Sun Feb 23 15:38:27 +0000 2025","0","@UTDTrey You clown worry about Manchester United s relegation battle first ","1893686870384484540","","UTDTrey","en","A girl living in Shanghai","0","0","0","https://x.com/19Reply93/status/1893686870384484540","3257842507","19Reply93"
"1893286394266591408","Sun Feb 23 15:38:20 +0000 2025","0","@ManUtdInPidgin Manchester United CANNOT keep blaming the Managers They all can't be crap once the players step over that white line they have to perform and they are either NOT or THEY ARE NOT GOOD ENOUGH","1893686839900361176","","ManUtdInPidgin","en","Leigh, England","0","0","0","https://x.com/DannyA2109/status/1893686839900361176","1357432527506583552","DannyA2109"
"1893686838381932611","Sun Feb 23 15:38:19 +0000 2025","0","Duels are important to defend but they are not as important as people think they are. Most of football is a contest of space. This is why teams like Manchester United can buy lots of defenders who are very good at winning duels and tackles but still concede many goals.","1893686838381932611","","","en","England, United Kingdom","0","0","0","https://x.com/Nonewthing21/status/1893686838381932611","1758402250370600960","Nonewthing21"
"1893686798787723744","Sun Feb 23 15:38:10 +0000 2025","0","Pls take my Club out of your mouth #Manchester United","1893686798787723744","","","en","Ghana","0","0","0","https://x.com/joshua_agyemang/status/1893686798787723744","1732391444","joshua_agyemang"
"1893677512065941650","Sun Feb 23 15:37:54 +0000 2025","0","@UTDTrey Where is Manchester United","1893686733725704492","","UTDTrey","en","Enugu, Nigeria","0","0","0","https://x.com/Cesck_Ozil/status/1893686733725704492","975091604720640001","Cesck_Ozil"
"1893686634840748207","Sun Feb 23 15:37:31 +0000 2025","142","️Paul Pogba (before his second return to the club): I have always loved Manchester United. It s a club that remains close to my heart and I regret not achieving everything I wanted to during my first time here. Would you take him BACK⁉️ YES / NO⁉️ #MUFC https://t.co/UUann01Vyh","1893686634840748207","https://pbs.twimg.com/media/Gke59OBXIAArnMy.jpg","","en","","1","35","8","https://x.com/Utd_Forever7/status/1893686634840748207","1533604675244670978","Utd_Forever7"
"1893686579647918591","Sun Feb 23 15:37:18 +0000 2025","1","The 19 year-old Assane Diao who Manchester United scouted for a long time now has 4 Serie A goals in just 586 minutes played ⏰ ️ vs Fiorentina 🆕 ️ vs Juventus ️ vs Udinese ️ vs Milan #NEWNFO https://t.co/VrtTvkUz7S","1893686579647918591","https://pbs.twimg.com/media/Gke53yAWcAAtOqW.jpg","","en","","0","0","0","https://x.com/MUNScout/status/1893686579647918591","1785550857360097282","MUNScout"
"1893686569854173377","Sun Feb 23 15:37:15 +0000 2025","1","Tonali is coming on as a substitute in a game Newcastle are leading 4-2 should tell everyone involved with Manchester United what quality squad depth is all about @ManUtd @MENSports @AliceTalksFooty @ESPNUK @ESPNFC @StretfordPost @FabrizioRomano @goal @NBCSportsSoccer @BBCMOTD","1893686569854173377","","","en","Guttenberg, NJ","0","0","0","https://x.com/sholves/status/1893686569854173377","288397240","sholves"
"1893686479999664576","Sun Feb 23 15:36:54 +0000 2025","3","Noussair Mazraoui is due to undergo tests today before a decision is made on his participation in Wednesday's match. [ @RobDawsonESPN ] #MUFC https://t.co/wAbvGFgVDF","1893686479999664576","https://pbs.twimg.com/media/Gke5z_GWsAEwd7z.jpg","","en","Manchester, England","0","0","1","https://x.com/rubenamorimfanz/status/1893686479999664576","3304631811","rubenamorimfanz"
"1893686479446020277","Sun Feb 23 15:36:54 +0000 2025","2","Qus: If Manchester United won the Europa League and was relegated at the end of the season would they play in the Champions League next season?","1893686479446020277","","","en","السودان","0","2","0","https://x.com/jwad_2b/status/1893686479446020277","1596840870623559680","jwad_2b"
"1893686469320958113","Sun Feb 23 15:36:51 +0000 2025","10"," - JUST IN!! Manchester United are sweating on the fitness of Noussair Mazraoui ahead of their game against Ipswich Town. [@ESPNsoccer] https://t.co/BWgg3cDBng","1893686469320958113","https://pbs.twimg.com/media/Gke5zLdXsAAuuzL.jpg","","en","Uganda","0","2","2","https://x.com/thezirkzeera/status/1893686469320958113","1810263946957619200","thezirkzeera"
"1893686397048942846","Sun Feb 23 15:36:34 +0000 2025","2","Paul Pogba has held talks with Ruben Amorim. Manchester United would be ready to offer him a renewable one-year contract. United would like to negotiate a low salary with many bonuses. https://t.co/Pws5eYCKCo","1893686397048942846","https://pbs.twimg.com/media/Gke5u6lWkAANt-w.jpg","","en","Turn On Post Notifications 🔔","0","0","0","https://x.com/Eplmax/status/1893686397048942846","1114824204","Eplmax"
"1893686387058094246","Sun Feb 23 15:36:32 +0000 2025","0","There is this nonsensical Manchester united supporter i don't like always tweeting like a retard","1893686387058094246","","","en","Ask Me","0","0","0","https://x.com/mrcleanthing/status/1893686387058094246","1180506668","mrcleanthing"
"1893674343453893095","Sun Feb 23 15:36:12 +0000 2025","0","@planetfaz Holding Manchester United back from what? Relegation?","1893686305919267181","","planetfaz","en","Middlesbrough, England","0","0","0","https://x.com/c_parks75/status/1893686305919267181","1761736127201820672","c_parks75"
"1893686024984789235","Sun Feb 23 15:35:05 +0000 2025","4","Ruben Amorim adding Paul Pogba back into Manchester United's team. #FootballWithDME https://t.co/1gDQLQkUG1","1893686024984789235","https://pbs.twimg.com/ext_tw_video_thumb/1541921717395886080/pu/img/jKV3A0u11H_HcW9Y.jpg","","en","Namibia","0","0","3","https://x.com/dme_363/status/1893686024984789235","122622593","dme_363"
"1893686019205087707","Sun Feb 23 15:35:04 +0000 2025","2","Manchester Utd play newly promoted and sure to be relegated Ipswich Town at Old Trafford on Wednesday. Ipswich have just shipped 4 at home to Lowly Tottenham. Ipswich will have the best forward on the pitch on Wednesday. Let that sink in. Truly tragic.","1893686019205087707","","","en","England, United Kingdom","0","0","0","https://x.com/Mike87_United/status/1893686019205087707","1534120855","Mike87_United"
"1893683346783281632","Sun Feb 23 15:35:01 +0000 2025","0","@UdoBartho This is Liverpool and not Manchester United ","1893686005992915421","","UdoBartho","en","Uyo, Nigeria","0","1","0","https://x.com/EdsEssiet/status/1893686005992915421","1384845824073650180","EdsEssiet"
"1893685840217325646","Sun Feb 23 15:34:21 +0000 2025","35","JUST IN: Manchester United are sweating on the fitness of Noussair Mazraoui. Mazraoui picked up an injury to his knee vs Everton. He is set to undergo further tests on Monday before a decision is made if he can play vs Ipswich. [@RobDawsonESPN]","1893685840217325646","","","en","Stretford End","0","1","6","https://x.com/StretfordEndx/status/1893685840217325646","1524265331774087168","StretfordEndx"
"1893300761624203462","Sun Feb 23 15:34:14 +0000 2025","0","@yabaleftonline After Saturday morning football training they were talking about international football ie Everton vs Manchester United","1893685807518507159","","yabaleftonline","en","Nigeria ","0","0","0","https://x.com/FemiJazyAdebayo/status/1893685807518507159","3370139968","FemiJazyAdebayo"
"1893685697774547329","Sun Feb 23 15:33:47 +0000 2025","1","62 mins FCUM sub Off 11 Abby Lester IN 15 Ashleigh Bullock","1893685697774547329","","","en","Broadhurst Park, Manchester","0","0","0","https://x.com/FCUnitedWomen/status/1893685697774547329","448387159","FCUnitedWomen"
"1893620320801587533","Sun Feb 23 15:33:46 +0000 2025","0","@FabrizioRomano For the PlayerFC did y all notice how every Manchester United managers keep saying the same thing about one player??","1893685691734687826","","FabrizioRomano","en","Massac, KY","0","1","0","https://x.com/JauntyJoanSon/status/1893685691734687826","712668477866246145","JauntyJoanSon"
"1893685621295632593","Sun Feb 23 15:33:29 +0000 2025","0"," Paul Pogba has personally spoke with Ruben Amorim. Manchester United are prepared to offer a one-year contract. The club would like to negotiate a low salary with lots of bonuses. (Source: @jac_talbot)","1893685621295632593","","","en","Ogun, Nigeria","0","0","0","https://x.com/JubrilHassan26/status/1893685621295632593","1558539649504710656","JubrilHassan26"
"1893685620121211369","Sun Feb 23 15:33:29 +0000 2025","0","Another one from the Manchester United scouts ","1893685620121211369","","","en","Favelas, BR","0","0","0","https://x.com/BigTeezo/status/1893685620121211369","233286943","BigTeezo"
"1893683073834721620","Sun Feb 23 15:33:26 +0000 2025","0","@Divinefcb01 Mine is Manchester united","1893685609530597685","","Divinefcb01","en","San Francisco, California ","0","0","0","https://x.com/Called_Junaid/status/1893685609530597685","1734841798525329408","Called_Junaid"
"1893640806856048923","Sun Feb 23 15:33:21 +0000 2025","0","@FredrickHo33216 @ChelseaFC No Manchester United Will","1893685586193506561","","FredrickHo33216","en","","0","0","0","https://x.com/Viktoh24814755/status/1893685586193506561","1376977437825904643","Viktoh24814755"
"1893660564007600482","Sun Feb 23 15:33:04 +0000 2025","0","@RedlingMUFC @dazzamufc99 Ah that's a bit harsh in fairness if garnacho did the same thing and got a penalty we wouldn't be complaining! Ashley was a good player for us with Manchester United!","1893685516840673368","","RedlingMUFC","en","","0","0","0","https://x.com/TonyOShea16/status/1893685516840673368","945363150597165056","TonyOShea16"
"1893321805454082496","Sun Feb 23 15:33:01 +0000 2025","0","@Lea_EFC If your theory is like that how many penalties should Manchester united should get in that game more than 4","1893685504060563753","","Lea_EFC","en","Sri Lanka","0","0","0","https://x.com/DDyllax/status/1893685504060563753","1428246048300888068","DDyllax"
"1893685497735807440","Sun Feb 23 15:33:00 +0000 2025","17","Manchester United player ratings vs Everton with a 1/10 as Bruno Fernandes inspires comeback | @samuelluckhurst #mufc https://t.co/U3IWwBjRSY","1893685497735807440","","","en","Manchester, UK","0","7","2","https://x.com/ManUtdMEN/status/1893685497735807440","57299064","ManUtdMEN"
"1893685492660482385","Sun Feb 23 15:32:59 +0000 2025","2"," JUST IN: Manchester United are sweating on the fitness of Noussair Mazraoui. Mazraoui picked up an injury to his knee vs Everton. He is set to undergo further tests on Monday before a decision is made if he can play vs Ipswich. [@RobDawsonESPN] https://t.co/xeXivAMYt1","1893685492660482385","https://pbs.twimg.com/media/Gke46uVXsAA7o8Q.jpg","","en","uefpodcast@gmail.com","0","0","0","https://x.com/UEF_Podcast/status/1893685492660482385","1413952928990253062","UEF_Podcast"
"1893685466043387909","Sun Feb 23 15:32:52 +0000 2025","0","Got 3 Manchester United vs Ipswich Town tickets at Old Trafford the seats are next to each other. Dm for more details if you re interested.","1893685466043387909","","","en","United Kingdom ","0","0","0","https://x.com/4rmourR/status/1893685466043387909","2310533294","4rmourR"
"1893685415980249346","Sun Feb 23 15:32:40 +0000 2025","8","-Manchester United are sweating on the fitness of Noussair Mazraoui ahead of their game against Ipswich Town @ESPNsoccer Yoro starts then. https://t.co/SRQoDtqe3p","1893685415980249346","https://pbs.twimg.com/media/Gke42VsWoAMwmIc.jpg","","en","Manchester united","0","2","1","https://x.com/UgarteCentral/status/1893685415980249346","1830999795021783040","UgarteCentral"
"1893685407058919879","Sun Feb 23 15:32:38 +0000 2025","62","- BREAKING Paul Pogba has held talks with Ruben Amorim. Manchester United would be ready to offer him a renewable one-year contract. United would like to negotiate a low salary with many bonuses. https://t.co/qJLg6wkpqt","1893685407058919879","https://pbs.twimg.com/media/Gke41soWIAEd6B_.jpg","","en","","0","4","10","https://x.com/Garnacho__utd/status/1893685407058919879","1422886707217772544","Garnacho__utd"
"1893684652029710414","Sun Feb 23 15:31:56 +0000 2025","0","@AlinurMohamed_ Liverpool 5 Manchester united 0","1893685230516457808","","AlinurMohamed_","en","Nairobi, kenya","0","0","0","https://x.com/Austinoluoch5/status/1893685230516457808","945552489088258048","Austinoluoch5"
"1893683073834721620","Sun Feb 23 15:31:52 +0000 2025","0","@Divinefcb01 I support Manchester United so I don't ","1893685215236608414","","Divinefcb01","en","","0","0","0","https://x.com/JBTFooty/status/1893685215236608414","1671599453759852545","JBTFooty"
"1893672489886089394","Sun Feb 23 15:31:51 +0000 2025","0","@UtdFaithfuls Hes coming to Manchester United","1893685209326878921","","UtdFaithfuls","en","","0","0","0","https://x.com/divaUTD_/status/1893685209326878921","1254167131140370435","divaUTD_"
"1893685038522208392","Sun Feb 23 15:31:51 +0000 2025","0","@AmorimBalll_ @RobDawsonESPN Too many problems for Manchester United at the moment","1893685208831963500","","AmorimBalll_","en","Everywhere","0","0","0","https://x.com/NeroMajors/status/1893685208831963500","556925931","NeroMajors"
"1893685133489603060","Sun Feb 23 15:31:33 +0000 2025","0","Pogba with players trying to commit mutiny Manchester United would be beyond dumb bringing that guy back","1893685133489603060","","","en","Jamaica","0","0","0","https://x.com/andretamri/status/1893685133489603060","1033697305","andretamri"
"1893685048844443900","Sun Feb 23 15:31:13 +0000 2025","4","60 mins Off Hollie O'Neil On Keunna Dill FCUM 1 - CAFC 0 ️️","1893685048844443900","","","en","Broadhurst Park, Manchester","0","0","0","https://x.com/FCUnitedWomen/status/1893685048844443900","448387159","FCUnitedWomen"
"1893685041567260854","Sun Feb 23 15:31:11 +0000 2025","34","Alexander Isak is coming to Manchester United this summer. https://t.co/tG44ZdqLcv","1893685041567260854","https://pbs.twimg.com/media/Gke4gpEXMAIeU3h.jpg","","en","","0","18","1","https://x.com/divaUTD_/status/1893685041567260854","1254167131140370435","divaUTD_"
"1893685038522208392","Sun Feb 23 15:31:10 +0000 2025","834","JUST IN: Manchester United are sweating on the fitness of Noussair Mazraoui. Mazraoui picked up an injury to his knee vs Everton. He is set to undergo further tests on Monday before a decision is made if he can play vs Ipswich. [@RobDawsonESPN] https://t.co/auCRlnBoa8","1893685038522208392","https://pbs.twimg.com/media/Gke4gIqXsAAGEZg.jpg","","en","United Kingdom","22","23","55","https://x.com/AmorimBalll_/status/1893685038522208392","1391651053435752451","AmorimBalll_"
"1893576392098378142","Sun Feb 23 15:30:57 +0000 2025","0","@user801456 @Omwedede @FCal37 @CalDC1878 @mark_robinson_ as a united fan from manchester the glory hunter dynamic should really be dead by now considering how shite we are","1893684983320969483","","user801456","en","","0","2","0","https://x.com/myglocksmatchin/status/1893684983320969483","1872463125896675328","myglocksmatchin"
"1893433767873695757","Sun Feb 23 15:30:52 +0000 2025","2","@RyanJackMum @TedGlennReturns @SEAMONKEYOO7 @shabbapne Yeah it's so long ago Moses is playing for Manchester United. Just scored the defence parting like the Red Sea. ","1893684960189464947","","RyanJackMum","en","Pettyville ","0","1","0","https://x.com/MiserygutsPetty/status/1893684960189464947","1092139666717970435","MiserygutsPetty"
"1893684805268623693","Sun Feb 23 15:30:15 +0000 2025","0","Teams like Chelsea arsenal and Manchester United don t have serious and ambitious owners in the hierarchy","1893684805268623693","","","en","United Kingdom","0","0","0","https://x.com/nsomto_/status/1893684805268623693","1181195967569317888","nsomto_"
"1893684804572319828","Sun Feb 23 15:30:15 +0000 2025","2","The comments cooking you should tell you what is already painfully obvious to those willing to look at reality We don t want this mediocre nonsense this is Arsenal Football Club only rivalled in trophies by Manchester United &amp; Liverpool not a tinpot circus for your emotions","1893684804572319828","","","en","","0","0","0","https://x.com/LB121714/status/1893684804572319828","1850608528605487104","LB121714"
"1893684178060726605","Sun Feb 23 15:29:59 +0000 2025","0","@DeadlineDayLive @jac_talbot Would happily take him back to Manchester United","1893684740676329473","","DeadlineDayLive","en","Anywhere","0","1","0","https://x.com/FootballUntd/status/1893684740676329473","1767791041011200000","FootballUntd"
"1893497628643488185","Sun Feb 23 15:29:35 +0000 2025","0","@mkainerugaba Manchester United Afande","1893684639941689686","","mkainerugaba","en","Kololo York Terrace Kampala","0","0","0","https://x.com/MusasiziKent/status/1893684639941689686","1357989172355756033","MusasiziKent"
"1893667786766905388","Sun Feb 23 15:29:28 +0000 2025","0","@MysteryChampion Manchester United","1893684610422149306","","MysteryChampion","en","Swansea, Wales","0","0","0","https://x.com/bamfk1/status/1893684610422149306","1080063712067837952","bamfk1"
"1893675486787567964","Sun Feb 23 15:29:14 +0000 2025","0","@JoeAfc3 Hes coming to Manchester United","1893684550842106180","","JoeAfc3","en","","0","0","0","https://x.com/divaUTD_/status/1893684550842106180","1254167131140370435","divaUTD_"
"1893630665247055942","Sun Feb 23 15:28:53 +0000 2025","0","@MannyooNic He got us a few penalties in his time at Manchester United and if garnacho did the same we wouldn't be complaining ha ha ! Good draw !","1893684462958842324","","MannyooNic","en","","0","0","0","https://x.com/TonyOShea16/status/1893684462958842324","945363150597165056","TonyOShea16"
"1893671575188058317","Sun Feb 23 15:28:46 +0000 2025","0","@UTD__Ronaldo We need these players at Manchester United","1893684433930056171","","UTD__Ronaldo","en","","0","0","0","https://x.com/divaUTD_/status/1893684433930056171","1254167131140370435","divaUTD_"
"1893675675514462706","Sun Feb 23 15:28:31 +0000 2025","0","@OlatunjiDrsif Only finished players goes to Manchester United","1893684369207788003","","OlatunjiDrsif","en","Mercury ","0","1","0","https://x.com/Jimmy_unusual/status/1893684369207788003","1158807456836964354","Jimmy_unusual"
"1893684364136902695","Sun Feb 23 15:28:30 +0000 2025","0","Manchester City or Man City is a top football club in the Premier League currently 4th with 44 points from 25 matches. - They recently signed Egyptian forward Omar Marmoush who scored a hat-trick in his first start against Newcastle United. - Several key players including","1893684364136902695","","","en","","0","0","0","https://x.com/marmoush_MCI1/status/1893684364136902695","1873318237447815168","marmoush_MCI1"
"1893390115570901188","Sun Feb 23 15:28:15 +0000 2025","1","@ReeceAC_ We have eyes you're wrong","1893684301293625423","","ReeceAC_","en","","0","0","0","https://x.com/_PokerHUB/status/1893684301293625423","1338872953975533569","_PokerHUB"
"1893684282188611836","Sun Feb 23 15:28:10 +0000 2025","1","BREAKING: Paul Pogba has held talks with Ruben Amorim. Manchester United would be ready to offer him a renewable one-year contract. Manchester United would like to negotiate a low salary with many bonuses. #MUFC https://t.co/FX7862FkBx","1893684282188611836","https://pbs.twimg.com/media/Gke3zntbwAAz1Ek.jpg","","en","Manchester, England","0","0","0","https://x.com/RedDevi15669684/status/1893684282188611836","1408794971847626759","RedDevi15669684"
"1893684258360774863","Sun Feb 23 15:28:04 +0000 2025","1284"," - JUST IN!! Manchester United are sweating on the fitness of Noussair Mazraoui ahead of their game against Ipswich Town. [@ESPNsoccer] https://t.co/tjStk1oJY8","1893684258360774863","https://pbs.twimg.com/media/Gke3y5vXgAAaRSj.jpg","","en","10-3-9 (45%)","9","49","30","https://x.com/AmorimEra_/status/1893684258360774863","1438630916625154049","AmorimEra_"
"1893293670264119571","Sun Feb 23 15:28:01 +0000 2025","0","@WelBeast Manchester United are the FA Cup defending champions while Arsenal just won We beat Man City trophy.","1893684244502704161","","WelBeast","en","Ilorin, Nigeria","0","0","0","https://x.com/TYBabatunde/status/1893684244502704161","743520704289714176","TYBabatunde"
"1893684212382757334","Sun Feb 23 15:27:53 +0000 2025","0","Manchester united tuuu...","1893684212382757334","","","en","","0","0","0","https://x.com/TheH_Ke/status/1893684212382757334","1891842094953578496","TheH_Ke"
"1893684178060726605","Sun Feb 23 15:27:45 +0000 2025","3271"," Paul Pogba has personally spoke with Ruben Amorim. Manchester United are prepared to offer a one-year contract. The club would like to negotiate a low salary with lots of bonuses. (Source: @jac_talbot) https://t.co/DsA0u9rsta","1893684178060726605","https://pbs.twimg.com/media/Gke3qZKXMAAyOZH.jpg","","en","team@transfernewslive.com","72","106","205","https://x.com/DeadlineDayLive/status/1893684178060726605","1030711922","DeadlineDayLive"
"1893684172939555310","Sun Feb 23 15:27:44 +0000 2025","0","Bruno Fernandes says Manchester United need to demand more after Everton draw https://t.co/9kMgzWj9VY","1893684172939555310","","","en","United Kingdom","0","1","0","https://x.com/IndyFootball/status/1893684172939555310","524235256","IndyFootball"
"1893684137141121183","Sun Feb 23 15:27:35 +0000 2025","0","Manchester United Kingdom 🇬🇧 Pro-refugee protest Union Jack being torn up but police don t seem to mind that at all Would like to see police reaction if it was any another country flag Is this behaviour towards a country in which these people live ok? Location: https://t.co/Jda7Zi1HtI","1893684137141121183","https://pbs.twimg.com/amplify_video_thumb/1893683126389403649/img/xDFsW1zKo2qkT89y.jpg","","en","","0","0","0","https://x.com/untoldtruth2077/status/1893684137141121183","1893386534440595456","untoldtruth2077"
"1893684109177700397","Sun Feb 23 15:27:29 +0000 2025","7533","| NEW: Paul Pogba has held talks with Ruben Amorim. Manchester United would be ready to offer him a renewable one-year contract. United would like to negotiate a low salary with many bonuses. [@FilSport via @mufcmpb] https://t.co/tVfiHI5oBu","1893684109177700397","https://pbs.twimg.com/media/Gke3ppEWEAAt0zG.jpg","","en","","159","211","411","https://x.com/centredevils/status/1893684109177700397","1222239337548435456","centredevils"
"1893492965214990578","Sun Feb 23 15:27:26 +0000 2025","0","@BalaamAteenyiDr @mkainerugaba Didn t you say Manchester United before","1893684097517519360","","BalaamAteenyiDr","en","Uganda🇺🇬🇺🇬🇺🇬","0","0","0","https://x.com/AMUGEJ/status/1893684097517519360","1860981186","AMUGEJ"
"1893684068656513367","Sun Feb 23 15:27:19 +0000 2025","27","Patrick Dorgu has proved me wrong with the few games he's played so far. The only problem I have with these players is consistency. I hope he maintains his form and focuses on his progress. He's one for the future for Manchester United. His physique is really impressive for a https://t.co/oRLtcjdNQO","1893684068656513367","https://pbs.twimg.com/media/Gke3liLXsAAQyvU.jpg","","en","A happy Place","0","33","1","https://x.com/Johnniejustcome/status/1893684068656513367","1275893941","Johnniejustcome"
"1893684046305128545","Sun Feb 23 15:27:14 +0000 2025","107","Paul Pogba back to Manchester United https://t.co/t1NAe7LWiG","1893684046305128545","https://pbs.twimg.com/amplify_video_thumb/1893683839681036288/img/YQUJN5ZnyvtUhN7s.jpg","","en","Idk","0","19","13","https://x.com/UTDNosa1/status/1893684046305128545","1738884077451612160","UTDNosa1"
"1893683988952223884","Sun Feb 23 15:27:00 +0000 2025","74","Bro Nottingham Forest are actually better than Manchester United https://t.co/ZuVKx19rAU","1893683988952223884","https://pbs.twimg.com/media/Gke3i4YWIAA3siG.jpg","","en","Everywhere the Money Goes 🫶🏻","0","4","12","https://x.com/TwoTerty_/status/1893683988952223884","1263126870033420290","TwoTerty_"
"1893683977048781093","Sun Feb 23 15:26:57 +0000 2025","0","Paul Pogba has held talks with Ruben Amorim. Manchester United would be ready to offer him a renewable one-year contract. United would like to negotiate a low salary with many bonuses. #MUFC [@jac_talbot via @FilSport]","1893683977048781093","","","en","","0","0","0","https://x.com/UTDGrey/status/1893683977048781093","1643548105273487361","UTDGrey"
"1893332463881015750","Sun Feb 23 15:26:18 +0000 2025","0","@shalomdfirst My dear Manchester united?","1893683811688305093","","shalomdfirst","en","","0","0","0","https://x.com/Ayomiposizw/status/1893683811688305093","1686852775232069633","Ayomiposizw"
"1893611355594187118","Sun Feb 23 15:26:12 +0000 2025","3","@ScottishLabour Nowhere near the SIX HUNDRED MILLION Labour gave to the quisling millionaire to close Grangemouth and build similar enterprise in BELGIUM oh and to give Manchester United's ground a facelift... We see you charlatans!","1893683786526675059","","ScottishLabour","en","","0","1","2","https://x.com/PBleater/status/1893683786526675059","1041320205199138818","PBleater"
"1893683311362318565","Sun Feb 23 15:26:03 +0000 2025","0","Mancity Liverpool Real Madrid Chelsea Manchester United All of them have big YouTube channels. Yes AFTV is the biggest but we are the only ones who whyne about a YT channel ruining the club It's not the dumb club that refused to sign a single player in January","1893683750443024806","","innienuell","en","Canada in Jesus name ","0","0","0","https://x.com/innienuell/status/1893683750443024806","3371085809","innienuell"
"1893672398626402635","Sun Feb 23 15:25:53 +0000 2025","0","@CFC_Adotch10 I need him at Manchester United","1893683707115900955","","CFC_Adotch10","en","","0","0","0","https://x.com/divaUTD_/status/1893683707115900955","1254167131140370435","divaUTD_"
"1893615942237614143","Sun Feb 23 15:25:32 +0000 2025","0","@PJFerguson18 Nowhere near the SIX HUNDRED MILLION Labour gave to the quisling millionaire to close Grangemouth and build similar enterprise in BELGIUM oh and to give Manchester United's ground a facelift... We see you charlatans!","1893683620717465619","","PJFerguson18","en","","0","0","0","https://x.com/PBleater/status/1893683620717465619","1041320205199138818","PBleater"
"1893683518862987353","Sun Feb 23 15:25:08 +0000 2025","1","manchester united real madrid alnssr marseille 🆕 newcastle best Fcs in the world make others gtf","1893683518862987353","","","en","old trafford","0","0","1","https://x.com/twentiiwun/status/1893683518862987353","1075384874704490496","twentiiwun"
"1893683398985547944","Sun Feb 23 15:24:39 +0000 2025","176","Man united fans Singing you scouse bastard to James Tarkowski who was born and raised in New Moston Manchester. fucking scruffy mongrels!","1893683398985547944","","","en","Liverpool, England","0","8","10","https://x.com/birch1988/status/1893683398985547944","1920482095","birch1988"
"1893683260875559412","Sun Feb 23 15:24:06 +0000 2025","31","Man they way Isak plays you can tell how bad he wants to move to Manchester United. https://t.co/Yz5xfn8L8j","1893683260875559412","https://pbs.twimg.com/media/Gke24qSWMAAWhCv.jpg","","en","Earth","0","4","8","https://x.com/thealpha24_/status/1893683260875559412","2725990450","thealpha24_"
"1893683057154048182","Sun Feb 23 15:23:18 +0000 2025","0","In as much I detest Manchester United choosing Aguero ahead of Wayne Rooney is criminal! Rooney is a beast","1893683057154048182","","","en","","0","0","0","https://x.com/uchenna_maureen/status/1893683057154048182","1598024647857029121","uchenna_maureen"
"1893433767873695757","Sun Feb 23 15:23:17 +0000 2025","1","@RyanJackMum @TedGlennReturns @SEAMONKEYOO7 @shabbapne Get ITV4 on. The Big Match Revisited from the 84/85 season same season you celebrated your 50th! Starting off with Chelsea Manchester United! Pat Nevin Kerry Dixon etc. Great days terrible pitch.","1893683055404908926","","RyanJackMum","en","Pettyville ","0","2","0","https://x.com/MiserygutsPetty/status/1893683055404908926","1092139666717970435","MiserygutsPetty"
"1893673073141842148","Sun Feb 23 15:23:01 +0000 2025","0","@Omolomo_o Not only MAN mtcheew MANchester United ni","1893682985368482056","","Omolomo_o","en","heaven ","0","0","0","https://x.com/ugo_himself/status/1893682985368482056","4543330163","ugo_himself"
"1893682980368884175","Sun Feb 23 15:23:00 +0000 2025","0","Time for a MMUGA @elonmusk Make Manchester United Great Again!","1893682980368884175","","","en","India","0","0","0","https://x.com/NamraPatel__/status/1893682980368884175","950322380412342273","NamraPatel__"
"1893300844818288728","Sun Feb 23 15:22:59 +0000 2025","0","@hildah29ke Manchester United forever ️ https://t.co/PxcA3wZIvz","1893682977512571198","https://pbs.twimg.com/media/Gke2oF5XEAAzkuV.jpg","hildah29ke","en","Kampala, Uganda","0","0","0","https://x.com/Deejayiceug/status/1893682977512571198","1358475601879986176","Deejayiceug"
"1893677512065941650","Sun Feb 23 15:22:40 +0000 2025","1","@UTDTrey Where's Manchester United ","1893682900043747820","","UTDTrey","en","United Kingdom","0","0","0","https://x.com/definitecfc18/status/1893682900043747820","1860999973850038272","definitecfc18"
"1893682689753952494","Sun Feb 23 15:22:28 +0000 2025","1","@ESPNFC Manchester united better ","1893682847107396033","","ESPNFC","en","Sydney, New South Wales","0","1","0","https://x.com/ExtremeGameJery/status/1893682847107396033","1074991321746530304","ExtremeGameJery"
"1893680242620850277","Sun Feb 23 15:22:14 +0000 2025","0","@uj_SZN Why is the Manchester United fan thinking about Titt race?","1893682790656274623","","uj_SZN","en","INDIA","0","1","0","https://x.com/arcoffootball/status/1893682790656274623","1802117530279927808","arcoffootball"
"1893682755180896378","Sun Feb 23 15:22:06 +0000 2025","2","https://t.co/FwMbPEH1mB United s academy has saved the club before can it do it again? We talk about Toby Collyer Chido Obi-Martin Ayden Heaven Sekou Kone &amp; more in our latest episode. Could they be the future of Manchester United? ️ #MUFC #carrington #ChidoObiMartin https://t.co/wCiEntiQdb","1893682755180896378","https://pbs.twimg.com/media/Gke2JsOWUAAUoP2.jpg","","en","","0","0","1","https://x.com/kotp2024/status/1893682755180896378","1820426900587618304","kotp2024"
"1893671189291143486","Sun Feb 23 15:22:05 +0000 2025","0","@TeyaKevin Manchester united fans are usually obsessed with Arsenal. Mko almost relegation zone msee. https://t.co/LguUIRB2Rq","1893682749271154743","https://pbs.twimg.com/media/Gke2bGzXYAAJm84.jpg","TeyaKevin","en","Arsenal fan.","0","0","0","https://x.com/mj_hom1/status/1893682749271154743","1575126167719485440","mj_hom1"
"1893682526599647723","Sun Feb 23 15:21:11 +0000 2025","2","Manchester United defence all season https://t.co/9hFQHIbygl","1893682526599647723","https://pbs.twimg.com/ext_tw_video_thumb/1893327972448251904/pu/img/0m0NrYBvoETRyoNV.jpg","","en","Manchester, England","0","2","0","https://x.com/mrugceo/status/1893682526599647723","1621115175574044674","mrugceo"
"1893682462993121394","Sun Feb 23 15:20:56 +0000 2025","1","Thank you Manchester united for making immune to such losses","1893682462993121394","","","en","Karachi, Pakistan","0","0","0","https://x.com/thatMadridFreak/status/1893682462993121394","3025244659","thatMadridFreak"
"1893682421884711236","Sun Feb 23 15:20:46 +0000 2025","7","There was a time I was calculating if Manchester United win two matches they will enter top 4 ","1893682421884711236","","","en","Close by","0","5","1","https://x.com/MistarShuga/status/1893682421884711236","1088088079171227648","MistarShuga"
"1893682409725383098","Sun Feb 23 15:20:44 +0000 2025","275","BREAKING: Paul Pogba has held talks with Ruben Amorim. Manchester United would be ready to offer him a renewable one-year contract. Manchester United would like to negotiate a low salary with many bonuses. #MUFC [@jac_talbot via @FilSport] https://t.co/xqWYS7FiFm","1893682409725383098","https://pbs.twimg.com/media/Gke2HUfXIAAXFRk.jpg","","en","","2","13","17","https://x.com/Utd_Forever7/status/1893682409725383098","1533604675244670978","Utd_Forever7"
"1893682319816262027","Sun Feb 23 15:20:22 +0000 2025","3","Paul Pogba has held talks with Ruben Amorim. Manchester United would be ready to offer him a renewable one-year contract. United would like to negotiate a low salary with many bonuses https://t.co/UcelVbnOLg","1893682319816262027","https://pbs.twimg.com/media/Gke2CNEWcAAVGwn.jpg","","en","","0","2","0","https://x.com/KTWINBLOG/status/1893682319816262027","3947922183","KTWINBLOG"
"1893682205156593783","Sun Feb 23 15:19:55 +0000 2025","0"," Paul Pogba has held talks with Ruben Amorim. Manchester United would be ready to offer him a renewable one-year contract. United would like to negotiate a low salary with many bonuses. #MUFC [@jac_talbot via @FilSport] Do we need him? https://t.co/cWJqYtP4OX","1893682205156593783","https://pbs.twimg.com/media/Gke165QWoAI-rzy.jpg","","en","","0","0","0","https://x.com/ManU_Territory/status/1893682205156593783","1743608008905465856","ManU_Territory"
"1893682203281772984","Sun Feb 23 15:19:54 +0000 2025","0","Coming to Manchester United was a mistake","1893682203281772984","","","en","","0","0","0","https://x.com/nwaabazie/status/1893682203281772984","1063886497005412354","nwaabazie"
"1893682124324028854","Sun Feb 23 15:19:36 +0000 2025","1","This bacterial species of Manchester United fans is the reason we deserve to be 15th in the Premier League. I state a fact. A hard scientific stat. And he calls me stupid. Thank you got blocking me. One less pig in my TL. https://t.co/OFhxHcrEFy","1893682124324028854","https://pbs.twimg.com/media/Gke122OW4AA_sxv.jpg","","en","Your head rent free","0","0","0","https://x.com/name_is_nessa/status/1893682124324028854","1457032303063048193","name_is_nessa"
"1893678214276333763","Sun Feb 23 15:19:32 +0000 2025","0","@Valor_njk Are you stupid? How many seasons did cr7 spend at Manchester United? What is your problem? Can t you think? Suarez was even of age when he left Liverpool and at most managed 31goals What nonsense are you talking about?","1893682108041744414","","Valor_njk","en","Lagos, Nigeria","0","1","0","https://x.com/w4lk3mD0wn/status/1893682108041744414","1241413457100050437","w4lk3mD0wn"
"1893682106762428726","Sun Feb 23 15:19:31 +0000 2025","11"," Paul Pogba has held talks with Ruben Amorim. Manchester United would be ready to offer him a renewable one-year contract. United would like to negotiate a low salary with many bonuses. #MUFC #Pogba [@jac_talbot via @FilSport] https://t.co/hHD1peAJ5u","1893682106762428726","https://pbs.twimg.com/media/Gke11qrW0AAzHiN.jpg","","en","","1","3","1","https://x.com/UtdJoshua03/status/1893682106762428726","803304278282665988","UtdJoshua03"
"1893668671232352491","Sun Feb 23 15:19:22 +0000 2025","1","@Nkule__ lol I hear you.. When we actually go deep with this.. You telling me a Manchester United player needs tactics and coaching to beat Southampton?? You should be doing that out of pride and stuff ","1893682067621269522","","Nkule__","en","Cape Town ","0","0","0","https://x.com/apho_madikane/status/1893682067621269522","839030982707671041","apho_madikane"
"1893682065578586379","Sun Feb 23 15:19:22 +0000 2025","1","Manchester United coach admits he doesn't know what is the problem with his players... ️ https://t.co/vYIwDWdiPe","1893682065578586379","","","en","Kenya","0","0","0","https://x.com/MozzartSportKe/status/1893682065578586379","1342749265379135491","MozzartSportKe"
"1893621110962327848","Sun Feb 23 15:19:07 +0000 2025","0","@BandanaSavos @avfc_stef @ri7eyHR That s a stupid argument mate. Thats a Manchester United problem not a La liga problem. Plenty of players performed in the prem and then flopped in la liga.","1893682004626977073","","BandanaSavos","en","","0","1","0","https://x.com/avfcned/status/1893682004626977073","1874792219581800448","avfcned"
"1893664852679295167","Sun Feb 23 15:18:34 +0000 2025","1","@ourcountrysgone Just watched that again - I haven't laughed as much in f*cking years! And right outside Manchester United legend Lou Macari's chippy - priceless! ","1893681864696607128","","ourcountrysgone","en","England","0","1","0","https://x.com/Brian625986088/status/1893681864696607128","1880589968529305600","Brian625986088"
"1893672915607965950","Sun Feb 23 15:18:28 +0000 2025","2","@Ugez2 @olawale2_ If Fati was a United player you will see people like him still going against the managers because of him... player Fc's are a virus to Manchester United. Rashford in over 8 years don't even have up to 100 goals for United but 33 yr old Salah is chasing 30 league goals dis season","1893681839266537887","","Ugez2","en","London/Lagos","0","0","0","https://x.com/CocaineJelly/status/1893681839266537887","1831653458610360320","CocaineJelly"
"1893667786766905388","Sun Feb 23 15:17:10 +0000 2025","0","@MysteryChampion Manchester United","1893681512714752239","","MysteryChampion","en","Northwich, England","0","0","0","https://x.com/VicsNews/status/1893681512714752239","771356707","VicsNews"
"1893680316876759436","Sun Feb 23 15:16:32 +0000 2025","1","@piersmorgan Manchester United needs him at all cost","1893681355650658363","","piersmorgan","en","GH🇬🇭 is home ","0","0","0","https://x.com/mc_besty/status/1893681355650658363","809755713564184576","mc_besty"
"1893617858665406660","Sun Feb 23 15:15:57 +0000 2025","0","@UtdActive Absolute scum. RATcliffe is an absolute disgrace. He along with the Glazers are determined to destroy Manchester United. They need to sell up and f&amp;@koff. @Glazers&amp;IneosOUT @SheikhJassimIN","1893681208736764110","","UtdActive","en","","0","0","0","https://x.com/Mark849392322/status/1893681208736764110","1550540458249560064","Mark849392322"
"1893674343453893095","Sun Feb 23 15:15:36 +0000 2025","0","@planetfaz Single handedly carrying Manchester United* There fixed it for you https://t.co/ZTbkkuBVl2","1893681120941596901","","planetfaz","en","","0","0","0","https://x.com/FOBSVR/status/1893681120941596901","1804988161531273216","FOBSVR"
"1893629967038025945","Sun Feb 23 15:15:05 +0000 2025","0","@peterjrainford Indeed but it only seems to be an issue for the masses when it involves Manchester United","1893680988514828623","","peterjrainford","en","The Pub, Urmston, Manchester","0","0","0","https://x.com/Kent___Dorfman/status/1893680988514828623","876285966","Kent___Dorfman"
"1893680947121278999","Sun Feb 23 15:14:55 +0000 2025","2","󠁧󠁢󠁥󠁮󠁧󠁿 Manchester United - Arsenal Under 2.75 @ 1.92 Bet365 5/5 ⏰ 9 Mar https://t.co/WFYYHOFneS","1893680947121278999","https://pbs.twimg.com/media/Gke0yD9XwAEZjsa.jpg","","en","","0","0","0","https://x.com/BeaconBetting/status/1893680947121278999","1843725828800106496","BeaconBetting"
"1893679644580122816","Sun Feb 23 15:14:37 +0000 2025","0","@utdTony1 He has been loved in Manchester United","1893680871359619176","","utdTony1","en","","0","0","0","https://x.com/EsanSamson49466/status/1893680871359619176","1817858395413585931","EsanSamson49466"
"1893680857119887783","Sun Feb 23 15:14:33 +0000 2025","0","Roy Keane weighs in on the Premier League title race predicting a fierce showdown between Arsenal and Liverpool. As Keane speaks Manchester United fans wonder if his prophecy stems from unbiased wisdom or just sheer nostalgia. #PremierLeague #Arsenal #Liverpool","1893680857119887783","","","en","","0","0","0","https://x.com/FootballUn26772/status/1893680857119887783","1775938457543561216","FootballUn26772"
"1893492965214990578","Sun Feb 23 15:14:13 +0000 2025","0","@mkainerugaba This Manchester united should be owned by Uganda Afande.","1893680770243248429","","mkainerugaba","en","","0","0","0","https://x.com/MujuriziE87743/status/1893680770243248429","1890744193246531584","MujuriziE87743"
"1893620320801587533","Sun Feb 23 15:14:10 +0000 2025","0","@FabrizioRomano Rúben Amorim s praise for Bruno Fernandes highlights his vital role at Manchester United. Calling him a leader who can be trusted in any position Amorim emphasizes Fernandes ability to stay composed and retain possession during tough moments underscoring his importance to the","1893680758209827273","","FabrizioRomano","en","New York, USA","0","0","0","https://x.com/Evergreener1977/status/1893680758209827273","1507419557169872910","Evergreener1977"
"1893680647325053176","Sun Feb 23 15:13:43 +0000 2025","24","My kids will only support Real Madrid in football and Australia in cricket. No time for perennial losers like Pakistan and Manchester United.","1893680647325053176","","","en","","3","2","3","https://x.com/slothhdad/status/1893680647325053176","271990218","slothhdad"
"1893680457612509680","Sun Feb 23 15:12:58 +0000 2025","0","Dud 1: a thing that fails to work properly or is otherwise unsatisfactory or worthless. 2: current Manchester United squad. #MUFC @ManUtd","1893680457612509680","","","en","Rockville, MD","0","0","0","https://x.com/rddvlforlife/status/1893680457612509680","3616355472","rddvlforlife"
"1893680456261943543","Sun Feb 23 15:12:58 +0000 2025","0","Check out LIVERPOOL V MANCHESTER UNITED 13/08/1977 FA CHARITY SHIELD (F9) https://t.co/Bc5LZJDqbN #eBay via @eBay_UK","1893680456261943543","","","en","St Kew Highway, Cornwall","0","0","0","https://x.com/alan210746/status/1893680456261943543","61733129","alan210746"
"1893680402633547925","Sun Feb 23 15:12:45 +0000 2025","0","Your return to form is humbly welcomed... #ViratKohli When we needed it the most!!! #TeamIndia #iccchampionstrophy2025 #ChampionsTrophy #ChampionsTrophy2025 #BleedBlue","1893680402633547925","","","en","Kolkata, IN","0","0","0","https://x.com/itsHiM_Rahman/status/1893680402633547925","1406311513913139213","itsHiM_Rahman"
"1893680301408198661","Sun Feb 23 15:12:21 +0000 2025","3","Manchester United sign this boy now He's too good men. https://t.co/Rb4mtGKEn0","1893680301408198661","https://pbs.twimg.com/media/Gke0JvjW4AA30MV.jpg","","en","Makete,Tanzania ","0","0","1","https://x.com/MkingaFulani/status/1893680301408198661","1109774646013018112","MkingaFulani"
"1893675312128442729","Sun Feb 23 15:12:20 +0000 2025","1","@Mammabell15 Very cute ","1893680297390051518","","Mammabell15","en","England, United Kingdom","0","1","0","https://x.com/Manchester96622/status/1893680297390051518","1784273212387336192","Manchester96622"
"1893680065377960073","Sun Feb 23 15:11:25 +0000 2025","0","5 red Cards 1. Declan Rice vs. Brighton &amp; Hove Albion (49th Minute) 2. Leandro Trossard vs. Manchester City (45+8 ) 3. William Saliba vs. Bournemouth (30th ) 4. Myles Lewis-Skelly vs.Wolverhampton Wanderers (43rd Minute) 5. Myles Lewis-Skelly vs. West Ham United (73rd ) #Title","1893680065377960073","","","en","Gulu, Uganda","0","0","0","https://x.com/okotmartine1/status/1893680065377960073","726752474976145409","okotmartine1"
"1893676985915785519","Sun Feb 23 15:11:00 +0000 2025","0","@bolaji4754 @it_Rutie Manchester United","1893679961405341709","","bolaji4754","en","","0","1","0","https://x.com/DamFad12/status/1893679961405341709","1263473695907028992","DamFad12"
"1893416946256793957","Sun Feb 23 15:10:57 +0000 2025","0","@terryflewers Because Manchester United is clearly the biggest club in the country &amp; even when they re w**k they still live rent free in people s minds!","1893679951120859287","","terryflewers","en","","0","0","0","https://x.com/minevian/status/1893679951120859287","1359146132971147273","minevian"
"1893678716988866592","Sun Feb 23 15:10:48 +0000 2025","0","@JacamoRed I always love and celebrate Manchester United getting beaten but Young definitely dived for that penalty shout yesterday","1893679911010758870","","JacamoRed","en","Leicester, England","0","1","0","https://x.com/mathewclarke/status/1893679911010758870","17849743","mathewclarke"
"1893668671232352491","Sun Feb 23 15:10:37 +0000 2025","0","@Nkule__ Man U is 2 hours.. Maybe another hour for comments and opinions After that.. I m fucking hate watching other teams and enjoying football elsewhere. It s not my fault that Manchester United doesn t want to win","1893679866270069043","","Nkule__","en","Cape Town ","0","1","0","https://x.com/apho_madikane/status/1893679866270069043","839030982707671041","apho_madikane"
"1893677864089772535","Sun Feb 23 15:10:29 +0000 2025","0","@FabrizioRomano He's coming to Manchester United. Man deserves to play and win the Champions League next season. And before you ask; we are wining the Europa so.","1893679832065540215","","FabrizioRomano","en","Kano, Nigeria","0","0","0","https://x.com/M_A_Dambazau/status/1893679832065540215","2647225870","M_A_Dambazau"
"1893392071790150142","Sun Feb 23 15:10:14 +0000 2025","0","@UtdKeza @Michael_Grigs26 I watch every single Manchester United game with my eyes pal. Going of stats his best premier league season was 2 years ago but anyone with a pair of eyes and a functioning brain know he has 2 better seasons than that under ole. Don't even need to address the Bowen waffle.","1893679769432068158","","UtdKeza","en","Manchester, England","0","1","0","https://x.com/bazmufc_/status/1893679769432068158","2739729552","bazmufc_"
"1893679375960130039","Sun Feb 23 15:10:04 +0000 2025","0","@KayDMusiQ I'm not lie maybe you never watch him play 90 minutes at Manchester United","1893679728072032321","","KayDMusiQ","en","Tanah Anarki","0","0","0","https://x.com/cursedfatkid/status/1893679728072032321","272840915","cursedfatkid"
"1893679715933704231","Sun Feb 23 15:10:01 +0000 2025","2","Those 2 assists yesterday would have moved Rashford to 6th on the all time assisters for Manchester United ","1893679715933704231","","","en","manchester - uk","0","1","0","https://x.com/utdnight/status/1893679715933704231","1683092670653300736","utdnight"
"1893677512065941650","Sun Feb 23 15:09:26 +0000 2025","0","@UTDTrey Where is Manchester United","1893679567312724429","","UTDTrey","en","Somewhere ","0","0","0","https://x.com/crusherLFC/status/1893679567312724429","413144496","crusherLFC"
"1893676246376050961","Sun Feb 23 15:09:13 +0000 2025","2","@NUFC Can we have Alexander Isak at Manchester United on loan for the rest of the season even if it is impossible. We are really suffering","1893679512296075385","","NUFC","en",".","0","1","0","https://x.com/TI_Voice/status/1893679512296075385","1515733568726700037","TI_Voice"
"1893676985915785519","Sun Feb 23 15:04:36 +0000 2025","1","@it_Rutie Manchester United rather","1893678349593059485","","it_Rutie","en","Nigeria","0","1","0","https://x.com/bolaji4754/status/1893678349593059485","1333504342293442563","bolaji4754"
"1893678269771198659","Sun Feb 23 15:04:17 +0000 2025","1","Manchester United is in die need of a proven goal scores striker and we are not all over of this guy Isak. https://t.co/SvuVLsxVcB","1893678269771198659","https://pbs.twimg.com/media/GkeyVqjWgAAqHND.jpg","","en","Port Harcourt, Nigeria","0","1","1","https://x.com/Nicholas_fes/status/1893678269771198659","1768194313047920640","Nicholas_fes"
"1893678211285782599","Sun Feb 23 15:04:03 +0000 2025","0","Manchester United abeg buy Isak before Liverpool collect am.","1893678211285782599","","","en","Lagos, Nigeria","0","0","0","https://x.com/OnlyOneTochi/status/1893678211285782599","1203462827731824643","OnlyOneTochi"
"1893678262204657674","Sun Feb 23 15:04:15 +0000 2025","0","I wish Viktor well if he comes to Manchester United but with this negative atmosphere I pray you don't end up like Zlatan Imbrahimovic ","1893678262204657674","","","en","","0","0","0","https://x.com/PRubenus/status/1893678262204657674","1629084277538168834","PRubenus"
"1893663867634397212","Sun Feb 23 15:04:01 +0000 2025","1","@devoyceoflagos Is very good self. Let's see if Manchester United will win the league","1893678204956627308","","devoyceoflagos","en","Lagos, Nigeria","0","0","1","https://x.com/donzebes/status/1893678204956627308","1577407837","donzebes"
"1893034944760279171","Sun Feb 23 15:03:57 +0000 2025","0","@FabrizioRomano Bra bra I don't care I support Manchester united","1893678188754051524","","FabrizioRomano","en","","0","0","0","https://x.com/DerrickAnjuna/status/1893678188754051524","1463124722892353536","DerrickAnjuna"
"1893667786766905388","Sun Feb 23 15:03:11 +0000 2025","0","@MysteryChampion Manchester United","1893677993563705588","","MysteryChampion","en","St. Helens England ","0","0","0","https://x.com/stmav/status/1893677993563705588","471817241","stmav"
"1893677512065941650","Sun Feb 23 15:03:10 +0000 2025","0","@UTDTrey Where is our darling Manchester United ","1893677991361642947","","UTDTrey","en","my space","0","0","0","https://x.com/Ogbenilanre_/status/1893677991361642947","1143618957016031232","Ogbenilanre_"
"1893354425588089205","Sun Feb 23 15:03:07 +0000 2025","0","@idringp @Arsenal Talk about Manchester United ","1893677976417337404","","idringp","en","","0","0","0","https://x.com/OlupeThoma78079/status/1893677976417337404","1648014055234215959","OlupeThoma78079"
"1893677512065941650","Sun Feb 23 15:03:00 +0000 2025","0","@UnitedDerek @UTDTrey If Chelsea is finished Manchester United is what ?","1893677949540290659","","UnitedDerek","en","","0","0","0","https://x.com/ADEBOWALE00119/status/1893677949540290659","1582802262094757889","ADEBOWALE00119"
"1893677947757715901","Sun Feb 23 15:03:00 +0000 2025","0","Man United Face Competition for Branthwaite Amid Transfer Rumors Manchester United Liverpool and Manchester City are all keen on signing Everton defender Jarrad Branthwaite with the Toffees holding contract options until 2027. Meanwhile Kevin De Bruyne is reportedly https://t.co/BfxAMQEnO5","1893677947757715901","https://pbs.twimg.com/media/GkeyDQMXkAIi2s7.jpg","","en","Europe","0","0","0","https://x.com/Freedom_Square_/status/1893677947757715901","1682438404338753536","Freedom_Square_"
"1893677512065941650","Sun Feb 23 15:02:54 +0000 2025","0","@UTDTrey Let s see Manchester United ","1893677922201801063","","UTDTrey","en","Benin","0","0","0","https://x.com/iamevansmilli/status/1893677922201801063","1460494099119624199","iamevansmilli"
"1893677902278926497","Sun Feb 23 15:02:49 +0000 2025","0","On a real though Manchester United might actually play in the Championship next season","1893677902278926497","","","en","","0","0","0","https://x.com/TimiLFC/status/1893677902278926497","1875923759611195392","TimiLFC"
"1893677875368165785","Sun Feb 23 15:02:42 +0000 2025","100","Isak to Manchester United who says no? https://t.co/DyBSo6g1NX","1893677875368165785","https://pbs.twimg.com/media/Gkex_XXX0AENW7f.jpg","","en","","2","17","10","https://x.com/kafangi/status/1893677875368165785","1218241052043284480","kafangi"
"1893677713744859397","Sun Feb 23 15:02:04 +0000 2025","0","Ruben Amorim urges Manchester United to re-sign former academy star Angel Gomes who has excelled at LOSC Lille. With his contract expiring Gomes could return on a free transfer adding creativity and control to the midfield. A smart move for the club i https://t.co/PGCtSY7DyA","1893677713744859397","","","en","","0","0","0","https://x.com/FootyOddsOn/status/1893677713744859397","1356295934968213505","FootyOddsOn"
"1893628863667646477","Sun Feb 23 15:01:59 +0000 2025","0","@Emedymessi Manchester united","1893677694123938174","","Emedymessi","en","","0","0","0","https://x.com/Shahzainawan47/status/1893677694123938174","1842286445043564544","Shahzainawan47"
"1893677512065941650","Sun Feb 23 15:01:57 +0000 2025","6","@UTDTrey Chelsea will meet Manchester United at 15th Position soon https://t.co/WgfQkbuilg","1893677683709448214","https://pbs.twimg.com/media/Gkexz9VbEAA-FCJ.jpg","UTDTrey","en","Everywhere","0","2","0","https://x.com/NeroMajors/status/1893677683709448214","556925931","NeroMajors"
"1893672489886089394","Sun Feb 23 15:01:55 +0000 2025","0","@UtdFaithfuls He is doing better because he is getting good passes. Take him to Manchester United he will flop.","1893677677925503147","","UtdFaithfuls","en","Lilongwe","0","0","0","https://x.com/Nathan211250171/status/1893677677925503147","1427967223742750724","Nathan211250171"
"1893677668983275893","Sun Feb 23 15:01:53 +0000 2025","0","Manchester United a disastrous club can never ever do this ","1893677668983275893","","","en","Peace Train","0","1","0","https://x.com/iKamalSilva/status/1893677668983275893","403869951","iKamalSilva"
"1893671363971334509","Sun Feb 23 15:01:21 +0000 2025","0","@_egungunn Like Manchester United?","1893677535008805013","","_egungunn","en","Nigeria","0","0","0","https://x.com/ifeanyi_nwadike/status/1893677535008805013","936940621847322624","ifeanyi_nwadike"
"1893677531498271180","Sun Feb 23 15:01:20 +0000 2025","17","Isak to Manchester United now!","1893677531498271180","","","en","Earth","0","7","10","https://x.com/wesmapesa/status/1893677531498271180","926042944611774464","wesmapesa"
"1893495083304886721","Sun Feb 23 15:00:49 +0000 2025","0","@mkainerugaba The price of Manchester United is equivalent equal to Uganda's budget of 3 years","1893677398505259270","","mkainerugaba","en","","0","0","0","https://x.com/tec_swizzy/status/1893677398505259270","1679293018803695617","tec_swizzy"
"1893674343453893095","Sun Feb 23 15:00:23 +0000 2025","8","@planetfaz Injury to Bruno now confirms our relegation battle. Bruno doesn t owe Manchester United anything; we actually blessed to have him.","1893677288476057629","","planetfaz","en","Azania","1","0","0","https://x.com/WNAngula/status/1893677288476057629","1684384801","WNAngula"
"1893677279349219437","Sun Feb 23 15:00:20 +0000 2025","87"," Manchester United don mark Victor Osimhen as their main target for summer transfer window. Old Trafford recruitment chiefs no wan shift focus even as Chelsea dey show interest for another target Viktor Gyokeres. [@GiveMeSport] https://t.co/908sHnLcl2","1893677279349219437","https://pbs.twimg.com/media/GkexbrCWwAET4ve.jpg","","en","Lagos, Nigeria","0","0","8","https://x.com/ManUtdInPidgin/status/1893677279349219437","3406224885","ManUtdInPidgin"
"1893677219756552342","Sun Feb 23 15:00:06 +0000 2025","2","Exciting news! FC United's Play on the Pitch is back at Broadhurst Park this summer. Book now to experience playing on our stadium pitch! https://t.co/pwiNVSsDD0 https://t.co/eAFCKYrHll","1893677219756552342","https://pbs.twimg.com/media/GkexYomXwAAQM51.jpg","","en","Manchester, England","0","0","2","https://x.com/FCUnitedMcr/status/1893677219756552342","17706314","FCUnitedMcr"
"1893677218426974629","Sun Feb 23 15:00:06 +0000 2025","9","The Gwladys Street Everton vs Manchester United ️ https://t.co/032SEkN7BK","1893677218426974629","https://pbs.twimg.com/media/GkexY4HWcAAFeGP.jpg","","en","","0","0","0","https://x.com/EllBretland/status/1893677218426974629","605628050","EllBretland"
"1893677186906763601","Sun Feb 23 14:59:58 +0000 2025","16","Big step for another former manchester united player https://t.co/2Hx2WQs4Qc","1893677186906763601","https://pbs.twimg.com/media/GkexW9nWUAAspKb.jpg","","en","NRB KE","1","1","2","https://x.com/ngangaSnr/status/1893677186906763601","1607588468678434816","ngangaSnr"
"1893551466712858956","Sun Feb 23 14:59:32 +0000 2025","2","@flossybball Only 4 Floss? I am sure it will rumble on for at least a week.....! It is Manchester United after all ......! x","1893677077217349714","","flossybball","en","""My New Man Cave""  ","0","1","0","https://x.com/Jimbob210712/status/1893677077217349714","440151239","Jimbob210712"
"1893676235521130837","Sun Feb 23 14:59:28 +0000 2025","0","@premierleague @NUFC I thought Manchester United were the only team in premiere league allow to concede quick back to back goals within ten minutes? Forest I can't believe what I was watching awful defending","1893677059366437353","","premierleague","en","","0","0","0","https://x.com/aardalal2/status/1893677059366437353","1674795020191399940","aardalal2"
"1893300748605096440","Sun Feb 23 14:59:13 +0000 2025","0","@hughmurray1894 That's right you're not Manchester United and you never will be. You'll never even come close .","1893676997571662280","","hughmurray1894","en","Beautiful North Wales ","0","0","0","https://x.com/Philrhyl/status/1893676997571662280","1479423432056098820","Philrhyl"
"1893676914822303776","Sun Feb 23 14:58:53 +0000 2025","2","Moments missed from 2-2 draw with Manchester United - Everton hero hits back over VAR penalty drama as stirring speech is delivered https://t.co/TJpYewupmN","1893676914822303776","","","en","Liverpool, England","0","0","2","https://x.com/CBeesleyEcho/status/1893676914822303776","2290993495","CBeesleyEcho"
"1893676857930739780","Sun Feb 23 14:58:40 +0000 2025","0","If Arsenal get their hand on Isak they are winning the league. He is the type of signing I'd expect Manchester United to sign but in our current state we won't be able to convince Chris Wood","1893676857930739780","","","en","","0","0","0","https://x.com/agbulight/status/1893676857930739780","1597205847649796098","agbulight"
"1893676854365639009","Sun Feb 23 14:58:39 +0000 2025","0","But 'jokes' apart West Ham United are fast becoming a typology of Tottenham Hotspur. All they prepare for is how to beat Arsenal even if they up being relegated. They are satisfied. What a way to be a pure prodigal pikin. Liverpool. Manchester City https://t.co/zsLMrFrST3","1893676854365639009","https://pbs.twimg.com/media/GkexDifWoAAstHT.jpg","","en","Port Harcourt, Nigeria ","0","0","0","https://x.com/chinanalyst7110/status/1893676854365639009","1348787083712851968","chinanalyst7110"
"1893497628643488185","Sun Feb 23 14:58:27 +0000 2025","0","@mkainerugaba Manchester united","1893676802750488834","","mkainerugaba","en","Gulu, Uganda","0","0","0","https://x.com/WilsonNguma2/status/1893676802750488834","1256240209211113479","WilsonNguma2"
"1893495083304886721","Sun Feb 23 14:58:12 +0000 2025","0","@mkainerugaba Focus on dictating Uganda with your father Manchester united fans are not dumb as Ugandans bro","1893676739819089987","","mkainerugaba","en","","0","0","0","https://x.com/Nonzinoo011/status/1893676739819089987","1839745923485675520","Nonzinoo011"
"1893675326699429920","Sun Feb 23 14:58:07 +0000 2025","1","@UTDkingsley Salad is not a striker but a goal scorer He s actually right. Look at Raphinha this season for Barcelona.. Manchester United have 2 striker who are not goal scorers","1893676718218490089","","UTDkingsley","en","Lagos, Nigeria","0","1","0","https://x.com/chidexobani/status/1893676718218490089","1105648627","chidexobani"
"1893309990456193256","Sun Feb 23 14:57:56 +0000 2025","0","@WestwoodLee @premierleague VAR in the Manchester Derby not giving United a penalty for a worse offense than this saying not in a game like this . No consistency anyway in how var awards penalty. Btw you getting on that @rydercup plane?","1893676674387960146","","WestwoodLee","en"," India, England","0","0","0","https://x.com/raam_s13/status/1893676674387960146","103867752","raam_s13"
"1893648050108678580","Sun Feb 23 14:57:14 +0000 2025","0","@Fabian_lloyd @ManUtd Ok what I want to say is this the money that the Manchester United boss and the fans give to the club is huge the current squad is not a Manchester United level squad.","1893676498646696059","","Fabian_lloyd","en","Türkiye","0","0","0","https://x.com/ugurduman1907/status/1893676498646696059","703725562599227392","ugurduman1907"
"1893676361341936121","Sun Feb 23 14:56:42 +0000 2025","9","GOALLLLLL Our captain Firth scores a vital goal to take us into the break 1-0 up.","1893676361341936121","","","en","Broadhurst Park, Manchester","3","0","1","https://x.com/FCUnitedWomen/status/1893676361341936121","448387159","FCUnitedWomen"
"1893420753850073572","Sun Feb 23 14:56:27 +0000 2025","0","@WestHam Is that AWB of Manchester United??","1893676301061398578","","WestHam","en","Aberdeen, Scotland","0","0","0","https://x.com/o_bembo/status/1893676301061398578","118992080","o_bembo"
"1893667786766905388","Sun Feb 23 14:56:15 +0000 2025","0","@MysteryChampion Manchester united ","1893676250721321075","","MysteryChampion","en","United Kingdom","0","0","0","https://x.com/TheTFellowship/status/1893676250721321075","883516729586061312","TheTFellowship"
"1893676218945331212","Sun Feb 23 14:56:08 +0000 2025","5","Alexander Iska to Manchester United who says no? https://t.co/uTFcPsm7DS","1893676218945331212","https://pbs.twimg.com/media/GkewfANWkAAfggR.jpg","","en","London, England","0","5","0","https://x.com/MagicalRashford/status/1893676218945331212","970938580951535618","MagicalRashford"
"1893591260776030684","Sun Feb 23 14:56:01 +0000 2025","0","@Skiilashii Almighty Manchester United fighting to avoid relegation is more embarrassing","1893676193112625228","","Skiilashii","en","","0","0","0","https://x.com/deltapikinn/status/1893676193112625228","1370423998966796292","deltapikinn"
"1893613475932275081","Sun Feb 23 14:55:39 +0000 2025","2","@chronic_gunner @JoeAfc3 @joshuairuka06 @abdulaina_eem @Meelky_f @iconfelix10 @oraclemoni3 @crestedArsenal @Vnkibet @CFC_YaGs1 @redpeanut08 imagine if you now support Manchester United","1893676100758143189","","chronic_gunner","en","Nearby","0","0","0","https://x.com/Utd_Kcee/status/1893676100758143189","1755236243007238144","Utd_Kcee"
"1893613978460340261","Sun Feb 23 14:55:39 +0000 2025","0","@4vataruniverse The Manchester United (of today) of all avatars","1893676100061934066","","4vataruniverse","en","Tromsø, Norway","0","1","0","https://x.com/claresebergdis/status/1893676100061934066","1224566346333245441","claresebergdis"
"1893674408398491989","Sun Feb 23 14:55:34 +0000 2025","0","@UTDTrey So Manchester United will kill his career https://t.co/LBD28jZawN","1893676078117306775","https://pbs.twimg.com/media/GkewW0DW8AACaJJ.jpg","UTDTrey","en","","0","0","0","https://x.com/divine_xx1/status/1893676078117306775","1792506586356703232","divine_xx1"
"1893675931929022925","Sun Feb 23 14:54:59 +0000 2025","2","Isak with 2 goals!!. GIVE this guy a Manchester United cntract now!! #newcastle","1893675931929022925","","","en","","0","0","1","https://x.com/UtdLabesk/status/1893675931929022925","1893302674579431424","UtdLabesk"
"1893381846433501322","Sun Feb 23 14:54:59 +0000 2025","1","@george__gully @Iceman__3D @markgoldbridge You ve had more money for years mate. Your wage bill is the most ridiculous in the premier league and you re sitting in 15th. More money is not the issue at Manchester United more money to go to casemiro mount sancho erikson Shaw. Joke of an institution ","1893675931480309861","","george__gully","en","","0","2","0","https://x.com/Hadesay_/status/1893675931480309861","868837503540895744","Hadesay_"
"1893675896986341456","Sun Feb 23 14:54:51 +0000 2025","10","Marcus Rashford (like David De Gea) became stale at Manchester United and so it was time he left for both parties can't see anything wrong in wishing him the best and hoping he does well.","1893675896986341456","","","en","Up Northish..","0","1","0","https://x.com/davidsmith1932/status/1893675896986341456","973960079916584960","davidsmith1932"
"1893675868876124367","Sun Feb 23 14:54:44 +0000 2025","4","Everton 2 - 2 Manchester United for @ActionImages https://t.co/k8srlAfWjG","1893675868876124367","https://pbs.twimg.com/media/GkewKjEWcAEBEqs.jpg","","en","","0","1","0","https://x.com/edsykes78/status/1893675868876124367","301298752","edsykes78"
"1893675845996175795","Sun Feb 23 14:54:39 +0000 2025","0","Manchester United is finished not going to work if you have bring prime Messi and Ronaldo together ","1893675845996175795","","","en","Dubai","0","0","0","https://x.com/_Sanjayks/status/1893675845996175795","1496393898419437569","_Sanjayks"
"1893672916102877538","Sun Feb 23 14:54:19 +0000 2025","3","@brfootball I love football but I hate when Manchester United plays","1893675762420510923","","brfootball","en","","0","0","0","https://x.com/horlarbsblog/status/1893675762420510923","1835221930154008576","horlarbsblog"
"1893675754891706627","Sun Feb 23 14:54:17 +0000 2025","1","very soon chelsea will join manchester united down there!! ","1893675754891706627","","","en","where she is","0","0","0","https://x.com/nanaqwophy/status/1893675754891706627","708972371","nanaqwophy"
"1893675747920711810","Sun Feb 23 14:54:15 +0000 2025","3","Seeing Manchester United go from one hipster coach to another....","1893675747920711810","","","en","","0","0","1","https://x.com/Leo_Utd6/status/1893675747920711810","1279414008710221826","Leo_Utd6"
"1893674408398491989","Sun Feb 23 14:53:55 +0000 2025","1","@UTDTrey Isak will flop at Manchester United","1893675663862690008","","UTDTrey","en","Multi Chains Explorer ","0","0","0","https://x.com/DefiPrince88/status/1893675663862690008","1612595533188562944","DefiPrince88"
"1893659112908435742","Sun Feb 23 14:53:23 +0000 2025","1","@ammandev Spot on bro. It amazes me that so many experts were conned and blinded by their hatred for Manchester United. I ve never seen so many analysis on a penalty ","1893675529091403867","","ammandev","en","","0","0","0","https://x.com/Keegs_0505/status/1893675529091403867","2256973119","Keegs_0505"
"1893675137796387059","Sun Feb 23 14:53:08 +0000 2025","0","@CFC_Janty Remembering Manchester United and Chelsea last season","1893675466659188740","","CFC_Janty","en","🕊️","0","0","0","https://x.com/Onyedikachi___/status/1893675466659188740","1743323711279599617","Onyedikachi___"
"1893671813642694787","Sun Feb 23 14:52:52 +0000 2025","0","@ProfessorVroom @premierleague Liverpool are first but who have Manchester United beaten?","1893675400502423669","","ProfessorVroom","en","Nigeria","0","1","0","https://x.com/OlublissO/status/1893675400502423669","1299982649696681984","OlublissO"
"1893675175410835883","Sun Feb 23 14:51:59 +0000 2025","0","I m still shocked Manchester United are 15th.","1893675175410835883","","","en","","0","0","0","https://x.com/BigFolake/status/1893675175410835883","1237046800269352963","BigFolake"
"1893596390900498676","Sun Feb 23 14:51:58 +0000 2025","0","@AbsoluteBruno Gbanarcho won't last in Manchester United. He will leave the way elanga left.","1893675170277081417","","AbsoluteBruno","en","Kandahar Afghanistan","0","0","0","https://x.com/Flix68625032/status/1893675170277081417","1360570977340559361","Flix68625032"
"1893397853948781027","Sun Feb 23 14:51:55 +0000 2025","0","@DarkLune_ @k_yoon2 @ManUtd Well Manchester United ain t a football club with Ruben at the wheel ","1893675160080654422","","DarkLune_","en","London, England","0","1","0","https://x.com/S1NGHN3SS/status/1893675160080654422","1630885525","S1NGHN3SS"
"1893675063569748254","Sun Feb 23 14:51:32 +0000 2025","0","Manchester United fans look away https://t.co/8wMjvaUyGs","1893675063569748254","https://pbs.twimg.com/media/GkevbVRWwAAf3f3.jpg","","en","Grand Rapids, MI","0","0","0","https://x.com/FekaduFaris/status/1893675063569748254","1325842478713495553","FekaduFaris"
"1893675058985357351","Sun Feb 23 14:51:31 +0000 2025","2","Source: Man Utd face Mazraoui injury scare Manchester United are sweating on the fitness of Noussair Mazraoui ahead of their game against Ipswich Town a source has told ESPN https://t.co/TKGA4zAc3D","1893675058985357351","","","en","Bristol, CT","0","0","0","https://x.com/ESPNsoccer/status/1893675058985357351","59287967","ESPNsoccer"
"1893673194516578669","Sun Feb 23 14:51:31 +0000 2025","17","@premierleague @Oracle Welcome to MANCHESTER UNITED ISAK https://t.co/jKF3cNzX5E","1893675057110540311","https://pbs.twimg.com/media/GkevbYVXIAEwuyQ.jpg","premierleague","en","","1","4","0","https://x.com/UTDXMancunian/status/1893675057110540311","997831743066472449","UTDXMancunian"
"1893674980346310859","Sun Feb 23 14:51:12 +0000 2025","4","Leipzig is the worst team this season after Manchester United washanirudisha paybill maumbwa","1893674980346310859","","","en","","0","1","4","https://x.com/wan_kiash/status/1893674980346310859","1305943075672543235","wan_kiash"
"1893556400913293820","Sun Feb 23 14:50:54 +0000 2025","1","@FabrizioRomano I believe Manchester United will break that record","1893674902193926166","","FabrizioRomano","en","Lagos ","0","0","0","https://x.com/HarryAgada/status/1893674902193926166","1280824120603815938","HarryAgada"
"1893397853948781027","Sun Feb 23 14:50:52 +0000 2025","0","@S1NGHN3SS @k_yoon2 @ManUtd Manchester United zombie after Arsenal zombie. Yeah Don't ask for money you beggar","1893674895034257787","","S1NGHN3SS","en","","0","1","0","https://x.com/DarkLune_/status/1893674895034257787","1257070960634519553","DarkLune_"
"1893674867351797792","Sun Feb 23 14:50:45 +0000 2025","0","Wow the amount of Tweets on yesterday s penalty . Manchester United is massive man ","1893674867351797792","","","en","","0","0","0","https://x.com/Keegs_0505/status/1893674867351797792","2256973119","Keegs_0505"
"1893674864738726036","Sun Feb 23 14:50:45 +0000 2025","0"," Former Arsenal and Manchester United striker Robin van Persie has been appointed as the new head coach of Feyenoord. Van Persie has signed a contract until 2027 and will be assisted by Rene Hake who was previously part of Erik ten Hag's coaching staff at Manchester United. https://t.co/KIVGhhA1Ny","1893674864738726036","https://pbs.twimg.com/media/GkevQNRWcAA8KbN.jpg","","en","","0","0","0","https://x.com/screamersports/status/1893674864738726036","1865359254334410752","screamersports"
"1893397853948781027","Sun Feb 23 14:50:37 +0000 2025","1","@S1NGHN3SS @k_yoon2 @ManUtd Manchester United zombie after Arsenal zombie. Yeah Don't ask for money you beggar","1893674831503069686","","S1NGHN3SS","en","","0","1","0","https://x.com/DarkLune_/status/1893674831503069686","1257070960634519553","DarkLune_"
"1893657142306988458","Sun Feb 23 14:50:26 +0000 2025","8","@SamHomewood Should give it to one of the women's team players they know how to play Manchester United football.","1893674785344745705","","SamHomewood","en","West Columbia, South Carolina","0","1","1","https://x.com/Theatreguy49/status/1893674785344745705","1775131719135367169","Theatreguy49"
"1893285082598653993","Sun Feb 23 14:49:59 +0000 2025","0","@Nana_Ekhua1 this is what we at Tarkwa https://t.co/Hkl7pXbsu5","1893674673398747136","https://pbs.twimg.com/media/GkevEuqXoAAHv0J.jpg","Nana_Ekhua1","en","Tarkwa, Ghana","0","0","0","https://x.com/arkoh_marvin/status/1893674673398747136","1582421580902195202","arkoh_marvin"
"1893674540896563581","Sun Feb 23 14:49:27 +0000 2025","2","Isak is so good. Take him to Chelsea or Manchester United and see https://t.co/NdQhd2FiRg","1893674540896563581","https://pbs.twimg.com/media/Gkeu8mpW8AAW_f0.jpg","","en","any where","0","0","0","https://x.com/marvin7524/status/1893674540896563581","1606541826810339329","marvin7524"
"1893645402554892432","Sun Feb 23 14:49:24 +0000 2025","0","@Biyo_lar Exactly. We should be Manchester United fans only. Not a fan of any player or coach.","1893674527973892379","","Biyo_lar","en","lagos,Nigeria ","0","0","0","https://x.com/AYSHRUACH1/status/1893674527973892379","3233686947","AYSHRUACH1"
"1893397853948781027","Sun Feb 23 14:49:16 +0000 2025","0","@S1NGHN3SS @k_yoon2 @ManUtd Give a blue gift to a Manchester United zombie who has no money. The beggar is begging.","1893674494683746373","","S1NGHN3SS","en","","0","1","0","https://x.com/DarkLune_/status/1893674494683746373","1257070960634519553","DarkLune_"
"1893674412282454402","Sun Feb 23 14:48:57 +0000 2025","0","NF messi Manchester united https://t.co/7518bHd2SY","1893674412282454402","https://pbs.twimg.com/media/GkeuzVlaYAAwmAK.jpg","","en","","0","0","0","https://x.com/AndersonSh12075/status/1893674412282454402","1876786534889975808","AndersonSh12075"
"1893674343453893095","Sun Feb 23 14:48:40 +0000 2025","255","Bruno Fernandes is single handedly holding back Manchester United.","1893674343453893095","","","en","Planet Faz","43","98","21","https://x.com/planetfaz/status/1893674343453893095","414881716","planetfaz"
"1893642581482897856","Sun Feb 23 14:48:34 +0000 2025","0","@bossolamilekan1 Lmao Manchester United is the problem. Una dey always make me laugh ajeh these stats mean nothing on the grand scale. What matters is can he build on this and revitalize his career?","1893674318208303483","","bossolamilekan1","en","Lagos, Nigeria","0","0","0","https://x.com/shotviews_ng/status/1893674318208303483","883036953393934337","shotviews_ng"
"1893674304493199493","Sun Feb 23 14:48:31 +0000 2025","3"," WE'RE LIVE! AMORIM DESPERATE FOR OSIMHEN! | MORE INEOS REDUNDANCIES! | MAN UNITED NEWS! Watch here: https://t.co/Vharog5YBo Join us as we cover the latest breaking transfer news surrounding Manchester United! #MUFC #ManchesterUnited #RubenAmorim https://t.co/eFOPzJhTFo","1893674304493199493","https://pbs.twimg.com/media/Gkeup9nWoAAgLLO.jpg","","en","Fred The Red’s Head ","1","0","2","https://x.com/UtdAura94/status/1893674304493199493","449004881","UtdAura94"
"1893674231004537027","Sun Feb 23 14:48:14 +0000 2025","0","Anyone want a blue present for a moneyless Manchester United beggar?","1893674231004537027","","","en","","0","0","0","https://x.com/DarkLune_/status/1893674231004537027","1257070960634519553","DarkLune_"
"1893601751233626366","Sun Feb 23 14:47:04 +0000 2025","0","@MagicalRashford @Rizy_LFC Okay Manchester United fan.","1893673939248767441","","MagicalRashford","en","INDIA","0","0","0","https://x.com/arcoffootball/status/1893673939248767441","1802117530279927808","arcoffootball"
"1893397853948781027","Sun Feb 23 14:46:24 +0000 2025","1","@S1NGHN3SS @k_yoon2 @ManUtd I'll just throw it away. The fact that I brought this bug here is that it's not worth taking with me anymore Disgusting zombies. Look at the words you bark at. Real intelligence level high quality. a Manchester United zombie","1893673769983422620","","S1NGHN3SS","en","","0","2","0","https://x.com/DarkLune_/status/1893673769983422620","1257070960634519553","DarkLune_"
"1893673686659440753","Sun Feb 23 14:46:05 +0000 2025","6","However the club's operating profit/loss stands at just £3.1 million. This means that despite earning £198 million in total revenue only £3.1m was actual profit. Simply put if Manchester United fans want to get rid of the Glazers it might be easier than they think.","1893673689666765241","","Glazerspissoff","en","","0","1","2","https://x.com/Glazerspissoff/status/1893673689666765241","1528856115404058625","Glazerspissoff"
"1893673686659440753","Sun Feb 23 14:46:04 +0000 2025","34"," Forget sales forget protests. Manchester united fans can get rid of the glazers in less than 5 games and this is how they can do it. Manchester United generates £5.2 million in revenue per matchday according to the latest fiscal accounts.","1893673686659440753","","","en","","0","2","12","https://x.com/Glazerspissoff/status/1893673686659440753","1528856115404058625","Glazerspissoff"
"1893673632859140427","Sun Feb 23 14:45:51 +0000 2025","0"," Should Manchester United sack Ruben Amorim? https://t.co/DJ8RXv2O6s","1893673632859140427","https://pbs.twimg.com/media/GkeuH8uW8AI8f5K.jpg","","en","","0","0","0","https://x.com/DMEG39/status/1893673632859140427","1778348666924732416","DMEG39"
"1893673596452581533","Sun Feb 23 14:45:42 +0000 2025","0","So you're telling me that Newcastle squad is better than Manchester United?","1893673596452581533","","","en","Enugu, Nigeria","0","0","0","https://x.com/oncovin1/status/1893673596452581533","1570785312560783360","oncovin1"
"1893666376897667279","Sun Feb 23 14:45:38 +0000 2025","0","@sportybetqueen Manchester United 1 vs 1 Liverpool","1893673579335569554","","sportybetqueen","en","Ibadan, Nigeria","0","0","0","https://x.com/peter6214393503/status/1893673579335569554","1783685950314352640","peter6214393503"
"1893673445679944186","Sun Feb 23 14:45:06 +0000 2025","2","To see Manchester United in the premier table You have to accept cookies https://t.co/0HnC7PV43p","1893673445679944186","https://pbs.twimg.com/media/Gket9NCWYAEvFF0.jpg","","en","United Kingdom","0","0","1","https://x.com/halilu_mb/status/1893673445679944186","744009526261714944","halilu_mb"
"1893673326725263483","Sun Feb 23 14:44:38 +0000 2025","1","Manchester United replacing Erik ten hag with Ruben Amorim https://t.co/8GUrPsmzF1","1893673326725263483","https://pbs.twimg.com/media/Gket2uqXMAARixW.jpg","","en","Kano, Nigeria","0","0","0","https://x.com/Mahmoudsalisu4/status/1893673326725263483","4899785651","Mahmoudsalisu4"
"1893646565492826617","Sun Feb 23 14:44:12 +0000 2025","0","@UTDChulo But not in Manchester united","1893673217480356295","","UTDChulo","en"," 005 Lamu ","0","0","0","https://x.com/CITY_G10/status/1893673217480356295","1470134980928016389","CITY_G10"
"1893596390900498676","Sun Feb 23 14:44:02 +0000 2025","3","@Markbyte1 @AbsoluteBruno An attacking player getting the ball &amp; bursting his gut through a crowded space is not Manchester United profile enough? He needs hand grenades too? Cause ","1893673175721935131","","Markbyte1","en","Ịchọ ịtụ down??","0","0","0","https://x.com/kheNeisNwoke/status/1893673175721935131","1604189871140110336","kheNeisNwoke"
"1893611243664982494","Sun Feb 23 14:43:44 +0000 2025","0","@realme_Nigeria Manchester United 1 vs 1 Liverpool #realmeNigeria","1893673100887068999","","realme_Nigeria","en","Ibadan, Nigeria","0","0","0","https://x.com/peter6214393503/status/1893673100887068999","1783685950314352640","peter6214393503"
"1893673040623411249","Sun Feb 23 14:43:30 +0000 2025","1","What has Newcastle just done to Nottingham Forest I see a 7 goal thriller coming ","1893673040623411249","","","en","somewhere","0","0","0","https://x.com/UTD_Ball/status/1893673040623411249","1727062043654565888","UTD_Ball"
"1893672871823610148","Sun Feb 23 14:42:50 +0000 2025","1","MANCHESTER UNITED @MichaelBaruti","1893672871823610148","","","en","ÜT: -6.7911321,39.2655404","0","1","0","https://x.com/IamNchaKALIH/status/1893672871823610148","44603356","IamNchaKALIH"
"1893669625423962548","Sun Feb 23 14:42:49 +0000 2025","14","@ThaBoyYom @the_Lawrenz Chelsea dey spoil players career Manchester United dey spoil coach career Arsenal dey spoil fans career ","1893672867658662196","","ThaBoyYom","en","Nigeria","1","3","2","https://x.com/iam_lordharry/status/1893672867658662196","2798207304","iam_lordharry"
"1893672859064488274","Sun Feb 23 14:42:46 +0000 2025","2","Manchester United saw Isak and signed Hojlund","1893672859064488274","","","en","Ghana","0","0","0","https://x.com/knustFabrizio/status/1893672859064488274","1687020893732491264","knustFabrizio"
"1893645826318094507","Sun Feb 23 14:42:33 +0000 2025","0","@jehovah_s0n Manchester no be united again ","1893672803498352940","","jehovah_s0n","en","","0","0","0","https://x.com/scopynation/status/1893672803498352940","1351810544496480258","scopynation"
"1893666142662640077","Sun Feb 23 14:42:29 +0000 2025","0","@UTDTrey Sure they are much more better than Manchester United","1893672785957859579","","UTDTrey","en","Nigeria","0","0","0","https://x.com/bolaji4754/status/1893672785957859579","1333504342293442563","bolaji4754"
"1893672664964739365","Sun Feb 23 14:42:00 +0000 2025","0","@Opresii Manchester United saw Isak and signed Hojlund","1893672664964739365","","Opresii","en","Ghana","0","0","0","https://x.com/knustFabrizio/status/1893672664964739365","1687020893732491264","knustFabrizio"
"1893672499348459559","Sun Feb 23 14:41:21 +0000 2025","15","Liverpool winning means: -See more Arsenal tears -See more man city tears. -Chelsea still in top 4 race. -Manchester united relegation battle is constant -Mo Salah closer to the ballondor -Slot close to winning a League title before Arteta who spent 5 yrs We will be there https://t.co/6t9idg6AH1","1893672499348459559","https://pbs.twimg.com/media/GketF5gX0AAzDLJ.jpg","","en","London, England","0","8","1","https://x.com/semilimo/status/1893672499348459559","1183153139677044736","semilimo"
"1893670901951893947","Sun Feb 23 14:41:17 +0000 2025","0","@Opresii Manchester United saw Isak and signed Hojlund","1893672484198580637","","Opresii","en","Ghana","0","0","0","https://x.com/knustFabrizio/status/1893672484198580637","1687020893732491264","knustFabrizio"
"1893662300789211245","Sun Feb 23 14:41:15 +0000 2025","0","@Hitee_ Manchester United conceded the most shots (225) in the league in the whole of 2024. The most in a league that had Sheffield and Luton. He had 114 saves in that same year.","1893672475793252564","","Hitee_","en","Around the world in 80days","0","0","0","https://x.com/Marvelous_AZ06/status/1893672475793252564","1685435718087118848","Marvelous_AZ06"
"1893671972355072370","Sun Feb 23 14:41:13 +0000 2025","1","@misscaramelgold Someone said Nottingham is playing like Manchester United ","1893672465517183406","","misscaramelgold","en","😘😘","0","0","0","https://x.com/Donat_a_/status/1893672465517183406","1729138923278860288","Donat_a_"
"1893672441072767144","Sun Feb 23 14:41:07 +0000 2025","0","You are now a professional footballer brother. You don t know where your career can take you to. You might end up playing for that same Manchester United you re trolling. Leave banter for fans brother. ️","1893672441072767144","","","en","Ibadan, Nigeria","0","0","0","https://x.com/Comolli5/status/1893672441072767144","576743889","Comolli5"
"1893671529029718240","Sun Feb 23 14:41:04 +0000 2025","0","@Opresii Manchester United saw Isak and signed Hojlund","1893672428636660121","","Opresii","en","Ghana","0","0","0","https://x.com/knustFabrizio/status/1893672428636660121","1687020893732491264","knustFabrizio"
"1893672305944907929","Sun Feb 23 14:40:35 +0000 2025","9","ALEXANDER ISAK CAN SAVE MANCHESTER UNITED!","1893672305944907929","","","en","","0","0","1","https://x.com/theuropeeanlad/status/1893672305944907929","1535617730035998721","theuropeeanlad"
"1893632526112948586","Sun Feb 23 14:40:26 +0000 2025","1","@JordanWebber96 I would take him at Manchester United he would do a great job in that back three on the left.","1893672270733734208","","JordanWebber96","en","Planet Earth","0","0","0","https://x.com/debs_cath_jones/status/1893672270733734208","1743831290","debs_cath_jones"
"1893672262449983650","Sun Feb 23 14:40:24 +0000 2025","2","It's quite poignant to think Manchester United have played their last game at Everton's famous Goodison Park home. What a ground. The creaking old place always felt like it was part of the very soul of football. Pure romance. Like so many others I'll really miss it. #Goodison","1893672262449983650","","","en","Shoreditch, England","1","0","0","https://x.com/Nick_Metcalfe/status/1893672262449983650","125949876","Nick_Metcalfe"
"1893671519621910622","Sun Feb 23 14:39:51 +0000 2025","4","@CFCDaily Chelsea will meet Manchester United at 15th Position soon https://t.co/ZSFPCGn4LZ","1893672122951541095","https://pbs.twimg.com/media/GkeswaHWcAAhz1R.jpg","CFCDaily","en","Everywhere","0","1","0","https://x.com/NeroMajors/status/1893672122951541095","556925931","NeroMajors"
"1893672061857366437","Sun Feb 23 14:39:36 +0000 2025","3","See Newcastle balling 4 goals under halftime after going down a goal. More reason to be disappointed in Manchester United.","1893672061857366437","","","en","world","0","0","0","https://x.com/DominicNeil6/status/1893672061857366437","1051460752614313986","DominicNeil6"
"1893672027841589360","Sun Feb 23 14:39:28 +0000 2025","0","why does nottingham forest look like Liverpool at home and when they play away they look like manchester united?","1893672027841589360","","","en","Montréal, Québec","0","0","0","https://x.com/EduardoSpel/status/1893672027841589360","1876311495761383424","EduardoSpel"
"1893671603495485635","Sun Feb 23 14:39:27 +0000 2025","0","@cagiago_ Nottingham forest are in better position than Manchester united don t make fun of Forest","1893672022292492403","","cagiago_","en","","0","0","0","https://x.com/sarah_rmfc/status/1893672022292492403","1753383793560580096","sarah_rmfc"
"1893666142662640077","Sun Feb 23 14:39:08 +0000 2025","0","@UTDTrey So will Manchester United!","1893671942827229313","","UTDTrey","en","Stretford End","0","0","0","https://x.com/UTDEmerson/status/1893671942827229313","1445114567772622856","UTDEmerson"
"1893671363971334509","Sun Feb 23 14:38:51 +0000 2025","0","@_egungunn Like Manchester United ","1893671870957838357","","_egungunn","en","Abuja, Nigeria","0","0","0","https://x.com/Annkrooz/status/1893671870957838357","1712736886488252416","Annkrooz"
"1893638711306236172","Sun Feb 23 14:38:26 +0000 2025","0","@CFC_OBED As long as we are above Manchester united and arsenal ain't winning shit we cool","1893671765907263732","","CFC_OBED","en","unknown ","0","0","0","https://x.com/TallamWalter/status/1893671765907263732","1310824788789727232","TallamWalter"
"1893671748421206152","Sun Feb 23 14:38:22 +0000 2025","1","️ Manchester United's Rollercoaster at Goodison! What a wild ride for the Red Devils! After an utterly dismal first half they managed to claw back to a 2-2 draw against Everton thanks to some magic from Bruno Fernandes. But Alan Shearer wasn t having it calling out their","1893671748421206152","","","en","UK","0","0","0","https://x.com/eyup_io/status/1893671748421206152","39572808","eyup_io"
"1893584532260966762","Sun Feb 23 14:38:20 +0000 2025","0","@maziisback 3-2 to Manchester United","1893671742549184632","","maziisback","en","Lagos, Nigeria","0","0","0","https://x.com/Davorexy/status/1893671742549184632","205197660","Davorexy"
"1893671659367793012","Sun Feb 23 14:38:00 +0000 2025","2","Substitution for FC 32 mins Off Keunna Dill Off Ashleigh Bullock On Abby Lester On Hollie Oneil","1893671659367793012","","","en","Broadhurst Park, Manchester","1","0","0","https://x.com/FCUnitedWomen/status/1893671659367793012","448387159","FCUnitedWomen"
"1893671655869743450","Sun Feb 23 14:38:00 +0000 2025","0","Lets laugh at Arsenal Chelsea and Manchester United #Herbert #Chelsea #Babangida #korra #Abacha #Palmer #WestHam #Maguire #Abiola #MUFC #Seyi #Everton #Bybit https://t.co/Sh6cidJpPw","1893671655869743450","https://pbs.twimg.com/media/GkesU0iXkAAem7G.jpg","","en","","0","0","0","https://x.com/ObakpororoM/status/1893671655869743450","4089791473","ObakpororoM"
"1893671603495485635","Sun Feb 23 14:37:47 +0000 2025","286","4-1 Newcastle ISAK MAKES IT 4 WITH A BEAUTIFUL FINISH!!!! NOTTINGHAM FOREST ARE PLAYING LIKE MANCHESTER UNITED!!! https://t.co/sp333kDKDe","1893671603495485635","https://pbs.twimg.com/media/GkesSVoW4AAZmF1.jpg","","en","menace || society ","4","16","11","https://x.com/cagiago_/status/1893671603495485635","1587130893616955393","cagiago_"
"1893671591386505430","Sun Feb 23 14:37:44 +0000 2025","0","When is Manchester United playing Newcastle https://t.co/ctsHuV5OVM","1893671591386505430","https://pbs.twimg.com/tweet_video_thumb/GkesRU5WYAEI09h.jpg","","en","","0","0","0","https://x.com/heisfawas/status/1893671591386505430","1771715327866417152","heisfawas"
"1893497628643488185","Sun Feb 23 14:37:35 +0000 2025","0","@mkainerugaba Manchester United","1893671552899580049","","mkainerugaba","en","","0","0","0","https://x.com/KangsJust/status/1893671552899580049","1709548107883532289","KangsJust"
"1893662093917688019","Sun Feb 23 14:37:27 +0000 2025","0","@ManUtd @B_Fernandes8 Stat Watch: Only Bruno Fernandes (112) had more touches than Patrick Dorgu (89) among Manchester United players in yesterday's match against Everton. An impressive performance from the young full-back. ","1893671520255295937","","ManUtd","en","","0","0","0","https://x.com/FootTransferNX/status/1893671520255295937","1851028129290330112","FootTransferNX"
"1893492965214990578","Sun Feb 23 14:37:11 +0000 2025","0","@mkainerugaba Manchester united","1893671453599375494","","mkainerugaba","en","Kampala, Uganda","0","0","0","https://x.com/LabanBashabe/status/1893671453599375494","1605886223012225024","LabanBashabe"
"1893671449094676985","Sun Feb 23 14:37:10 +0000 2025","0"," Stat Watch: Only Bruno Fernandes (112) had more touches than Patrick Dorgu (89) among Manchester United players in yesterday's match against Everton. An impressive performance from the young full-back. #MUFC https://t.co/r6O0JrvqUo","1893671449094676985","https://pbs.twimg.com/media/GkesJeAWAAAuaa1.jpg","","en","","0","0","0","https://x.com/FootTransferNX/status/1893671449094676985","1851028129290330112","FootTransferNX"
"1893671441976963146","Sun Feb 23 14:37:09 +0000 2025","3","[] NEW: Ineos [Manchester United part owners] pursued Michael Edwards interviewed Julian Ward and approached Ian Graham for their extensive experience in sustainable paths to success. [@SamWallaceTel] https://t.co/hIhILZcMbe","1893671441976963146","https://pbs.twimg.com/media/GkesJDXWkAE-ZRr.jpg","","en","","0","0","0","https://x.com/Redfellas_/status/1893671441976963146","1470158456095232001","Redfellas_"
"1893576392098378142","Sun Feb 23 14:36:42 +0000 2025","1","@Omwedede @FCal37 @CalDC1878 @mark_robinson_ No point arguing with an African follower of Manchester United. Because that s all you are.","1893671330769223917","","Omwedede","en","","1","0","0","https://x.com/user801456/status/1893671330769223917","1815906185058607106","user801456"
"1893671205435019504","Sun Feb 23 14:36:12 +0000 2025","5","Newcastle on fire ","1893671205435019504","","","en","England, United Kingdom","0","0","0","https://x.com/Manchester96622/status/1893671205435019504","1784273212387336192","Manchester96622"
"1893671166864191903","Sun Feb 23 14:36:03 +0000 2025","1","Isak must come to Manchester united with immediate effect ","1893671166864191903","","","en","","0","0","0","https://x.com/jacobochino147/status/1893671166864191903","1648271013925253122","jacobochino147"
"1893671158337138694","Sun Feb 23 14:36:01 +0000 2025","132","Manchester United saw Isak and signed Hojlund https://t.co/g6skYgGevt","1893671158337138694","https://pbs.twimg.com/media/Gker4CXXIAA-FaU.jpg","","en","Everywhere the Money Goes 🫶🏻","0","3","18","https://x.com/TwoTerty_/status/1893671158337138694","1263126870033420290","TwoTerty_"
"1893603224063463589","Sun Feb 23 14:35:42 +0000 2025","0","@AbsoluteChelsea @ChelseaFC We are just waiting to donate 3 points to Soton so they can avoid relegation and we drop to 10th and join our brother Manchester United","1893671079664553988","","AbsoluteChelsea","en","Kenya","0","0","0","https://x.com/_Muhuhu/status/1893671079664553988","1095603219521331200","_Muhuhu"
"1893671044092723508","Sun Feb 23 14:35:34 +0000 2025","9","Fuck!! Isak I need you at Manchester United next season. What a baller ","1893671044092723508","","","en","Here for the vibes ","0","5","3","https://x.com/Betalife09/status/1893671044092723508","1318515684347871233","Betalife09"
"1893671035301474401","Sun Feb 23 14:35:32 +0000 2025","1","A high-stakes takeover rumour surfaces as Sheikh Jassim renews his push for Manchester United. Could this be the end of Manchester United's struggles? https://t.co/sQgmz3m6zk","1893671035301474401","","","en","","0","0","0","https://x.com/RedDevilArmada1/status/1893671035301474401","2678206706","RedDevilArmada1"
"1893272403892953179","Sun Feb 23 14:35:19 +0000 2025","0","@umeze_vincent The great Manchester United","1893670981706605043","","umeze_vincent","en","","0","0","0","https://x.com/OyawiriT/status/1893670981706605043","817134371811586048","OyawiriT"
"1893670928875196789","Sun Feb 23 14:35:06 +0000 2025","0","Wallahi I've never watched a basketball game in my life but the more I watch Manchester United Play the more love I begin to have for basketball","1893670928875196789","","","en","in my house wanna fight?","0","0","0","https://x.com/amnotyourdaniel/status/1893670928875196789","972606146216415232","amnotyourdaniel"
"1893670648611770415","Sun Feb 23 14:34:51 +0000 2025","0","@thescreenlad Chelsea is 7th position currently They will meet Manchester United at 15th position soon ","1893670866401018049","","thescreenlad","en","Everywhere","0","1","0","https://x.com/NeroMajors/status/1893670866401018049","556925931","NeroMajors"
"1893397853948781027","Sun Feb 23 14:34:36 +0000 2025","0","@S1NGHN3SS @ManUtd Shut up please you stupid Manchester United zombie. Are you teaching me? Teach your brain","1893670801817170095","","S1NGHN3SS","en","Half moon","0","1","2","https://x.com/k_yoon2/status/1893670801817170095","1675495495136075779","k_yoon2"
"1893416858079957256","Sun Feb 23 14:34:27 +0000 2025","0","@Big_sarz Players leave Manchester United and thrive. Even if he went to Mars he'd play better. Not because it's easier there but because Manchester United is a black hole that sucks talents. https://t.co/QtDkEhqNoM","1893670763829313632","https://pbs.twimg.com/media/GkerhjbXsAAYKi5.jpg","Big_sarz","en","","0","1","0","https://x.com/J_Obasa/status/1893670763829313632","768943927152041984","J_Obasa"
"1893670679666389494","Sun Feb 23 14:34:07 +0000 2025","71","Nottingham are seeing bad things today vs Newcastle. They had for a long time pretended to be Manchester United but I see their days are finally over back to the forest.","1893670679666389494","","","en","","0","1","8","https://x.com/kafangi/status/1893670679666389494","1218241052043284480","kafangi"
"1893424530875388020","Sun Feb 23 14:33:25 +0000 2025","0","@UTDTrey A Manchester united fan laughing for lamine Yamal your eyes on lamine and not the descens 15th in the PL https://t.co/6gZZ1M1rEd","1893670503543349672","https://pbs.twimg.com/tweet_video_thumb/GkerSNsWsAAIl7j.jpg","UTDTrey","en","Argentina","0","0","0","https://x.com/Diegotheni4340/status/1893670503543349672","1761229896234258432","Diegotheni4340"
"1893356126739001620","Sun Feb 23 14:33:22 +0000 2025","1","@mrdaj @footballconfid1 and tbh Manchester united have being the most affected by VAR this year and yet they know they lost because they're playing shit. Teams like everton arsenal and spurs have loser mind thats why they never stop talking","1893670489773445423","","mrdaj","en","USA","0","0","0","https://x.com/Moicondo/status/1893670489773445423","366662787","Moicondo"
"1893670250035417103","Sun Feb 23 14:32:24 +0000 2025","1","All the views available for the Aina penalty call. None for the Manchester United/Everton one yesterday.","1893670250035417103","","","en","Room 237","1","0","2","https://x.com/obisingledigit/status/1893670250035417103","249077024","obisingledigit"
"1893670101322195002","Sun Feb 23 14:31:49 +0000 2025","20","All the players who left Chelsea and Manchester United are performing for other teams except Jadon Sancho who left Man United for Chelsea","1893670101322195002","","","en","A Shortfall of gravitas ","0","1","10","https://x.com/natioonn/status/1893670101322195002","1319313941189828617","natioonn"
"1893670050847961270","Sun Feb 23 14:31:37 +0000 2025","0","Bournemouth's rising star Milos Kerkez is generating significant attention with his impressive performances this season. As interest grows from top clubs like Liverpool and Manchester United fans are eager to see where the left-back's future may lead in https://t.co/kNASXik02m","1893670050847961270","","","en","","0","0","0","https://x.com/FootyOddsOn/status/1893670050847961270","1356295934968213505","FootyOddsOn"
"1893670049178669126","Sun Feb 23 14:31:37 +0000 2025","0","Bruno Fernandes delivered a pivotal performance at Goodison Park scoring the crucial goal that ignited Manchester United's fightback against Everton. His leadership on the pitch serves as a challenge to his teammates to raise their game as they pursue s https://t.co/kNASXik02m","1893670049178669126","","","en","","0","0","0","https://x.com/FootyOddsOn/status/1893670049178669126","1356295934968213505","FootyOddsOn"
"1893668424208785625","Sun Feb 23 14:31:18 +0000 2025","0","Make no mistake; Cristiano Ronaldo didn't ruin anyone's career at Manchester United. If anything other players couldn't cope with his demands and standards. And yes I didn't like the way Cristiano left United. Didn't like the interview. But football wise it is what it is","1893669971676311962","","Davidafariasd","en","","0","0","0","https://x.com/Davidafariasd/status/1893669971676311962","1433167434664529935","Davidafariasd"
"1893669954500571317","Sun Feb 23 14:31:14 +0000 2025","57","Happy birthday to Casemiro who is 33 today #MUFC #Casemiro 🇧🇷 https://t.co/YkZ5IVd6Zd","1893669954500571317","https://pbs.twimg.com/media/GkeqGacXAAAzCWs.jpg","","en","","0","6","2","https://x.com/Unitedfans2023/status/1893669954500571317","1624823334901805062","Unitedfans2023"
"1893669937064882676","Sun Feb 23 14:31:10 +0000 2025","0","Araceli Kakawax explained he went to the U.S. to make money for his family back home feeling the pull of the United States economy's need for low-paid laborers. How are US citizens supposed to find jobs with a liveable wage? https://t.co/J8ivMx9WaK","1893669937064882676","","","en","","0","0","0","https://x.com/KatherineManch8/status/1893669937064882676","1248328489079537666","KatherineManch8"
"1893669889929327028","Sun Feb 23 14:31:00 +0000 2025","0","..keep are club running without you money coming in on match day are all the money spent around the world on Shirts and are Merchandise so it is all now up to the Manchester United supporters club to go on Sky and get this started at or the next home..","1893669897793667420","","DavidCo45406967","en","Newtownards, Northern Ireland","0","1","0","https://x.com/DavidCo45406967/status/1893669897793667420","747904820057612288","DavidCo45406967"
"1893648587583590563","Sun Feb 23 14:30:35 +0000 2025","1","@AmorimEra_ @UnitedPeoplesTV But some Manchester United fans won t see this no matter how they ll always blame Bruno.","1893669791426084932","","AmorimEra_","en","","0","0","0","https://x.com/soccer_central1/status/1893669791426084932","1307341001695125512","soccer_central1"
"1893669889929327028","Sun Feb 23 14:30:59 +0000 2025","6","If Manchester United supporters really want the Glazers and the Rat out of the club this is what we most do first the MU supporters club most get on Sky Sports and tell them that we asking every home games fan to not buying any merchandise anything ..","1893669889929327028","","","en","Newtownards, Northern Ireland","0","1","3","https://x.com/DavidCo45406967/status/1893669889929327028","747904820057612288","DavidCo45406967"
"1893636612094902412","Sun Feb 23 14:30:04 +0000 2025","0","@PoojaMedia Na only Manchester United u think off is alright u leave Chelsea d think of man u","1893669662644207720","","PoojaMedia","en","","0","0","0","https://x.com/Arohjnr123/status/1893669662644207720","1746813071455039488","Arohjnr123"
"1893492965214990578","Sun Feb 23 14:29:52 +0000 2025","0","@mkainerugaba Manchester united","1893669609942753390","","mkainerugaba","en","Rwanda","0","0","0","https://x.com/umukada/status/1893669609942753390","1596909916282830849","umukada"
"1893669500613960071","Sun Feb 23 14:29:26 +0000 2025","24"," Only Bruno Fernandes (112) had more touches than Patrick Dorgu (89) yesterday against Everton of all Manchester United players. [@centredevils] https://t.co/cxWpR3Nqqb","1893669500613960071","https://pbs.twimg.com/media/GkeqX5bXQAEtnAe.jpg","","en","Old Trafford","0","0","1","https://x.com/TheUTDHQ/status/1893669500613960071","1830644713096966150","TheUTDHQ"
"1893668638860706113","Sun Feb 23 14:29:25 +0000 2025","0","@GarfieldUtd @C0869392473666 @NFFC You literally support United. You re from nowhere near Manchester either. Stop losing bro.","1893669497506054500","","GarfieldUtd","en","","0","0","0","https://x.com/WhatDoIKnow_28/status/1893669497506054500","1526875937102565377","WhatDoIKnow_28"
"1893669452534743494","Sun Feb 23 14:29:14 +0000 2025","0","Manchester United's match going fans are the worst bunch ever. For 10+ years y'all have been going to just sit &amp; watch tepid almost lifeless performances every week hoping the manager will magically fix it while picking &amp; choosing faves to applaud &amp; those to vilify.","1893669452534743494","","","en","Ịchọ ịtụ down??","0","1","0","https://x.com/kheNeisNwoke/status/1893669452534743494","1604189871140110336","kheNeisNwoke"
"1893668066459840945","Sun Feb 23 14:29:06 +0000 2025","1","@Casemiro My favorite 18 casemiro Manchester united six (6)","1893669417281606056","","kauthraMuFc256","en","Uganda","0","0","0","https://x.com/kauthraMuFc256/status/1893669417281606056","1880430146730983424","kauthraMuFc256"
"1893669362487210188","Sun Feb 23 14:28:53 +0000 2025","1","So you mean we have to accept cookies to see the position of Manchester United on the Premier League Table?️ Wow... Interesting times! #YNWA https://t.co/3jeaqy03aG","1893669362487210188","https://pbs.twimg.com/media/GkeqPI4WsAAt_F5.jpg","","en","","0","0","0","https://x.com/OmoyorubaOG/status/1893669362487210188","1670734387065892866","OmoyorubaOG"
"1893331814644691335","Sun Feb 23 14:28:41 +0000 2025","0","@WAdeola Let them give you that job then. Manchester United's problem is not the coach","1893669312822423719","","WAdeola","en","Nairobi, Kenya","0","0","0","https://x.com/elisha_sami/status/1893669312822423719","1492775907265859594","elisha_sami"
"1893669303490113760","Sun Feb 23 14:28:39 +0000 2025","0","Y all should eat the stats &amp; come pay up Manchester United for him. Simple!","1893669303490113760","","","en","Nigeria ","0","0","0","https://x.com/RichKonnet/status/1893669303490113760","1656454849951571968","RichKonnet"
"1893669298817712245","Sun Feb 23 14:28:38 +0000 2025","0","Do the @premierleague and @FA_PGMOL want to explain to the fans why the VAR official that overruled a blatant penalty against Man United at Goodison Park was allowed to work the game even though he is from Greater Manchester? #Cheats #EVEMUN #Everton #ManUtd #MastersOut #Corrupt","1893669298817712245","","","en","Liverpool, England","0","0","0","https://x.com/DannyMcQuillian/status/1893669298817712245","296938076","DannyMcQuillian"
"1893644228049109185","Sun Feb 23 14:28:15 +0000 2025","0","@UTDTrey He already has more goals than the whole manchester united combined Have some shame","1893669202839339271","","UTDTrey","en","","0","0","0","https://x.com/Nonzinoo011/status/1893669202839339271","1839745923485675520","Nonzinoo011"
"1893669080990712199","Sun Feb 23 14:27:46 +0000 2025","0","Isak would have been snapped by Sir Alex Ferguson long time ago if he was still manager of Manchester United.","1893669080990712199","","","en","Rivers, Nigeria","0","0","0","https://x.com/SommyApril/status/1893669080990712199","1321408730899140610","SommyApril"
"1893669065102643355","Sun Feb 23 14:27:42 +0000 2025","0","I remember when we were using 11 points to gap Newcastle united and 9 points to gap Manchester City ","1893669065102643355","","","en","London, England","0","0","0","https://x.com/PalmerStan28/status/1893669065102643355","1573998974641623043","PalmerStan28"
"1893669025391030542","Sun Feb 23 14:27:32 +0000 2025","4","Nii Odoi a Manchester United fan at the #CitiSportsRoadShow shares his frustration at his team s current position in the league table Join us now at the Traffic Light Pub Osu #CitiSports https://t.co/07XlY8EIat","1893669025391030542","https://pbs.twimg.com/amplify_video_thumb/1893668959540400128/img/3WnXbaczwkrSImPJ.jpg","","en","Accra, Ghana","0","1","0","https://x.com/CitiSportsGHA/status/1893669025391030542","726293158125035521","CitiSportsGHA"
"1893495083304886721","Sun Feb 23 14:27:24 +0000 2025","0","@mkainerugaba This is interesting. Gen just go ahead and purchase Manchester United.","1893668990477586551","","mkainerugaba","en","","0","0","0","https://x.com/susanmalinga2/status/1893668990477586551","1582419523180920833","susanmalinga2"
"1893668824710283267","Sun Feb 23 14:26:45 +0000 2025","1322","| Only Bruno Fernandes (112) had more touches than Patrick Dorgu (89) yesterday against Everton of all Manchester United players. https://t.co/mPBmshHzzM","1893668824710283267","https://pbs.twimg.com/media/GkepwJcXoAA3RTG.jpg","","en","","6","15","56","https://x.com/centredevils/status/1893668824710283267","1222239337548435456","centredevils"
"1893668801637470459","Sun Feb 23 14:26:39 +0000 2025","0"," INEOS will announce another round of redundancies at Manchester United on Monday while Sir Jim Ratcliffe and Sir Dave Brailsford are keen to forget about the club's past achievements. (Source: Mirror) #MUFC","1893668801637470459","","","en","","0","0","0","https://x.com/manch_red/status/1893668801637470459","1677446766239547394","manch_red"
"1893667786766905388","Sun Feb 23 14:24:52 +0000 2025","0","@MysteryChampion Manchester United","1893668350292607368","","MysteryChampion","en","","0","0","0","https://x.com/TenHagClub/status/1893668350292607368","1437556038572576768","TenHagClub"
"1893668068695400792","Sun Feb 23 14:23:44 +0000 2025","0","Got 3x tickets for Manchester United vs Ipswich. They are seated together. Dm or comment below if interested.","1893668068695400792","","","en","Home ","0","0","0","https://x.com/JanetBjork/status/1893668068695400792","394402080","JanetBjork"
"1893668050638917752","Sun Feb 23 14:23:40 +0000 2025","0","Manchester United should be looking at Assane Diao","1893668050638917752","","","en","","0","0","0","https://x.com/agbulight/status/1893668050638917752","1597205847649796098","agbulight"
"1893497628643488185","Sun Feb 23 14:23:21 +0000 2025","0","@mkainerugaba Manchester United","1893667969865019795","","mkainerugaba","en","Kampala, Uganda","0","0","0","https://x.com/BenardFerea/status/1893667969865019795","1463775016189931527","BenardFerea"
"1893300435340910706","Sun Feb 23 14:23:13 +0000 2025","0","@nobbypfc @1Walid1 That s ur headache no one gives a fuck Ronaldo played under so many club including Manchester United Neymar played under Barcelona Mendy is currently playing under Zurich","1893667935408816621","","nobbypfc","en","","0","1","0","https://x.com/kaydegeneral1/status/1893667935408816621","1293256240886362112","kaydegeneral1"
"1893667862184685861","Sun Feb 23 14:22:55 +0000 2025","2","Congratulations @imVkohli the best batsman after @sachin_rt.. Marvelous achievement #ViratKohli𓃵 #ICCChampionsTrophy #iccchampionstrophy2025 #TeamIndia #BleedBlue","1893667862184685861","","","en","Kolkata, IN","0","0","0","https://x.com/itsHiM_Rahman/status/1893667862184685861","1406311513913139213","itsHiM_Rahman"
"1893667786766905388","Sun Feb 23 14:22:54 +0000 2025","0","@MysteryChampion Manchester United","1893667858720129387","","MysteryChampion","en","","0","0","0","https://x.com/Ibrahim5Mabrook/status/1893667858720129387","1186175474843693057","Ibrahim5Mabrook"
"1893667838541307997","Sun Feb 23 14:22:50 +0000 2025","3","Manchester United #wallpaper https://t.co/GhXM0kOs8M","1893667838541307997","https://pbs.twimg.com/media/Gkeo0yWW0AA8Sir.jpg","","en","Hogwarts","0","0","0","https://x.com/JustSophiaG/status/1893667838541307997","526442459","JustSophiaG"
"1893667718139728258","Sun Feb 23 14:22:21 +0000 2025","15","#OnThisDay 23rd of February 2023: Manchester United 2 - 1 Barcelona - we had so much hope for the future ‍️ https://t.co/gwHrFN3SmJ","1893667718139728258","https://pbs.twimg.com/ext_tw_video_thumb/1629000555229061122/pu/img/UVwkadt8aXftqDeo.jpg","","en","","0","1","0","https://x.com/Cantona_Collars/status/1893667718139728258","1338528741610360832","Cantona_Collars"
"1893667700913672360","Sun Feb 23 14:22:17 +0000 2025","52","Manchester United vs Chelsea used to decide the title winner look at the state of both clubs now. https://t.co/fYLtZlzjf1","1893667700913672360","https://pbs.twimg.com/ext_tw_video_thumb/1631338651253710870/pu/img/Zk-hMtCCskH6NcE0.jpg","","en","Earth","0","16","16","https://x.com/ChessLordK/status/1893667700913672360","1612844910369030145","ChessLordK"
"1893667431391936929","Sun Feb 23 14:22:09 +0000 2025","1","@Asensii20 On a real though Manchester United might actually play in the English Championship League next season","1893667666809761954","","Asensii20","en","New York, USA","0","1","0","https://x.com/Afcmex_/status/1893667666809761954","1524710798001508352","Afcmex_"
"1893667549176320293","Sun Feb 23 14:21:41 +0000 2025","0","Manchester United is keen on signing Jonathan David a clinical striker with 20 goals this season as he enters free agency this summer. With the need for a reliable goalscorer adding David could be a game-changer for the Red Devils as they aim for majo https://t.co/PGCtSY7DyA","1893667549176320293","","","en","","0","0","0","https://x.com/FootyOddsOn/status/1893667549176320293","1356295934968213505","FootyOddsOn"
"1893664266592338196","Sun Feb 23 14:21:30 +0000 2025","0","@Babymeedahh Adeola of Manchester United","1893667506721529891","","Babymeedahh","en","Jos, Nigeria","0","0","0","https://x.com/Oluwa_CeeJay/status/1893667506721529891","1484452732715028484","Oluwa_CeeJay"
"1893666142662640077","Sun Feb 23 14:21:28 +0000 2025","0","@UTDTrey I pray so cause they have a team to compete unlike Manchester United","1893667495426310631","","UTDTrey","en","Accra, Ghana","0","0","0","https://x.com/FCBTeejay/status/1893667495426310631","1675191322146119680","FCBTeejay"
"1893391988587712691","Sun Feb 23 14:21:23 +0000 2025","0","@Forever_Everton @suesmith8 But surely no United fans come from Manchester so fact VAR ref hails from Manchester wouldn t matter would it ? or is that only when that particular narrative fits ","1893667474366775765","","Forever_Everton","en","Halifax, England","0","0","0","https://x.com/DaveEmmott/status/1893667474366775765","2178618190","DaveEmmott"
"1893666142662640077","Sun Feb 23 14:20:57 +0000 2025","0","@UTDTrey What about Manchester United which of the leagues will they play in next season","1893667368439545977","","UTDTrey","en","Nigeria","0","0","0","https://x.com/SAelchri/status/1893667368439545977","1628435671382630401","SAelchri"
"1893663770863349934","Sun Feb 23 14:20:43 +0000 2025","0","@buckmcyoung Manchester United were bought by a business leader who is setting about making them more efficient . They're doing worse than ever on the pitch it's hilarious. Running everything like a factory doesn't work. https://t.co/ip0WJ25vnf","1893667309169803466","","buckmcyoung","en","Canada","0","1","0","https://x.com/bygeorgist/status/1893667309169803466","208197291","bygeorgist"
"1893666142662640077","Sun Feb 23 14:20:39 +0000 2025","2","@UTDTrey On a real though Manchester United might actually play in the England Championship League next season","1893667290723344811","","UTDTrey","en","New York, USA","0","1","0","https://x.com/Afcmex_/status/1893667290723344811","1524710798001508352","Afcmex_"
"1893665790479503834","Sun Feb 23 14:20:02 +0000 2025","0","@etee018 I'm not a Chelsea fan but if it would be between Chelsea and Manchester united...call me","1893667134565134679","","etee018","en","London, England","0","0","0","https://x.com/vinchee__/status/1893667134565134679","1017351300","vinchee__"
"1893666142662640077","Sun Feb 23 14:19:37 +0000 2025","0","@UTDTrey Manchester United too","1893667031917998386","","UTDTrey","en","United States","0","0","0","https://x.com/skilful_nnanna/status/1893667031917998386","1167533825464909825","skilful_nnanna"
"1893356001488744522","Sun Feb 23 14:19:30 +0000 2025","0","@colinmufc2 Manchester United fans are just a confused bunch let s be honest","1893667002188697867","","colinmufc2","en","Accra, Ghana","0","0","0","https://x.com/niiakwei_/status/1893667002188697867","1579799265576161282","niiakwei_"
"1893366520048157164","Sun Feb 23 14:19:25 +0000 2025","1","@lilredbaby1111 @DevilOpinions @HausOfDemi9 I disagree with him but that s just in reference to Manchester United.","1893666981913505887","","lilredbaby1111","en","London","0","1","0","https://x.com/NeilOB9/status/1893666981913505887","871774367193157633","NeilOB9"
"1893666913219142026","Sun Feb 23 14:19:09 +0000 2025","15","Manchester united ikienda relegation nitaanza kuwatch championship","1893666913219142026","","","en","Nairobi ","0","3","6","https://x.com/Andriko75/status/1893666913219142026","1828028850258776064","Andriko75"
"1893618596854575136","Sun Feb 23 14:18:43 +0000 2025","0","@Sarfo15M Is Manchester United Dalot level ? No we Need a better quality RWB","1893666802997072371","","Sarfo15M","en","","0","0","0","https://x.com/Utd_AAA/status/1893666802997072371","1570707439741190144","Utd_AAA"
"1893576392098378142","Sun Feb 23 14:18:15 +0000 2025","0","@user801456 @Omwedede @CalDC1878 @mark_robinson_ not from manchester but i still flew across the pond to see a match at old trafford. but yeah i guess im not a united fan","1893666686932271115","","user801456","en","Scottsdale, AZ","0","1","0","https://x.com/FCal37/status/1893666686932271115","364544673","FCal37"
"1893666142662640077","Sun Feb 23 14:18:04 +0000 2025","0","@UTDTrey And Manchester United won't play","1893666641591820516","","UTDTrey","en","heaven ","0","0","0","https://x.com/ugo_himself/status/1893666641591820516","4543330163","ugo_himself"
"1893591800784269702","Sun Feb 23 14:17:49 +0000 2025","1","@Dr_Mujghost They really go through alot in Manchester United","1893666579000201448","","Dr_Mujghost","en","Gombe, Nigeria","0","1","0","https://x.com/inn_sheikh/status/1893666579000201448","1172168232834424832","inn_sheikh"
"1893497628643488185","Sun Feb 23 14:17:46 +0000 2025","0","@mkainerugaba Manchester United","1893666567482732671","","mkainerugaba","en","","0","0","0","https://x.com/matsiko_al36921/status/1893666567482732671","1798811035408961536","matsiko_al36921"
"1893620320801587533","Sun Feb 23 14:17:36 +0000 2025","2","@FabrizioRomano Really think Dembele could add something to this Manchester United team his ability in the pockets is outstanding as Amorim does like his wingers to be more inverted in possession https://t.co/ijj7BR1w5j","1893666523106918443","","FabrizioRomano","en","Manchester, England","0","0","0","https://x.com/mvm1_3/status/1893666523106918443","1853187518721605632","mvm1_3"
"1893666454639091844","Sun Feb 23 14:17:20 +0000 2025","0","Why s this a shock? They ve only got 1 less European cup than the mighty Manchester United ","1893666454639091844","","","en","","0","0","0","https://x.com/JBL_lfc/status/1893666454639091844","1820537130067877888","JBL_lfc"
"1893312238934532291","Sun Feb 23 14:17:06 +0000 2025","1","@x_4300 @Dir_Ashwath Life as a Manchester United fan.","1893666397596651534","","x_4300","en","","0","0","0","https://x.com/nah_tweet/status/1893666397596651534","795267246931275780","nah_tweet"
"1893666313202979097","Sun Feb 23 14:16:46 +0000 2025","3","Yesterday was lit : Chelsea L Arsenal L Manchester United D enyewe we are in the same boat.","1893666313202979097","","","en","Blessed Island 🏝️","0","1","0","https://x.com/SirManucho/status/1893666313202979097","1862093097674383360","SirManucho"
"1893654652048073032","Sun Feb 23 14:16:36 +0000 2025","0","@user801456 I can bet Manchester United will finish the season with a trophy or two and above Everton. You crooked rodent.","1893666273910792624","","user801456","en","","1","1","0","https://x.com/Omwedede/status/1893666273910792624","523577538","Omwedede"
"1893666219347050637","Sun Feb 23 14:16:23 +0000 2025","2","Bruno just like Pogba sacrificed their careers for Manchester United but you will still see a lot of hypothetical lineups without Bruno Fernandes in it. Smh You think if your team is good he won t play better than all those hypotheticals you are making?","1893666219347050637","","","en","Lagos, Nigeria","1","1","3","https://x.com/KR_Olawuyi/status/1893666219347050637","871058174907994112","KR_Olawuyi"
"1893664989250032024","Sun Feb 23 14:16:19 +0000 2025","0","@premierleague Chelsea sold him only to end up with the Manchester united freedom fighter","1893666201185702304","","premierleague","en","Somewhere unknown ","0","0","0","https://x.com/bamwinejr/status/1893666201185702304","1623430238154768385","bamwinejr"
"1893666157082665063","Sun Feb 23 14:16:09 +0000 2025","5","ON!LIVE TV How To Watch English Premier League Football Online FREE LIVE: @stream54567 Newcastle United vs Nottingham Forest Manchester City vs Liverpool https://t.co/Ct0ySXsn6m","1893666157082665063","https://pbs.twimg.com/media/GkenUnSW0AAgnXn.jpg","","en","","0","0","5","https://x.com/BRFootball44305/status/1893666157082665063","1888573141943033856","BRFootball44305"
"1893596390900498676","Sun Feb 23 14:15:38 +0000 2025","2","@AbsoluteBruno This isn t anything special my guy. I wonder when you guys started watching football that you enjoy anything average. He s not good enough and no where near Manchester United profile of a player.","1893666028401377383","","AbsoluteBruno","en","Sekondi Takoradi, Ghana","0","2","0","https://x.com/Markbyte1/status/1893666028401377383","867674047903129600","Markbyte1"
"1893665930674127218","Sun Feb 23 14:15:15 +0000 2025","0","*Manchester United","1893665930674127218","","","en","+233","0","0","0","https://x.com/esi_cae/status/1893665930674127218","1401994445357191168","esi_cae"
"1893660450593595857","Sun Feb 23 14:14:52 +0000 2025","1","@Cephas_me Manchester United excellence","1893665835329134838","","Cephas_me","en","","0","1","0","https://x.com/Olay1nka_/status/1893665835329134838","1655961679140626440","Olay1nka_"
"1893655574014816352","Sun Feb 23 14:14:33 +0000 2025","2","@jonmikesav8 Was it the Manchester Derby when the ref said it would have been a pen to United in any other game.Not in a game of this importance. We should have had pens many times this season and last but we don t actually decide who gets a pen or not.‍️","1893665754727252409","","jonmikesav8","en","Fence, England","0","0","0","https://x.com/Craigsteven8/status/1893665754727252409","1858337970","Craigsteven8"
"1893626575142146249","Sun Feb 23 14:14:22 +0000 2025","1","@utdHarryy @OddsOnFPL The minute a state owns this club is the minute Manchester United dies.","1893665710846419068","","utdHarryy","en","Earth","0","3","0","https://x.com/Call_7even/status/1893665710846419068","1688942433671827456","Call_7even"
"1893665590583202244","Sun Feb 23 14:13:54 +0000 2025","0","3rd of September 23/24 season against Manchester United. This was Mikel Arteta s plan with the Havertz signing. An inverting fullback to help a Lone 6 in Rice cleaning up transitions with 2 AM s. How about we just go an get a real quality 10 Wirtz Musiala even an Eze. https://t.co/HT5eb9ZN9A","1893665590583202244","https://pbs.twimg.com/media/Gkem0TeXYAEudXR.jpg","","en","","0","0","0","https://x.com/SamHutter_/status/1893665590583202244","1256239559718973441","SamHutter_"
"1893664788552524184","Sun Feb 23 14:13:52 +0000 2025","0","@footballnus Newcastle's defence is worse than Manchester United's","1893665582085485007","","footballnus","en","INDIA","0","0","0","https://x.com/arcoffootball/status/1893665582085485007","1802117530279927808","arcoffootball"
"1893661887373472169","Sun Feb 23 14:13:38 +0000 2025","0","@utd_Eman He won t he will live as the gerrard of Manchester United except he won t even lift a UCL but a Europa league","1893665523931443490","","utd_Eman","en","Bolton, England","0","0","0","https://x.com/UTD_HZR/status/1893665523931443490","1851273168771563520","UTD_HZR"
"1893665418654466231","Sun Feb 23 14:13:13 +0000 2025","0","Ruben Amorim Exposes Manchester United s Home Struggles Ahead of Crucial Fixtures https://t.co/dOyEzpAGE1","1893665418654466231","","","en","United Kingdom","0","0","0","https://x.com/FootballLIVEH11/status/1893665418654466231","1515782373585170446","FootballLIVEH11"
"1893665404150558828","Sun Feb 23 14:13:09 +0000 2025","1","Nottingham Forest s success is a result of having a good owner. We can change managers as much as we want and buy players but Manchester United will only return to its glory days when the Glazers leave #NottinghamForest #NFFC #ManchesterUnited #MUFC #GlazersOut #Football #EPL","1893665404150558828","","","en","","0","1","0","https://x.com/chopperguT/status/1893665404150558828","4353580755","chopperguT"
"1893665378384896136","Sun Feb 23 14:13:03 +0000 2025","0","attention️ attention️ attention️ manchester united is still the biggest club in england and you can't prove me wrong! https://t.co/c6MFzEx811","1893665378384896136","https://pbs.twimg.com/media/GkemoF8XMAAQc6f.jpg","","en","","0","0","1","https://x.com/Edu_dey/status/1893665378384896136","1738316664540667904","Edu_dey"
"1893665266510311735","Sun Feb 23 14:12:36 +0000 2025","1","Chelis are playing better football than Manchester United","1893665266510311735","","","en","Kathmandu ","0","0","0","https://x.com/mathvir_singh_k/status/1893665266510311735","1421519718121312256","mathvir_singh_k"
"1893665184989827566","Sun Feb 23 14:12:17 +0000 2025","0","Manchester United","1893665184989827566","","","en","1021/Pitori","0","0","0","https://x.com/ObokengBabes/status/1893665184989827566","2233656219","ObokengBabes"
"1893648050108678580","Sun Feb 23 14:12:07 +0000 2025","0","@izunikky @ManUtd My friend you don't have a player in your current squad who fights for Manchester United.","1893665144372162857","","izunikky","en","Türkiye","0","0","0","https://x.com/ugurduman1907/status/1893665144372162857","703725562599227392","ugurduman1907"
"1893665060330897909","Sun Feb 23 14:11:47 +0000 2025","1","It's been 24 hours and I still don't know how Everton weren't given a penalty against Manchester United.","1893665060330897909","","","en","","0","1","0","https://x.com/edward___james/status/1893665060330897909","2609742954","edward___james"
"1893665059647160552","Sun Feb 23 14:11:47 +0000 2025","1","Man Utd set to raid Lille for two star players 'to boost midfield and attack' https://t.co/g5CU6zKzWV","1893665059647160552","","","en","Manchester","0","0","0","https://x.com/ManUnitedDailyX/status/1893665059647160552","1863856375656275968","ManUnitedDailyX"
"1893665043641684395","Sun Feb 23 14:11:43 +0000 2025","0","1 trophy in 5 years? What a massive job Arteta has done. You're below where Manchester United is you just don't know it yet","1893665043641684395","","","en","OT","0","0","0","https://x.com/Diaryofrocks/status/1893665043641684395","738920988","Diaryofrocks"
"1893665037090214375","Sun Feb 23 14:11:42 +0000 2025","57","Home games are always sweet for the home teams anywhere in the world except Manchester United. Forza Vicente! PRETORI PRETORI PRETORI!!! https://t.co/jTUdadWUBT","1893665037090214375","https://pbs.twimg.com/amplify_video_thumb/1893664974662156289/img/-KBEISNoc-aqSEV_.jpg","","en","Lagos, Nigeria","1","5","9","https://x.com/Tomisin_Alasiri/status/1893665037090214375","722021046002577408","Tomisin_Alasiri"
"1893665003359609036","Sun Feb 23 14:11:34 +0000 2025","1","Manchester United regular risks becoming the latest to be shunned by Ruben Amorim - Manchester Evening News https://t.co/IbKEXe56w4","1893665003359609036","","","en","","0","0","0","https://x.com/Sheeraz037/status/1893665003359609036","603680617","Sheeraz037"
"1893664968773374347","Sun Feb 23 14:11:25 +0000 2025","21"," Bruno Fernandes ends the free-kick DROUGHT for Manchester United since Cristiano Ronaldo vs Norwich in April 2022 Rashford has been fantastic ~ Unai Emery Maresca hinted he'll sign a new goalkeeper this summer Feyenoord appointed Robin van Persie as new head coach https://t.co/jLYjXn3EWG","1893664968773374347","https://pbs.twimg.com/ext_tw_video_thumb/1893664851680997377/pu/img/d0r3XBspJ2ppVkM4.jpg","","en","","1","1","2","https://x.com/whispering_wiz/status/1893664968773374347","1835682205013598208","whispering_wiz"
"1893664895155016055","Sun Feb 23 14:11:08 +0000 2025","0","Mount Mainoo Collyer - Man United injury news and predicted return dates for Ipswich match - Manchester Evening News https://t.co/K2RdRn3CZa","1893664895155016055","","","en","","0","0","0","https://x.com/Sheeraz037/status/1893664895155016055","603680617","Sheeraz037"
"1893664825818931399","Sun Feb 23 14:10:51 +0000 2025","1","Isn t Manchester United in a relegation battle ?","1893664825818931399","","","en","","2","0","0","https://x.com/YawehorNoway/status/1893664825818931399","1829103115104100352","YawehorNoway"
"1893664654918136123","Sun Feb 23 14:10:10 +0000 2025","21","See how Manchester United used HONOR AI a new AI Upscaler to revitalize images from their past. This seems to be part of HONOR s upcoming ALPHA PLAN set to be unveiled at MWC.","1893664654918136123","","","en","Discover the best AI tools →","0","5","7","https://x.com/AngryTomtweets/status/1893664654918136123","1582819328281481225","AngryTomtweets"
"1893664618255397160","Sun Feb 23 14:10:02 +0000 2025","0","@ManUtdMEN Manchester United could save millions if they were to move for Jonathan David and Angel Gomes from Lille this summer as both are becoming free agents. https://t.co/g0TMCetbOM","1893664618255397160","https://pbs.twimg.com/media/Gkel7anWUAE0WtR.jpg","ManUtdMEN","en","","0","0","1","https://x.com/MUFCMattersChan/status/1893664618255397160","1791773082375348224","MUFCMattersChan"
"1893664606079304000","Sun Feb 23 14:09:59 +0000 2025","5","Gachagua Riggy G Martha Koome Muhoozi Kizza Besigye Uganda Liverpool Manchester City Raila Arsenal Manchester United https://t.co/omiIXmjq4u","1893664606079304000","https://pbs.twimg.com/media/Gkel7FXWIAIbyRM.jpg","","en","kenya","0","0","2","https://x.com/aboud_akasha/status/1893664606079304000","598573081","aboud_akasha"
"1893664578225033248","Sun Feb 23 14:09:52 +0000 2025","8","In case you missed it: Manuel Ugarte's first goal for Manchester United. A class finish to save a point for the Red Devils away to Everton in Premier League action on Saturday. Vamos Manu! 🇺🇾 https://t.co/F9U26NqGU9","1893664578225033248","https://pbs.twimg.com/ext_tw_video_thumb/1893337711282425856/pu/img/uHYYGOjpkQf1Rq3e.jpg","","en","Estadio Centenario","0","1","0","https://x.com/UruguayanHeroes/status/1893664578225033248","695974033544843264","UruguayanHeroes"
"1893664278781088183","Sun Feb 23 14:08:41 +0000 2025","40","Feyenoord announce Robin van Persie's return to the club. The former Manchester United man becomes their new head coach on contract until 2027 #GTVSports https://t.co/HyAAXWwqgr","1893664278781088183","https://pbs.twimg.com/media/GkelnqoXgAE6Yhl.jpg","","en","Accra, Ghana","0","0","4","https://x.com/mygtvsports/status/1893664278781088183","714553585506377731","mygtvsports"
"1893646245563916551","Sun Feb 23 14:08:35 +0000 2025","1","@BashorunGa_ Sir we have not been seeing your Poultry and Manchester United update. Hope all is well?","1893664256333111588","","BashorunGa_","en","Katsina","0","1","0","https://x.com/ShaheedAbdul_/status/1893664256333111588","861948140","ShaheedAbdul_"
"1893347862467023020","Sun Feb 23 14:08:08 +0000 2025","1","@carl_warbs @TheUtdArchive @FOBSVR You see How foolish you are. Manchester of those days rely on wingers. Go and and watch Paul Scholes passes . Most are long ball from 45 yeards. The good thing then is Man United don't rely on individual brilliance like they do either Bruno Fernandes today. Then it's every","1893664139316277372","","carl_warbs","en","Toronto, Ontario","0","1","0","https://x.com/adesemoyedaniel/status/1893664139316277372","232101242","adesemoyedaniel"
"1893664093141184858","Sun Feb 23 14:07:57 +0000 2025","3","Elanga left Manchester United now look at him #NEWNFO","1893664093141184858","","","en","Centre, Cameroon","0","0","2","https://x.com/Steve_Labile/status/1893664093141184858","1012958223815659520","Steve_Labile"
"1893664081329942957","Sun Feb 23 14:07:54 +0000 2025","2","Former Arsenal and Manchester United striker Robin van Persie has been appointed as Feyenoord's new head coach. The 41-year-old who retired from playing in 2019 has left fellow Dutch side Heerenveen to take charge of the club he had two spells at as a player https://t.co/6sWK0TMgrL","1893664081329942957","https://pbs.twimg.com/media/GkelZPMW4AAASQi.jpg","","en","Lagos,Nigeria","0","1","0","https://x.com/sure975fm/status/1893664081329942957","1809505356793671682","sure975fm"
"1893664048488538455","Sun Feb 23 14:07:47 +0000 2025","0","We will not be renewing are season tickets as we intend to not go to home games until there s end Glazers sell are club and we are asking every Manchester United supporter around the world to help us by not buying any merchandise including are..","1893664051575550365","","DavidCo45406967","en","Newtownards, Northern Ireland","0","1","0","https://x.com/DavidCo45406967/status/1893664051575550365","747904820057612288","DavidCo45406967"
"1893664048488538455","Sun Feb 23 14:07:46 +0000 2025","0","We can still win before are next home game Manchester United supporters club most go on Sky Sports and asked every home fan not not buy anything inside the ground until there s end end of this season and if the Glazers still haven t sold are club then ","1893664048488538455","","","en","Newtownards, Northern Ireland","0","1","0","https://x.com/DavidCo45406967/status/1893664048488538455","747904820057612288","DavidCo45406967"
"1893664013814272003","Sun Feb 23 14:07:38 +0000 2025","0","Alan Shearer tears into VAR with Man United rant after Everton penalty controversy - Manchester Evening News https://t.co/V2opGLe3XQ","1893664013814272003","","","en","","0","0","0","https://x.com/Sheeraz037/status/1893664013814272003","603680617","Sheeraz037"
"1893663855554789425","Sun Feb 23 14:07:00 +0000 2025","0","Should i really follow Sir Alex Ferguson on IG i understand Manchester United is my boyhood club but we are long gone from those days of wearing the Number 8 shirt of Rooney. Only following if Chelsea signs Ferguson in the summer yoh.","1893663855554789425","","","en","Ondangwa","0","0","0","https://x.com/G_Ndakukamo/status/1893663855554789425","1682551046","G_Ndakukamo"
"1893386517323645198","Sun Feb 23 14:06:55 +0000 2025","0","@StatmanDave Was the Rsshford not in Manchester United before?","1893663833568219200","","StatmanDave","en","Lagos, Nigeria","0","0","0","https://x.com/gomowunmi2011/status/1893663833568219200","342624726","gomowunmi2011"
"1893663732368044426","Sun Feb 23 14:06:31 +0000 2025","7","Your starting 11 for today's game FCUM 0 - CAFC 0 ️️ https://t.co/K8z78qOZGB","1893663732368044426","https://pbs.twimg.com/media/GkelIR2XcAAvelI.jpg","","en","Broadhurst Park, Manchester","0","0","1","https://x.com/FCUnitedWomen/status/1893663732368044426","448387159","FCUnitedWomen"
"1893663698503254436","Sun Feb 23 14:06:22 +0000 2025","1"," Jose Mourinho and Cesc Fabregas convinced player to join Chelsea over Manchester United he won the Premier League a year later | https://t.co/hh5fqccZ5P https://t.co/UiwI84tMHA","1893663698503254436","https://pbs.twimg.com/media/GkelGQ0XMAAC_vp.jpg","","en","","0","0","0","https://x.com/sportsnewsrecap/status/1893663698503254436","1602590018","sportsnewsrecap"
"1893648998902165774","Sun Feb 23 14:06:17 +0000 2025","0","@MadridXtra Hello Manchester United here me out","1893663674746773766","","MadridXtra","en","Kenya","0","0","0","https://x.com/MichaelNyanyuki/status/1893663674746773766","1554053002650058753","MichaelNyanyuki"
"1893663674209796511","Sun Feb 23 14:06:17 +0000 2025","1","#breakingnews #trending #news #usa Every point is huge for Manchester United https://t.co/u5H6fiebWI https://t.co/seSPwKg5Tc","1893663674209796511","https://pbs.twimg.com/media/GkelE8aWwAAUi-m.jpg","","en","","0","0","0","https://x.com/moudak94/status/1893663674209796511","1760357486765207553","moudak94"
"1893663639871078442","Sun Feb 23 14:06:08 +0000 2025","0","Marcus Rashford sends new message after Man United exit and 'huge' Aston Villa impact - Manchester Evening News https://t.co/GfGUz1qyvc","1893663639871078442","","","en","","0","0","0","https://x.com/Sheeraz037/status/1893663639871078442","603680617","Sheeraz037"
"1893663615896424818","Sun Feb 23 14:06:03 +0000 2025","1","Bruno Fernandes goals and assists in every full season at Manchester United across all competitions: 2020/21: 28 goals 18 assists 2021/22: 10 goals 13 assists 2022/23: 14 goals 13 assists 2023/24: 15 goals 13 assists 2024/25: 10 goals 12 assists https://t.co/Y8FlWAbT4w","1893663615896424818","https://pbs.twimg.com/media/GkelA_JXAAAd-x1.jpg","","en","Nigeria","0","0","0","https://x.com/Ibrahee39301295/status/1893663615896424818","1351041901311438849","Ibrahee39301295"
"1893663446702412020","Sun Feb 23 14:05:22 +0000 2025","0","Robin van Persie new job confirmed as ex-Man United star sends perfect appointment message - Manchester Evening News https://t.co/ndu8GnmSQH","1893663446702412020","","","en","","0","0","0","https://x.com/Sheeraz037/status/1893663446702412020","603680617","Sheeraz037"
"1893663444408107193","Sun Feb 23 14:05:22 +0000 2025","0","This is Manchester United fans in a nutshell.","1893663444408107193","","","en","Downtown","0","0","0","https://x.com/thedonkillem/status/1893663444408107193","1623663304597028866","thedonkillem"
"1893663358877843467","Sun Feb 23 14:05:01 +0000 2025","0","Always a blessing when Manchester United lose or draw","1893663358877843467","","","en","https://goallinefootballdotcom","0","0","0","https://x.com/goallinefootba1/status/1893663358877843467","1867272581180542976","goallinefootba1"
"1893576392098378142","Sun Feb 23 14:04:57 +0000 2025","17","@user801456 @FCal37 @CalDC1878 @mark_robinson_ You are a fool for thinking all Manchester United fans come from Manchester.","1893663341706395997","","user801456","en","","0","1","0","https://x.com/Omwedede/status/1893663341706395997","523577538","Omwedede"
"1893521202343186936","Sun Feb 23 14:03:42 +0000 2025","0","@Aashish_Shukla7 Join a shitshow. It s fucking Manchester united irrespective of past results","1893663024403132890","","Aashish_Shukla7","en","","0","0","0","https://x.com/LsauceX/status/1893663024403132890","1292888342581846016","LsauceX"
"1893661734566502525","Sun Feb 23 14:03:30 +0000 2025","0","@markgoldbridge And he learned how to dive at Manchester United!","1893662975237456028","","markgoldbridge","en","Paisley Park ","0","0","0","https://x.com/RKSA009/status/1893662975237456028","1798668321224790017","RKSA009"
"1893609853131673764","Sun Feb 23 14:02:00 +0000 2025","0","@UTDTrey Manchester United fans thought this is not an embarrassment but after more than a decade without any UCL trophy &amp; League Title it s became normal for them to be at 15th. Understandable. But why they still talked about title charge in every season a bit confusing. Delusional. https://t.co/W345Ox1Wbe","1893662597439778962","https://pbs.twimg.com/media/GkekF_CbYAAOoPB.jpg","UTDTrey","en","Selangor, Malaysia","0","0","0","https://x.com/AbrazakYaacob/status/1893662597439778962","3427386651","AbrazakYaacob"
"1893460070643491253","Sun Feb 23 14:01:45 +0000 2025","0","@MUFCZone1878 @FabrizioRomano Why do that to one of your own?? Its Manchester United that's broken not Marcus rashford leave the kid alone.","1893662535087165469","","MUFCZone1878","en","","0","0","0","https://x.com/higgy45537357/status/1893662535087165469","1303725916800065537","higgy45537357"
"1893492965214990578","Sun Feb 23 14:01:17 +0000 2025","0","@mkainerugaba Manchester united","1893662417197863353","","mkainerugaba","en","Nairobi, Kenya","0","0","0","https://x.com/WayneWe24952922/status/1893662417197863353","1617539284826718208","WayneWe24952922"
"1893662354572714303","Sun Feb 23 14:01:02 +0000 2025","95","Newcastle United vs Nottingham Forest Manchester City vs Liverpool FC My predictions: - Haaland scoring penalty as usual - Mo Salah scoring a tap in to save his name - Foden and Bernardo Silva flops - Liverpool and City draw 2-2 - Pep Guardiola Out shouts again #MCILIV https://t.co/mT5tKDEXjs","1893662354572714303","https://pbs.twimg.com/ext_tw_video_thumb/1893662341792698368/pu/img/r65QIO8yS5AhKn7k.jpg","","en","","0","49","22","https://x.com/Fedricogoat/status/1893662354572714303","1780852752165601280","Fedricogoat"
"1893662304203325721","Sun Feb 23 14:00:50 +0000 2025","2","Manchester United haunting me everywhere I go https://t.co/wBsef3W5CV","1893662304203325721","https://pbs.twimg.com/media/Gkejzq8WcAANwJY.jpg","","en","Sandton, South Africa","0","0","0","https://x.com/ZMureri/status/1893662304203325721","2700285814","ZMureri"
"1893662130898874775","Sun Feb 23 14:00:09 +0000 2025","0","Poor Manchester United get back up off the canvas to earn share of spoils https://t.co/tbMJrcukhJ","1893662130898874775","","","en","Ireland","0","0","0","https://x.com/IndoSport/status/1893662130898874775","259427014","IndoSport"
"1893662096786686398","Sun Feb 23 14:00:01 +0000 2025","2","Access control will help you track events in your office. Call us now for installation. Arsenal #EVEMUN Everton Arteta Chebukati Manchester United West Ham #ARSWHU Nkunku #MasculinitySaturday Chelsea #BerlinHealingService Odegaard Kudus Onana JKIA https://t.co/mMrBm5MUap","1893662096786686398","https://pbs.twimg.com/media/GkauMwAXkAAmMVm.jpg","","en","Nairobi, Kenya","0","0","1","https://x.com/noman_EC/status/1893662096786686398","1424625643078172675","noman_EC"
"1893662095901602120","Sun Feb 23 14:00:00 +0000 2025","33","What one Manchester United player secretly told AEK Athens to do to immediately unleash Anthony Martial ⬇️ https://t.co/NENxj2j0OD","1893662095901602120","","","en","contact@utddistrict.co.uk","0","0","1","https://x.com/UtdDistrict/status/1893662095901602120","1230516935072321537","UtdDistrict"
"1893662094681080097","Sun Feb 23 14:00:00 +0000 2025","15","Manchester United dressing room reaction after late Everton drama speaks volumes #MUFC https://t.co/KIeqAF43oo","1893662094681080097","","","en","Manchester, UK","0","1","1","https://x.com/ManUtdMEN/status/1893662094681080097","57299064","ManUtdMEN"
"1893662093917688019","Sun Feb 23 14:00:00 +0000 2025","3108","Pinpoint accuracy from @B_Fernandes8 #MUFC || #PL","1893662093917688019","","","en","United Store 🛍️➡️","10","85","242","https://x.com/ManUtd/status/1893662093917688019","558797310","ManUtd"
"1893662067309133928","Sun Feb 23 13:59:54 +0000 2025","0","One day Manchester United will start rebuilding piece by piece one player at a time. We may not see it happening but maybe it has already begun. And someday we will look back and realize that this was the turning point the team that sparked our return to success.","1893662067309133928","","","en","Nairobi, Kenya","0","0","0","https://x.com/EconomistMakori/status/1893662067309133928","2988098392","EconomistMakori"
"1893495083304886721","Sun Feb 23 13:59:53 +0000 2025","1","@mkainerugaba Haha General I think you're planning to buy Manchester United with your 'Muhoozi Money'? If we sell all the Rolex watches in Uganda can we afford the Red Devils? Or maybe you're thinking of trading in all the Ugandan chapatis for Old Trafford? https://t.co/KzACTTdbNb","1893662064868028662","https://pbs.twimg.com/media/GkejnLMW4AE3ZMR.jpg","mkainerugaba","en","","0","0","0","https://x.com/GodfreyBro17224/status/1893662064868028662","1868362676646076416","GodfreyBro17224"
"1893661846445477927","Sun Feb 23 13:59:01 +0000 2025","0","https://t.co/TQv8US4iyI My second blog on Manchester United player ratings vs Everton!! #MUFC #EVEMUN","1893661846445477927","","","en","Mars","0","0","0","https://x.com/PrasitBanerjee/status/1893661846445477927","331682590","PrasitBanerjee"
"1893661779286454410","Sun Feb 23 13:58:45 +0000 2025","2","wst HELLO ^^ im looking for some interactive moots esp movies football and f1 enthu WHO DONT MIND akun aku hype animanga ‍️ im a manchester united and real madrid fan but all fandom are allowed just leave a trace and i'll hit you 🆙️ minor dni.","1893661779286454410","","","en","RULES ➡️","0","29","0","https://x.com/westenthu/status/1893661779286454410","1291404424250712064","westenthu"
"1893661747292033460","Sun Feb 23 13:58:37 +0000 2025","1","𝗚𝗘𝗧 𝗬𝗢𝗨𝗥 𝗖𝗔𝗟𝗟𝗦 𝗜𝗡! Sports Extra with @Gibsonadetola and @JeremiahOl9 ️ Coming up: Is Ruben Amorim not the man for the Job at Manchester United? EPL reviews and previews #LetsTalk https://t.co/c8uFf7yn1P","1893661747292033460","https://pbs.twimg.com/media/GkejRiNXwAAlBQs.jpg","","en","Jos, Nigeria","0","0","0","https://x.com/jayfmjos/status/1893661747292033460","762990408758681600","jayfmjos"
"1893661672901886109","Sun Feb 23 13:58:20 +0000 2025","0","Ruben Amorim post-match press conference | Everton 2-2 Manchester United https://t.co/DNIvw2vkR3 via @YouTube","1893661672901886109","","","en","","0","0","0","https://x.com/vdwzrd/status/1893661672901886109","226114225","vdwzrd"
"1893551760750301262","Sun Feb 23 13:58:06 +0000 2025","0","@PoojaMedia Na Manchester United wan set Anthony up","1893661615494422921","","PoojaMedia","en","Abuja, Nigeria ","0","0","0","https://x.com/SadiqAdetunbi/status/1893661615494422921","1376908462177783812","SadiqAdetunbi"
"1893661517393846766","Sun Feb 23 13:57:42 +0000 2025","0","[77/78] Leeds United v Manchester City FAC3 Jan 7th 1978 https://t.co/822saYvg4G via @YouTube","1893661517393846766","","","en","Manchester ","0","0","0","https://x.com/Stephen64517752/status/1893661517393846766","1465961817079955469","Stephen64517752"
"1893661461274108124","Sun Feb 23 13:57:29 +0000 2025","0","#SewageJournalism Flush With Standard Arsenal Prof. Kindiki #EVEMUN Justice Based Uganda Setting Record Straight Blessed Sunday Everton #BerlinHealingService #AVLCHE Chebukati #germanymegaword2025 Kasmuel Manchester United West Ham Deputy President Winnie Jackie Adhyambo","1893661461274108124","","","en","Nkubu Town, Meru County 🇰🇪","0","0","0","https://x.com/ephy_young254/status/1893661461274108124","1473534579713662977","ephy_young254"
"1893310959579533788","Sun Feb 23 13:56:36 +0000 2025","2","@Utd_Forever7 @ManUtd @premierleague Building a philosophy &amp; an identity is completely different to building a team. Amorim is a young enthusiastic energetic positive coach who has been dropped into a dark dank environment. It s time this club faced a proper rebuild &amp; stopped papering over the cracks.","1893661239412203744","","Utd_Forever7","en","","0","0","0","https://x.com/_MUTransferNews/status/1893661239412203744","1297241725388435456","_MUTransferNews"
"1893389398504341680","Sun Feb 23 13:56:20 +0000 2025","0","@brfootball All Liverpool Manchester United and Hausa group are for Aston Villa today. Jackie Adhyambo","1893661172030730704","","brfootball","en","Nairobi, Kenya","0","0","0","https://x.com/Ja_Macalder/status/1893661172030730704","946804508453195776","Ja_Macalder"
"1893656740576563553","Sun Feb 23 13:56:18 +0000 2025","0","@Szobolfc08 Manchester United destroyed him","1893661162329215008","","Szobolfc08","en","Gets quality jerseys here 👇🏼","0","0","0","https://x.com/_Leejn1/status/1893661162329215008","1488511308651708416","_Leejn1"
"1893661151365365823","Sun Feb 23 13:56:15 +0000 2025","0","Man Utd problems 'caused by Alex Ferguson' believe Ratcliffe and INEOS https://t.co/ZyGjGnHFQb","1893661151365365823","","","en","Manchester","0","0","0","https://x.com/ManUnitedDailyX/status/1893661151365365823","1863856375656275968","ManUnitedDailyX"
"1893661130762981822","Sun Feb 23 13:56:10 +0000 2025","6","You have to accept cookies before you see Manchester United https://t.co/5PtBR2gr6n","1893661130762981822","https://pbs.twimg.com/media/GkeiwufXcAA3nsm.jpg","","en","United Kingdom","0","1","2","https://x.com/Kwabenalovesama/status/1893661130762981822","65003718","Kwabenalovesama"
"1893661098831745166","Sun Feb 23 13:56:03 +0000 2025","42","Just rewatching our game yesterday and I understand that You can say what you want about Bruno Fernandes but one thing is clear when the ref blows against Manchester United he stands up. The free-kick that led to a goal he ran to the ref and commanded a handball. United were https://t.co/7OWr5Ed0ag","1893661098831745166","https://pbs.twimg.com/media/GkeiucMXYAAxHI7.jpg","","en","","0","54","1","https://x.com/tweetgarnacho/status/1893661098831745166","1627609480111312897","tweetgarnacho"
"1893601384617869320","Sun Feb 23 13:55:42 +0000 2025","0","@Wizarab10 @Hausa_girl @egi_nupe___ In Hausa dog and hen always fight over food. Janet Manchester United Korra Riggy G https://t.co/IeQlgl1EE0","1893661013800542488","https://pbs.twimg.com/ext_tw_video_thumb/1893660872968372224/pu/img/YJQGi819WcHPS4t7.jpg","Wizarab10","en","Nairobi, Kenya","0","0","0","https://x.com/Ja_Macalder/status/1893661013800542488","946804508453195776","Ja_Macalder"
"1893604421726003545","Sun Feb 23 13:55:33 +0000 2025","0","@Chibuike_Canada 3-2 LIverpool 3- Manchester United-2","1893660975468863886","","Chibuike_Canada","en","Turning coffee into design ","0","0","0","https://x.com/XyxDust2026/status/1893660975468863886","1841540140373532672","XyxDust2026"
"1893597274615242971","Sun Feb 23 13:55:32 +0000 2025","0","@AmorimEra_ @gregpmanchester Ashley Young is synonymous with diving. He dived on countless occasions when he was a Manchester United player.","1893660970662146441","","AmorimEra_","en","Svengali Delta","0","0","0","https://x.com/efe_okedi/status/1893660970662146441","843485299","efe_okedi"
"1893660928299635052","Sun Feb 23 13:55:22 +0000 2025","2","Manchester United must go for Victor Osimhen!!! His speed strength and lethal finishing are exactly what our attack needs https://t.co/5wwZQM6WQr","1893660928299635052","https://pbs.twimg.com/ext_tw_video_thumb/1893660726683652096/pu/img/WxkxtswlhR-loZDr.jpg","","en","","1","0","0","https://x.com/90minUnited/status/1893660928299635052","1886865329240072195","90minUnited"
"1893657473774444785","Sun Feb 23 13:55:10 +0000 2025","0","@Gotoxytop2 Manchester United vibes","1893660876105720114","","Gotoxytop2","en","Somewhere on Earth","0","0","0","https://x.com/ChirchiraBacha/status/1893660876105720114","2467808318","ChirchiraBacha"
"1893335389353529683","Sun Feb 23 13:55:02 +0000 2025","0","@_elvis_simons Don t support Manchester United I am a fun but won t recommend for non of you","1893660846376570897","","_elvis_simons","en","","0","0","0","https://x.com/IsaacFr800/status/1893660846376570897","1600569507398959107","IsaacFr800"
"1893310959579533788","Sun Feb 23 13:54:25 +0000 2025","0","@Utd_Forever7 @ManUtd @premierleague As a Manchester United fan he has to stay","1893660687500505179","","Utd_Forever7","en","","0","0","0","https://x.com/RodonIsDaddy/status/1893660687500505179","1802498651807211520","RodonIsDaddy"
"1893659112908435742","Sun Feb 23 13:54:08 +0000 2025","0","@ammandev The only experts are the ","1893660616516063474","","ammandev","en","","0","0","0","https://x.com/joshuarohitshar/status/1893660616516063474","1357084050","joshuarohitshar"
"1893660572211707930","Sun Feb 23 13:53:57 +0000 2025","0","Focus on Marcus Rashford football club not Manchester United","1893660572211707930","","","en","You don't wanna know.. ","0","0","0","https://x.com/UTDSanta/status/1893660572211707930","1348418400838705154","UTDSanta"
"1893552770843595083","Sun Feb 23 13:53:47 +0000 2025","0","@itsMJ_Ke Focus on Marcus Rashford football club not Manchester United","1893660530939682819","","itsMJ_Ke","en","You don't wanna know.. ","0","0","0","https://x.com/UTDSanta/status/1893660530939682819","1348418400838705154","UTDSanta"
"1893660462228689072","Sun Feb 23 13:53:31 +0000 2025","1","City getting plenty of hate lately. It's all part of being a successful winning team. Liverpool &amp; United have had it previously for many years from rival fans outside Liverpool Manchester London &amp; Ireland.","1893660462228689072","","","en","","0","2","0","https://x.com/MarkWri89827544/status/1893660462228689072","1521750033833639942","MarkWri89827544"
"1893646667305341405","Sun Feb 23 13:53:21 +0000 2025","2","@GBNEWS He was the best manager that Manchester United ever had in modern history united scored so many goals against their rivals until sir Alex had to retire because of heart issues since he left the club has failed to win a sausage they can t even win the most crappie Manchester City","1893660422785438044","","GBNEWS","en","","0","0","0","https://x.com/juejue67/status/1893660422785438044","1866365849881210880","juejue67"
"1893584535712940323","Sun Feb 23 13:52:37 +0000 2025","3","@mkfootballgr8 @DougieCritchley Or maybe playing for Manchester United is slightly more difficult than playing for West Ham. Shirt is too heavy for certain players and that s ok. The only problem was that he wasn t good enough on the ball for United. You expect more for £50m","1893660235895591238","","mkfootballgr8","en","","0","1","0","https://x.com/macmark888/status/1893660235895591238","1809932573906464768","macmark888"
"1893653567359131651","Sun Feb 23 13:51:59 +0000 2025","2","@Advitiya2907 @Flickhatesxavi Amorim at Manchester United where there's more pressure because they're a Bigger Club. He with a worse squad has beaten 2 Big Teams already too so why can't Maresca?","1893660078336565527","","Advitiya2907","en","","0","2","0","https://x.com/CFCZeno/status/1893660078336565527","1846429710215008256","CFCZeno"
"1893659912229593232","Sun Feb 23 13:51:33 +0000 2025","5","Lionel Messi had Manchester United on strings https://t.co/6zUwiDOj0i","1893659969808945454","https://pbs.twimg.com/amplify_video_thumb/1382995126876839937/img/TlwgOEsWtXc_W3ko.jpg","LSPN__FC","en","","0","1","0","https://x.com/LSPN__FC/status/1893659969808945454","1598299559641624576","LSPN__FC"
"1893586390811652415","Sun Feb 23 13:50:52 +0000 2025","0","@dudubody Burna boy Maldini Manchester United","1893659796429037731","","dudubody","en","","0","0","0","https://x.com/Westtyy7/status/1893659796429037731","1882850044560506880","Westtyy7"
"1893659719476158812","Sun Feb 23 13:50:34 +0000 2025","0","Manchester United @ManUtd there is need to sign Oihan Sancet and Niko Williams from Athletico Bilbao #ManchesterUnited","1893659719476158812","","","en","","0","0","0","https://x.com/Cashberry5/status/1893659719476158812","1125735324062224384","Cashberry5"
"1893659499686175021","Sun Feb 23 13:49:41 +0000 2025","0","Manchester United is too sexy for the media they will write anything about us when we lose but they can't write and eating when we win. Everyone says we are finished and a bottom team but we will always be a big club that won the Premier League 20 times.","1893659499686175021","","","en","Tanah Anarki","0","0","0","https://x.com/cursedfatkid/status/1893659499686175021","272840915","cursedfatkid"
"1893654883363881399","Sun Feb 23 13:49:39 +0000 2025","2","@MUFC_VoR Very concerning. He s not a manager of a Sunday league team he s the head coach of Manchester United. Can you imagine the reaction if he said that as head coach at Barcelona Real Madrid PSG or any other big club ... shocking.","1893659489636589993","","MUFC_VoR","en","","0","0","0","https://x.com/Shylo_4/status/1893659489636589993","1641793599862894594","Shylo_4"
"1893643129636430104","Sun Feb 23 13:49:25 +0000 2025","1","@footylegends I know but broken now. Moving forward!","1893659431054848459","","footylegends","en","Salford Lads Club","0","0","0","https://x.com/MUFC_disco/status/1893659431054848459","1863692733698670592","MUFC_disco"
"1893659410154627573","Sun Feb 23 13:49:20 +0000 2025","0","Reading all what Raphael Varane said about Erik Ten Hag shows that Cristiano Ronaldo was singled out for his mission of supremacy. But it backfired on him in the end. That man ru!n Manchester United &amp; Ruben Amorim is mixed in the mess","1893659410154627573","","","en","Nigeria ","0","0","0","https://x.com/RichKonnet/status/1893659410154627573","1656454849951571968","RichKonnet"
"1893659372993036367","Sun Feb 23 13:49:11 +0000 2025","6","There were also zero replays of the countless actions of shirt pulling in the Everton box on Maguire specifically at numerous set plays for any sort of balance. But it s @BBCMOTD it s @GaryLineker it s @alanshearer and more to the point it s Manchester Utd. They despise us.","1893659372993036367","","","en","England, United Kingdom","0","0","1","https://x.com/Mike87_United/status/1893659372993036367","1534120855","Mike87_United"
"1893659233792536909","Sun Feb 23 13:48:38 +0000 2025","7","Warm up underway FCUM V CREWE ALEX ️️ https://t.co/lvuT9hBtVm","1893659233792536909","https://pbs.twimg.com/media/GkehCZRXoAAE5dv.jpg","","en","Broadhurst Park, Manchester","0","0","0","https://x.com/FCUnitedWomen/status/1893659233792536909","448387159","FCUnitedWomen"
"1893658920788336895","Sun Feb 23 13:47:23 +0000 2025","0","Good luck Manchester United's legend ️","1893658920788336895","","","en","","0","0","0","https://x.com/shsfik22549/status/1893658920788336895","1876078956123967488","shsfik22549"
"1893658884604105023","Sun Feb 23 13:47:15 +0000 2025","10","McFred are both in title races in Italy and Türkiye. Dan James is 1st with Leeds and has 16 g/a in the Championship. United fans don't know what they had Vibes FC flourishing away from miserable Manchester","1893658884604105023","","","en","","0","1","0","https://x.com/ChevezRomario/status/1893658884604105023","1684891908651298816","ChevezRomario"
"1893658715565260915","Sun Feb 23 13:46:34 +0000 2025","0","Man Utd loanee Marcus Rashford's behaviour at Aston Villa reviewed after 'ridiculous' text #MUFC https://t.co/oeqAU8S0yY","1893658715565260915","","","en","contact@sportsrooter.com","0","0","0","https://x.com/ManUtdRooter/status/1893658715565260915","1304508401016172545","ManUtdRooter"
"1893658705922756781","Sun Feb 23 13:46:32 +0000 2025","1","Bruno Fernandes says Manchester United need to demand more after Everton draw https://t.co/7mW5MzObxR","1893658705922756781","","","en","London, England","0","0","0","https://x.com/Independent/status/1893658705922756781","16973333","Independent"
"1893655039584923680","Sun Feb 23 13:46:01 +0000 2025","0","@ammandev Exactly are either we give some of those young upcoming academy players who can fit in Ruben Amorim system tht would be great for us Manchester United fans","1893658576016539783","","ammandev","en","","0","0","0","https://x.com/OliverDavy80744/status/1893658576016539783","1788040073096626177","OliverDavy80744"
"1893387104618442808","Sun Feb 23 13:45:54 +0000 2025","1","@PeterWithe4 @BluesWillly Can't compete with your wit here lad. But I'll let you know that winning 60% of your league and fa cups before Manchester United was even a thing isn't quite the flex you think it is. It's irrelevant like you and your silly little words ","1893658546727784828","","CMatthews15971","en","","0","1","0","https://x.com/CMatthews15971/status/1893658546727784828","1712891090833920000","CMatthews15971"
"1893396742592143503","Sun Feb 23 13:45:33 +0000 2025","0","@Jimi1ngram4 @utdyoda Manchester United the only club where fans will abuse Rashford and stay queit while holjlund drops back to back to back disaster class","1893658456030101964","","Jimi1ngram4","en","","1","1","0","https://x.com/sven_n27/status/1893658456030101964","1681406981557370887","sven_n27"
"1893308995818942923","Sun Feb 23 13:45:29 +0000 2025","0","@Barry1878 You need to get down Rooneys solicitors first thing tomorrow morning and get a compo claim in for your mental trauma suffered. It s absolutely scandalous the way the premier league and especially Manchester United torment you poor blue scousers.","1893658439466807453","","Barry1878","en","M16 0RA","0","0","0","https://x.com/gerryrb/status/1893658439466807453","1772416992982474752","gerryrb"
"1893658427198484601","Sun Feb 23 13:45:26 +0000 2025","0","Can t say this often enough Manchester United is a toxic shithole created by the Glazer Family. Nothing can thrive in what they ve created. At this point as a human being I hope all the players leave and thrive in better environments.","1893658427198484601","","","en","Cape Town, South Africa","0","0","0","https://x.com/NaidooTrivolin/status/1893658427198484601","78942320","NaidooTrivolin"
"1893651886718251397","Sun Feb 23 13:45:08 +0000 2025","0","@Sammie_kreative Discussing the loss of Chelsea and draw of Manchester United","1893658351889686543","","Sammie_kreative","en","Nairobi, Kenya","0","0","0","https://x.com/Hypes1997/status/1893658351889686543","907173513299193856","Hypes1997"
"1893658318771835302","Sun Feb 23 13:45:00 +0000 2025","0","Sir Jim Ratcliffe's INEOS group are reportedly tired of hearing about Manchester United s past under Sir Alex Ferguson Read more ⬇️ https://t.co/XKW6J6f3fv #PulseSportsNigeria https://t.co/XKW6J6f3fv","1893658318771835302","","","en","Nigeria","0","0","0","https://x.com/PulseSportsNG/status/1893658318771835302","1219510403744530432","PulseSportsNG"
"1893599014169227299","Sun Feb 23 13:44:33 +0000 2025","1","@_broke_boy_ @TrollFootball Liverpool 19 the premier League Manchester United 19 the premier League The premier League 2025 is the Liverpool win the 20 is th¹","1893658206791987527","","_broke_boy_","en","الأمة العربية ","0","1","0","https://x.com/YAHIA_T20_06S/status/1893658206791987527","1486343825572388864","YAHIA_T20_06S"
"1893649657680580923","Sun Feb 23 13:44:29 +0000 2025","0","@centredevils He should leave Manchester United and join a proper team","1893658187963793488","","centredevils","en","Worldwide","0","0","0","https://x.com/mysportdabb/status/1893658187963793488","752094302","mysportdabb"
"1893299906846048704","Sun Feb 23 13:44:15 +0000 2025","0","@nonewthing We re not blind. He s been shit all through. No straight head Manchester United fan should be happy with us being shit appreciate lazy players or mediocrity that put us in 15th. 2 assists won t change the facts that he s awful even the current (United) squad are","1893658129453265031","","nonewthing","en","Ghana","0","0","0","https://x.com/Twentieone_c/status/1893658129453265031","1573810164112805892","Twentieone_c"
"1893416946256793957","Sun Feb 23 13:44:10 +0000 2025","0","@terryflewers One involves Manchester United. One doesn't involve Manchester United. So one is irrelevant","1893658110654308439","","terryflewers","en","","0","0","0","https://x.com/davidemcdanger/status/1893658110654308439","481543974","davidemcdanger"
"1893286570192453643","Sun Feb 23 13:44:09 +0000 2025","0","@JezzaUtd Or Onana ruined his career by joining career ending club Manchester United ","1893658106522968389","","JezzaUtd","en","Limbe, Cameroon","0","0","0","https://x.com/Louis_JR_7/status/1893658106522968389","1732672711892008960","Louis_JR_7"
"1893366276048683345","Sun Feb 23 13:42:37 +0000 2025","0","@FreddyQuinne Wrong checked badge made sure payment went through awarded Man U a life line. Everyone saw it and knows Manchester United can t win without the refs help. They still couldn t win crooks","1893657721171263944","","FreddyQuinne","en","","0","0","0","https://x.com/blurrye82018921/status/1893657721171263944","1267659392083791873","blurrye82018921"
"1893265732302954611","Sun Feb 23 13:42:27 +0000 2025","0","@Football__Tweet Jersey FC Ilford FC Manchester United Manchester City Yeovil Town Southampton Augsburg FC Villareal Ipswich Town Leeds United Leicester City Eastbourne Town FC","1893657677756051513","","Football__Tweet","en","","0","0","0","https://x.com/MatthewMur27764/status/1893657677756051513","1691837506013036544","MatthewMur27764"
"1893657951555944685","Sun Feb 23 13:43:32 +0000 2025","0","Juventus Inter Milan Manchester City Manchester United Yeovil Town","1893657951555944685","","","en","Town","0","0","0","https://x.com/JimmyGilbert03/status/1893657951555944685","1099308136580767744","JimmyGilbert03"
"1893657751034749348","Sun Feb 23 13:42:44 +0000 2025","0","Ghana or Manchester United?","1893657751034749348","","","en","221 𝐁 𝐁𝐫𝐞𝐚𝐝 𝐒𝐭𝐫𝐞𝐞𝐭","0","1","0","https://x.com/KobbyKiko/status/1893657751034749348","3346834353","KobbyKiko"
"1893657376047177839","Sun Feb 23 13:41:15 +0000 2025","0","I think its Bye Bye Pakistan from Champions League And Bangladeshis are following tomorrow #INDvPAK","1893657376047177839","","","en","Kolkata, India","0","0","0","https://x.com/Santanu14081988/status/1893657376047177839","592718628","Santanu14081988"
"1893657372385575394","Sun Feb 23 13:41:14 +0000 2025","0","What a weekend in the Premier League football. Manchester United draw against Everton Arsenal Lost against West Ham and Chelsea Lost against Aston Villa. Manchester City and Liverpool playing against each other.","1893657372385575394","","","en","Nairobi, Kenya","0","0","0","https://x.com/shemondara1/status/1893657372385575394","1179067067401682950","shemondara1"
"1893383298321109112","Sun Feb 23 13:41:12 +0000 2025","0","@MaameAmaAdomah Manchester United ","1893657363212603527","","MaameAmaAdomah","en","","0","0","0","https://x.com/originalblaque/status/1893657363212603527","1627039279720574976","originalblaque"
"1893657286721036398","Sun Feb 23 13:40:54 +0000 2025","0","MIKE KEEGAN: Inside Ineos' plan for Manchester United's future https://t.co/mFNDpxs0y9","1893657286721036398","","","en","","0","0","0","https://x.com/conc97588/status/1893657286721036398","1874916676510130176","conc97588"
"1893645400805945548","Sun Feb 23 13:40:33 +0000 2025","0","@IyamuIzuwa Manchester United 2 Liverpool 1","1893657200104538234","","IyamuIzuwa","en","Lagos Nigeria","0","0","0","https://x.com/sarahslim16/status/1893657200104538234","419135705","sarahslim16"
"1893656978792075330","Sun Feb 23 13:39:40 +0000 2025","0","Former Manchester United and Arsenal player Robin van Persie has joined Dutch club Feyenoord as head coach https://t.co/uDGzVY9WN6","1893656978792075330","https://pbs.twimg.com/media/Gkee_JXX0AEO6EJ.jpg","","en","Nairobi ,Kenya","0","0","0","https://x.com/EdwinHinda/status/1893656978792075330","1194139830877409280","EdwinHinda"
"1893656958462284021","Sun Feb 23 13:39:35 +0000 2025","0","Get your officially licensed Manchester United soccer gear! https://t.co/D9sv0RENmz","1893656958462284021","","","en","amazonアソシエイト参加中","0","0","0","https://x.com/vansj97/status/1893656958462284021","373626480","vansj97"
"1893656838865899813","Sun Feb 23 13:39:07 +0000 2025","1","Imagine being a Pakistani Manchester United fan.","1893656838865899813","","","en","","1","0","0","https://x.com/Jonjo_Scenes/status/1893656838865899813","1688948633256030208","Jonjo_Scenes"
"1893648587583590563","Sun Feb 23 13:39:07 +0000 2025","0","@AmorimEra_ @UnitedPeoplesTV He's a Manchester united player","1893656837460775142","","AmorimEra_","en","Somewhere unknown ","0","0","0","https://x.com/bamwinejr/status/1893656837460775142","1623430238154768385","bamwinejr"
"1893656760457544099","Sun Feb 23 13:39:06 +0000 2025","66","Manchester United have never lost a home game when leading at halftime since 1984 and a special thanks to Amrabat for saving that last season ️ https://t.co/3pX8v7uolf","1893656835371958402","https://pbs.twimg.com/media/Gkee2vfWYAAOmMh.jpg","Garnacho__utd","en","","0","1","5","https://x.com/Garnacho__utd/status/1893656835371958402","1422886707217772544","Garnacho__utd"
"1893656760457544099","Sun Feb 23 13:39:05 +0000 2025","66","Longest unbeaten run by an English club in the UEFA Champions League From 2007-2009 Manchester United went 25 games unbeaten in the UEFA Champions League. https://t.co/2OOi2jqdF7","1893656828677943442","https://pbs.twimg.com/media/Gkee2QyWAAAsrP0.jpg","Garnacho__utd","en","","0","1","3","https://x.com/Garnacho__utd/status/1893656828677943442","1422886707217772544","Garnacho__utd"
"1893656760457544099","Sun Feb 23 13:39:02 +0000 2025","51","Most Premier League titles - 13 Manchester United have won the Premier League title (in the Premier League era) for a record 13 times. No other club has won more than 7. https://t.co/3LG7xJRvva","1893656819815325738","https://pbs.twimg.com/media/Gkee1rrXsAA63ip.jpg","Garnacho__utd","en","","0","2","2","https://x.com/Garnacho__utd/status/1893656819815325738","1422886707217772544","Garnacho__utd"
"1893656760457544099","Sun Feb 23 13:38:57 +0000 2025","62","Invincible away from home Manchester United holds the record of longest unbeaten run away from home. https://t.co/ACZbM7MuCD","1893656796717334801","https://pbs.twimg.com/media/Gkee0c7X0AAFLgC.jpg","Garnacho__utd","en","","0","1","4","https://x.com/Garnacho__utd/status/1893656796717334801","1422886707217772544","Garnacho__utd"
"1893656760457544099","Sun Feb 23 13:38:53 +0000 2025","89","Longest run without conceding a goal (1 113 minutes) In 2008/09 season Manchester United goalkeeper Edwin van der Sar kept 14 clean sheets in a row between November 15 to February 18 totally over 1 100 minutes https://t.co/8ZwtC5wMmN","1893656782167240735","https://pbs.twimg.com/media/GkeezmnWoAANixA.jpg","Garnacho__utd","en","","0","1","3","https://x.com/Garnacho__utd/status/1893656782167240735","1422886707217772544","Garnacho__utd"
"1893656760457544099","Sun Feb 23 13:38:50 +0000 2025","90","Manchester United have now had at least one Academy graduate in every matchday squad for 𝟖𝟕 𝐲𝐞𝐚𝐫𝐬 dating back to 30 October 1937. YOUTH. COURAGE. SUCCESS. https://t.co/yhIIrYuuFT","1893656767847956966","https://pbs.twimg.com/media/GkeeyxGXcAEtB4x.jpg","Garnacho__utd","en","","0","1","3","https://x.com/Garnacho__utd/status/1893656767847956966","1422886707217772544","Garnacho__utd"
"1893656760457544099","Sun Feb 23 13:38:48 +0000 2025","994","Records held by Manchester United Football Club that may never be broken A Thread https://t.co/vqvHiGlTUA","1893656760457544099","https://pbs.twimg.com/media/GkeeyXBXEAAIzAO.jpg","","en","","3","9","41","https://x.com/Garnacho__utd/status/1893656760457544099","1422886707217772544","Garnacho__utd"
"1893656740576563553","Sun Feb 23 13:38:44 +0000 2025","4","ZLATAN IBRAHIMOVIC is the last striker to enjoy Paul Pogba's Manchester United's version. https://t.co/G573qFmywI genius ","1893656740576563553","https://pbs.twimg.com/ext_tw_video_thumb/1821235862115352576/pu/img/ByIekRZWrzUipGTB.jpg","","en","Gets quality jerseys here 👇🏼","0","3","0","https://x.com/_Leejn1/status/1893656740576563553","1488511308651708416","_Leejn1"
"1893629967038025945","Sun Feb 23 13:38:38 +0000 2025","0","@teadrinker68 @scousescott @GiuliaBould No United fans are from Manchester","1893656718875218196","","teadrinker68","en","Red Cartel HQ ","0","0","0","https://x.com/_Nev20x/status/1893656718875218196","3147464061","_Nev20x"
"1893604421726003545","Sun Feb 23 13:38:31 +0000 2025","0","@Chibuike_Canada Liverpool 1 vs 2 Manchester United #MCILIV #PremierLeague #Salah","1893656690010042541","","Chibuike_Canada","en","Ibadan, Nigeria","0","0","0","https://x.com/peter6214393503/status/1893656690010042541","1783685950314352640","peter6214393503"
"1893640806856048923","Sun Feb 23 13:38:13 +0000 2025","0","@ChelseaFC Nice one keep it","1893656611014467765","","ChelseaFC","en","Manchester, England","0","0","0","https://x.com/Enjoy6754/status/1893656611014467765","1045809878361665542","Enjoy6754"
"1893647396699070895","Sun Feb 23 13:38:12 +0000 2025","0","@Biyo_lar About the whole rashford and Manchester United issue","1893656607499731146","","Biyo_lar","en","Nigeria 🇳🇬🇳🇬🇳🇬","0","0","0","https://x.com/lawddemis/status/1893656607499731146","1155984244780535808","lawddemis"
"1893382082065244240","Sun Feb 23 13:38:11 +0000 2025","0","@umirf1 U talking about Manchester United?","1893656605952000295","","umirf1","en","1st World","0","0","0","https://x.com/doubleR_05/status/1893656605952000295","982998224616112128","doubleR_05"
"1893323150458314937","Sun Feb 23 13:38:03 +0000 2025","0","@PlannedMuzukulu Why fine girl like you de support Manchester United.. ?","1893656572263379254","","PlannedMuzukulu","en","Lagos, Nigeria","0","0","0","https://x.com/EkemaE93382/status/1893656572263379254","1672919516962078725","EkemaE93382"
"1893656535533838550","Sun Feb 23 13:37:55 +0000 2025","0","Real Madrid are set to enter the race for RB Leipzig defender Castello Lukeba who is also of interest to Liverpool Chelsea and Manchester United. https://t.co/I9dfn555Lm","1893656535533838550","https://pbs.twimg.com/media/GkeelDfWYAYGdKw.jpg","","en","Doha, Qatar","0","0","0","https://x.com/alkassenglish/status/1893656535533838550","435882602","alkassenglish"
"1893656414922436750","Sun Feb 23 13:37:26 +0000 2025","0","Sometimes it feels overdone. Pakistan losing again is painful for Pakistanis. But somehow it feels deadly to Bangladeshis . #INDvPAK https://t.co/BI0LiPmGsI","1893656414922436750","https://pbs.twimg.com/tweet_video_thumb/Gkeed0vXkAAjQnR.jpg","","en","Kolkata, India","0","0","0","https://x.com/Santanu14081988/status/1893656414922436750","592718628","Santanu14081988"
"1893656369758138832","Sun Feb 23 13:37:15 +0000 2025","659","6️⃣ #WSL wins on the bounce #MUWomen https://t.co/dKhzyb1gFi","1893656369758138832","https://pbs.twimg.com/media/GkeeYKmWYAARCyb.jpg","","en","United Store 🛍️➡️","0","3","45","https://x.com/ManUtdWomen/status/1893656369758138832","977180963846443013","ManUtdWomen"
"1893551760750301262","Sun Feb 23 13:37:14 +0000 2025","1","@PoojaMedia Manchester United wan set am up for Spain","1893656363093438869","","PoojaMedia","en","Earth","0","0","0","https://x.com/Genedprof/status/1893656363093438869","1143537949490987008","Genedprof"
"1893656343237570605","Sun Feb 23 13:37:09 +0000 2025","1","United a club who nurtured him paid him protected him gave him everything made him should be punished for the way they treated Rashford. Ladies and Gentlemen Manchester United fans.","1893656343237570605","","","en","South Chicago Heights, IL","0","0","0","https://x.com/HansLandaQ/status/1893656343237570605","1741292482636242945","HansLandaQ"
"1893656221023924369","Sun Feb 23 13:36:40 +0000 2025","5","Need IPTV for Premier League Matches? D.M or WA Now for Quick Setup. 🇬🇧 EVERTON FC vs MANCHESTER UNITED","1893656221023924369","","","en","United Kingdom","0","12","6","https://x.com/8k_IpTvsetups/status/1893656221023924369","1440817422","8k_IpTvsetups"
"1893642210945470888","Sun Feb 23 13:36:39 +0000 2025","0","@HyginusEke5736 @AVFCOfficial Manchester united 15th Chelsea lost Arsenal lost 3 dead teams in a diff. way and this is from someone wishing Arsenal only the best Aterta what a shameless man Have trolled both chelsea and Manchester United since yesterday but am still mad","1893656220088561732","","HyginusEke5736","en","","0","0","0","https://x.com/s68845192_s/status/1893656220088561732","1597195627162750976","s68845192_s"
"1893656036558487560","Sun Feb 23 13:35:56 +0000 2025","0"," Exciting Manchester United talent scores superb first senior goal from long range loan teammate impressed | https://t.co/kBYAFptg2Y https://t.co/p4EcMDI6QP","1893656036558487560","https://pbs.twimg.com/media/GkeeITTWUAAtmju.jpg","","en","","0","0","0","https://x.com/sportsnewsrecap/status/1893656036558487560","1602590018","sportsnewsrecap"
"1893624344544264446","Sun Feb 23 13:35:55 +0000 2025","0","@KobbieEra will it affect Manchester United's tittle race?","1893656034968756497","","KobbieEra","en","INDIA","0","0","0","https://x.com/arcoffootball/status/1893656034968756497","1802117530279927808","arcoffootball"
"1893300761624203462","Sun Feb 23 13:35:52 +0000 2025","0","@yabaleftonline Them fit dey yarb one person for the gathering say him no get mind for woman or na Chelsea fans with Manchester united fans","1893656022524314085","","yabaleftonline","en","Nigeria","0","0","0","https://x.com/Mano_hosan/status/1893656022524314085","1829931495047200768","Mano_hosan"
"1893655802461999282","Sun Feb 23 13:35:00 +0000 2025","27","Manchester United cannot ignore come-and-get-me plea from prolific striker who is free | @StevenRailston #mufc https://t.co/1yOuh9q1TX","1893655802461999282","","","en","Manchester, UK","0","8","1","https://x.com/ManUtdMEN/status/1893655802461999282","57299064","ManUtdMEN"
"1893655756446011849","Sun Feb 23 13:34:49 +0000 2025","1","This is the only guy that can bring happiness at Manchester united https://t.co/ICV187K41A","1893655756446011849","https://pbs.twimg.com/media/Gked39PWsAAClJX.jpg","","en","Kampala/Makerere CEDAT","0","0","0","https://x.com/NamugeraJohn/status/1893655756446011849","1245800032684642304","NamugeraJohn"
"1893655664460800192","Sun Feb 23 13:34:27 +0000 2025","0","Indigene of Manchester United","1893655664460800192","","","en","Delta State,Nigeria","0","0","0","https://x.com/Shiwa_Soft/status/1893655664460800192","867433368","Shiwa_Soft"
"1893607736643817750","Sun Feb 23 13:34:04 +0000 2025","0","@WelBeast Supporting Manchester United no that easy","1893655568058909053","","WelBeast","en","Nairobi","0","0","0","https://x.com/elikeyssole/status/1893655568058909053","1175506884255789062","elikeyssole"
"1893655542255550483","Sun Feb 23 13:33:58 +0000 2025","2","I think the appointment of Matthew Donohue to VAR yesterday is absolutely bizarre from greater Manchester and vastly inexperienced for a game on TV between clubs such as United and Everton. You can argue all day about the penalty but a strange call from @FA_PGMOL","1893655542255550483","","","en","Bramhall, United Kingdom","0","1","0","https://x.com/kwhitehead2019/status/1893655542255550483","2344001338","kwhitehead2019"
"1893654514546139286","Sun Feb 23 13:33:33 +0000 2025","1","@Casemiro Happy birthday to our Manchester united CDM Casemiro ️","1893655438022881438","","kauthraMuFc256","en","Uganda","0","0","0","https://x.com/kauthraMuFc256/status/1893655438022881438","1880430146730983424","kauthraMuFc256"
"1893497628643488185","Sun Feb 23 13:33:20 +0000 2025","0","@BalaamAteenyiDr @mkainerugaba @ManUtd The team is Manchester united big up to you MK members","1893655381483692274","","BalaamAteenyiDr","en","","0","0","0","https://x.com/BalamKiiza68035/status/1893655381483692274","1848770120191205376","BalamKiiza68035"
"1893584532260966762","Sun Feb 23 13:33:12 +0000 2025","0","@maziisback 2 2 correct score","1893655348096979005","","maziisback","en","","0","0","0","https://x.com/CHUMAJUSTICE/status/1893655348096979005","1100417079683932162","CHUMAJUSTICE"
"1893497628643488185","Sun Feb 23 13:32:19 +0000 2025","0","@mkainerugaba The team is Manchester united","1893655127363399728","","mkainerugaba","en","","0","0","0","https://x.com/BalamKiiza68035/status/1893655127363399728","1848770120191205376","BalamKiiza68035"
"1893382410236039297","Sun Feb 23 13:31:56 +0000 2025","0","@dewaledew @NealGardner_ Again this is dumb i already said the enviornment of Manchester United their is a lot of deadwood management changes does effect. Every player you see at Manchester can play better than they actually are playing.","1893655032467230980","","dewaledew","en","india","0","1","0","https://x.com/bt21ee01484937/status/1893655032467230980","1742170563362344960","bt21ee01484937"
"1893649762760483298","Sun Feb 23 13:31:37 +0000 2025","1","@DeadlineDayLive Looks like the transfer market is heating up! Real Madrid joining the chase for RB Leipzig's Castello Lukeba alongside Liverpool Chelsea and Manchester United could make for an intense summer showdown. The 22-year-old French centre-back has been turning heads with his pace ","1893654951127110067","","DeadlineDayLive","en","United States","0","0","1","https://x.com/DKH013/status/1893654951127110067","1335519625740738560","DKH013"
"1893655028163838029","Sun Feb 23 13:31:55 +0000 2025","0","Correct Score Predictions Newcastle United vs Nottingham Forest → 3-1 Manchester City vs Liverpool → 2-2 Real Madrid vs Girona → 3-0 Getafe vs Real Betis → 1-1 Real Sociedad vs Leganés → 2-2 AVS vs Sporting CP → 0-3","1893655028163838029","","","en","","0","1","0","https://x.com/xyzpicks/status/1893655028163838029","1893645803303923712","xyzpicks"
"1893383288120549579","Sun Feb 23 13:30:28 +0000 2025","0","@gyaigyimii Just because of this small thing you people are crying. Hmmm don t worry the heavy tears will be dropping soon. Come to Manchester United it s full of broken heart but yet still we never give up.","1893654660621226084","","gyaigyimii","en","","0","0","0","https://x.com/AyamNotnic43164/status/1893654660621226084","1803773383923875840","AyamNotnic43164"
"1893307324191641858","Sun Feb 23 13:30:18 +0000 2025","17","@TyrellKvng You re a Manchester United fan. I would never listen to anything you have to say. You have poor judgment","1893654618858561596","","TyrellKvng","en","Your mind","0","1","0","https://x.com/icemanversace/status/1893654618858561596","1580571514063261696","icemanversace"
"1893653686737412098","Sun Feb 23 13:30:06 +0000 2025","1","@Asensii20 Spin ","1893654570112352381","","Asensii20","en","","0","0","0","https://x.com/Jpaul0011/status/1893654570112352381","1821280360614744064","Jpaul0011"
"1893650678293176467","Sun Feb 23 13:29:52 +0000 2025","1","@JeckovKanani Prices have increased in the United States.","1893654511538819549","","JeckovKanani","en","On my bed ","0","1","0","https://x.com/russophile30/status/1893654511538819549","1161430069","russophile30"
"1893654433566744730","Sun Feb 23 13:29:34 +0000 2025","0","Bruno deserves better from this awful fanbase. I will be here to laugh at all of you when he leaves. You will see that this team is nothing without him. Maybe i will hang up my support boots as a Manchester United fan because i am tired.","1893654433566744730","","","en","","0","0","0","https://x.com/dreaaaaaams_/status/1893654433566744730","3065349094","dreaaaaaams_"
"1893654212858277893","Sun Feb 23 13:28:41 +0000 2025","22","Como celebrating after beating Napoli like how Arsenal celebrates after beating Manchester United. They've won their trophy already ","1893654212858277893","","","en","Moscow, Russia","0","2","5","https://x.com/ManLikeBryton/status/1893654212858277893","902986158837309441","ManLikeBryton"
"1893556400913293820","Sun Feb 23 13:28:32 +0000 2025","16","@FabrizioRomano Pep Guardiola claims no one will hit 100 points and four Premier League titles in a row in his lifetime but Sir Alex Ferguson came agonizingly close to an even greater feat six straight and it was Manchester City and Chelsea who stopped him. United stormed to three consecutive https://t.co/6EpaFB3N4Y","1893654174451056909","https://pbs.twimg.com/tweet_video_thumb/GkecboMWcAAtH0Y.jpg","FabrizioRomano","en","","1","11","1","https://x.com/IanDavidNoakes/status/1893654174451056909","2180355194","IanDavidNoakes"
"1893646632517861799","Sun Feb 23 13:28:26 +0000 2025","0","@ae86pingu @UnitedPeoplesTV What are you waffling... he's done nothing good to Manchester United since coming here..","1893654148932911323","","ae86pingu","en","","0","1","0","https://x.com/xR055k/status/1893654148932911323","1534968509419094017","xR055k"
"1893654040447512595","Sun Feb 23 13:28:00 +0000 2025","1","️ Manchester United fans will stick with that team through thick and thin! @PhilJones4 on why Manchester United fans are the best in the world! #NoTippyTappyFootball #MUFC https://t.co/hN6gEQjhlL","1893654040447512595","https://pbs.twimg.com/ext_tw_video_thumb/1892536436630450176/pu/img/XypqQjmqYPf6O8D9.jpg","","en","","0","0","0","https://x.com/NoTippyTappyPod/status/1893654040447512595","1580609370479632384","NoTippyTappyPod"
"1893652244442096118","Sun Feb 23 13:27:45 +0000 2025","1","On his arrival at Manchester united Ruben Amorim said that I'm the right guy for the job and Manchester united said that he is one of the most intelligent managers in the world Do you think he will get sacked?","1893653978627428632","","kauthraMuFc256","en","Uganda","0","0","0","https://x.com/kauthraMuFc256/status/1893653978627428632","1880430146730983424","kauthraMuFc256"
"1893653669083480445","Sun Feb 23 13:26:31 +0000 2025","2","Like David Moyes before him Ruben Amorim looks powerless in the Manchester United hot seat. ️ @PeteHall86 reports from Goodison Park #MUFC #EFC https://t.co/WBk09yHdW8","1893653669083480445","","","en","","0","0","0","https://x.com/TheiPaperSport/status/1893653669083480445","940523137288081408","TheiPaperSport"
"1893653655519162566","Sun Feb 23 13:26:28 +0000 2025","0","Frenkie de Jong has been offered to Premier League clubs including Arsenal Liverpool Chelsea and Manchester United as Barcelona may sell the midfielder this summer. His technical skills could enhance any of these teams making him a valuable target https://t.co/PGCtSY7DyA","1893653655519162566","","","en","","0","0","0","https://x.com/FootyOddsOn/status/1893653655519162566","1356295934968213505","FootyOddsOn"
"1893416946256793957","Sun Feb 23 13:26:08 +0000 2025","2","@terryflewers You ve just answered your own question Terry it s Manchester United.","1893653572186726681","","terryflewers","en","Cambridgeshire UK Alpaca Reds","0","0","0","https://x.com/simon3677/status/1893653572186726681","276957820","simon3677"
"1893653526816932121","Sun Feb 23 13:25:57 +0000 2025","0","Only difference between Manchester United and Pakistan Cricket team is location","1893653526816932121","","","en","somewhere near beach","0","0","0","https://x.com/maalbruhh/status/1893653526816932121","148401560","maalbruhh"
"1893366731466273173","Sun Feb 23 13:25:46 +0000 2025","0","@jabezel No one can explain how CR7 scored 26 goals in the season and was the second top scorer in the Premier League CR7 also carried Manchester United on his back by scoring 6 goals in the Champions League group stage. And Manchester United 2021/22 season team was weaker and worse ","1893653479320588301","","jabezel","en","Santiago Bernabeu","0","0","0","https://x.com/Lukaberton/status/1893653479320588301","1527714662959443968","Lukaberton"
"1893653467761168443","Sun Feb 23 13:25:43 +0000 2025","1","Gachagua AKA Riggy G has decided to go down with William Ruto AKA Kaongo Manchester United https://t.co/RakVzsXUEh","1893653467761168443","https://pbs.twimg.com/media/Gkebu0CXcAAo8y_.jpg","","en","Kilgoris, Kenya","0","0","1","https://x.com/izoh37/status/1893653467761168443","1614200568536252418","izoh37"
"1893653291713605990","Sun Feb 23 13:25:01 +0000 2025","129","Rebuilding Manchester United s midfield New Defensive Midfielder -Casemiro replacement &amp; Ugarte alternative Eriksen replacement -Someone who can play either or both in the pivot and the 10 New Central Midfielder -Rotation for Mainoo and Bruno","1893653291713605990","","","en","","3","5","17","https://x.com/jamiefpm/status/1893653291713605990","1394448096755597314","jamiefpm"
"1893653242447319385","Sun Feb 23 13:24:50 +0000 2025","0","Chelsea Arsenal and Manchester united na the only teams wey fit make u leave football go dey watch basketball https://t.co/JwwqxLUBqo","1893653242447319385","https://pbs.twimg.com/media/GkeblnSWsAABcYe.jpg","","en","","0","0","0","https://x.com/DavOsh4875/status/1893653242447319385","1830975471485325312","DavOsh4875"
"1893653229809856900","Sun Feb 23 13:24:47 +0000 2025","0","Bruno Fernandes says Manchester United s players must demand more from themselves after Ruben Amorim s side survived a wretched start to draw at Everton https://t.co/IUKcWmYHvf","1893653229809856900","","","en","","0","0","1","https://x.com/PAdugout/status/1893653229809856900","478516414","PAdugout"
"1893646667305341405","Sun Feb 23 13:23:26 +0000 2025","1","@GBNEWS The point they are trying to make 'Manchester United are living in the past' Hard to argue with that with a whole industry built around the club of 'Aye when i wer' a kid' strangling any debate about how the club is now.","1893652893695090986","","GBNEWS","en","Walthamstow, London","0","0","0","https://x.com/paul86002225/status/1893652893695090986","1243100169140342784","paul86002225"
"1893650637381886304","Sun Feb 23 13:23:22 +0000 2025","2","@FPLfrasier Manchester United?","1893652874468471274","","FPLfrasier","en","England, United Kingdom","0","0","0","https://x.com/FPL_PEP_TALK/status/1893652874468471274","1115657359920001025","FPL_PEP_TALK"
"1893356001488744522","Sun Feb 23 13:23:08 +0000 2025","0","@DWH_V2 @colinmufc2 If you really follow Manchester United you would know this.","1893652816943620290","","DWH_V2","en","Sverige","0","1","0","https://x.com/ideblad/status/1893652816943620290","2743420335","ideblad"
"1893537522904355326","Sun Feb 23 13:22:41 +0000 2025","0","@BlaneyGerard Good afternoon Gerard mate Thank you have a wonderful day ","1893652701453361307","","BlaneyGerard","en","England, United Kingdom","0","0","0","https://x.com/Manchester96622/status/1893652701453361307","1784273212387336192","Manchester96622"
"1893652300935393572","Sun Feb 23 13:22:40 +0000 2025","17","9. This Manchester United shirt ad is the only right answer. https://t.co/2IzegJKGtM","1893652699998191749","https://pbs.twimg.com/amplify_video_thumb/1893652640849854464/img/DPyW7vk9YvZCBL4G.jpg","sanchoyai","en","Subscribe my YouTube Channel","0","1","2","https://x.com/sanchoyai/status/1893652699998191749","437630451","sanchoyai"
"1893568437340758359","Sun Feb 23 13:22:24 +0000 2025","0","@UTDTrey Even if Manchester United relegate you'll sha look for a way to make yourself happy","1893652630120857890","","UTDTrey","en","Ibada, Nigeria","0","0","0","https://x.com/olamilekan1381/status/1893652630120857890","1809252526702886912","olamilekan1381"
"1893303229884113287","Sun Feb 23 13:22:13 +0000 2025","0","@bluelapizdesign @DeadlineDayLive Why not Manchester United ","1893652585875231159","","bluelapizdesign","en","Abuja, Nigeria","0","0","0","https://x.com/YusuferIbraheem/status/1893652585875231159","821085466694942720","YusuferIbraheem"
"1893349780027244694","Sun Feb 23 13:22:10 +0000 2025","0","@TonyBellew They didn't show that view to the referee! Deliberate attempt to change the course of the game! It is after all Manchester United!","1893652574596673700","","TonyBellew","en","Here when I'm not there.","0","0","0","https://x.com/GrimRea75836714/status/1893652574596673700","1641883953052241926","GrimRea75836714"
"1893441308343378176","Sun Feb 23 13:21:34 +0000 2025","0","@F0reverEvert0n When you play Manchester United you re going to get cheated. Why are you surprised?","1893652422368604341","","F0reverEvert0n","en","A colony","0","0","0","https://x.com/mcguffie_neil/status/1893652422368604341","1264655790784331776","mcguffie_neil"
"1893652312754737262","Sun Feb 23 13:21:08 +0000 2025","8","Nightlife in Manchester 🇬🇧 United Kingdom After Midnight : Walking Tour through the Streets of Manchester #nightlife #singleladiesnight #manchesternightlife #aftermidnight #uknightlife #girlsnightout #manchester #walkingtour #exploremanchester #unitedkingdom #nightowl https://t.co/cuAJMApnmY","1893652312754737262","https://pbs.twimg.com/ext_tw_video_thumb/1893652254412136448/pu/img/5FiYxBvCE0Ve8H0l.jpg","","en","United States","0","0","1","https://x.com/BabesNightLife/status/1893652312754737262","1797236767072108544","BabesNightLife"
"1893568437340758359","Sun Feb 23 13:20:49 +0000 2025","1","@UTDTrey Bruno is the best CAM in the premier league no other player would do what he does at finished Manchester United","1893652232446394455","","UTDTrey","en","","0","0","0","https://x.com/ordepoaoj_2108/status/1893652232446394455","1227384008625020928","ordepoaoj_2108"
"1893652139647386031","Sun Feb 23 13:20:27 +0000 2025","0","🇺🇾 First Manchester United goal for Manuel Ugarte key one against Everton. Wonderful finish and a crucial goal. https://t.co/uyAf0n36eG","1893652139647386031","https://pbs.twimg.com/media/GkealEhWIAAi2K9.jpg","","en","Ugep, Yakurr LGA, CRS. Nigeria","0","0","0","https://x.com/Samuelokorn/status/1893652139647386031","1317028503850786816","Samuelokorn"
"1893652115727290728","Sun Feb 23 13:20:21 +0000 2025","9","Manchester United's Bruno Fernandes: Star By numbers in English Premier League 2024-2025. Shots: 68 Goals: 6 Assists: 6 Key Passes: 49 Passes into Att. Third Per90: 31 Passes into Box Per90: 10 Progressive Passes Per90: 17 #PremierLeague https://t.co/tebvt6Vxkg","1893652115727290728","https://pbs.twimg.com/media/GkeZp7eX0AAD9Ru.jpg","","en","Bournemouth, UK.","0","0","1","https://x.com/DataAnalyticEPL/status/1893652115727290728","1633619681343856646","DataAnalyticEPL"
"1893652118130606370","Sun Feb 23 13:20:21 +0000 2025","2","Everton star breaks ranks to call out referee Andy Madley after Man Utd controversy Everton were denied the chance to earn a thrilling win over Manchester United after referee Andy Madley overturned his decision to award the Toffees a stoppage-time penalty https://t.co/e2N9UIJnIt","1893652118130606370","https://pbs.twimg.com/media/GkeajshW4AArfoT.jpg","","en","Arusha, Tanzania","0","1","1","https://x.com/SEJUNsensha/status/1893652118130606370","1219537305741991936","SEJUNsensha"
"1893652019027546391","Sun Feb 23 13:19:58 +0000 2025","17"," Real Madrid are set to enter the race for RB Leipzig defender Castello Lukeba who is also of interest to Liverpool Chelsea and Manchester United. (Source: Mirror) https://t.co/ph4K5jXaJI","1893652019027546391","https://pbs.twimg.com/media/GkeaeE-WgAAlvCs.jpg","","en","","0","16","3","https://x.com/theta__x/status/1893652019027546391","1685360345047535617","theta__x"
"1893556400913293820","Sun Feb 23 13:18:57 +0000 2025","0","@KhaosCentral @sanjayvatts @FabrizioRomano inflation boy What they sold and buy players then Bro use your head for once Manchester United was broke clown ","1893651763019891182","","KhaosCentral","en","","0","1","0","https://x.com/zion__grace/status/1893651763019891182","1855330596798537728","zion__grace"
"1893651796632949153","Sun Feb 23 13:19:05 +0000 2025","0","breaking knews coming out of dutch club feyenoord as they have appointed ROBIN VAN PERSIE former arsenal and manchester united striker to be their new manager you heard it here last #NewsUpdate #UPDATE #news #manager #arsenal #ManchesterUnited #football #live #soccer #sport #UCL","1893651796632949153","","","en","","0","0","0","https://x.com/afootballguy20/status/1893651796632949153","1840425386938642433","afootballguy20"
"1893651836113998091","Sun Feb 23 13:19:14 +0000 2025","0","One of the greatest Manchester United player ever","1893651836113998091","","","en","Nuenen, Gerwen en Nederwetten,","0","0","0","https://x.com/Doublehomi23/status/1893651836113998091","1252150170512502784","Doublehomi23"
"1893651579846193367","Sun Feb 23 13:18:13 +0000 2025","0","East Bengal/Manchester United mentality","1893651579846193367","","","en","","0","0","0","https://x.com/FootyIndia10/status/1893651579846193367","1811287529716654080","FootyIndia10"
"1893651371368263863","Sun Feb 23 13:17:23 +0000 2025","3","Starting to become obvious that Manchester United were the problem....imagine my shock","1893651371368263863","","","en","Bromsgrove/Birmingham, UK","0","0","1","https://x.com/DanHemming/status/1893651371368263863","37678448","DanHemming"
"1893650958762095060","Sun Feb 23 13:16:36 +0000 2025","2","@Travel25111 His a great player . Sad that Manchester United had to let him go.","1893651174315708622","","Travel25111","en","Canada","0","0","0","https://x.com/StarBornNairobi/status/1893651174315708622","3326612932","StarBornNairobi"
"1893650969440690202","Sun Feb 23 13:15:48 +0000 2025","27","Today s book of the day. Free the Manchester one by Graham Sharpe. The story of the 1915 match fixing scandal and of Enoch Knocker West the only United player banned for life who didn t get to have it lifted whilst still young enough to play again #MUFC #UTFR #GGMU https://t.co/Lz9CdsjLY7","1893650969440690202","https://pbs.twimg.com/media/GkeZhLdXcAEcyLB.jpg","","en","East, England","0","0","1","https://x.com/paulenglish1961/status/1893650969440690202","842375013105831939","paulenglish1961"
"1893650958762095060","Sun Feb 23 13:15:45 +0000 2025","0","Players after leaving Manchester United","1893650958762095060","","","en","Canada","0","1","0","https://x.com/StarBornNairobi/status/1893650958762095060","3326612932","StarBornNairobi"
"1893497628643488185","Sun Feb 23 13:15:40 +0000 2025","0","@mkainerugaba Manchester united","1893650939224936894","","mkainerugaba","en","kigali","0","0","0","https://x.com/BestBaguma/status/1893650939224936894","1502988826314166273","BestBaguma"
"1893649445864059035","Sun Feb 23 13:09:44 +0000 2025","0","Manchester United should consider buying Matheus Cunha!!! @RubenAmorimx","1893649445864059035","","","en","UK","0","0","0","https://x.com/newstimeafrica/status/1893649445864059035","35582434","newstimeafrica"
"1893649375970128085","Sun Feb 23 13:09:28 +0000 2025","6","Mohamed Salah contributed to 69 goals against the top 6 in Premier League : (19) goals against Manchester United (15) goals against Tottenham (13) goals against Manchester City (13) goals against Arsenal (9) goals against Chelsea https://t.co/vM07ikDgy2","1893649375970128085","https://pbs.twimg.com/media/GkeYEn3WcAASB26.jpg","","en","","0","0","2","https://x.com/CR_74_/status/1893649375970128085","1483793308816191490","CR_74_"
"1893645123566879084","Sun Feb 23 13:08:53 +0000 2025","15","@NAIMRami In 2014 109 318 United fans showed up to watch Manchester United vs Madrid in Michigan https://t.co/DR7QdMwSQ0","1893649232143286310","https://pbs.twimg.com/media/GkeX8BzXcAExioW.jpg","NAIMRami","en","","0","0","1","https://x.com/waelmufc88/status/1893649232143286310","703838108","waelmufc88"
"1893358305377923308","Sun Feb 23 13:08:41 +0000 2025","1","@k_yoon2 @kingjohnola1 @WelBeast Teaching you your history. In 1974 Manchester United were relegated even though people said the team was too good to go down. Amoranth at the wheel !! 15th position. Beautiful https://t.co/rHZ4phLBXu","1893649178724602280","https://pbs.twimg.com/tweet_video_thumb/GkeX42uXYAAMQ_I.jpg","k_yoon2","en","","0","1","0","https://x.com/o00007001566813/status/1893649178724602280","1720975976077684736","o00007001566813"
"1893649157291679905","Sun Feb 23 13:08:36 +0000 2025","1","The only thing that can save Manchester United is a massive clear out. Like 10 first team players should be gone in one window. If this doesn t happen we are never getting better. As far as the new players continue mixing with these old fools we go nowhere","1893649157291679905","","","en","","0","1","1","https://x.com/RightChoice___/status/1893649157291679905","1361642459453939726","RightChoice___"
"1893552770843595083","Sun Feb 23 13:08:31 +0000 2025","2","@murigi_ngiciri @KenyanAmorim_ @itsMJ_Ke @Kabunyii Bro...Conor Gallagher (West Brom vs. Chelsea 2020-21) Danny Welbeck (Sunderland vs. Manchester United 2010-11) Jack Harrison (Leeds United vs. Manchester City 2020-21) go figure","1893649139419779101","","murigi_ngiciri","en","Within ","0","1","0","https://x.com/_eraas/status/1893649139419779101","1363519771241639936","_eraas"
"1893649007156556021","Sun Feb 23 13:08:00 +0000 2025","2","Mohamed Salah contributed to 86 goals against the top 6 in all competitions: (22) goals against Manchester United (20) goals against Tottenham (19) goals against Manchester City (13) goals against Arsenal (12) goals against Chelsea https://t.co/YUKa35hXsB","1893649007156556021","https://pbs.twimg.com/media/GkeXvBAWsAA3eDU.jpg","","en","","0","0","0","https://x.com/CR_74_/status/1893649007156556021","1483793308816191490","CR_74_"
"1893421910756585527","Sun Feb 23 13:07:48 +0000 2025","0","@alex_crook Probs more likely that he s being managed and coached by a far superior manager. Along with being part of a club on the up full of confidence playing attractive football and a good atmosphere. Rather than being at that toxic circus that is Manchester United!! ","1893648957995089943","","alex_crook","en","West Midlands, England","0","0","0","https://x.com/Richiewalf87/status/1893648957995089943","1699792374845894656","Richiewalf87"
"1893269951269552398","Sun Feb 23 13:07:37 +0000 2025","0","@_bosha_12 I'm Manchester united fan too ","1893648910498832725","","_bosha_12","en","","0","1","0","https://x.com/X__OUSSAMA/status/1893648910498832725","1335595037820858373","X__OUSSAMA"
"1893648576397410343","Sun Feb 23 13:06:17 +0000 2025","9","23 February Games Indian Super League 🇮🇳 Mohun Bagan Super Gaint vs Odisha FC English Premier League󠁧󠁢󠁥󠁮󠁧󠁿 Newcastle United vs Nottingham Forest Manchester City vs Liverpool Spanish Laliga 🇪🇸 Real Madrid vs Girona Getafe vs Real Betis Bundesliga 🇩🇪 Bayern Munich vs Eintracht","1893648576397410343","","","en","INDIA","0","13","1","https://x.com/arcoffootball/status/1893648576397410343","1802117530279927808","arcoffootball"
"1893648587583590563","Sun Feb 23 13:06:20 +0000 2025","1618","Now this is a Manchester United level player. The consistency to reach 10+ goals and 10+ assists in FIVE consecutive seasons is nuts. [ - @UnitedPeoplesTV] https://t.co/1EmIA6rFS8","1893648587583590563","https://pbs.twimg.com/media/GkeXWheXMAADIoD.jpg","","en","10-3-9 (45%)","6","32","94","https://x.com/AmorimEra_/status/1893648587583590563","1438630916625154049","AmorimEra_"
"1893644569104838840","Sun Feb 23 13:06:17 +0000 2025","1","@borgixprxdeli feel like every united player is a perfect example of moneyball with the deficiency being he plays for manchester united","1893648577035141149","","borgixprxdeli","en"," ","0","1","0","https://x.com/__AAA__0/status/1893648577035141149","2886335953","__AAA__0"
"1893648782136328481","Sun Feb 23 13:07:06 +0000 2025","0","Bring Nico Paz to Manchester United. I ve seen enough","1893648782136328481","","","en","Cave","1","0","0","https://x.com/Tobah__/status/1893648782136328481","1243087524903489536","Tobah__"
"1893646667305341405","Sun Feb 23 13:05:54 +0000 2025","1","@GBNEWS Sir Alex Ferguson was one of football's greatest ever managers. He can't be blamed for how poorly Manchester United are performing now ","1893648478678773868","","GBNEWS","en","","0","0","0","https://x.com/Selwyn1956/status/1893648478678773868","1857492736405856256","Selwyn1956"
"1893648428040602108","Sun Feb 23 13:05:42 +0000 2025","0","Ajax supporter Una This guy is a Manchester United supporter stay humble eh ","1893648428040602108","","","en","safe heaven","0","0","0","https://x.com/Nelsonelogod1/status/1893648428040602108","1256687596748656641","Nelsonelogod1"
"1893648426463539704","Sun Feb 23 13:05:41 +0000 2025","1","@TicketsPlugUk_ fully vouch for Sunday Everton vs Manchester United sorted me a trio in good seats fully recommend for future games after hassle I had with trying to get tickets and no responses.","1893648426463539704","","TicketsPlugUk_","en","Manchester, England","1","0","1","https://x.com/Eoghan_O1/status/1893648426463539704","1189648172630626305","Eoghan_O1"
"1893618596854575136","Sun Feb 23 13:05:16 +0000 2025","1","@Sarfo15M Wan bissaka can play for any team. Erik ten Hag is just not right for Manchester United. Who replaces Ronaldo with Weghorst? Only Ten Hag can do that. Kept Dalot signed Mazroui and sent Wan bissaka away.","1893648319026528651","","Sarfo15M","en","","0","0","0","https://x.com/MartinEmeto/status/1893648319026528651","1427930470172577794","MartinEmeto"
"1893495083304886721","Sun Feb 23 13:05:05 +0000 2025","0","@mkainerugaba You can t even manage your body and you can manage Manchester United anyway what s your source of income apart from missing tax payers money","1893648273996419427","","mkainerugaba","en","","0","0","0","https://x.com/JKyamalire68592/status/1893648273996419427","1891491973992742912","JKyamalire68592"
"1893622897891053672","Sun Feb 23 13:04:53 +0000 2025","0","@Gifteesfine Aswr you're not happy Manchester United fans are not happy","1893648223765471280","","Gifteesfine","en","anywhere there's peace","0","1","0","https://x.com/boluwa___tife/status/1893648223765471280","1101595623655129089","boluwa___tife"
"1893645160430420454","Sun Feb 23 13:04:37 +0000 2025","1","@NUFC_Sean_ I drew 1.49pm in the sky sports not talking about Liverpool or Manchester club sweepstake ","1893648156216221918","","NUFC_Sean_","en","Gateshead, England","0","0","0","https://x.com/UnitedFalcon2/status/1893648156216221918","1665373489614798851","UnitedFalcon2"
"1893648050108678580","Sun Feb 23 13:04:12 +0000 2025","52","Manchester United should form this squad at the end of the season.@ManUtd https://t.co/H0KFBHiAi0","1893648050108678580","https://pbs.twimg.com/media/GkeW3OGXUAI1Ffw.jpg","","en","Türkiye","2","4","1","https://x.com/ugurduman1907/status/1893648050108678580","703725562599227392","ugurduman1907"
"1893642703985954900","Sun Feb 23 13:04:02 +0000 2025","0","@MetroUK Going to Manchester United !!!!!","1893648008903840169","","MetroUK","en","UK","0","0","0","https://x.com/newstimeafrica/status/1893648008903840169","35582434","newstimeafrica"
"1893552770843595083","Sun Feb 23 13:03:51 +0000 2025","0","@itsMJ_Ke He is not eligible to play..Rashford is technically a Manchester united player.","1893647962955215346","","itsMJ_Ke","en","Nairobi, Kenya","0","0","0","https://x.com/DancanMaiche/status/1893647962955215346","562043958","DancanMaiche"
"1893647908735521053","Sun Feb 23 13:03:38 +0000 2025","1","Manchester united is always the problem","1893647908735521053","","","en","Lagos, Nigeria","0","0","0","https://x.com/Alex_fabulous2/status/1893647908735521053","1205864553977974784","Alex_fabulous2"
"1893618845329371539","Sun Feb 23 13:03:27 +0000 2025","1","@alexgill_ But £2.5B for steel apparently £2B for Manchester United redevelopment but a paltry £200M for Grangemouth not for keeping the refinery open. Truly empty words and promises from Labour.","1893647861268574208","","alexgill_","en","Falkirk, Scotland","0","0","0","https://x.com/xj650t/status/1893647861268574208","7149892","xj650t"
"1893647087448760551","Sun Feb 23 13:03:23 +0000 2025","0","@OfficialFPL He has been on my team from the moment he left Manchester United","1893647848354316399","","OfficialFPL","en","Port Harcourt, Nigeria","0","0","0","https://x.com/diaryofblackboy/status/1893647848354316399","967102765838290944","diaryofblackboy"
"1893647853983068415","Sun Feb 23 13:03:25 +0000 2025","1","Marcus Rashford behaviour at Aston Villa 'ridiculous' text Man Utd 'swap deal' plan Marcus Rashford's loan move to Aston Villa has got off to a decent start but the Manchester United forward's future remains shrouded in mystery for the time being https://t.co/disPQgoJ4u","1893647853983068415","https://pbs.twimg.com/media/GkeWrpzXIAAPGvv.jpg","","en","Arusha, Tanzania","0","0","1","https://x.com/SEJUNsensha/status/1893647853983068415","1219537305741991936","SEJUNsensha"
"1893286338272567679","Sun Feb 23 13:03:14 +0000 2025","0","@DeadlineDayLive The problem is not Ruben but the quality of players Manchester United bought before he arrived. Manchester United board should give Ruben fat check to go buy players he wants and allow him to get rid of players he sees not fit for his football system.","1893647808076362009","","DeadlineDayLive","en","","0","0","0","https://x.com/KgasiWilly/status/1893647808076362009","715465948535382016","KgasiWilly"
"1893387243315691666","Sun Feb 23 13:02:04 +0000 2025","0","@omar04340394 @twos6xes The guy you got him sacked for has lost 8 in 15 in the league &amp; counting Ten Hag lost 9 in 38 w one loss at home all season Again with the recruitment/transfers you really are dumb aint you? Why is Amad our best player at big big Manchester United &amp; ur mad at the coach? ","1893647516773552367","","omar04340394","en","South Manchester","0","1","0","https://x.com/DottyShellz/status/1893647516773552367","1555156789494259712","DottyShellz"
"1893646940165820838","Sun Feb 23 13:01:24 +0000 2025","0","Everton gutted! 2-0 up then United comeback! Fernandes &amp; Ugarte save the day. VAR drama denies Everton a late pen! What a game! Everton will be gutted after letting a 2-0 lead slip in a thrilling draw against Manchester United at Goodison Park. David Moyes had his team https://t.co/SLvrvSK95H","1893647345197162904","https://pbs.twimg.com/media/GkeWNiqWAAA3Eiq.jpg","trendingblog247","en","","0","1","0","https://x.com/trendingblog247/status/1893647345197162904","1645336343130652672","trendingblog247"
"1893393826112213432","Sun Feb 23 13:01:22 +0000 2025","0","@TheSunFootball @RefereeHalsey It s Manchester United lets feed on it whole week","1893647340021428604","","TheSunFootball","en","","0","0","0","https://x.com/Collynsdiangel/status/1893647340021428604","3012349019","Collynsdiangel"
"1893601976937578581","Sun Feb 23 13:01:11 +0000 2025","1","@paulenglish1961 May I just thank you for your page and the wealth of knowledge you share with Manchester United fans around the world I am truly appreciative of it and enjoy learning about the remarkable history of this truly amazing football club #UTFR #GlazersOut #MUFC","1893647290872566073","","paulenglish1961","en","","0","1","0","https://x.com/savage_hella/status/1893647290872566073","1395631483071705095","savage_hella"
"1893647279053054121","Sun Feb 23 13:01:08 +0000 2025","5","Former Manchester United and Arsenal player Robin van Persie has joined Dutch club Feyenoord as head coach https://t.co/Lp6rPaPbiJ","1893647279053054121","https://pbs.twimg.com/media/GkeWKBrXgAA1V8M.jpg","","en","Nairobi, Kenya","0","0","3","https://x.com/thekenyatimes/status/1893647279053054121","1498339656726892544","thekenyatimes"
"1893399307601969638","Sun Feb 23 13:01:05 +0000 2025","0","@ManUtdInPidgin Shut up your fucking mouth You re a fan of Manchester United and not rashford he was no longer committed to the club so he can leave for all I care we ve lost better players and we didn t crumble","1893647265656459597","","ManUtdInPidgin","en","Nigeria","0","0","0","https://x.com/dark_wene/status/1893647265656459597","1546931523890421768","dark_wene"
"1893647069832699921","Sun Feb 23 13:00:18 +0000 2025","91"," Manchester United fit save plenty money if dem move for Jonathan David and Angel Gomes from Lille this summer as both go turn free agents. [MEN] https://t.co/3EHtvkxN3I","1893647069832699921","https://pbs.twimg.com/media/GkeV-V-W4AEGzfA.jpg","","en","Lagos, Nigeria","0","4","5","https://x.com/ManUtdInPidgin/status/1893647069832699921","3406224885","ManUtdInPidgin"
"1893647004640919805","Sun Feb 23 13:00:02 +0000 2025","1","Do you need access control system? Call us now Arsenal #EVEMUN Everton Arteta Chebukati Manchester United West Ham #ARSWHU Nkunku #MasculinitySaturday Chelsea #BerlinHealingService Odegaard Kudus Onana JKIA https://t.co/aN0Nu1YKWW","1893647004640919805","https://pbs.twimg.com/media/GkawZG9XAAAwp1o.jpg","","en","Nairobi, Kenya","0","0","1","https://x.com/lutha254/status/1893647004640919805","1655249043264552962","lutha254"
"1893646994046153082","Sun Feb 23 13:00:00 +0000 2025","0","ICYMI: Former Arsenal and Manchester United striker Robin van Persie has been appointed as the new Feyenoord's head coach.","1893646994046153082","","","en","","0","0","0","https://x.com/sbotopofcl/status/1893646994046153082","1263100207782232065","sbotopofcl"
"1893331814644691335","Sun Feb 23 12:59:54 +0000 2025","1","@GavinThorpe5 @WAdeola It s a bit simplistic to pin our struggles entirely on a so-called inexperienced tactico coach. Manchester United s challenges are multifaceted. Success at a club like United isn t solely dictated by one manager s pedigree it also hinges on player form system and recruitment","1893646968720695529","","GavinThorpe5","en","","0","1","0","https://x.com/ArthurMath10645/status/1893646968720695529","1784080812620537856","ArthurMath10645"
"1893618059153191192","Sun Feb 23 12:59:54 +0000 2025","0","@KimwiseUTDSeven Newcastle United 2 Nottingham Forest 1 Manchester City 1 Liverpool 3","1893646967747596784","","KimwiseUTDSeven","en","","0","0","0","https://x.com/Mariam31959/status/1893646967747596784","1780250853011496960","Mariam31959"
"1893642581482897856","Sun Feb 23 12:59:29 +0000 2025","0","@Talker_queen @bossolamilekan1 @Irunnia_ Manchester United is not a club but a pub","1893646863066169552","","Talker_queen","en","Surulere","0","0","0","https://x.com/Beejay705/status/1893646863066169552","258220777","Beejay705"
"1893349643926323506","Sun Feb 23 12:59:25 +0000 2025","0","@youngy18 From many of the angles VAR presented that's not a penalty. Besides you are a legendary Manchester United player. You fight for your current club. That's fine. Please don't hurt our United fans' feelings.","1893646846335287442","","youngy18","en","","0","0","0","https://x.com/MindaTan2/status/1893646846335287442","1096156705430343681","MindaTan2"
"1893645736794808776","Sun Feb 23 12:59:10 +0000 2025","0","@beINSPORTS_TR Didn't really work out in Manchester United","1893646784120987763","","beINSPORTS_TR","en","Enugu, Nigeria","0","0","0","https://x.com/DrchamsJ/status/1893646784120987763","1891958302592073730","DrchamsJ"
"1893322463234134238","Sun Feb 23 12:58:37 +0000 2025","0","@Iancroll1 Lol never and penalty. And never a discussion. Only it s Manchester United. Young took a dive that Tom Daley would have been proud of. Have you forgotten how good Young is at diving?","1893646646585545045","","Iancroll1","en","County of Armagh","0","0","0","https://x.com/united32956454/status/1893646646585545045","1452647109539270665","united32956454"
"1893646583477973392","Sun Feb 23 12:58:22 +0000 2025","0","Ruben Amorim let slip Man Utd's biggest problem ahead of season-defining fixtures Manchester United head back to Old Trafford after their 2-2 draw at Everton - and Ruben Amorim knows he must address their dreadful form at home if he is to turn things around https://t.co/ZO5jKHe8nW","1893646583477973392","https://pbs.twimg.com/media/GkeVhnqXYAAQxQk.jpg","","en","Arusha, Tanzania","0","0","0","https://x.com/SEJUNsensha/status/1893646583477973392","1219537305741991936","SEJUNsensha"
"1893381291300561264","Sun Feb 23 12:58:16 +0000 2025","0","@davidAVFC06 In the lords mercies and blessings I hope y all wait till Villa trigger the 40m so MANCHESTER UNITED will be freed from player suckers.","1893646560040288266","","davidAVFC06","en","Ghana","0","0","0","https://x.com/Twentieone_c/status/1893646560040288266","1573810164112805892","Twentieone_c"
"1893618059153191192","Sun Feb 23 12:58:15 +0000 2025","0","@KimwiseUTDSeven Newcastle United 0 Nottingham Forest 2 Manchester City 0 Liverpool 2","1893646554675741044","","KimwiseUTDSeven","en","","0","0","0","https://x.com/Tomiwa221/status/1893646554675741044","1788547589412900864","Tomiwa221"
"1893646499273138395","Sun Feb 23 12:58:02 +0000 2025","0","Jana tuli witness the suffering of two London clubs na both were orchestrated by former Manchester United players. Fun times to be alive. Wacha ni watch hizo replays tena mara ya 24.","1893646499273138395","","","en","🇰🇪","1","0","0","https://x.com/jamaa_flaani/status/1893646499273138395","1713070200411541504","jamaa_flaani"
"1893289755477004608","Sun Feb 23 12:57:54 +0000 2025","0","@footbalIfights Fair tackle imo https://t.co/tSpOSp2xxv","1893646468306595862","https://pbs.twimg.com/media/GkeVbZHX0AApJ3z.jpg","footbalIfights","en","","0","0","0","https://x.com/_PokerHUB/status/1893646468306595862","1338872953975533569","_PokerHUB"
"1893646459691540738","Sun Feb 23 12:57:52 +0000 2025","0","Manchester United are considering a move for Tottenham s 32-year-old South Korea forward Son Heung-min #manchesterunited #sonheungmin #football #spurs #FootballLovers #SupportYourTeam #FootballDebate #SoccerTalk #FanOpinion #FootballCulture #FootyFever #FootballCommunity https://t.co/U5HHO6FEyO","1893646459691540738","https://pbs.twimg.com/media/GkeVa0uXQAEPf-w.jpg","","en","","0","0","0","https://x.com/The_Pitchsider/status/1893646459691540738","1593386198084554753","The_Pitchsider"
"1893645016590856431","Sun Feb 23 12:57:47 +0000 2025","23","I ordered a Manchester United Cake for him. Since he is a die hard fan the cake won t taste bitter https://t.co/ymptGpwfVw","1893646436970979421","https://pbs.twimg.com/media/GkeVZccWAAArdVC.jpg","ireteeh","en","England, United Kingdom","0","1","1","https://x.com/ireteeh/status/1893646436970979421","86713296","ireteeh"
"1893646411599642941","Sun Feb 23 12:57:41 +0000 2025","0","Mohamed Salah has contributed to 69 goals against the top 6 in the Premier League: Contributed to (19) goals against Manchester United Contributed to (15) goals against Tottenham Contributed to (13) goals against Arsenal Contributed to (13) goals against https://t.co/HJOuOd1F8e","1893646411599642941","https://pbs.twimg.com/media/GkeVXwxXMAAaSYQ.jpg","","en","","0","0","0","https://x.com/latestnews2026/status/1893646411599642941","1175446897768706048","latestnews2026"
"1893618059153191192","Sun Feb 23 12:57:19 +0000 2025","0","@KimwiseUTDSeven Newcastle United 1 Nottingham Forest 3 Manchester City 1 Liverpool 4","1893646318754553897","","KimwiseUTDSeven","en","","0","0","0","https://x.com/OpeyemiTem22393/status/1893646318754553897","1890412129133457408","OpeyemiTem22393"
"1893646309552234624","Sun Feb 23 12:57:17 +0000 2025","0","This guy has no shame real definition of a Manchester United supporter","1893646309552234624","","","en","Poilcourt-Sydney","0","1","0","https://x.com/ifyouknowmeitsk/status/1893646309552234624","1077990347106631681","ifyouknowmeitsk"
"1893644228049109185","Sun Feb 23 12:57:08 +0000 2025","1","@UTDTrey You said he should come to Manchester United glad you've seen the light","1893646271421849995","","UTDTrey","en","peace of mind ♥️🫶","0","0","0","https://x.com/NachouBae/status/1893646271421849995","1597262269733376000","NachouBae"
"1893644749786988970","Sun Feb 23 12:57:01 +0000 2025","0","@Easydeeeee Manchester United","1893646244846694787","","Easydeeeee","en","Milky way","0","0","0","https://x.com/no_optionleft/status/1893646244846694787","1440725595512471552","no_optionleft"
"1893332463881015750","Sun Feb 23 12:56:47 +0000 2025","0","@shalomdfirst Make I leave Manchester United keh? You're not ready.","1893646186742947847","","shalomdfirst","en","","0","0","0","https://x.com/Isaac_Meracool/status/1893646186742947847","1053585898242260994","Isaac_Meracool"
"1893618059153191192","Sun Feb 23 12:56:28 +0000 2025","0","@KimwiseUTDSeven Newcastle United 2 Nottingham Forest 0 Manchester City 2 Liverpool 0","1893646106304671963","","KimwiseUTDSeven","en","","0","0","0","https://x.com/GiftMonday1043/status/1893646106304671963","1890417258859483136","GiftMonday1043"
"1893595491616584034","Sun Feb 23 12:56:12 +0000 2025","0","@Feyenoord @Persie_Official Legend. https://t.co/5J1zjtc6wE","1893646039778734394","https://pbs.twimg.com/media/GkeVCbdWcAM5twh.jpg","Feyenoord","en","","0","0","0","https://x.com/_PokerHUB/status/1893646039778734394","1338872953975533569","_PokerHUB"
"1893643917045706804","Sun Feb 23 12:55:59 +0000 2025","1","@vanpee_ As a creator you ll always lose ball. And even Manchester United doesn t have someone that holds ball so he tries doing it himself and we all know he s not a good holder like Modric dems. So losing many balls will be part of his game. Check how many times KDB loses ball even tho","1893645984212590876","","vanpee_","en","Trapping In Village ","0","1","0","https://x.com/GhanaYesu_/status/1893645984212590876","1634483399233613825","GhanaYesu_"
"1893645981968744469","Sun Feb 23 12:55:58 +0000 2025","1","EVERTON 2-2 MANCHESTER UNITED Watch official match highlights here full time stats events goals and MOTM award also available. Link below https://t.co/ebM1hEWDoP","1893645981968744469","","","en","Lagos, Nigeria","0","0","0","https://x.com/EmperorAFC/status/1893645981968744469","1149685524413714432","EmperorAFC"
"1893618059153191192","Sun Feb 23 12:55:43 +0000 2025","0","@KimwiseUTDSeven Newcastle United 3 Nottingham Forest 2 Manchester City 2 Liverpool 4","1893645915564470629","","KimwiseUTDSeven","en","Ikorudu, Nigeria","0","0","0","https://x.com/Jakinmusayo/status/1893645915564470629","1690691756986122240","Jakinmusayo"
"1893459325839933716","Sun Feb 23 12:55:26 +0000 2025","0","@AliceTalksFooty We re tired of this shit all time JUST STICK WITH VILLA if that s the right environment . Trashford is not world class but if you sees him as one you re free to support Aston Villa. Let MANCHESTER UNITED FUCKING BE (trashford dogs).","1893645843745419434","","AliceTalksFooty","en","Ghana","0","0","0","https://x.com/Twentieone_c/status/1893645843745419434","1573810164112805892","Twentieone_c"
"1893645784991637548","Sun Feb 23 12:55:12 +0000 2025","0","Mohamed Salah has contributed to 86 goals against the top 6 in all competitions: Contributed to (22) goals against Manchester United Contributed to (20) goals against Tottenham Contributed to (19) goals against Manchester City Contributed to (13) goals against https://t.co/qY2TtA05dl","1893645784991637548","https://pbs.twimg.com/media/GkeUzVLXoAAycv-.jpg","","en","","0","0","0","https://x.com/latestnews2026/status/1893645784991637548","1175446897768706048","latestnews2026"
"1893618059153191192","Sun Feb 23 12:55:06 +0000 2025","1","@KimwiseUTDSeven Newcastle United 3 Nottingham Forest 1 Manchester City 3 Liverpool 1","1893645761411252384","","KimwiseUTDSeven","en","Ogun, Nigeria","0","0","0","https://x.com/temi437/status/1893645761411252384","1873686180728127488","temi437"
"1893645699482365991","Sun Feb 23 12:54:51 +0000 2025","8","Feyenoord have appointed former Manchester united &amp; Arsenal striker Robin Van Persie (41) as their new head coach replacing the sacked Brian Priske #SSFootball","1893645699482365991","","","en","World of Champions","1","0","3","https://x.com/SuperSportBlitz/status/1893645699482365991","301413580","SuperSportBlitz"
"1893645617873785010","Sun Feb 23 12:54:32 +0000 2025","0","Manchester Tickets Available. Manchester United vs Arsenal tickets Manchester United vs Ipswich tickets Manchester United vs Fulham (FA Cup) tickets Man United vs Man City tickets Message me ️ #Mufctickets #mufcfamily #spares","1893645617873785010","","","en","Manchester, England","0","0","0","https://x.com/utdtickets1/status/1893645617873785010","1804836947560402944","utdtickets1"
"1893618059153191192","Sun Feb 23 12:54:29 +0000 2025","0","@KimwiseUTDSeven Newcastle United 1 Nottingham Forest 1 Manchester City 1 Liverpool 1","1893645605685117253","","KimwiseUTDSeven","en","Lagos","0","0","0","https://x.com/coll3469/status/1893645605685117253","1829879881426993152","coll3469"
"1893645565474361797","Sun Feb 23 12:54:19 +0000 2025","1","Supporting Pakistan cricket team and Manchester United is tough for one s mental health .","1893645565474361797","","","en","Manchester, England","0","0","0","https://x.com/UtdFarhan/status/1893645565474361797","3026742115","UtdFarhan"
"1893645485426053168","Sun Feb 23 12:54:00 +0000 2025","93","Paul Pogba returning to Manchester United would have to be financially viable for the club and done very much on their own terms. https://t.co/9vYYcBxir3","1893645485426053168","https://pbs.twimg.com/media/GkTzwLfXoAATrva.png","","en","","0","2","15","https://x.com/TransfersLlVE/status/1893645485426053168","1689143826","TransfersLlVE"
"1893645461367472453","Sun Feb 23 12:53:54 +0000 2025","0","How to Watch Everton vs Manchester United: Live Stream Premier League TV https://t.co/7cPLRpMzLu https://t.co/EJ7mXvOZxE","1893645461367472453","https://pbs.twimg.com/media/GkeUgz7WAAAywN5.jpg","","en","","0","0","0","https://x.com/NewsweekSports/status/1893645461367472453","1843998319783161856","NewsweekSports"
"1893645342685429901","Sun Feb 23 12:53:26 +0000 2025","0","Ruben Amorim: Every stadium is difficult for Manchester United especially ours https://t.co/LkH2ofUqgz","1893645342685429901","","","en","Cork, Ireland","0","0","0","https://x.com/ExaminerSport/status/1893645342685429901","47667843","ExaminerSport"
"1893618059153191192","Sun Feb 23 12:53:16 +0000 2025","0","@KimwiseUTDSeven Newcastle United 2 Nottingham Forest 2 Manchester City 2 Liverpool 2","1893645300780204516","","KimwiseUTDSeven","en","Lagos","0","0","0","https://x.com/LizzyDaniel333/status/1893645300780204516","1635519911924494336","LizzyDaniel333"
"1893645299949662310","Sun Feb 23 12:53:16 +0000 2025","0","Manchester United tickets available Man United vs Ipswich tickets Man City tickets Fulham (FA Cup) tickets Arsenal tickets DM if interested #mufctickets #mufcspares #mutd #tickets","1893645299949662310","","","en","London, England","0","0","0","https://x.com/mufctickts0/status/1893645299949662310","1804835621271142400","mufctickts0"
"1893620320801587533","Sun Feb 23 12:53:11 +0000 2025","7","@FabrizioRomano That's true. Bruno Fernandez is very important for Manchester United and he needs better players around him .","1893645280014201326","","FabrizioRomano","en","Chicago, IL","0","0","0","https://x.com/dellyabbey/status/1893645280014201326","487802873","dellyabbey"
"1893611690660446336","Sun Feb 23 12:52:59 +0000 2025","0","@SaddickAdams Manchester United ‍️ https://t.co/3zLzU4XSd2","1893645230055862740","https://pbs.twimg.com/tweet_video_thumb/GkeUS6VXAAA6GFe.jpg","SaddickAdams","en","Greater Accra, Ghana","0","0","0","https://x.com/inpeprah/status/1893645230055862740","1865512447337009152","inpeprah"
"1893645160682041467","Sun Feb 23 12:52:43 +0000 2025","0"," the man out Manchester United ️ for bio. Say na me dey 15th. Bro no. Na U dey lament. Cos U dey lose both ways.","1893645160682041467","","","en","","0","0","0","https://x.com/Biyo_lar/status/1893645160682041467","262243423","Biyo_lar"
"1893393826112213432","Sun Feb 23 12:52:16 +0000 2025","3","@TheSunFootball @RefereeHalsey Why is it when it s Manchester United people make a meal of decisions. People acting like what we saw yesterday does not happen in every single game. It s ridiculous this bias against us. Totally ridiculous.","1893645049545609262","","TheSunFootball","en","","0","0","0","https://x.com/LeonFootball4/status/1893645049545609262","1351133027070582791","LeonFootball4"
"1893645032990593053","Sun Feb 23 12:52:12 +0000 2025","1","Manchester United king of https://t.co/1JXquviPzy","1893645032990593053","https://pbs.twimg.com/media/GkeUHvrWgAAbkV7.jpg","","en","","0","0","1","https://x.com/lalis90976/status/1893645032990593053","1893644443909300225","lalis90976"
"1893644971686744555","Sun Feb 23 12:51:58 +0000 2025","0","Dm for Manchester United Tickets Man United vs Ipswich Town tickets Man United vs Fulham (FA Cup) tickets Man United vs Arsenal tickets Man United vs Manchester City Message me for more details #mufctickets #spares #mufc","1893644971686744555","","","en","London, England","0","0","0","https://x.com/mufctickets9/status/1893644971686744555","1321454971766923265","mufctickets9"
"1893552770843595083","Sun Feb 23 12:51:54 +0000 2025","0","@itsMJ_Ke Focus on your periods Rashford can't play against Manchester United","1893644954511044707","","itsMJ_Ke","en","winterfell","0","0","0","https://x.com/UTD_Rod/status/1893644954511044707","1563980562389508097","UTD_Rod"
"1893644944251748510","Sun Feb 23 12:51:51 +0000 2025","0","Robin van Persie has officially taken on the role of head coach at Feyenoord marking a significant step in his managerial career. The former Arsenal and Manchester United striker returns to his first professional club ready to share his experience and https://t.co/kNASXik02m","1893644944251748510","","","en","","0","0","0","https://x.com/FootyOddsOn/status/1893644944251748510","1356295934968213505","FootyOddsOn"
"1893644941798080752","Sun Feb 23 12:51:51 +0000 2025","0","Dalot is not a manchester united player and thats for sure","1893644941798080752","","","en","","0","0","0","https://x.com/ovo_fargo/status/1893644941798080752","1149656085399293952","ovo_fargo"
"1893611690660446336","Sun Feb 23 12:51:09 +0000 2025","0","@SaddickAdams @Jnrlingard2 United said the same thing about Liverpool now Liverpool are is having the same number of league titles as united. Manchester United are having the worst rollercoaster of poor performances in the last 10 decades. No club has been this poor this long","1893644768434868541","","SaddickAdams","en","","0","0","0","https://x.com/IM_BlackHulk/status/1893644768434868541","636204270","IM_BlackHulk"
"1893644727699861975","Sun Feb 23 12:50:59 +0000 2025","1","my chest dey tight My heart dey beat too fast My body dey hot My face dey sweat Symptoms of the Manchester United disease","1893644727699861975","","","en","","0","0","0","https://x.com/IkukuOgaga001/status/1893644727699861975","1692799790625525760","IkukuOgaga001"
"1893644711212314640","Sun Feb 23 12:50:56 +0000 2025","0","Arsenal vs. Manchester United this weekend is a Premier League showdown! Odegaard's magic against Casemiro's steel a tactical battle awaits. I predict a tight 2-1 Arsenal win but a draw is on the cards. Don't miss it!","1893644711212314640","","","en","","0","0","0","https://x.com/ftblmnd/status/1893644711212314640","1880676634103050240","ftblmnd"
"1893618059153191192","Sun Feb 23 12:50:43 +0000 2025","0","@KimwiseUTDSeven Newcastle United 0 Nottingham Forest 2 Manchester City 2 Liverpool 3","1893644657503969480","","KimwiseUTDSeven","en","Lagos, Nigeria","0","0","0","https://x.com/Florhence8/status/1893644657503969480","1873689331078172672","Florhence8"
"1893358305377923308","Sun Feb 23 12:50:29 +0000 2025","1","@o00007001566813 @kingjohnola1 @WelBeast Yeah Arsenal Captain Odegaard can't save Zero Arsenal but don't worry because Manchester United Captain save us every time. Arsenal the Zero Trophy last season and this season too Zero Level","1893644599211831335","","o00007001566813","en","Half moon","0","1","0","https://x.com/k_yoon2/status/1893644599211831335","1675495495136075779","k_yoon2"
"1893644591577907523","Sun Feb 23 12:50:27 +0000 2025","1","Am really sick and my sickness is really serious The name of the sickness is Manchester United","1893644591577907523","","","en","","0","0","0","https://x.com/IkukuOgaga001/status/1893644591577907523","1692799790625525760","IkukuOgaga001"
"1893644228049109185","Sun Feb 23 12:50:24 +0000 2025","0","@nesky_lil @UTDTrey Only you","1893644578055496186","","nesky_lil","en","","0","0","0","https://x.com/Jpaul0011/status/1893644578055496186","1821280360614744064","Jpaul0011"
"1893629737387336125","Sun Feb 23 12:50:23 +0000 2025","0","@Princeutd1P I don't know why I just like the name 'Manchester United'","1893644575010385954","","Princeutd1P","en","     Nigeria & Ireland","0","0","0","https://x.com/TrulyDearest_/status/1893644575010385954","1141801730","TrulyDearest_"
"1893574264223129616","Sun Feb 23 12:50:02 +0000 2025","0","@Pinovibes Manchester United 1 - Liverpool 3","1893644487101927553","","Pinovibes","en","Maiduguri, Nigeria","0","0","0","https://x.com/JoebeeMande/status/1893644487101927553","1542081621087617024","JoebeeMande"
"1893599790442688669","Sun Feb 23 12:49:36 +0000 2025","0","@UtdXclusive @MirrorFootball Leave Manchester United alone You bunch of cunts","1893644379111227837","","UtdXclusive","en","NIGERIA ","0","0","0","https://x.com/AnthonyIfe20091/status/1893644379111227837","1646900926949609472","AnthonyIfe20091"
"1893644378297827515","Sun Feb 23 12:49:36 +0000 2025","0","Accountant(in-view) Entrepreneur Young Leader Strategist Content Creative Manchester United Tech Enthusiast Projecthopengonggmailcom Purple https://t.co/mQedaGyCmQ","1893644378297827515","https://pbs.twimg.com/media/GkeTfy2aEAA97UC.jpg","","en","","0","0","0","https://x.com/hanson_jea75906/status/1893644378297827515","1876926384993652736","hanson_jea75906"
"1893358305377923308","Sun Feb 23 12:46:30 +0000 2025","1","@o00007001566813 @kingjohnola1 @WelBeast What Zero Arsenal are teaching Manchester United. What a comedy https://t.co/iaP1sM8gCz","1893643599314559206","https://pbs.twimg.com/tweet_video_thumb/GkeS0GKbQAAxNSe.jpg","o00007001566813","en","Half moon","0","1","0","https://x.com/k_yoon2/status/1893643599314559206","1675495495136075779","k_yoon2"
"1893639446848782408","Sun Feb 23 12:46:29 +0000 2025","0","@RainNaija Manchester United 3 Liverpool 2","1893643592612102161","","RainNaija","en","Lagos Nigeria","0","0","0","https://x.com/sarahslim16/status/1893643592612102161","419135705","sarahslim16"
"1893618059153191192","Sun Feb 23 12:46:11 +0000 2025","0","@KimwiseUTDSeven Newcastle United 1 Nottingham Forest 2 Manchester City 1 Liverpool 3","1893643519685701962","","KimwiseUTDSeven","en","","0","0","0","https://x.com/ubruegbo37226/status/1893643519685701962","1746165256370417664","ubruegbo37226"
"1893643352861524362","Sun Feb 23 12:45:32 +0000 2025","0","Let's face the problem..thanks Manchester United .....","1893643352861524362","","","en","Lagos, Nigeria","1","0","0","https://x.com/oosare/status/1893643352861524362","176847025","oosare"
"1893642581482897856","Sun Feb 23 12:45:18 +0000 2025","0","@bossolamilekan1 Manchester United just be like Marlians nii ","1893643297568018497","","bossolamilekan1","en","","0","0","0","https://x.com/Trigger_Ay/status/1893643297568018497","1618140396491513856","Trigger_Ay"
"1893591395522187771","Sun Feb 23 12:44:40 +0000 2025","0","@Biyo_lar Bro have literally seen many united fans on the TL say this and it annoys me so much like he would ve been known if he didn t play for Manchester United","1893643134606692819","","Biyo_lar","en","Lagos, Nigeria","0","1","0","https://x.com/Festu8Snr/status/1893643134606692819","1781224349476724736","Festu8Snr"
"1893643129636430104","Sun Feb 23 12:44:38 +0000 2025","5","Bruno Fernandes is the first Manchester United player to score from a free-kick in the Premier League since Cristiano Ronaldo against Norwich in April 2022. https://t.co/VXLa0Xmt5R","1893643129636430104","https://pbs.twimg.com/media/GkeSYydXAAABKkJ.jpg","","en","Salford Lads Club","0","1","0","https://x.com/MUFC_disco/status/1893643129636430104","1863692733698670592","MUFC_disco"
"1893618059153191192","Sun Feb 23 12:44:36 +0000 2025","0","@KimwiseUTDSeven Newcastle United 2 Nottingham Forest 1 Manchester City 1 Liverpool 2","1893643117875663247","","KimwiseUTDSeven","en","","0","0","0","https://x.com/VAyodeji80573/status/1893643117875663247","1854454116539371523","VAyodeji80573"
"1893643096543375601","Sun Feb 23 12:44:31 +0000 2025","2","Make no mistake the ONLY reason it got overturned is because it was Manchester United. It s completely corrupt. I ll let it go now ","1893643096543375601","","","en","","0","0","0","https://x.com/JoeMitch14/status/1893643096543375601","497267571","JoeMitch14"
"1893642581482897856","Sun Feb 23 12:44:12 +0000 2025","0","@bossolamilekan1 How is Manchester United the problem rashford is the problem he just don t want to play again for man Utd","1893643020341252106","","bossolamilekan1","en","Ghana","0","0","0","https://x.com/moore_ogee/status/1893643020341252106","1584370711359102976","moore_ogee"
"1893642581482897856","Sun Feb 23 12:44:19 +0000 2025","0","@bossolamilekan1 @Irunnia_ Is Manchester United a club?","1893643048170439124","","bossolamilekan1","en","","0","1","0","https://x.com/Talker_queen/status/1893643048170439124","1871549981632376832","Talker_queen"
"1893643057435652352","Sun Feb 23 12:44:21 +0000 2025","0","Manchester United?","1893643057435652352","","","en","Lost ","0","0","0","https://x.com/dondadadc38/status/1893643057435652352","1669529189798608896","dondadadc38"
"1893324959075704839","Sun Feb 23 12:44:09 +0000 2025","0","@AdamMcKola What exactly is wrong with Manchester United? https://t.co/HBD9naGN48","1893643004251910310","","AdamMcKola","en","Accra, Ghana","0","0","0","https://x.com/jaybrew3690/status/1893643004251910310","317825411","jaybrew3690"
"1893157067352928609","Sun Feb 23 12:44:06 +0000 2025","1","@SbusisoMhlanga0 You can bring any top player at Chiefs and Manchester United they'll end being average players over night. The problem is not the players the problem is the team.","1893642992809910723","","SbusisoMhlanga0","en","Johannesburg, South Africa","0","0","0","https://x.com/KhumaloBoy11/status/1893642992809910723","1686377058967134209","KhumaloBoy11"
"1893642581482897856","Sun Feb 23 12:43:48 +0000 2025","2","@bossolamilekan1 I m a full Manchester United fan Manchester United don t play football They do business","1893642920013570292","","bossolamilekan1","en","United Kingdom","0","0","0","https://x.com/AustinBrown5678/status/1893642920013570292","1580622661906010125","AustinBrown5678"
"1893642886895329691","Sun Feb 23 12:43:41 +0000 2025","9","I m sure Manchester United fans are confused about who to support today https://t.co/fkiNGcnNew","1893642886895329691","https://pbs.twimg.com/media/GkeSKfIX0AAdpmv.jpg","","en","Nairobi, Kenya","0","2","3","https://x.com/JoeWMuchiri1/status/1893642886895329691","1022111867207147521","JoeWMuchiri1"
"1893621210912596039","Sun Feb 23 12:43:14 +0000 2025","0","@CFCMM10 Manchester united","1893642774919946383","","CFCMM10","en","Earth ","0","0","0","https://x.com/DrShon6/status/1893642774919946383","1563054300519010304","DrShon6"
"1893421910756585527","Sun Feb 23 12:42:52 +0000 2025","0","@alex_crook Maybe because Manchester United is a toxic club where players arnt allowed to thrive?","1893642682783699002","","alex_crook","en","Birmingham, England","0","0","0","https://x.com/JackAVFC77/status/1893642682783699002","1416396549744209931","JackAVFC77"
"1893642581482897856","Sun Feb 23 12:42:28 +0000 2025","387","Manchester United is the problem https://t.co/4yNbiApXxm","1893642581482897856","https://pbs.twimg.com/media/GkeR5DbXgAI3CCj.jpg","","en","Nigeria","2","51","44","https://x.com/bossolamilekan1/status/1893642581482897856","972251505456709633","bossolamilekan1"
"1893618059153191192","Sun Feb 23 12:42:20 +0000 2025","0","@KimwiseUTDSeven Newcastle United 1 Nottingham Forest 1 Manchester City 2 Liverpool 1","1893642547274072320","","KimwiseUTDSeven","en","lagos state","0","0","0","https://x.com/Mykel_king1/status/1893642547274072320","881395081193951232","Mykel_king1"
"1893642481939415313","Sun Feb 23 12:42:04 +0000 2025","0","Bruno Fernandes says Manchester United need to demand more after Everton draw https://t.co/n9lNcJJHq5 https://t.co/sBqpIgzR32","1893642481939415313","https://pbs.twimg.com/media/GkeRzW2XQAAswXl.jpg","","en","London, England","0","0","0","https://x.com/IndySport/status/1893642481939415313","16996182","IndySport"
"1893642372585529654","Sun Feb 23 12:41:38 +0000 2025","0","What am I seeing Manchester United most clean sheets Sunday things #ChampionsTrophy2025 https://t.co/ZWalG9kUka","1893642372585529654","https://pbs.twimg.com/media/GkeRsr1WkAAR41B.jpg","","en","Nigeria","0","0","0","https://x.com/Omini3Ben/status/1893642372585529654","1605088558360018946","Omini3Ben"
"1893284495358365809","Sun Feb 23 12:41:22 +0000 2025","0","@markgoldbridge What exactly is wrong with Manchester United? https://t.co/HBD9naGN48","1893642304415506908","","markgoldbridge","en","Accra, Ghana","0","0","0","https://x.com/jaybrew3690/status/1893642304415506908","317825411","jaybrew3690"
"1893642274648551933","Sun Feb 23 12:41:15 +0000 2025","1","Manchester United owns FC Barcelona","1893642274648551933","","","en","","0","1","0","https://x.com/ManUtdDieHard12/status/1893642274648551933","1863948591703683072","ManUtdDieHard12"
"1893588627067728097","Sun Feb 23 12:40:56 +0000 2025","0","@StretfordPaddck That this is the worse team I've seen as a fan of Manchester United","1893642194918981698","","StretfordPaddck","en","Johannesburg Ennerdale","0","0","0","https://x.com/vernonlomberg/status/1893642194918981698","600977813","vernonlomberg"
"1893642120663097570","Sun Feb 23 12:40:38 +0000 2025","34","Criticism is part of life but nothing will make me disrespect Bruno Fernandes. Most Manchester United fans will hate you but I ll always love you. My captain. ️ https://t.co/1m1PlkrGT2","1893642120663097570","https://pbs.twimg.com/media/GkeRd6YW8AAObOG.jpg","","en","Trapping In Village ","0","6","13","https://x.com/GhanaYesu_/status/1893642120663097570","1634483399233613825","GhanaYesu_"
"1893642070411153623","Sun Feb 23 12:40:26 +0000 2025","1","Ace! Marcus Rashford does not want to play for Manchester United!","1893642070411153623","","","en","Manchester,England","0","1","0","https://x.com/DazMac91/status/1893642070411153623","1974765488","DazMac91"
"1893641634119663864","Sun Feb 23 12:40:12 +0000 2025","0","@LouieDi13 Manchester United is the problem ?","1893642010642329607","","LouieDi13","en","","0","0","0","https://x.com/MRSLEI33/status/1893642010642329607","1799253674121699328","MRSLEI33"
"1893406450988286369","Sun Feb 23 12:40:04 +0000 2025","0","@Utd_Forever7 I will not be surprised if he is recalled by #MUFC in the nearest future cos this guy made Manchester United a team to watch; as goals were surplus in his time.","1893641977293418789","","Utd_Forever7","en","","0","0","0","https://x.com/TRU3Son/status/1893641977293418789","1392851454","TRU3Son"
"1893641967944294596","Sun Feb 23 12:40:01 +0000 2025","4","Manchester United taught me emotional detachment. That club took me through emotional turbulence at some point.","1893641967944294596","","","en","Somewhere reading a book","1","1","1","https://x.com/AyoTehinse/status/1893641967944294596","1674362559992942592","AyoTehinse"
"1893641972117598336","Sun Feb 23 12:40:02 +0000 2025","3","Why do we have such shit rivals ? This is like if manchester united rivals were Ipswich town","1893641972117598336","","","en","","0","2","0","https://x.com/Mus44b/status/1893641972117598336","836922407973576705","Mus44b"
"1893497628643488185","Sun Feb 23 12:40:01 +0000 2025","0","@SahinNulu @BalaamAteenyiDr @mkainerugaba @ManUtd They are performing well but we are looking at popularity boss. You can't compare how many fans actually watch a game of Manchester united to that of Liverpool. You see even you yourself aren't a Man United fan but I'm sure you watch all games. The goal is to reach many viewers","1893641967134744717","","SahinNulu","en","Kampala, Uganda","0","0","0","https://x.com/castroemau/status/1893641967134744717","2231562213","castroemau"
"1893358305377923308","Sun Feb 23 12:39:59 +0000 2025","0","@WelBeast As if you're better than Manchester United","1893641957391348066","","WelBeast","en","","0","0","0","https://x.com/phantomsolmate/status/1893641957391348066","1865211207382151168","phantomsolmate"
"1893460070643491253","Sun Feb 23 12:39:53 +0000 2025","0","@FabrizioRomano ... Help him Manchester United caused this","1893641931499987244","","FabrizioRomano","en","somewhere private ","0","0","0","https://x.com/shiningstar9797/status/1893641931499987244","1278979986842673163","shiningstar9797"
"1893622897891053672","Sun Feb 23 12:39:40 +0000 2025","0","@Gifteesfine Happiness and Manchester United in same sentence?","1893641877523492919","","Gifteesfine","en","Lagos State","0","0","0","https://x.com/tohlulope1/status/1893641877523492919","3260908272","tohlulope1"
"1893286046835642645","Sun Feb 23 12:39:01 +0000 2025","1","@Garnacho__utd Worse goal keeper in the history of Manchester United","1893641713446453631","","Garnacho__utd","en","Nigeria","0","0","0","https://x.com/rikodonself07/status/1893641713446453631","1850997255433494528","rikodonself07"
"1893641610929557550","Sun Feb 23 12:38:36 +0000 2025","1","🇩🇰 Patrick Dorgu (20) Vs Everton Club: Manchester United Position: LWB Some stats from yesterdays match 45/54 Accurate Passes (83%) 1/2 Successful Dribbles 1/2 Tackles Won 6 Clearances 1 Interception 8/11 Ground Duels Won 5 Was Fouled https://t.co/dhkKxNGtrB","1893641610929557550","https://pbs.twimg.com/media/GkeRAQvWoAAwkti.jpg","","en","Scandinavia ","0","0","0","https://x.com/scandiscout1/status/1893641610929557550","1854909462017880064","scandiscout1"
"1893641586312937495","Sun Feb 23 12:38:30 +0000 2025","0","Vatican gives Pope Francis health update after condition described as critical Manchester United Steve Smith Artur https://t.co/LysfGufJp4","1893641586312937495","","","en","","0","0","0","https://x.com/ZoeyJames155735/status/1893641586312937495","1868505835741265920","ZoeyJames155735"
"1893640379527798822","Sun Feb 23 12:38:30 +0000 2025","0","@BCCI @hardikpandya7 Many congratulations to Hardik... keep up the grind #TeamIndia","1893641582382891263","","BCCI","en","Kolkata, IN","0","0","0","https://x.com/itsHiM_Rahman/status/1893641582382891263","1406311513913139213","itsHiM_Rahman"
"1893641567870521468","Sun Feb 23 12:38:26 +0000 2025","59","Liverpool have turned the Premier League into a Farmers League this season Arsenal fumbled the title race Chelsea were never in it Manchester United aren t even visible on the table If Liverpool beat Man City today can we just end the season already? https://t.co/CWtJwbdCWL","1893641567870521468","https://pbs.twimg.com/media/GkeQ6GnXoAA-djW.jpg","","en","Worldwide","3","17","14","https://x.com/PeterNotDrury/status/1893641567870521468","1744779939931381760","PeterNotDrury"
"1893641467756695974","Sun Feb 23 12:38:02 +0000 2025","0","A Manchester United player will go talk to the media and when the coach reacts they ll blame the coach lol","1893641467756695974","","","en","","0","0","1","https://x.com/QuabenaOsei_/status/1893641467756695974","3039613413","QuabenaOsei_"
"1893314493133799672","Sun Feb 23 12:37:44 +0000 2025","2","@AVFCTheReligion Have the courage to reply cos the original author nor anybody else banging on about it has! You honestly believe that Manchester United are currently getting preferential treatment off officials? look if your shirt gets pulled back dive backwards not forwards!","1893641393341378597","","AVFCTheReligion","en","Manchester,England","0","2","0","https://x.com/DazMac91/status/1893641393341378597","1974765488","DazMac91"
"1893385935296889118","Sun Feb 23 12:37:32 +0000 2025","0","@nemaccer Being fan of Milan is harder than being fan of Manchester united","1893641341638267192","","nemaccer","en","East, England","0","0","0","https://x.com/ramin360/status/1893641341638267192","247312775","ramin360"
"1893623564059676706","Sun Feb 23 12:37:22 +0000 2025","0","@thewiseone98 @TheBeninBlogger @zaddyofbenin Mumu even you DP shows you are a loser Manchester United and 2Pac use your ugly self","1893641300357853534","","thewiseone98","en","","0","0","0","https://x.com/JusticeZam42979/status/1893641300357853534","1638530257606123523","JusticeZam42979"
"1893383298321109112","Sun Feb 23 12:37:19 +0000 2025","0","@MaameAmaAdomah Real Madrid is the most useless team ever in the world before Manchester United","1893641286868934888","","MaameAmaAdomah","en","","0","0","0","https://x.com/ScorpionSt88618/status/1893641286868934888","1809270755932397569","ScorpionSt88618"
"1893641281806496155","Sun Feb 23 12:37:18 +0000 2025","0","Ashley Young Dive Interesting quote from @bryanrobson back in 2012. MANCHESTER United legend Bryan Robson has warned @youngy18 he is running the risk of not getting a penalty he deserves by developing a reputation as a diver.","1893641281806496155","","","en","","0","0","0","https://x.com/Stephen02524524/status/1893641281806496155","1675205906399723525","Stephen02524524"
"1893641273879277595","Sun Feb 23 12:37:16 +0000 2025","0","Bruno Fernandes says Manchester United need to demand more after Everton draw https://t.co/sPK91OwDyP","1893641273879277595","","","en","Wolverhampton","0","0","0","https://x.com/ExpressandStar/status/1893641273879277595","17159441","ExpressandStar"
"1893641101484966334","Sun Feb 23 12:36:35 +0000 2025","0","We never taught him that Nonsense. Bro has been diving even before signing for Manchester United it's in his blood.","1893641101484966334","","","en","","0","0","0","https://x.com/alolaDade_Owo/status/1893641101484966334","1208049567574437888","alolaDade_Owo"
"1893641100939645138","Sun Feb 23 12:36:35 +0000 2025","36","When Manchester United decides to come together and play as unit we re unstoppable I hope Ruben Amorim is able to get the team flying soon for his sake and ours. https://t.co/xNY1xGbQUW","1893641100939645138","https://pbs.twimg.com/amplify_video_thumb/1893405793602465792/img/g8-VwqWkOJrzswTF.jpg","","en","Sport","0","6","8","https://x.com/UTDMegish/status/1893641100939645138","1723132291369553920","UTDMegish"
"1893635707131801857","Sun Feb 23 12:36:34 +0000 2025","2","@stuart_humour It's all I'm hearing on sky news. Manchester united this... Manchester united that ","1893641095659049195","","stuart_humour","en","England, United Kingdom","0","0","0","https://x.com/Manchester96622/status/1893641095659049195","1784273212387336192","Manchester96622"
"1893620320801587533","Sun Feb 23 12:36:32 +0000 2025","7","@FabrizioRomano We the Manchester United fans are the reason why other teams Fanbase disrespect him always because we always disrespect him. He s someone we have been relied since he joined the team even when everyone is being bad he stand for the team and fight for it. We would ve been 20th","1893641090558738643","","FabrizioRomano","en","Trapping In Village ","0","0","0","https://x.com/GhanaYesu_/status/1893641090558738643","1634483399233613825","GhanaYesu_"
"1893550228952809665","Sun Feb 23 12:36:00 +0000 2025","0","@bidexdemi It s a long road for Manchester United now. I never thought I would ever say that. Lots of things must go right in the next 2-3 seasons.","1893640954587889969","","bidexdemi","en","Inside the Emirates walls","0","0","0","https://x.com/TILIKI_OS/status/1893640954587889969","938686224","TILIKI_OS"
"1893623893723693095","Sun Feb 23 12:35:24 +0000 2025","0","@Emi_bibe Shy ke? Manchester United","1893640804020724060","","Emi_bibe","en","Pakistan","0","0","0","https://x.com/ZohiPulse/status/1893640804020724060","1467064467775270912","ZohiPulse"
"1893632662843117943","Sun Feb 23 12:35:22 +0000 2025","1","@Mammabell15 Love this ️","1893640793736237252","","Mammabell15","en","England, United Kingdom","0","0","0","https://x.com/Manchester96622/status/1893640793736237252","1784273212387336192","Manchester96622"
"1893356001488744522","Sun Feb 23 12:35:12 +0000 2025","0","@colinmufc2 I know it's harsh but Manchester United can't play with 6 defenders on the pitch we are offensive minded team","1893640754532143344","","colinmufc2","en","Manchester, England","0","0","1","https://x.com/17cosmas/status/1893640754532143344","1815396588287610880","17cosmas"
"1893640686961824029","Sun Feb 23 12:34:56 +0000 2025","0","Even when he was in Manchester United his diving acts disgust me a lot most reason why referee overlook foul on him even if it's worth checking the replay.","1893640686961824029","","","en","","0","0","0","https://x.com/alolaDade_Owo/status/1893640686961824029","1208049567574437888","alolaDade_Owo"
"1893311192971559337","Sun Feb 23 12:34:40 +0000 2025","0","@Lea_EFC Manchester United s man of the match* https://t.co/bf2Y0TMBF9","1893640620448616766","https://pbs.twimg.com/tweet_video_thumb/GkeQGmWXUAAouPe.jpg","Lea_EFC","en","Whaley Bridge, England","0","0","0","https://x.com/Enzo__Benitez_/status/1893640620448616766","1482776234589409292","Enzo__Benitez_"
"1893623893723693095","Sun Feb 23 12:34:04 +0000 2025","0","@Emi_bibe I rep Manchester United","1893640467234894072","","Emi_bibe","en","Islamabad, Pakistan","0","0","0","https://x.com/aamirkhandk/status/1893640467234894072","783681292969861120","aamirkhandk"
