"conversation_id_str","created_at","favorite_count","full_text","id_str","image_url","in_reply_to_screen_name","lang","location","quote_count","reply_count","retweet_count","tweet_url","user_id_str","username"
"1893345123896791101","Sun Feb 23 17:34:57 +0000 2025","0","@Encu5Futbol 🇦🇷Boca 🇪🇦Real Madrid 󠁧󠁢󠁥󠁮󠁧󠁿Manchester United 🇮🇹Juventus 🇧🇷Flamengo 🇺🇾Peñarol 🇲🇫PSG 🇩🇪Bayern Munich","1893716187701182968","","Encu5Futbol","es","","0","0","0","https://x.com/_elfamosoriver/status/1893716187701182968","1891714004487159808","_elfamosoriver"
"1893532236797903023","Sun Feb 23 17:34:34 +0000 2025","0","@arielipillo Pa verdad no creo que chistiano llorando sea considerado de las leyendas del Manchester United su paso fue corto y aparte los dejó tirados por los millones del Madrid","1893716092465381847","","arielipillo","es","","0","0","0","https://x.com/rodri2582/status/1893716092465381847","1576228196","rodri2582"
"1893715752273735868","Sun Feb 23 17:33:16 +0000 2025","0","El Manchester City debe ver lo ocurrido con el nulo cambio generacional que tuvieron en su momento equipos como el United AC Milán Inter De Milán y Barcelona qué son los que más presentes hemos tenidos. El cambio es necesario e inevitable.","1893715766484115791","","LuisVala10","es","Mexico","0","1","0","https://x.com/LuisVala10/status/1893715766484115791","1095518262039904256","LuisVala10"
"1893714859579076711","Sun Feb 23 17:29:40 +0000 2025","0",": Manchester United se repuso de una desventaja de dos anotaciones para empatar en su visita al Everton a dos tantos en la fecha 26 de la Liga Premier. Beto y Abdoulaye Doucouré adelantaron a los Toffees mientras que Bruno Fernandes y Manuel Ugarte igualaron por los Diablos. https://t.co/y2Te81C2EJ","1893714859579076711","https://pbs.twimg.com/media/GkfToQTbEAATNBD.jpg","","es","Torreón, Coahuila de Zaragoza","0","0","0","https://x.com/josejuangelmx/status/1893714859579076711","1132664972079783936","josejuangelmx"
"1893445997251985645","Sun Feb 23 17:29:32 +0000 2025","0","@KTenmac @Cr7stianismo_ Ganó una champions con Manchester United ‍️","1893714824682443056","","KTenmac","es","Brownsville, TX","0","0","0","https://x.com/elbrando956/status/1893714824682443056","1847025412443930624","elbrando956"
"1893714564132323430","Sun Feb 23 17:28:30 +0000 2025","0","Ese gol que le anotó a Argentina se parece mucho a uno que convirtió contra el Mánchester United en Old Trafford el #5Mar de 2013","1893714564132323430","","","es","","0","0","0","https://x.com/ansoto92/status/1893714564132323430","256505817","ansoto92"
"1893345123896791101","Sun Feb 23 17:22:05 +0000 2025","0","@Encu5Futbol 🇦🇷 Barracas central. 🇪🇸 Real Madrid. (Club corrupto) 󠁧󠁢󠁥󠁮󠁧󠁿 Manchester United. (Merecido nada mas) 🇮🇹 Juventus. (No me gusta) 🇧🇷 Flamengo. 🇺🇾 Peñarol. 🇫🇷 PSG. 🇩🇪 Dortmund. (No me gusta) 🇨🇱 Cualquiera. 🇨🇴 America de Cali. 🇵🇾 Cualquiera. 🇲🇽 Cualquiera.","1893712948415148111","","Encu5Futbol","es","","0","0","0","https://x.com/Rodrigo86715683/status/1893712948415148111","1582161193158037504","Rodrigo86715683"
"1893712301288485289","Sun Feb 23 17:19:30 +0000 2025","0","Ya se está poniendo fome la premier el Liverpool le a sacado muchos puntos al 2do le debiesen dar ya la liga hace falta q los grandes estén fuertes los Manchester sobre todo el united y el Chelsea da la impresión q el único q le da pelea es el arsenal","1893712301288485289","","","es","santiago,chile","0","0","0","https://x.com/rodrigoyumha77/status/1893712301288485289","68998222","rodrigoyumha77"
"1893377697134346475","Sun Feb 23 17:12:40 +0000 2025","0","@Pueblo_Juve Yo sigo en el barco de Thiago Motta. Creo que el equipo ha mejorado en lo táctico y varios jugadores han mejorado en varios aspectos y tiene un techo por crecer inmenso. Empezar otro proyecto con otra filosofía sería contraproducente. No hay que olvidar al Manchester United.","1893710578792730769","","Pueblo_Juve","es","","0","0","0","https://x.com/Fandedelpiero/status/1893710578792730769","1681724751629172737","Fandedelpiero"
"1893710232175436143","Sun Feb 23 17:11:17 +0000 2025","0","Marmoush y Doku. Los únicos que salieron a jugar para el manchester city","1893710232175436143","","","es","","0","0","0","https://x.com/AndresUnited7/status/1893710232175436143","1597674094228553728","AndresUnited7"
"1893707981730013254","Sun Feb 23 17:02:20 +0000 2025","2","como hincha del GLORIOSO manchester united espero que hoy gane el manchester chiky y supongo que todos los hinchas del united quieren lo mismo","1893707981730013254","","","es","Quintero, Chile","0","1","0","https://x.com/franffigueroa/status/1893707981730013254","1430031380633751554","franffigueroa"
"1893481647049163173","Sun Feb 23 16:59:31 +0000 2025","0","@izquierdo010 @ABCCardinal @ABCDeportes Que juegue el fantastico jugador del Manchester United Diego León seguridad pura es muy seguro que meta gol olimpia con pase de Leon","1893707270610911526","","izquierdo010","es","","0","0","0","https://x.com/celutronica7/status/1893707270610911526","3195249327","celutronica7"
"1893707087789641936","Sun Feb 23 16:58:47 +0000 2025","0","Lisandro Martínez en Instagram a su mamá: Gracias por abrazar mi corazón y hacerme sonreír. ️ Te amo Ma!! https://t.co/VrH4gwYeKx","1893707087789641936","https://pbs.twimg.com/media/GkfMjuFWgAAW7c6.jpg","","es","Manchester, England","0","0","0","https://x.com/Manches83070195/status/1893707087789641936","1485296838253199365","Manches83070195"
"1893660086393856233","Sun Feb 23 16:56:33 +0000 2025","3","@Pabloeufemi1964 @diegobranca No sabía que el Manchester United era equipo chico","1893706522884034828","","Pabloeufemi1964","es","","0","1","0","https://x.com/AgusZaabala/status/1893706522884034828","1310622175011966976","AgusZaabala"
"1893703299829764344","Sun Feb 23 16:43:44 +0000 2025","0","novara es el verdadero manchester united lleno de lesiones pero aún así le puede ganar y hacer buenos partidos a los grandes equipos y perder contra equipos de media tabla para abajo https://t.co/kSqUvVGfjd","1893703299829764344","https://pbs.twimg.com/media/GkfJHYrWsAEmCq4.jpg","","es","","0","1","0","https://x.com/nunvibes_/status/1893703299829764344","1259224666025140229","nunvibes_"
"1893701326271385785","Sun Feb 23 16:35:54 +0000 2025","0","🇬🇮 Manchester 62 3-2 Glacis United: Victoria en Gibraltar para los de José Salvador Requena con Samu Benítez (68' y ) José Alberto Cañas (46') y Fernando Ruiz (suplente).","1893701326271385785","","","es","","0","0","0","https://x.com/MDBdiario/status/1893701326271385785","878007382521131009","MDBdiario"
"1893700302995403005","Sun Feb 23 16:31:50 +0000 2025","0","Lisandro Martinez en Instagram https://t.co/KNKwVCKwZb","1893700302995403005","https://pbs.twimg.com/media/GkfGV-sWUAAgl_C.jpg","","es","","0","0","0","https://x.com/DialloJordi/status/1893700302995403005","1533096007147393024","DialloJordi"
"1893345123896791101","Sun Feb 23 16:23:48 +0000 2025","0","@Encu5Futbol 🇦🇷 Voke shuniors 🇪🇸 Atletico Madrid 󠁧󠁢󠁥󠁮󠁧󠁿 Manchester United 🇮🇹 JUVENTUS 🇧🇷 Flamengo 🇺🇾 Nacional 🇫🇷 Si desaparece la liga mejor 🇩🇪 Bayern Munich 🇨🇱 Colo Colo","1893698281693143088","","Encu5Futbol","es","San Luis, Argentina","0","0","0","https://x.com/IgnacioAtorres1/status/1893698281693143088","1245518038046322689","IgnacioAtorres1"
"1890276595144986931","Sun Feb 23 16:05:32 +0000 2025","0","1️⃣ 5️⃣ Everton 2-2 Manchester United Sábado 22 de febrero Premier League - Jornada 26 ⭐️ Abdoulaye Doucouré","1893693685864321504","","galindowski","es","CDMX","0","1","0","https://x.com/galindowski/status/1893693685864321504","1890272652226371584","galindowski"
"1890276595144986931","Sun Feb 23 15:59:33 +0000 2025","0","1️⃣ 2️⃣ Tottenham 1-0 Manchester United Domingo 16 de febrero Premier League - Jornada 25 ⭐️ Betancur","1893692180750901291","","galindowski","es","CDMX","0","1","0","https://x.com/galindowski/status/1893692180750901291","1890272652226371584","galindowski"
"1893690188498370802","Sun Feb 23 15:51:38 +0000 2025","0","el Manchester United de Independencia y el súper Everton de Liverpool del Mar destiñeron","1893690188498370802","","","es","","0","0","0","https://x.com/OtitaPsiuL/status/1893690188498370802","1283196538450251777","OtitaPsiuL"
"1893690183767245270","Sun Feb 23 15:51:37 +0000 2025","6","Entre el Real Madrid y el Manchester United me van a terminar matando de algún ataque asma y ansiedad.","1893690183767245270","","","es","Nicaragua","0","1","0","https://x.com/khaleesi_1102/status/1893690183767245270","1113862820259667972","khaleesi_1102"
"1893385190489067750","Sun Feb 23 15:51:34 +0000 2025","3","@FCB_nenn Cualquier jugador que aspire a triunfar en el fútbol debería rechazar cualquier oferta del Manchester United por más atractiva que sea.","1893690170643239359","","FCB_nenn","es","Camp Nou","0","0","0","https://x.com/GuardiolismoFCB/status/1893690170643239359","1139584452315746304","GuardiolismoFCB"
"1890276595144986931","Sun Feb 23 15:51:24 +0000 2025","0","9️⃣ Manchester United 0-2 Crystal Palace Domingo 2 de febrero Premier League - Jornada 24 ⭐️ Jean-Philippe Mateta","1893690127391559921","","galindowski","es","CDMX","0","1","0","https://x.com/galindowski/status/1893690127391559921","1890272652226371584","galindowski"
"1890276595144986931","Sun Feb 23 15:48:46 +0000 2025","0","8️⃣ Fulham 0-1 Manchester United Domingo 26 de enero Premier League - Jornada 23 ⭐️ Lisandro Martínez","1893689466071503357","","galindowski","es","CDMX","0","1","0","https://x.com/galindowski/status/1893689466071503357","1890272652226371584","galindowski"
"1893689366918185396","Sun Feb 23 15:48:22 +0000 2025","0","Una fuente del Manchester United: INEOS no quiere tener absolutamente nada que ver con el pasado. No quieren escuchar cómo se hicieron las cosas cuando el United estaba ganando 13 títulos de la Premier League y no aceptarán ninguna sugerencia de que se puedan aprender lecciones https://t.co/liRBNvYXtB","1893689366918185396","https://pbs.twimg.com/media/Gke8cTGXYAAuBJp.jpg","","es","","0","0","0","https://x.com/MufcEspXtra/status/1893689366918185396","1791637713277407232","MufcEspXtra"
"1893689196524486762","Sun Feb 23 15:47:42 +0000 2025","107","El Manchester United está pendiente de la condición física de Noussair Mazraoui Mazraoui se lesionó la rodilla contra el Everton el lunes se someterá a más pruebas antes de decidir si puede jugar contra el Ipswich ️: @RobDawsonESPN https://t.co/4VviEKZoex","1893689196524486762","https://pbs.twimg.com/media/Gke8SUIWAAAtOK3.jpg","","es","Manchester, England","1","5","2","https://x.com/MUnitedEs/status/1893689196524486762","257965632","MUnitedEs"
"1893689141654601771","Sun Feb 23 15:47:29 +0000 2025","0","Sir Dave Brailsford y su equipo están hartos de escuchar sobre cómo el Manchester United dominó la Premier League durante dos décadas con Sir Alex Ferguson. (@MirrorFootball) #mufc #mulive https://t.co/PBgAScqccI","1893689141654601771","https://pbs.twimg.com/media/Gke8PKtWIAAFFqy.jpg","","es","","0","0","0","https://x.com/MufcEspXtra/status/1893689141654601771","1791637713277407232","MufcEspXtra"
"1890276595144986931","Sun Feb 23 15:47:12 +0000 2025","0","7️⃣ Manchester United 2-1 Rangers Jueves 23 de enero Europa League - Jornada 7 ⭐ Bruno Fernandes","1893689072180179191","","galindowski","es","CDMX","0","1","0","https://x.com/galindowski/status/1893689072180179191","1890272652226371584","galindowski"
"1890276595144986931","Sun Feb 23 15:42:17 +0000 2025","0","4️⃣ Manchester United 1-3 Brighton Domingo 19 de enero Premier League - Jornada 22 ⭐ Carlos Baleba","1893687835539964013","","galindowski","es","CDMX","0","1","0","https://x.com/galindowski/status/1893687835539964013","1890272652226371584","galindowski"
"1893683961081008147","Sun Feb 23 15:26:53 +0000 2025","0","Desde el 96 sigo al Newcastle primero la combinación de colores y después Shearer y el Tino Asprilla. En esa temporada casi quedó campeón pero el Manchester United en las últimas jornadas remontó. #lapremierenmax","1893683961081008147","","","es","Costa Rica","0","0","0","https://x.com/agut63/status/1893683961081008147","332849751","agut63"
"1893680974585577570","Sun Feb 23 15:24:56 +0000 2025","0","@MedioRiver Cuantas veces salió campeón en la premier? Jugaba en el Manchester City o United en liverpool o en el Arsenal? Jugó en un equipo de mitad de tabla para abajo que obviamente no tiene la presión de River y además nunca fue el jugador .","1893683468636164431","","MedioRiver","es","FLORES","0","0","0","https://x.com/elvisker/status/1893683468636164431","2371154934","elvisker"
"1893681571397321170","Sun Feb 23 15:17:24 +0000 2025","23","Si la Fiorentina jugara peor sería el Manchester United. #SerieA","1893681571397321170","","","es","Madrid","0","0","0","https://x.com/Lissvilla29/status/1893681571397321170","131646000","Lissvilla29"
"1893671317691416593","Sun Feb 23 15:16:42 +0000 2025","0","@YoYito3D1 Sí... fa una pinta de Manchester United o Chelsea... jajah","1893681395379175691","","YoYito3D1","es","","0","0","0","https://x.com/manel10valle/status/1893681395379175691","249659268","manel10valle"
"1893314400741699962","Sun Feb 23 15:12:22 +0000 2025","2","@MUnitedEs La gente si habla... Antes ten Hag decía mentira y todos le caían y le recontra puteaban Ahora este dice la verdad y la gente como puedes decir eso.. estás en el Manchester United bla bla bla","1893680305023656341","","MUnitedEs","es","Cartagena","0","0","0","https://x.com/_JhonAriza/status/1893680305023656341","38650583","_JhonAriza"
"1893671001075900514","Sun Feb 23 15:04:53 +0000 2025","1","Tengo ofertas del Manchester United se viene muchachos el United volverá a ser Manchester","1893678424801026065","","bautyesacksok","es","","0","0","0","https://x.com/bautyesacksok/status/1893678424801026065","1496507988504453132","bautyesacksok"
"1893677752701595985","Sun Feb 23 15:02:13 +0000 2025","98","Podrán criticarlo todo lo que quieran pero la regularidad de Bruno Fernandes es ABSURDA https://t.co/6qyGe4jDNQ","1893677752701595985","https://pbs.twimg.com/media/Gkex18NXsAE4dqr.jpg","","es","Medellín, Colombia","0","7","5","https://x.com/Vanisterror/status/1893677752701595985","1358494982","Vanisterror"
"1893677730757001450","Sun Feb 23 15:02:08 +0000 2025","5","SU MEJOR VERSIÓN | Unai Emery elogió a Marcus Rashford luego que el ex jugador del Manchester United diera un doblete de asistencias en el triunfo ante Chelsea. Aún es muy pronto para saber si el extremo recuperará su nivel pero el entrenador español lo intentará. https://t.co/DFPtaZfgVh","1893677730757001450","https://pbs.twimg.com/media/Gkex3GKXcAAzHU0.jpg","","es","","0","0","0","https://x.com/365ScoresApp/status/1893677730757001450","927556948324732929","365ScoresApp"
"1893360701483192601","Sun Feb 23 15:01:26 +0000 2025","0","@Abdulkarem_zaml @MajedjamaanM Fans del manchester united 2.0. Y no aprenden no se en que momento a cr7 se le ocurrio fichar por el 6to mejor equipo de la peninsula.pero bueno ojala en verano piense con la cabeza y no con el trasero.haber quien te va a leer","1893677552696279062","","Abdulkarem_zaml","es","","0","0","0","https://x.com/kalas477/status/1893677552696279062","1645662460982992897","kalas477"
"1893675231291564308","Sun Feb 23 14:52:12 +0000 2025","2","ALERTA DE DIRECTO : Empatamos ante Everton en un mejor cierre de partido... ¿Qué se viene ahora? LO DEBATIMOS CON CAFÉ EN MANO ️ https://t.co/7Fk83URBeE https://t.co/jlxfjj8aNj","1893675231291564308","https://pbs.twimg.com/media/GkevlWXWMAA1_rq.jpg","","es","Medellín, Colombia","0","0","0","https://x.com/Vanisterror/status/1893675231291564308","1358494982","Vanisterror"
"1893642574251876715","Sun Feb 23 12:42:26 +0000 2025","0","Los dos equipos que apoyo leicester city y manchester united peleando por no descender. https://t.co/VBG13BqwcE","1893642574251876715","https://pbs.twimg.com/media/GkeR4wiXkAAdecN.jpg","","es","","0","1","0","https://x.com/CamLeopardo_17/status/1893642574251876715","1856877138709749760","CamLeopardo_17"
"1893641530990018601","Sun Feb 23 12:38:17 +0000 2025","2","El Manchester United tiene dos fichajes en el punto de mira para el próximo verano https://t.co/z9oy7Yf3hM","1893641530990018601","","","es","","0","0","0","https://x.com/fichajesnet/status/1893641530990018601","43877129","fichajesnet"
"1893622385951023520","Sun Feb 23 12:30:07 +0000 2025","1","@PBissau51835 @paxu27 @RealSociedad El sábado no puede jugar la Real que juegan el jueves contra el Manchester United tiene que ser el domingo","1893639473566466256","","PBissau51835","es","","0","1","0","https://x.com/Alvarof11814606/status/1893639473566466256","1423382732038606853","Alvarof11814606"
"1893633437711393191","Sun Feb 23 12:06:08 +0000 2025","0","⁉️ Manchester United prepara una oferta de 140 £ para fichar a Stipe Biuk en verano. https://t.co/Ky5dJWsnzu","1893633437711393191","https://pbs.twimg.com/media/GkeJkt3WQAAMWii.jpg","","es","","0","0","0","https://x.com/jorgx_00/status/1893633437711393191","1513063174077042691","jorgx_00"
"1893551963419107815","Sun Feb 23 11:59:14 +0000 2025","1","@Davey_de_souza @iboysean muue huyo","1893631702095823252","","Davey_de_souza","es","😎😎😎","0","0","0","https://x.com/funjojr/status/1893631702095823252","1146783022282358785","funjojr"
"1893629748036673971","Sun Feb 23 11:51:28 +0000 2025","57","️ ¡La Real Sociedad VUELVE a CARGAR contra los HORARIOS de #LALIGAEASPORTS! Para sorpresa de nadie . ️ Los de Imanol se enfrentarán al Sevilla tres días después de recibir al Manchester United en la #UEL. https://t.co/tJdFBDGi92","1893629748036673971","https://pbs.twimg.com/media/GkeF7Y1XIAEjDk6.jpg","","es","","3","10","13","https://x.com/elchiringuitotv/status/1893629748036673971","18905975","elchiringuitotv"
"1893295846856208540","Sun Feb 23 11:48:30 +0000 2025","3","@18ATHB98 todos sabemos quienes ganaron al equipo campeón de la premier y plagado de estrellas del Manchester United. https://t.co/cx5Vh3sPV6","1893629000787927228","https://pbs.twimg.com/media/GkeFinVWcAApE24.jpg","18ATHB98","es","","0","1","0","https://x.com/PhillipBanks86/status/1893629000787927228","1423884736372555780","PhillipBanks86"
"1893626766381511064","Sun Feb 23 11:39:37 +0000 2025","10","Lateral/carrilero derecho probado en PL para el Manchester United? Yo lo tengo claro.","1893626766381511064","","","es","London, England","0","2","0","https://x.com/unitedarmy1220/status/1893626766381511064","1718678545063346176","unitedarmy1220"
"1893625604668268708","Sun Feb 23 11:35:00 +0000 2025","1","FREE PICK MADRUGADOR ️ 🆚 Parlay de 2. Ambos anotan y más de 2.5 goles entre Manchester City VS Liverpool FC y más de 1.5 goles entre Newcastle United VS Nottingham Forest. Sígueme Telegram: https://t.co/v6nbQlLbGn Instagram: https://t.co/QM0D8RsrCu https://t.co/TYUerdcR1A","1893625604668268708","https://pbs.twimg.com/media/GkeCc_yX0AAELJC.jpg","","es","","0","0","0","https://x.com/rs_picks/status/1893625604668268708","1532389216264630272","rs_picks"
"1893616799918281152","Sun Feb 23 11:00:01 +0000 2025","0","Bruno Fernandes y Manuel Ugarte salvan a los 'Diablos Rojos'. Manchester United reacciona para conseguir el empate contra Everton en la #PremierLeague (Video) https://t.co/Gz3NMVFQ6b","1893616799918281152","","","es","Guayaquil, Ecuador","0","0","0","https://x.com/Aficion_Central/status/1893616799918281152","158732968","Aficion_Central"
"1893286841672929383","Sun Feb 23 10:45:37 +0000 2025","0","@Mario___RM El problema del Manchester united es el Manchester united","1893613176735871013","","Mario___RM","es","","0","0","0","https://x.com/Investormen95/status/1893613176735871013","1875183175007084544","Investormen95"
"1893614508058300659","Sun Feb 23 10:50:55 +0000 2025","0","No quiero ser yo quien defienda al united pero ni Manchester es azul ni mucho menos Liverpool es azul. Doucoure es un putísimo subnormal.","1893614508058300659","","","es","","0","0","0","https://x.com/Asier917177231/status/1893614508058300659","1813260441180606464","Asier917177231"
"1892916268048494642","Sun Feb 23 10:13:10 +0000 2025","0","@andoniotxo_ Andoni es imposible q pasemos ante el Manchester United","1893605008148459765","","andoniotxo_","es","","0","1","0","https://x.com/ataque_take/status/1893605008148459765","1613491646452178946","ataque_take"
"1893596332272603468","Sun Feb 23 09:38:41 +0000 2025","1","¡Feliz cumpleaños Casemiro! #MUFC https://t.co/MrgNx1EEx5","1893596332272603468","https://pbs.twimg.com/media/Gkdn0v4WwAAwB_r.jpg","","es","Manchester, England","0","0","0","https://x.com/Manches83070195/status/1893596332272603468","1485296838253199365","Manches83070195"
"1893578785120784819","Sun Feb 23 09:16:25 +0000 2025","0","@KenMijungu Sana sana Manchester united ","1893590726937640961","","KenMijungu","es","","0","0","0","https://x.com/NgetichElisha20/status/1893590726937640961","1091948774275072001","NgetichElisha20"
"1893588333806149923","Sun Feb 23 09:06:54 +0000 2025","2","Buenos días Nuevos cortavientos reversibles versión retro Arsenal Manchester United y Real Madrid Disponibles https://t.co/NhSLm4AWmI","1893588333806149923","https://pbs.twimg.com/media/GkdgibuXUAAMutL.jpg","","es","","0","0","1","https://x.com/futboljersey7/status/1893588333806149923","1480929539467395090","futboljersey7"
"1893582708904706526","Sun Feb 23 08:44:33 +0000 2025","0","El Manchester United avanza dos fichajes por orden de Rúben Amorim https://t.co/z9oy7Yf3hM","1893582708904706526","","","es","","0","0","0","https://x.com/fichajesnet/status/1893582708904706526","43877129","fichajesnet"
"1893579421044396392","Sun Feb 23 08:31:29 +0000 2025","0","Tanto el Arsenal de Mikel Arteta como el Liverpool de Arne Slot estan interesados en De Jong de cara a la proxima temporada decae el interes en las ultimas fechas del Manchester United desde la llegada de Amorim https://t.co/Bi1Q1tVsOC","1893579421044396392","https://pbs.twimg.com/media/GkdYcutXkAAazB5.jpg","","es","L'Escala ","0","0","0","https://x.com/EspaiAzulgrana/status/1893579421044396392","1587772090421223425","EspaiAzulgrana"
"1893579059965108295","Sun Feb 23 08:30:03 +0000 2025","1","Manchester United se salvó de la derrota por poco pero aumentó las dudas https://t.co/hdgR9av3Gm +","1893579059965108295","","","es","Venezuela","0","0","0","https://x.com/la_patilla/status/1893579059965108295","124172948","la_patilla"
"1893293076275249553","Sun Feb 23 08:21:25 +0000 2025","1","@FCB_nenn No creo que pase. La FA desaparecería el descenso. Si desciende solo compran una franquicia de las que ascendió y le cambian el nombre a Manchester United. Le pueden poner arbitrajes justos (justo=solo si ganamos es justo). Hay maneras. Pregúntenle a @Chivas.","1893576885411406094","","FCB_nenn","es","Calle del toro #100","0","0","0","https://x.com/noonmika/status/1893576885411406094","3164097164","noonmika"
"1893567781150359937","Sun Feb 23 08:18:34 +0000 2025","0","@ABDUL_3004 @Just_yalee Pasta","1893576168160272475","","ABDUL_3004","es","Lagos, Nigeria","0","0","0","https://x.com/ayoola2203/status/1893576168160272475","1457390337111072776","ayoola2203"
"1893575819395555800","Sun Feb 23 08:17:10 +0000 2025","0","33 años para Casimiro. Amante del fútbol desde su niñez Carlos Henrique Casimiro conocido deportivamente como Casemiro centrocampista del Manchester United F. C. de la Premier League de Inglaterra. Nació el 23 de febrero de 1992 en São José dos Campos São Paulo Brasil. https://t.co/U6ViQoYxhc","1893575819395555800","https://pbs.twimg.com/media/GkdVLFmXkAA8J9l.jpg","","es","San Pedro Sula, Honduras ","0","0","0","https://x.com/SN_Honduras/status/1893575819395555800","1783297896399409152","SN_Honduras"
"1893573257980186950","Sun Feb 23 08:07:00 +0000 2025","0","Arcos en 0 para Onana: 8 Goles concedidos por Onana: 444 Arcos en 0 para el United: 10 Partidos del Manchester United: 40 Partidos jugados por Onana: 34 Partidos jugados por Bayindir: 6","1893573257980186950","","","es","","0","0","0","https://x.com/Onanismo_24/status/1893573257980186950","1195164285397295105","Onanismo_24"
"1893565409778893014","Sun Feb 23 07:40:04 +0000 2025","1","@7El_Bicho @nocontextfooty Manchester united??? Jajajajajajaja. Mierda de club","1893566483034161367","","7El_Bicho","es","Españistan(Andalucia europea)","0","0","0","https://x.com/Jordi23614531/status/1893566483034161367","1155924252530552832","Jordi23614531"
"1893564729886392746","Sun Feb 23 07:33:06 +0000 2025","0"," Sir Alex Ferguson decepcionado por la asistencia a Goodison Park mientras el Manchester United está perdiendo 2-0 contra el Everton. https://t.co/4Y089FVn7p","1893564729886392746","https://pbs.twimg.com/media/GkdLFhKWsAA29iQ.jpg","","es","","0","0","0","https://x.com/Escobar957337/status/1893564729886392746","1869643978137874432","Escobar957337"
"1893558126722396318","Sun Feb 23 07:06:52 +0000 2025","2","Davo en su momento menos esquizofrénico viendo un partido del Manchester United https://t.co/OBa9NXuphx","1893558126722396318","https://pbs.twimg.com/amplify_video_thumb/1893558064730484736/img/bw0JDZ0a7WEEzyBg.jpg","","es","barcelona","0","0","0","https://x.com/GxlDeLamine_/status/1893558126722396318","1328515874123288581","GxlDeLamine_"
"1893242416469012804","Sun Feb 23 07:06:50 +0000 2025","0","@fcbisprime @fichajesnet Nos vendría de perlas el traspaso de Araujo pero no dicen k el Manchester United está en la ruina?","1893558118245601339","","fcbisprime","es","","0","0","0","https://x.com/DeloMirta88828/status/1893558118245601339","1675028544441708545","DeloMirta88828"
"1893553264676802600","Sun Feb 23 07:01:17 +0000 2025","1","@LaDeossaneta26 ? JAJAJA hasta ahora me desayuno pensé que seguía en el Manchester United","1893556722339364924","","LaDeossaneta26","es","Medellín, Colombia","0","1","0","https://x.com/JoRGe_FeRiS/status/1893556722339364924","600162046","JoRGe_FeRiS"
"1893294920187736145","Sun Feb 23 06:28:44 +0000 2025","0","@ElDelMedallo Ese Manchester united venia de pelear los primeros puestos en premier. Perder por penales la final de europa League. Llego Cristiano y todo cambio ya no lucho por nada hizo que despidan a Solskjær y su ego en vez de potenciar a los juveniles solo los perjudico","1893548528804188213","","ElDelMedallo","es","Buenos Aires","0","1","0","https://x.com/Kipffel/status/1893548528804188213","1885801224034742272","Kipffel"
"1893209953487257914","Sun Feb 23 06:23:20 +0000 2025","0","@mouradona12 @Paabloarmas @hermano_hola123 @BrioEnfurecida Y en Italia hay 3 xd en Inglaterra Liverpool United Chelsea Aston Villa Nothingham Manchester City han ganado esa competición y Leeds Arsenal y Tottenham han llegado a finales. En copa UEFA Ipswich Fulham Middlesbrough Wolves han tenido temporadas de final o campeón (ip)","1893547172408250448","","mouradona12","es","","0","0","0","https://x.com/IsaacMacM/status/1893547172408250448","1530428980750434304","IsaacMacM"
"1893538182836142211","Sun Feb 23 05:47:37 +0000 2025","0"," Últimos 5 partidos del Brighton Hove Albion en la Premier League: 🆚 Manchester United (1-3) 🆚 Everton FC (0-1) 🆚 Nottingham Forest (7-0) 🆚 Chelsea FC (3-0) 🆚 Southampton FC (0-4)","1893538182836142211","","","es","","0","0","0","https://x.com/FutGol_X/status/1893538182836142211","1841979957440086020","FutGol_X"
"1893532236797903023","Sun Feb 23 05:42:53 +0000 2025","1","@arielipillo Hay 5 futbolistas que no pueden faltar en la historia del Manchester United: Bobby Charlton George Best Wayne Rooney Cristiano Ronaldo Ryan Giggs","1893536990303256826","","arielipillo","es","Puebla Mexico","0","1","0","https://x.com/SwampFutures/status/1893536990303256826","1441600193967771656","SwampFutures"
"1893532236797903023","Sun Feb 23 05:41:18 +0000 2025","1","@arielipillo Un top 5 de la historia del Manchester United sin Cristiano Ronaldo George Best y Bobby Charlton es una vergüenza y un insulto para el club. De ese top solo Eric Cantona y Ryan Giggs entran. https://t.co/3rE70EqEOh","1893536593157218577","https://pbs.twimg.com/tweet_video_thumb/GkcxfOnXgAAiInJ.jpg","arielipillo","es","","0","0","0","https://x.com/slimlobo894/status/1893536593157218577","1814837890683449345","slimlobo894"
"1893535735321407978","Sun Feb 23 05:37:54 +0000 2025","0"," Últimos 5 partidos del Tottenham Hotspur en la Premier League: 🆚 Everton FC (3-2) 🆚 Leicester City (1-2) 🆚 Brentford FC (0-2) 🆚 Manchester United (1-0) 🆚 Ipswich Town (1-4)","1893535735321407978","","","es","","0","0","0","https://x.com/FutGol_X/status/1893535735321407978","1841979957440086020","FutGol_X"
"1893533988318245014","Sun Feb 23 05:30:57 +0000 2025","0","La vida del cabrón que le va a los Pumas Manchester United y el Milán: https://t.co/r1eABF5jaj","1893533988318245014","https://pbs.twimg.com/amplify_video_thumb/1893533928276865024/img/hJbxR5pV0whQSqZD.jpg","","es","","0","0","0","https://x.com/poderapontic/status/1893533988318245014","855813119423197184","poderapontic"
"1893533681584681358","Sun Feb 23 05:29:44 +0000 2025","0"," Últimos 5 partidos del Crystal Palace en la Premier League: 🆚 West Ham (0-2) 🆚 Brentford FC (1-2) 🆚 Manchester United (0-2) 🆚 Everton FC (1-2) 🆚 Fulham FC (0-2)","1893533681584681358","","","es","","0","0","0","https://x.com/FutGol_X/status/1893533681584681358","1841979957440086020","FutGol_X"
"1893532253382123738","Sun Feb 23 05:24:03 +0000 2025","0"," Últimos 5 partidos del Fulham FC en la Premier League: 🆚 Leicester City (0-2) 🆚 Manchester United (0-1) 🆚 Newcastle United (1-2) 🆚 Nottingham Forest (2-1) 🆚 Crystal Palace (0-2)","1893532253382123738","","","es","","0","0","0","https://x.com/FutGol_X/status/1893532253382123738","1841979957440086020","FutGol_X"
"1893532236797903023","Sun Feb 23 05:24:00 +0000 2025","96","Paul Scholes no mete a Cristiano en su Top 5 Mejores jugadores del Manchester United !! Porque hay tanto celos envidia y odio de muchos ex compañeros hacia Cr7 https://t.co/7psqhdsXvP https://t.co/xVKh7bRo8r","1893532236797903023","https://pbs.twimg.com/amplify_video_thumb/1893532178002173952/img/pp_VMxQib6fjC0rl.jpg","","es","Madrid","2","32","13","https://x.com/arielipillo/status/1893532236797903023","2448414226","arielipillo"
"1893529973161710009","Sun Feb 23 05:15:00 +0000 2025","3","¡Crisis de comida en el Manchester United! ️ La crisis de los Diablos Rojos no se limita a su accionar a su cancha sino que también afecta a sus empleados. ‍️ Han hecho recortes hasta en las porciones de comida #LigaPremierTD https://t.co/q1njZqVB6A","1893529973161710009","","","es","","0","0","0","https://x.com/TelemundoSports/status/1893529973161710009","63818752","TelemundoSports"
"1893513921048293590","Sun Feb 23 05:14:30 +0000 2025","0","@LFC_Rojas @LFCEspanol como te encanta hablar del otro Manchester y si si hasta el united es tu papá.","1893529846157812181","","LFC_Rojas","es","Rusia ","0","1","0","https://x.com/FelixCH99/status/1893529846157812181","1608306737332850689","FelixCH99"
"1893300785967989235","Sun Feb 23 04:47:07 +0000 2025","1","@fernandopalomo Lo del man u cómo se explica Fernando .. Tu y águila deberían dedicar tiempo al manchester united también.. Yo se que no vende cómo el madrid o Barcelona pero Expliquen por favor","1893522958800347500","","fernandopalomo","es","world","0","0","0","https://x.com/Ja1r0cK/status/1893522958800347500","297772353","Ja1r0cK"
"1893524730583404690","Sun Feb 23 04:55:22 +0000 2025","1","Y acá también va en detalle con la recepción dada hoy a Gustavo Lema cuando se fue expulsado me pasa como lo que ocurrió con el Manchester United y Erik ten Hag: se sentía que no iba a ningún lado y aún así le renovaste por los resultados que a veces ni supo cómo los obtuvo","1893525031596048392","","rya2212","es","Los Volcanes City, Veracruz","0","1","0","https://x.com/rya2212/status/1893525031596048392","112080098","rya2212"
"1893526278122189156","Sun Feb 23 05:00:19 +0000 2025","0","¿Cuándo había sido la última vez que el Manchester United marcó de Tiro Libre? ¿Se imaginan cuándo y quién fue?","1893526278122189156","","","es","La Boca","0","0","0","https://x.com/cmb7rt/status/1893526278122189156","126639484","cmb7rt"
"1893520818904146329","Sun Feb 23 04:38:37 +0000 2025","0","Carlos Henrique Casimiro conocido deportivamente como Casemiro nació en São José dos Campos São Paulo el 23 de febrero de 1992 es un futbolista brasileño que juega de centrocampista en el Manchester United F. C. de la Premier League de Inglaterra.","1893520818904146329","","","es","Santa Rosa de Cabal, Risaralda","0","0","0","https://x.com/frecuenciaonda/status/1893520818904146329","219808564","frecuenciaonda"
"1893512900985155748","Sun Feb 23 04:07:10 +0000 2025","0"," Últimos 5 partidos del Manchester United en la Premier League: 🆚 Brighton Hove Albion (1-3) 🆚 Fulham FC (0-1) 🆚 Crystal Palace (0-2) 🆚 Tottenham Hotspur (1-0) 🆚 Everton FC (2-2)","1893512900985155748","","","es","","0","0","0","https://x.com/FutGol_X/status/1893512900985155748","1841979957440086020","FutGol_X"
"1893517517303190007","Sun Feb 23 04:25:38 +0000 2025","1","El Liverpool ha conseguido el doblete de la Premier League sobre el actual campeón 6 veces anteriormente más que cualquier otro equipo en la historia de la competición (contra Blackburn en 1995-96 Manchester United en 2000-01 2001-02 2008-09 y 2013-14 y Chelsea en 2010-11) https://t.co/EmAk3Jue64","1893517550798909693","https://pbs.twimg.com/tweet_video_thumb/GkcgKuXWYAEIP_X.jpg","__LucyBell","es","Número 10 de Downing Street","0","1","0","https://x.com/__LucyBell/status/1893517550798909693","1576814844896059394","__LucyBell"
"1893519629944766481","Sun Feb 23 04:33:54 +0000 2025","0","🇦🇷 Boca 🇪🇸 Real Madrid 󠁧󠁢󠁥󠁮󠁧󠁿 Manchester United 🇮🇹 Inter 🇧🇷 Flamengo 🇺🇾 Nacional 🇫🇷 Paris Saint-Germain 🇩🇪 Bayer Leverkusen 🇨🇱 Colo-Colo 🇨🇴 América de Cali (otra vez) 🇵🇾 ? 🇲🇽 América","1893519629944766481","","","es","","0","0","0","https://x.com/StarLord_CISF/status/1893519629944766481","1365350224856829959","StarLord_CISF"
"1893511794712346932","Sun Feb 23 04:02:46 +0000 2025","0"," Últimos 5 partidos del Everton FC en la Premier League: 🆚 Brighton Hove Albion (0-1) 🆚 Leicester City (4-0) 🆚 Liverpool FC (2-2) 🆚 Crystal Palace (1-2) 🆚 Manchester United (2-2)","1893511794712346932","","","es","","0","0","0","https://x.com/FutGol_X/status/1893511794712346932","1841979957440086020","FutGol_X"
"1893511054895743217","Sun Feb 23 03:59:49 +0000 2025","1","Bro no eran ellos. Era el Manchester United... https://t.co/8W39djBmD0","1893511054895743217","https://pbs.twimg.com/media/GkcaRRqXQAA9Ige.jpg","","es","","0","0","0","https://x.com/FabrInternado/status/1893511054895743217","1786937341988294656","FabrInternado"
"1893341539629183305","Sun Feb 23 03:57:50 +0000 2025","0","@pabloespinosa11 ¿Manchester United? ¿Le quieres arruinar la carrera?","1893510553919779121","","pabloespinosa11","es","Aquí ","0","0","0","https://x.com/Jos3And3/status/1893510553919779121","1439378582686642180","Jos3And3"
"1893331226674479407","Sun Feb 23 03:57:12 +0000 2025","0","@ALMRISEUL Sencillamente estan repitiendo lo mismo que el manchester united.","1893510394246799522","","ALMRISEUL","es","","0","0","0","https://x.com/kalas477/status/1893510394246799522","1645662460982992897","kalas477"
"1893506402615718162","Sun Feb 23 03:41:20 +0000 2025","1","Tenés que DESCENDER a un club de cada Liga ⏬🅱️ 🇦🇷 Rosario Central 🇪🇸 Real Madrid (Y que no vuelva nunca) 󠁧󠁢󠁥󠁮󠁧󠁿 Manchester United 🇮🇹 🇧🇷 🇺🇾 🇫🇷 🇩🇪 St Pauli y Bayern por igual 🇨🇱/🇨🇴/🇵🇾/🇲🇽 Chivas","1893506402615718162","","","es","El Salvador","0","0","0","https://x.com/ComoElSalvador/status/1893506402615718162","1887045548919713792","ComoElSalvador"
"1893501491987509368","Sun Feb 23 03:21:49 +0000 2025","0","Manuel Ugarte convirtió su primer gol para Manchester United al marcar el 2 a 2 ante Everton este sábado por la fecha 26 de la Premier League. Mas en: https://t.co/rTZnI7bZ07 ️ @mariocruzmacias","1893501491987509368","","","es","Uruguay","0","0","2","https://x.com/Fansdelfootball/status/1893501491987509368","357241171","Fansdelfootball"
"1893467689328292333","Sun Feb 23 02:58:31 +0000 2025","0","@gvlo2008 @LigaBBVAMX Por eso es seguirá siendo la Peor Liga en la Transmisión hay que aprenderle a la @premierleague no amontona pardios del Chelsea Arsenal Manchester United City totenham etc etc","1893495624814805200","","gvlo2008","es","San Nicolás de los Garza, Nuev","0","0","0","https://x.com/jlrp82/status/1893495624814805200","129087498","jlrp82"
"1893177843451892186","Sun Feb 23 02:38:26 +0000 2025","0","@Mercado_Ingles Manchester United durante cada temporada: https://t.co/oprqm2UHMt","1893490572507193508","https://pbs.twimg.com/media/GkcHh29W4AAjIQt.png","Mercado_Ingles","es","","0","0","0","https://x.com/manuelz50298528/status/1893490572507193508","1478152213658837003","manuelz50298528"
"1893483902091534419","Sun Feb 23 02:11:56 +0000 2025","0","Empate 2-2 entre Everton y Manchester United por la Premier League https://t.co/qUplqh0cqB","1893483902091534419","https://pbs.twimg.com/media/GkcBkroXcAAQJ4k.jpg","","es","","0","0","0","https://x.com/johnnyvasq2914/status/1893483902091534419","1710378021423611904","johnnyvasq2914"
"1893482722665832850","Sun Feb 23 02:07:14 +0000 2025","1","Ahí va ahí va el próximo jugador del Manchester United","1893482722665832850","","","es","Comunidad de Madrid, España","0","3","0","https://x.com/Recort131/status/1893482722665832850","1300598182338916352","Recort131"
"1893384151358726599","Sun Feb 23 02:06:54 +0000 2025","2","@MUnitedEs Lo que estos muchachos hagan fuera del Manchester united poco o nada importa les pesó la del más grande de Inglaterra ojalá el Villa lo compre.","1893482638955950190","","MUnitedEs","es","","0","0","0","https://x.com/nprmufc/status/1893482638955950190","760006872","nprmufc"
"1893477791158460614","Sun Feb 23 01:47:39 +0000 2025","0","Que gane el Manchester United un partido ","1893477791158460614","","","es","Manchester, England","0","0","0","https://x.com/Rooneysismo/status/1893477791158460614","322361303","Rooneysismo"
"1893476306072830197","Sun Feb 23 01:41:45 +0000 2025","1","Literalmente hizo historia en la Juventus la esta rompiendo en la Roma y es amado por toda Italia pero para este su carrera no vale nada porque no juega en el Chelsea o el Manchester United","1893476306072830197","","","es","Tempest","0","0","0","https://x.com/_Alan28/status/1893476306072830197","1640019237656838144","_Alan28"
"1893473473491501247","Sun Feb 23 01:30:29 +0000 2025","0","Premier: Manuel Ugarte convirtió un golazo para que Manchester United empate ante Everton https://t.co/c0iMtbcAEo","1893473473491501247","","","es","América latina","0","0","0","https://x.com/msnlatam/status/1893473473491501247","112552131","msnlatam"
"1893406180715708731","Sun Feb 23 01:10:56 +0000 2025","1","@leiria68 @SVargasOK Hablas desde la ignorancia en Inglaterra siempre ha habido competitividad por otro lado el Chelsea y Manchester United también ha gastado un dineral y no han logrado ni la mitad de lo que si consiguió Guardiola en el City.","1893468551291297937","","leiria68","es","Caracas, Venezuela.","0","0","0","https://x.com/luishiphoper/status/1893468551291297937","2154492262","luishiphoper"
"1893466389240832044","Sun Feb 23 01:02:20 +0000 2025","2","#Deportes | Manchester United salvó un empate ante el Everton; vuelve a la acción la Selección Femenina de mayores y todo está listo para la Liga femenina en Colombia. Informan: @susy_mora @diegochirivi y John Daza Ampliación en https://t.co/l1e7QwzG8J https://t.co/XtODynuuZD","1893466389240832044","https://pbs.twimg.com/amplify_video_thumb/1893462692574228480/img/5ivgEsoEEEykCM8d.jpg","","es","Bogotá ","0","0","2","https://x.com/RedMasNoticias/status/1893466389240832044","1601822730","RedMasNoticias"
"1893465807109398554","Sun Feb 23 01:00:01 +0000 2025","0","Bruno Fernandes y Manuel Ugarte salvan a los 'Diablos Rojos'. Manchester United reacciona para conseguir el empate contra Everton en la #PremierLeague (Video) https://t.co/Gz3NMVGnVJ","1893465807109398554","","","es","Guayaquil, Ecuador","0","0","0","https://x.com/Aficion_Central/status/1893465807109398554","158732968","Aficion_Central"
"1893463288328941840","Sun Feb 23 00:50:01 +0000 2025","0","Así marcha la Premier League con el Liverpool a 8 puntos del Arsenal a lo que solo una mala racha les quitaría ganar el título. Manchester United sigue sin levantar y está en el lugar 15 del fútbol inglés. https://t.co/SNEmbHSQXR","1893463288328941840","https://pbs.twimg.com/media/GkbumDvXgAAPFqO.jpg","","es","Morelia ","0","0","0","https://x.com/final_mx/status/1893463288328941840","1071899297526894592","final_mx"
"1893454230578700714","Sun Feb 23 00:48:46 +0000 2025","3","@EditsBoke Este es el mismo problema que tiene en la ruina al Manchester United es un problema de jugadores no de DT s está todo podrido por dentro el club desde la directiva para abajo.","1893462975614214523","","EditsBoke","es","","0","0","0","https://x.com/lord_pretty9898/status/1893462975614214523","1651480088301502464","lord_pretty9898"
"1893458653287448649","Sun Feb 23 00:45:19 +0000 2025","3","@hagasbar Yo cacho que ni Elon Musk va a salvar al Manchester United cuando se lo compre. Salvo que al hueón se ocurra clonar a Sir Alex Fergurson cosa que no se puede descartar.","1893462106126630930","","hagasbar","es","Viña del Mar","0","0","0","https://x.com/sportsjunkiecl/status/1893462106126630930","64275074","sportsjunkiecl"
"1893461447167938918","Sun Feb 23 00:42:42 +0000 2025","0","Sábado con siete encuentros en la Premier League 󠁧󠁢󠁥󠁮󠁧󠁿 y su jornada 26. -Arsenal cayó ante West Ham en casa y deja la mesa puesta para que Liverpool se aleje por 11 puntos -Manchester United vino de atrás para rescatar un punto ante Everton https://t.co/RDYFZfrIgN","1893461447167938918","https://pbs.twimg.com/media/Gkbs-eCWsAEC2qw.jpg","","es","","0","1","0","https://x.com/SpEduardo/status/1893461447167938918","1720241900244885504","SpEduardo"
"1893458653287448649","Sun Feb 23 00:31:36 +0000 2025","1","Manchester United se está transformando en un Arsenal con esteroides","1893458653287448649","","","es","","0","1","0","https://x.com/hagasbar/status/1893458653287448649","944341253608570881","hagasbar"
"1893420792274178539","Sun Feb 23 00:25:21 +0000 2025","3","@SportsCenterBR Vai funcionar igual o Manchester United!!!","1893457082226995709","","SportsCenterBR","es","Contagem","0","0","0","https://x.com/WendersonFrank7/status/1893457082226995709","1610983477","WendersonFrank7"
"1893360959441232037","Sun Feb 23 00:21:00 +0000 2025","2","@ElgauchoFCB Correcalles de manual. Muchos goles y el nivel de los primeros 10 es más o menos similar pero no necesariamente superior a los 4 mejores de la liga por ejemplo. Si quieres disfrutar fútbol un Athletic-Villarreal te supera un Manchester United-Arsenal o un City-Chelsea.","1893455987903779248","","ElgauchoFCB","es","","0","1","0","https://x.com/MikeVensa/status/1893455987903779248","1453750355678875692","MikeVensa"
"1893455216076374343","Sun Feb 23 00:17:56 +0000 2025","3","Aún así el el Manchester United eliminó al barca en Europa league ","1893455216076374343","","","es","","0","0","0","https://x.com/AbascalRM/status/1893455216076374343","1813445961727025152","AbascalRM"
"1892956936200401178","Sun Feb 23 00:07:33 +0000 2025","0","@AlexisMoonroy @Ju4nk4_ @LxoMessismoFCB Me recuerdo cuando el Manchester United los eliminó en repechaje de EUROPA LEAGUE","1893452603419230454","","AlexisMoonroy","es","Ucrania","0","0","0","https://x.com/Pez113056/status/1893452603419230454","1470248475514191876","Pez113056"
"1893301726175744392","Sun Feb 23 00:07:23 +0000 2025","0","@owngooal QUE GOLAZO PA POR SIEMPRE EL MEJOR JUGADOR DE TODOS LOS TIEMPOS CRISTIANO RONALDO MANCHESTER UNITED 2008 ","1893452560276521456","","owngooal","es","","0","0","0","https://x.com/JohhnWick1913/status/1893452560276521456","1841966694949953536","JohhnWick1913"
"1893451492129931318","Sun Feb 23 00:03:09 +0000 2025","3","top 10 times favs 1- Botafogo 2- Manchester United 3- Coritiba 4- Real Madrid 5- Bayern 6- Boca Juniors 7- Nacional 8- Juventus 9- Racing 10- Porto","1893451492129931318","","","es","Campo Grande,meu país.","0","0","0","https://x.com/RHDS1894/status/1893451492129931318","931895294106664960","RHDS1894"
"1893450704510996528","Sun Feb 23 00:00:01 +0000 2025","0","Mirá el golazo de Manuel Ugarte para el empate 2-2 del Manchester United frente al Everton por la Premier https://t.co/U5UdHnevvr","1893450704510996528","","","es","","0","0","0","https://x.com/ovacionuy/status/1893450704510996528","146919703","ovacionuy"
"1893450704465076466","Sun Feb 23 00:00:01 +0000 2025","5","De compañeros en Manchester United a rivales en #LaPremierEnMax. Marcus Rashford Jadon Sancho https://t.co/7aHBqMMKvm","1893450704465076466","https://pbs.twimg.com/media/GkbWdfUW0AAGuCG.jpg","","es","","0","0","0","https://x.com/tntsportsmex/status/1893450704465076466","1385351121603076101","tntsportsmex"
"1893450583173898485","Sat Feb 22 23:59:32 +0000 2025","3"," Pese a todo lo sucedido en el final orgulloso de mi equipo que superó a un paupérrimo Manchester United que sólo contó con el árbitro y #Everton mereció ganar el partido No se pudo pero se alcanzó la racha de 6 juegos sin derrotas y no es poco #EFC #COYB #UTFT https://t.co/I6mvI9TFeR","1893450583173898485","https://pbs.twimg.com/media/GkbjLuHXUAAubqH.jpg","","es","Liverpool, England","0","0","0","https://x.com/ETI_Everton/status/1893450583173898485","1353406061127069696","ETI_Everton"
"1893449634254598211","Sat Feb 22 23:55:46 +0000 2025","2"," Siempre lo mismo cuando jugamos contra estos chorros no es la primera vez que pasa Juegan con sus propias reglas. Después de hoy me retracto por completo. El United es el más ladrón de la ciudad de Manchester. Que agradezcan a los árbitros estar en el 15º puesto #EFC #COYB https://t.co/WM6oRFhNoL","1893449634254598211","https://pbs.twimg.com/media/Gkbh5naWsAAKVnk.jpg","","es","Liverpool, England","0","0","0","https://x.com/ETI_Everton/status/1893449634254598211","1353406061127069696","ETI_Everton"
"1893448945734472087","Sat Feb 22 23:53:01 +0000 2025","3","EVERTON Y MANCHESTER UNITED EMPATAN 2-2 EN UN PARTIDO LLENO DE EMOCIÓN Y POLÉMICA #PremierLeague #EPL #Everton #ManchesterUnited https://t.co/tzstm8hRsi","1893448945734472087","https://pbs.twimg.com/media/GkbhyBKWwAAs3ae.jpg","","es","","0","0","0","https://x.com/Gool_al_90/status/1893448945734472087","1531724817929469954","Gool_al_90"
"1893448292987437384","Sat Feb 22 23:50:26 +0000 2025","3","Marcos Faustino Rojo es un ex jugador de fútbol que se desempeño como zaguero central. Jugo en clubes como Estudiante Mánchester United y Boca entre otros","1893448292987437384","","","es","Lobos, Argentina","0","0","0","https://x.com/BrandonDeLucaok/status/1893448292987437384","1504211128263577602","BrandonDeLucaok"
"1893294920187736145","Sat Feb 22 23:50:26 +0000 2025","0","@ElDelMedallo Se fue Cristiano se fue Ten Hang y el united sigue igual o hasta peor ya eso no es ni de técnicos ni de jugadores es de directivas y un poco de suerte también es increíble que el Manchester se haya convertido en un que madero de jugadores desde Ferguson","1893448291976667403","","ElDelMedallo","es","","0","0","0","https://x.com/giselloren56395/status/1893448291976667403","1661855182861262850","giselloren56395"
"1892915767835836882","Sat Feb 22 23:41:44 +0000 2025","0","@miguelrb_03 @SprintDeRakitic Ahora no sé pero ese año se cargó al Steaua que humilló al Betis. Y desde luego no creo que pienses que el Manchester United actual es mejor que el que eliminamos en 2018 2020 y 2023 ¿no?","1893446102768046202","","miguelrb_03","es","Estambul, Turquía","0","0","0","https://x.com/errease/status/1893446102768046202","933006347272097794","errease"
"1714201647298068846","Sat Feb 22 23:38:25 +0000 2025","0","53. Real Madrid 3 : 1 Manchester City 54. Celta Vigo 1 : 1 Osasuna 55. Everton 2 : 2 Manchester United 56. Rayo Vallecano 0 : 1 Villarreal CF 57. Valencia 0 : 3 Atletico Madrid 58. Las Palmas 0 : 2 FC Barcelona","1893445269028532236","","SlabyGraczFifa","es","Bay Harbor Club, Miami","0","0","0","https://x.com/SlabyGraczFifa/status/1893445269028532236","1534584089910595584","SlabyGraczFifa"
"1893444163527438371","Sat Feb 22 23:34:01 +0000 2025","14","Pásate que prendí stream gano Independiente empato el Manchester United gano Barcelona goleo Atlético Madrid perdió Arsenal Aston Villa le gano a Chelsea gano Inter además juegan San Martin de San Juan vs River y Boca vs Aldosivi https://t.co/Gmu9dwIUzG","1893444163527438371","","","es","Rosario, Argentina","0","0","1","https://x.com/Nicopromanzio_/status/1893444163527438371","1107103028786667523","Nicopromanzio_"
"1893252519645598022","Sat Feb 22 23:33:15 +0000 2025","1","@markelgurru_ El United es un equipo clásico pero yo diría que hasta la época Premier era más bien normalito. Siendo también un ascensor ocasional el City tenía más tirón en la propia Manchester.","1893443971306717191","","markelgurru_","es","Ouagadougou","0","1","0","https://x.com/PBissau51835/status/1893443971306717191","1752749467550318592","PBissau51835"
"1893345123896791101","Sat Feb 22 23:23:10 +0000 2025","0","@Encu5Futbol 🇦🇷 Boca 🇪🇸 Real Madrid 󠁧󠁢󠁥󠁮󠁧󠁿 Manchester United 🇮🇹 Inter 🇧🇷 Internacional 🇺🇾 Peñarol Y ya los demás países son una mierda que no tienen nada de interesante.","1893441433245270338","","Encu5Futbol","es","","0","0","0","https://x.com/ramiro1905pirat/status/1893441433245270338","1845327919888961544","ramiro1905pirat"
"1893440661560381910","Sat Feb 22 23:20:06 +0000 2025","14","El Manchester United de Argentina no le puede hacer un gol a un equipo que tiene un solo punto https://t.co/JPrhxuTZmD","1893440661560381910","https://pbs.twimg.com/media/GkbaMirWUAAegoP.jpg","","es","Boca e Internazionale","0","0","0","https://x.com/Berissinho/status/1893440661560381910","2837551648","Berissinho"
"1893433310736474443","Sat Feb 22 23:08:01 +0000 2025","2","@AtleticoDesign_ @Objetivoatleti Manchester City tiene a haaland. Manchester United tiene un montón de delanteros ya. El Madrid no le necesita en el barca lewandoswki va a renovar en el bayern tienes a harry kane. No creo que la subasta vaya a ser tan grande y menos con tantos equipos top sin necesidad","1893437618672586894","","AtleticoDesign_","es","Madrid.","0","1","0","https://x.com/kylianyeye/status/1893437618672586894","1506999430918123523","kylianyeye"
"1893437555263099027","Sat Feb 22 23:07:46 +0000 2025","8","El Bicho Cristiano Ronaldo jugando en la nieve con el Manchester United. https://t.co/AhFD3AIhun","1893437555263099027","https://pbs.twimg.com/media/GkbXbFWWQAA7J7Z.jpg","","es","","0","1","0","https://x.com/BlueboyCR7/status/1893437555263099027","151821880","BlueboyCR7"
"1893436108458828179","Sat Feb 22 23:02:01 +0000 2025","413","Independiente de local es el Liverpool de Slot y va al frente. Es uno de esos equipos que si sos un neutral pagarías una entrada. De visitante es el Manchester United de Humorim. Le cuesta imponer condiciones y no se anima a protagonizar. Lo que más deseo es la regularidad ","1893436108458828179","","","es","In the city of blinding lights","1","3","20","https://x.com/wmansilla/status/1893436108458828179","137108136","wmansilla"
"1893422702842523688","Sat Feb 22 22:50:01 +0000 2025","0","@MrPluff @lunara_fawn Soy de Boca y del Manchester United deja de llorar de lleno","1893433091416260866","","MrPluff","es","Lomas del cantor, Bolivia","0","1","0","https://x.com/Hugier_/status/1893433091416260866","1689328106236948488","Hugier_"
"1893345123896791101","Sat Feb 22 22:48:45 +0000 2025","0","@Encu5Futbol 🇦🇷 Independiente 🇪🇸 Real Madrid 󠁧󠁢󠁥󠁮󠁧󠁿 Manchester United (? 🇮🇹 Milan 🇧🇷 Palmeiras 🇺🇾 Peñarol 🇫🇷 PSG 🇩🇪 Bayer Munich 🇨🇱 Colo Colo 🇨🇴 America de Cañi 🇵🇾 Güarani 🇲🇽 America","1893432772670243031","","Encu5Futbol","es","","0","0","0","https://x.com/Renista_/status/1893432772670243031","1279125727946969092","Renista_"
"1893378980352348626","Sat Feb 22 22:46:31 +0000 2025","1","@arturiano33 @Jooy_cg Eso llevan diciendo desde hace mas de una decada jaja el Milan actual es un Manchester United pero sin tanto presupuesto","1893432207878037799","","arturiano33","es","","0","0","0","https://x.com/chiwiuiz/status/1893432207878037799","1651454339775594496","chiwiuiz"
"1893432046103539862","Sat Feb 22 22:45:52 +0000 2025","0","Lenda da Premier League detona o Manchester United de Ruben Amorim ↖️ https://t.co/hgUe1vYTqn https://t.co/C3TyeoJScQ","1893432046103539862","https://pbs.twimg.com/media/GkbSXLJXkAANvA9.jpg","","es","","0","0","0","https://x.com/kempnertv/status/1893432046103539862","1792247370945626112","kempnertv"
"1893309083568005127","Sat Feb 22 22:24:46 +0000 2025","1","@ManUdArg A Zirkzee no hay q ponerlo más pero Rasmus debe ser titular? Jajajajaja. Te cuento que solo hay dos delanteros y de lejoooooooos Zirkzee es mucho mejor q Rasmus. No me vayas a decir ahora q hay q darle la titularidad al chico de Obi.","1893426734822785461","","ManUdArg","es","Caracas, Venezuela","0","0","0","https://x.com/VeUnited/status/1893426734822785461","1036063643371220992","VeUnited"
"1893350384145440814","Sat Feb 22 22:21:27 +0000 2025","0","@Chriskroos12 @AtaqueFutbolero Si sabes que quedo en malos términos con el real madrid despues de que le notificaran que no debía de jugar la final del mundial 2014 para que no llegue lesionado al club que lo vendieron(manchester united)","1893425898512134613","","Chriskroos12","es","","0","0","0","https://x.com/AvaritiaSoul/status/1893425898512134613","1328445582000726018","AvaritiaSoul"
"1893425664767803498","Sat Feb 22 22:20:31 +0000 2025","0","Cada fin de semana que pasa queda demostrado que Cristiano Ronaldo nunca fue el problema del Manchester United si es cierto que contra el Everton por ejemplo consiguieron sacar un empate pero están muy lejos de lo que llegaron a ser en el pasado +","1893425664767803498","","","es","España","0","1","0","https://x.com/kingMadridista9/status/1893425664767803498","1831428062606446592","kingMadridista9"
"1893309911225798711","Sat Feb 22 22:19:44 +0000 2025","1","@unitedarmy1220 Exacto lastimosamente hay q llevarlo de a poco para no darle tanta responsabilidad. Pero lo de Rasmus es para q no juegue más es verdad q el funcionamiento del equipo es pésimo pero Rasmus no hace ni las cosas básicas de un nueve de area es horrible..","1893425468071714976","","unitedarmy1220","es","Caracas, Venezuela","0","1","0","https://x.com/VeUnited/status/1893425468071714976","1036063643371220992","VeUnited"
"1892215381781348401","Sat Feb 22 22:18:07 +0000 2025","1","@warriorsan_ @owngooal Nadie dice que esos no son golazos literalmente esos goles nombrados sin históricos hasta el que metió Ronaldo en la Copa del Rey o vs Manchester que saltó 2 93m. Para mí el de Palermo o Ronaldo vs United fueron los mejores ese en la Juve saltó más de 2.5 creo una locura.","1893425063153615016","","warriorsan_","es","Buenos Aires, Argentina","0","0","0","https://x.com/AlanSomma1/status/1893425063153615016","1192140376833953792","AlanSomma1"
"1893424717320671280","Sat Feb 22 22:16:45 +0000 2025","7","lista de equipos que NO SON MEJORES que independiente: - manchester united - bayern múnich - españa en sudáfrica 2010 - real madrid - river 2018","1893424717320671280","","","es","Buenos Aires, Argentina","0","0","0","https://x.com/jladron21/status/1893424717320671280","817159643164250112","jladron21"
"1893359574721192174","Sat Feb 22 22:15:12 +0000 2025","1","@DanyFlame_ @ElJefeAguila @Footy_Headlines @ClubAmerica Real Madrid Juventus Arsenal Manchester United liverpool Bayern munchen entre otros la elite del fútbol.","1893424325748756599","","DanyFlame_","es","","0","0","0","https://x.com/Deossa1026215/status/1893424325748756599","1837538087217647618","Deossa1026215"
"1893423875930644678","Sat Feb 22 22:13:24 +0000 2025","1","No creo que el Manchester United descienda pero es importante mencionar que ahora mismo hay 14 equipos por encima de ellos en la tabla. No puede ser que estén haciendo una temporada tan asquerosa. #ManchesterUnited #PremierLeague","1893423875930644678","","","es","","0","0","0","https://x.com/D4fut/status/1893423875930644678","1709399862112931840","D4fut"
"1893345123896791101","Sat Feb 22 22:14:12 +0000 2025","0","@Encu5Futbol 🇦🇷barraca central 🇪🇸Real Madrid 󠁧󠁢󠁥󠁮󠁧󠁿Manchester united 🇮🇹Juventus 🇧🇷bragantino 🇺🇾nacional 🇫🇷psg 🇩🇪Dortmund 🇨🇱/🇨🇴/🇵🇾/🇲🇽 cualquiera","1893424074132525299","","Encu5Futbol","es","Villa Allende ciTy","0","0","0","https://x.com/GG22xT/status/1893424074132525299","1676694770","GG22xT"
"1893392985770885203","Sat Feb 22 22:12:32 +0000 2025","0","@anterantz86 @NegredoNoPuedo seguro que tampoco les iba a pasar nada contra el Manchester United y la Juventus. en los 2000 cuando el Sevilla acababa de volver en segunda y todo era una ruina crees que se llegó a conseguir todo lo que se consiguió con esa mentalidad? o se hizo volcándose con el equipo?","1893423656811794761","","anterantz86","es","idrissi prime","0","0","0","https://x.com/idrissiprime/status/1893423656811794761","1693742284494319616","idrissiprime"
"1893292146884493434","Sat Feb 22 22:11:45 +0000 2025","0","@MUnitedEs Yo dejé de ver los partidos del Manchester United hace dos semanas.Tantos momentos gratos que me estaba perdiendo con mi familia por ver un club de fútbol otrora entre los mejores dos del planeta...venido a menos de tal manera que deprime verlos jugar....","1893423459067158803","","MUnitedEs","es","Paradise 🌴","0","1","0","https://x.com/cerutimartin/status/1893423459067158803","542975274","cerutimartin"
"1893422913371382036","Sat Feb 22 22:09:35 +0000 2025","0","ATENCIÓN RIVER Manchester United se unió al interés de Barcelona e Inter por Mastantuono. #River2025 #AltasyBajas #MercadoDePases #mastantuono #barcelona #INTERDEMILAN #manchesterunited https://t.co/6WHd8cIj79","1893422913371382036","https://pbs.twimg.com/media/GkbKGtPWEAATTWB.jpg","","es","Venado Tuerto, Argentina ","0","0","0","https://x.com/nicogimenez300/status/1893422913371382036","3178230861","nicogimenez300"
"1893423335272268062","Sat Feb 22 22:11:15 +0000 2025","1","Clube Athletico United de Manchester Paranaense","1893423335272268062","","","es","","0","0","0","https://x.com/Fabiano_Boris77/status/1893423335272268062","1713292717252321281","Fabiano_Boris77"
"1893422240487641248","Sat Feb 22 22:06:54 +0000 2025","1","🇦🇷Boca 🇪🇸A. De Madrid 󠁧󠁢󠁥󠁮󠁧󠁿Manchester United 🇮🇹Juventus 🇧🇷Flamengo 🇺🇾Nacional 🇮🇹Palma 🇩🇪El de Redbull 🇨🇱Coco coco 🇨🇴A. Nacional 🇵🇾Cerro porteño 🇲🇽A M E R I C A https://t.co/wq9ihLtYlo","1893422240487641248","https://pbs.twimg.com/media/GkbJfkRXYAA10qC.jpg","","es","Coração Do Grey ❤️🇧🇷🇲🇽❤️","1","1","0","https://x.com/TheMexaBy/status/1893422240487641248","1741608849843306496","TheMexaBy"
"1893345123896791101","Sat Feb 22 22:05:30 +0000 2025","0","@Encu5Futbol 🇦🇷Boca 🇪🇸A. De Madrid 󠁧󠁢󠁥󠁮󠁧󠁿Manchester United 🇮🇹Juventus 🇧🇷Flamengo 🇺🇾Nacional 🇮🇹Palma 🇩🇪El de Redbull 🇨🇱Coco coco 🇨🇴A. Nacional 🇵🇾Cerro porteño 🇲🇽A M E R I C A","1893421886714867909","","Encu5Futbol","es","Coração Do Grey ❤️🇧🇷🇲🇽❤️","0","0","0","https://x.com/TheMexaBy/status/1893421886714867909","1741608849843306496","TheMexaBy"
"1893421718019903891","Sat Feb 22 22:04:50 +0000 2025","1","cruzeiro = manchester united","1893421718019903891","","","es","Belo Horizonte, Brasil","0","0","0","https://x.com/guixuai/status/1893421718019903891","1168336089179926530","guixuai"
"1893359574721192174","Sat Feb 22 21:58:00 +0000 2025","0","@pablormn__ @ElJefeAguila @Footy_Headlines @ClubAmerica Es que soy muy fan de los diseños de flor de loto este año la tercera equipación de Real Madrid y Manchester United son unas joyas. ","1893419997260591302","","pablormn__","es","México","0","1","0","https://x.com/onceyax/status/1893419997260591302","1164718951219302400","onceyax"
"1893415955717304603","Sat Feb 22 21:41:56 +0000 2025","0"," ¡Pana! Este domingo 5 de enero hay un clásico que no te puedes perder: Liverpool vs. Manchester United en Anfield. ️ Salah se despide al final de la temporada ¡y la emoción está al máximo! Los Reds llegan como líderes pero el United siempre puede dar una sorpresa. https://t.co/v5GX4fKABC","1893415955717304603","https://pbs.twimg.com/media/GkbDxxqWIAAlq87.jpg","","es","","0","0","0","https://x.com/clublaroca007/status/1893415955717304603","1821603885661724672","clublaroca007"
"1893331770088526288","Sat Feb 22 21:37:04 +0000 2025","0","@emilio_val52 @Parker_BLalo Mismos productos y calidad que lo que hace con el Real Madrid Bayern Manchester United... Jerseys con diseños únicos toda la ropa deportiva del club colecciones como con Adidas original. Eje. La Roma de Italia no lo tiene. Solo es eso.","1893414730011689380","","emilio_val52","es","Ciudad de México","0","0","0","https://x.com/ElBetossss/status/1893414730011689380","1959432463","ElBetossss"
"1893411472316723308","Sat Feb 22 21:36:07 +0000 2025","0","@InocenteDuke Eres fan del Manchester United?","1893414490286264430","","InocenteDuke","es","Islas Canarias, España","0","0","0","https://x.com/MrQuincyStorm/status/1893414490286264430","2865299128","MrQuincyStorm"
"1893363671142736307","Sat Feb 22 21:34:16 +0000 2025","0","@fifa_romania 81 pas ? NO .","1893414026182340863","","fifa_romania","es","","0","0","0","https://x.com/PLlebot31/status/1893414026182340863","1546798388892631040","PLlebot31"
"1893361055029465153","Sat Feb 22 21:30:40 +0000 2025","1","@DRK45811083 @DAVIDSI47878204 @KevinJimenezCR Dice segundo equipo más grande Inglaterra para no decir Manchester United que está en una de sus peores crisis de la historia","1893413122007765106","","DRK45811083","es","San José, Costa Rica","0","1","0","https://x.com/Alb12Rodolfo/status/1893413122007765106","1598185081625010176","Alb12Rodolfo"
"1893396465755541971","Sat Feb 22 21:30:08 +0000 2025","0","@Ramma_B @frabigol @Sebasrur Sforza fue otro jugador joven que terminó quemado por la mala etapa del Vasco aquí muchos jóvenes se queman al igual que sucede en el Manchester United la etapa del club no permite que los jóvenes se desarrollen Futebol","1893412987752309016","","Ramma_B","es","Longe de toda negatividade","0","0","0","https://x.com/JN_22x/status/1893412987752309016","922903221353570306","JN_22x"
"1893388410871529615","Sat Feb 22 21:29:06 +0000 2025","42","@pabloespinosa11 Tenéis que hacer un vídeo de jugadores que creías que lo petarían los fichó el Chelsea y ahora están muertos . Y otro igual pero con el Manchester United ","1893412726333968858","","pabloespinosa11","es","Valencia, Spain","0","0","0","https://x.com/GBCLopi/status/1893412726333968858","244479652","GBCLopi"
"1893391113886802115","Sat Feb 22 21:29:04 +0000 2025","1","@CFCUruguay 100% de acuerdo y de mi parte con esta gente a cargo del equipo estamos siguiendo los mismos pasos del Manchester United después de Ferguson","1893412719048441865","","CFCUruguay","es","Quito, Ecuador","0","0","0","https://x.com/davecfc10/status/1893412719048441865","520843168","davecfc10"
"1893412609983943085","Sat Feb 22 21:28:38 +0000 2025","0","Everton vs Manchester United (2-2) | Resumen y goles | Highlights Premie... https://t.co/0qgEmFErPY vía @YouTube","1893412609983943085","","","es","MADRID","0","0","0","https://x.com/monerenarea51/status/1893412609983943085","585603473","monerenarea51"
"1893412285625901222","Sat Feb 22 21:27:21 +0000 2025","0","Manchester United: Ugarte feliz y orgulloso por su gol pero lamentó no haber ganado https://t.co/aSqHH9E5mL","1893412285625901222","","","es","Montevideo, Uruguay","0","0","0","https://x.com/futbolportaluy/status/1893412285625901222","718198945281925120","futbolportaluy"
"1893382556659159477","Sat Feb 22 21:19:47 +0000 2025","0","@rubennatm Se va al Manchester united?","1893410381118177438","","rubennatm","es","Fundación ","0","0","0","https://x.com/Te_Lo_Debo/status/1893410381118177438","893966485802160128","Te_Lo_Debo"
"1893410234451853322","Sat Feb 22 21:19:12 +0000 2025","0","Rúben Amorim y desolador panorama de Manchester United: Esta temporada necesitamos sobrevivir . https://t.co/aIsqQnNaNo https://t.co/1lxghnoaoB","1893410234451853322","https://pbs.twimg.com/media/Gka-i6AXgAACJs_.jpg","","es","Chile","0","0","0","https://x.com/PrensaFutbol/status/1893410234451853322","14605976","PrensaFutbol"
"1893409943111254079","Sat Feb 22 21:18:02 +0000 2025","25","Yo y los pibes yendo a bombardear Manchester para que el City y el United nos dejen de CAGAR la vida https://t.co/cDe37pn2Sh","1893409943111254079","https://pbs.twimg.com/ext_tw_video_thumb/1893409921804169216/pu/img/oFtS2copdMPtjUId.jpg","","es","Bremen, Alemania","0","0","0","https://x.com/BenLoopp/status/1893409943111254079","3116291631","BenLoopp"
"1893335484270596434","Sat Feb 22 21:17:11 +0000 2025","1","@telle16herrera Si para ti supone un gasto mental poner en Google: Historial Real Sociedad Manchester United Entiendo que tienes que tener un retraso de época. PD: Fijate para buscar datos del Osasuna en Europa ya me cuesta más.","1893409727041650837","","telle16herrera","es","Estadio San Mames 🔴⚪🔴","0","0","0","https://x.com/18ATHB98/status/1893409727041650837","1767846100923191296","18ATHB98"
"1893335484270596434","Sat Feb 22 21:13:21 +0000 2025","0","@garcitajones Si para ti supone un gasto mental poner en Google: Historial Real Sociedad Manchester United Entiendo que tienes que tener un retraso de época.","1893408764125946111","","garcitajones","es","Estadio San Mames 🔴⚪🔴","0","1","0","https://x.com/18ATHB98/status/1893408764125946111","1767846100923191296","18ATHB98"
"1893408422147793247","Sat Feb 22 21:12:00 +0000 2025","0","¡Empate agónico ante el Everton! El Manchester United se salva de la derrota pero agranda las dudas https://t.co/FFHSLkNAr3 https://t.co/3zRWqq6x7v","1893408422147793247","https://pbs.twimg.com/media/Gka8t0VXEAA6l2W.jpg","","es","Ciudad de México","0","0","0","https://x.com/laaficion/status/1893408422147793247","21711729","laaficion"
"1893406106619121730","Sat Feb 22 21:02:48 +0000 2025","1"," No comenté nada del juego de hoy porque estaba muy caliente con el robo del árbitro Salí me distendí y ahora estoy más calmo para reflexionar sobre lo que fue un empate polémico 2 a 2 entre #Everton y Manchester United #EFC #COYB #UTFT En vivo aquí: https://t.co/YrQcMzyw5u","1893406106619121730","","","es","Liverpool, England","0","0","0","https://x.com/ETI_Everton/status/1893406106619121730","1353406061127069696","ETI_Everton"
"1893405255380906239","Sat Feb 22 20:59:25 +0000 2025","1","Tenés que DESCENDER a un club de cada Liga ⏬🅱️ 🇦🇷 Ri🅱️er 🇪🇸 Español 󠁧󠁢󠁥󠁮󠁧󠁿 Manchester united 🇮🇹 Sampdoria 🇧🇷 No se 🇺🇾 No se 🇫🇷 nantes 🇩🇪 Hoffenheim 🇨🇴 A🅱️erica","1893405255380906239","","","es","Bogotá, D.C., Colombia ","0","0","0","https://x.com/gxldenicoo/status/1893405255380906239","1649833199361568770","gxldenicoo"
"1893404478251876722","Sat Feb 22 20:56:20 +0000 2025","72"," | Manchester United 󠁧󠁢󠁥󠁮󠁧󠁿 se unió al interés de Barcelona e Inter por Franco Mastantuono ℹ️ @DeadlineDayLive | @maxpugliese92 https://t.co/ad5IaalcCF","1893404478251876722","https://pbs.twimg.com/media/Gka5U2CWoAAY-le.jpg","","es","","1","0","0","https://x.com/StatsMillo/status/1893404478251876722","1711054750387486720","StatsMillo"
"1893403652749926788","Sat Feb 22 20:53:03 +0000 2025","0","Jornada interesante en Premier League aunque para sorpresa de nadie Manchester United sigue sin ganar. Arsenal cada vez mas lejos del título y Aston Villa gano un partido clave ante Chelsea.","1893403652749926788","","","es","","0","0","0","https://x.com/Falorid/status/1893403652749926788","1858662180951891968","Falorid"
"1893403143750201802","Sat Feb 22 20:51:01 +0000 2025","2"," #River | Manchester United se unió al interés de Barcelona e Inter por Mastantuono. ℹ️ @DeadlineDayLive https://t.co/JGfeN0axUh","1893403143750201802","https://pbs.twimg.com/media/Gka4IAoXkAA-JKv.jpg","","es","","0","0","1","https://x.com/HDeRiverr/status/1893403143750201802","1504592349141344258","HDeRiverr"
"1893345123896791101","Sat Feb 22 20:47:59 +0000 2025","0","@Encu5Futbol Racing Barcelona Manchester United Juventus Flamengo Peñarol PSG Bayer Colo Colo Atlético Nacional Olimpia América","1893402380915384446","","Encu5Futbol","es","","0","0","0","https://x.com/palca27/status/1893402380915384446","1508947231373725700","palca27"
"1893359574721192174","Sat Feb 22 20:43:51 +0000 2025","2","@DanyFlame_ @ElJefeAguila @Footy_Headlines @ClubAmerica Real Madrid Juventus Manchester United Bayern Munich Los que recuerdo de Europa de América no sé","1893401340442825008","","DanyFlame_","es","","0","1","0","https://x.com/thepurist99/status/1893401340442825008","1632044370034663424","thepurist99"
"1893401033683972166","Sat Feb 22 20:42:38 +0000 2025","0"," Rúben Amorín es un INÚTIL. Nunca tuvo la capacidad para dirigir al Manchester United el equipo más hermoso del universo. Hoy lo volvió a demostrar: sin idea de juego sin identidad dependiendo de errores rivales. ¿Hasta cuándo este circo? #MUFC #AmorínOut ","1893401033683972166","","","es","","0","0","0","https://x.com/juangom59616028/status/1893401033683972166","1367286878605619203","juangom59616028"
"1893345123896791101","Sat Feb 22 20:41:11 +0000 2025","8","@Encu5Futbol 🇦🇷 Barracas 🇪🇸 Me chupa un huevo 󠁧󠁢󠁥󠁮󠁧󠁿 Manchester United 🇮🇹 Monza 🇧🇷 Cruzeiro (? 🇺🇾 Me chupa un huevo 🇫🇷 El Lyon 🇩🇪 Unión Berlin Las otras 4 ligas me chupan un huevo","1893400669614133611","","Encu5Futbol","es","","0","2","0","https://x.com/_Thiago_14_/status/1893400669614133611","1663501497240285186","_Thiago_14_"
"1893400661426929684","Sat Feb 22 20:41:10 +0000 2025","0","BUEEEEEEEEEEEN DÍAAAAAAAAAAA AMANECE EN MI NATAL BOLIVIA. Cómo jugo el Sidanchester United?","1893400661426929684","","","es","La Paz, Bolivia","0","0","0","https://x.com/MutdBOL/status/1893400661426929684","1892958676589465600","MutdBOL"
"1893400369222316464","Sat Feb 22 20:40:00 +0000 2025","0","¡Empate agónico en Goodison Park! El Manchester United se salva de la derrota pero agranda las dudas https://t.co/FFHSLkN2Bv https://t.co/UYg6kJq9ER","1893400369222316464","https://pbs.twimg.com/media/Gka0pyjXEAEEt7Y.jpg","","es","Ciudad de México","0","0","0","https://x.com/laaficion/status/1893400369222316464","21711729","laaficion"
"1893286841672929383","Sat Feb 22 20:38:18 +0000 2025","11","@Mario___RM Cristiano Ronaldo era el problema del Manchester united https://t.co/gRzqbyErk9","1893399940363100195","https://pbs.twimg.com/media/Gka1Ni0XAAE_lyl.jpg","Mario___RM","es","","0","0","1","https://x.com/paguitero/status/1893399940363100195","1640639561507192832","paguitero"
"1893398302957187193","Sat Feb 22 20:31:47 +0000 2025","0","Everton vs. Manchester United: Pronósticos y predicciones del partido por la Premier League 2025. Historia de Héctor Salerno. 14h. https://t.co/mIOC1qwaAM","1893398302957187193","","","es","El Mundo Hispano y Anglo","0","0","0","https://x.com/nostradamvs/status/1893398302957187193","78191273","nostradamvs"
"1893293076275249553","Sat Feb 22 20:28:33 +0000 2025","0","@FCB_nenn Claro claro que quieren que descienda si los elimino el súper Manchester united e Europali jajajaja Dolidos https://t.co/tfEwPR4ptU","1893397488729473445","https://pbs.twimg.com/media/Gkay-2gWEAADjWQ.jpg","FCB_nenn","es","Venezuela","0","0","0","https://x.com/Rekiam/status/1893397488729473445","186147098","Rekiam"
"1893396822241980557","Sat Feb 22 20:25:54 +0000 2025","2","En el manchester united? No nooooo no ","1893396822241980557","","","es","Medellín, Colombia","0","0","0","https://x.com/Karolyn13340091/status/1893396822241980557","949008370274656262","Karolyn13340091"
"1893396760107634742","Sat Feb 22 20:25:39 +0000 2025","3","Tenés que DESCENDER a un club de cada Liga ⏬🅱️ 🇦🇷 Boca (por los jijos) 🇪🇸 Real Madrid 󠁧󠁢󠁥󠁮󠁧󠁿Manchester United (por los jijos) 🇮🇹 Roma 🇧🇷Gremio 🇺🇾Wanderers 🇫🇷Monaco 🇩🇪Leverkusen 🇨🇱Colo colo 🇨🇴Junior 🇵🇾? 🇲🇽?","1893396760107634742","","","es","","0","1","0","https://x.com/YitzakDe/status/1893396760107634742","1534287265140203521","YitzakDe"
"1893358572227952892","Sat Feb 22 20:25:14 +0000 2025","1","@juanma_cabj_ @Mad_Dietter @Arsenal_America Tienes razón vamos a volver a rotar entrenadores como el Manchester United seguro que nos irá muy bien. Sobretodo con la plantilla que tenemos imagino que das por hecho que es una de las mejores del mundo como para competir lo que pretendes competir","1893396655187153165","","juanma_cabj_","es","Vigo, GZ","0","1","0","https://x.com/pablocsnv_/status/1893396655187153165","1621586993674162177","pablocsnv_"
"1893384151358726599","Sat Feb 22 20:24:34 +0000 2025","2","@MUnitedEs Así es el problema es el Manchester United.","1893396486223745204","","MUnitedEs","es","Toluca, Mexico","0","0","0","https://x.com/ElChavaSanchez/status/1893396486223745204","164148824","ElChavaSanchez"
"1893396271601233993","Sat Feb 22 20:23:43 +0000 2025","2"," Manchester United se unió al interés de Barcelona e Inter por Mastantuono. ℹ️ de @DeadlineDayLive #river #riverplate #carp #millonario #mercadodepases #mastantuono #manchesterunited https://t.co/vElomE2yL9","1893396271601233993","https://pbs.twimg.com/media/Gkax3qVWIAAhcuc.jpg","","es","","0","0","0","https://x.com/SoyDel_Millo/status/1893396271601233993","1191065009155129351","SoyDel_Millo"
"1893396070379442265","Sat Feb 22 20:22:55 +0000 2025","3","🇦🇷 Manchester United se suma a Inter y Real Madrid como los equipos interesados en Franco Mastantuono ℹ️ Inter Live https://t.co/U29UyMEhNm","1893396070379442265","https://pbs.twimg.com/media/GkaxsRGXIAAt5Dj.jpg","","es","","0","0","0","https://x.com/SectaDeporOk/status/1893396070379442265","3457500982","SectaDeporOk"
"1893301779288211539","Sat Feb 22 20:20:52 +0000 2025","1","@MUnitedEs @BBCSport El y Zirkzee son muy malos ni uno te genera algo más Se necesita un delantero top en el Manchester united Se viene de delanteros muy buenos como Cavani Cristiano Van Persie Zlatan etc y ahora tenemos estas 2 basuras y Martial ni te cuento otro fiasco (cuando estuvo claro)","1893395553041457461","","MUnitedEs","es","","0","0","0","https://x.com/Jonatha52336776/status/1893395553041457461","1227733572670218242","Jonatha52336776"
"1893395162241413344","Sat Feb 22 20:19:18 +0000 2025","29"," than any available Manchester United winger has all season El único extremo disponible del United actualmente es Garnacho por eso @StatmanDave hizo el tuit así porque si hablas de extremos del equipo en general Amad Diallo tiene 6 asistencias en Premier el doble que Marcus","1893395162241413344","","","es","Manchester, England","0","1","0","https://x.com/OjoDeSauron_/status/1893395162241413344","749028278938267648","OjoDeSauron_"
"1893393488269492384","Sat Feb 22 20:12:39 +0000 2025","0","Dos puntos que ayudarían mucho a mi Manchester United.","1893393488269492384","","","es","","0","0","0","https://x.com/Maklhenter/status/1893393488269492384","1048430831482675201","Maklhenter"
"1893393101604937854","Sat Feb 22 20:11:07 +0000 2025","0","Asensio y Rashford volviendo a su prime después de salir del Manchester United https://t.co/ypiE0qwEtz","1893393101604937854","https://pbs.twimg.com/media/Gkau_S6WkAAc6Oh.jpg","","es","","0","0","0","https://x.com/NayibMF/status/1893393101604937854","1443037155954200577","NayibMF"
"1893392276795130059","Sat Feb 22 20:07:50 +0000 2025","1602"," Manchester United se unió al interés de Barcelona e Inter por Mastantuono. ℹ️ de @DeadlineDayLive | #River https://t.co/l9eqB9T6hh","1893392276795130059","https://pbs.twimg.com/media/GkauPYmWoAAbDve.jpg","","es","","11","45","20","https://x.com/maxpugliese92/status/1893392276795130059","3381005283","maxpugliese92"
"1893391963006599564","Sat Feb 22 20:06:36 +0000 2025","4","Ferrari-Boca-Manchester United y Mari Mari tienen el mismo síndrome fueron gigantes y no supieron reinventarse es decir ahora no existen","1893391963006599564","","","es","Gualeguaychú, Argentina","0","2","0","https://x.com/martinezaadrian/status/1893391963006599564","1237892509684191232","martinezaadrian"
"1893391670323847250","Sat Feb 22 20:05:26 +0000 2025","3","🇦🇷 Boca Juniors 🇪🇸 Real Madrid 󠁧󠁢󠁥󠁮󠁧󠁿 Manchester United 🇮🇹 Inter 🇧🇷 Flamengo 🇺🇾 Peñarol 🇫🇷 Psg 🇩🇪 Bayern Múnich 🇨🇱 Colo-Colo 🇨🇴 Atlético Nacional 🇵🇾 Olimpia 🇲🇽 Monterrey","1893391670323847250","","","es","Argentina","0","0","0","https://x.com/warxeternal/status/1893391670323847250","1009953265151348736","warxeternal"
"1893383226892169674","Sat Feb 22 20:01:00 +0000 2025","6","@AndersonIG14 O en todo. Y ser felices amigo. ya suficiente tenemos con este equipo KO","1893390555276534144","","AndersonIG14","es","Medellín, Colombia","0","1","0","https://x.com/Vanisterror/status/1893390555276534144","1358494982","Vanisterror"
"1893309911225798711","Sat Feb 22 19:59:22 +0000 2025","1","@unitedarmy1220 Es verdad pero al menos pivoteo dos balones q Rasmus seguramente hubiera perdido.","1893390145983799465","","unitedarmy1220","es","Caracas, Venezuela","0","1","0","https://x.com/VeUnited/status/1893390145983799465","1036063643371220992","VeUnited"
"1893389743213150361","Sat Feb 22 19:57:46 +0000 2025","0"," Manchester United evita la derrota en el último suspiro . Bruno Fernandes y Ugarte rescatan un 2-2 ante Everton pero la crisis sigue. ¿Qué pasa con los Red Devils ? #PremierLeague #MUFC https://t.co/I1UlRTW9uN","1893389743213150361","","","es","","0","0","0","https://x.com/sportjudge_mx/status/1893389743213150361","1577770656120377355","sportjudge_mx"
"1893389735655080125","Sat Feb 22 19:57:45 +0000 2025","0","El Manchester United se salva de la derrota (2-2) pero agranda las dudas https://t.co/QRMT6Z4BAw","1893389735655080125","","","es","Bolivia","0","0","0","https://x.com/grupoeldeber/status/1893389735655080125","65444625","grupoeldeber"
"1892235450242187324","Sat Feb 22 19:56:42 +0000 2025","0","@AxelCap_2 Yo le haría un cambio: Liverpool por Manchester United","1893389473230082293","","AxelCap_2","es","Santa rosa de osos","0","0","0","https://x.com/ROJASA_02/status/1893389473230082293","796106543141945344","ROJASA_02"
"1893387308541337864","Sat Feb 22 19:53:50 +0000 2025","2","@ElProfeUY Y el emanador de la libertad apareció o sigue en su cruzada de liberar a los oprimidos de las garras del Manchester United?","1893388750023016937","","ElProfeUY","es","santa cruz , Bolivia","0","0","0","https://x.com/sakazrael/status/1893388750023016937","1835032114862997504","sakazrael"
"1893388594783355372","Sat Feb 22 19:53:13 +0000 2025","1","El Milán y Manchester United están llenos de jugadores estúpidos.","1893388594783355372","","","es","Medellín, Colombia","0","0","0","https://x.com/Esneider1913/status/1893388594783355372","4279168642","Esneider1913"
"1893366130023997451","Sat Feb 22 19:51:30 +0000 2025","0","@ladymarketok Hay una empresa argentina patrocinando al Manchester united. Hace no se cuántas fechas que pierde. https://t.co/TMB90RvT79","1893388162887479537","","ladymarketok","es","","0","0","0","https://x.com/chamooyean/status/1893388162887479537","306942885","chamooyean"
"1893385739632570384","Sat Feb 22 19:41:52 +0000 2025","0","¡Partidazo que terminó en empate! #Video | Everton y Manchester United igualaron en la fecha 16 de la #PREMIERxESPN.https://t.co/WS5ZpxGEmN","1893385739632570384","","","es","Colombia","0","0","0","https://x.com/ESPNColombia/status/1893385739632570384","3290301301","ESPNColombia"
"1893387175166620129","Sat Feb 22 19:47:34 +0000 2025","0","Jugador que se va del Manchester United jugador que sube automaticamente su nivel. https://t.co/pItCbACyTB","1893387175166620129","https://pbs.twimg.com/media/GkapmK4WQAAwKCb.jpg","","es","","0","0","0","https://x.com/estadisdefutbol/status/1893387175166620129","1763831342142246912","estadisdefutbol"
"1893386430266663034","Sat Feb 22 19:44:37 +0000 2025","0","Menos mal que Bruno Fernandes no sufrió ni un resfrío para el Manchester United. Sin él los Red Devils no tienen una mínima chance de ganar o empatar un partidl y diría hasta genera alguna ocasión de gol. El portugues ya lleva años cargando la mochila del equipo de Old Trafford","1893386430266663034","","","es","","0","0","0","https://x.com/salvacamacho30/status/1893386430266663034","1662968026533175297","salvacamacho30"
"1893388019354276088","Sat Feb 22 19:50:55 +0000 2025","0","Manchester United puta!","1893388019354276088","","","es","Valhalla, NY","0","0","0","https://x.com/gabrielvallesh/status/1893388019354276088","395597342","gabrielvallesh"
"1893385190489067750","Sat Feb 22 19:39:41 +0000 2025","19637","POV: Abandonas el Manchester United. https://t.co/5Uq4Mbkogn","1893385190489067750","https://pbs.twimg.com/media/Gkany22XsAAS-F_.jpg","","es","","15","23","560","https://x.com/FCB_nenn/status/1893385190489067750","3269591084","FCB_nenn"
"1893384280039928186","Sat Feb 22 19:36:04 +0000 2025","5","Antony y Rashford tras dejar el Manchester United https://t.co/kdkR4Po8eY","1893384280039928186","https://pbs.twimg.com/media/Gkam-DnWcAAQFmu.jpg","","es","","0","0","0","https://x.com/SantiagoPahuan1/status/1893384280039928186","1324165172576047104","SantiagoPahuan1"
"1893345123896791101","Sat Feb 22 19:35:38 +0000 2025","0","@Encu5Futbol 🇦🇷 Boca 🇪🇸 Real Madrid 󠁧󠁢󠁥󠁮󠁧󠁿 Manchester City/Manchester United 🇮🇹 Inter 🇧🇷 Flamengo 🇺🇾 Peñarol (?) 🇫🇷 PSG 🇩🇪 me da medio igual pero el bayern munich 🇨🇱 Colo-Colo (?) 🇨🇴 me da igual 🇵🇾 me da igual 🇲🇽 América","1893384173114499232","","Encu5Futbol","es","FreeBandz, Argentina","0","0","0","https://x.com/BIURO15663382/status/1893384173114499232","1557457323798429697","BIURO15663382"
"1893383759862386836","Sat Feb 22 19:34:00 +0000 2025","0","El Manchester United un histórico en horas bajas ️ Sigue muy lejos de lo que algún día fue pero retiene la esencia y el sentido del deporte rey. En el sitio donde se inventó. En el lugar donde se respira un ambiente que no tiene igual #RealSociedad https://t.co/3T4WjYv8S1","1893383759862386836","","","es","San Sebastián, España","0","0","0","https://x.com/Gipuzkoa_MD/status/1893383759862386836","4804447595","Gipuzkoa_MD"
"1893383469280985329","Sat Feb 22 19:32:51 +0000 2025","1","🇪🇨Emelec 🇦🇷 Racing 🇪🇸 Real Madrid 󠁧󠁢󠁥󠁮󠁧󠁿Manchester United 🇮🇹 Milán 🇧🇷 Flamengo 🇺🇾 nacional 🇫🇷 PSG 🇩🇪 Bayern 🇨🇱/🇨🇴/🇵🇾/🇲🇽 Olimpia","1893383469280985329","","","es","","0","0","0","https://x.com/Johaaanss/status/1893383469280985329","1221328466240471040","Johaaanss"
"1893383226892169674","Sat Feb 22 19:31:53 +0000 2025","237","Otro partidazo entrando como suplente y marcando la diferencia. Lo que dejamos ir. FREEDOM https://t.co/95IZIe9qs1","1893383226892169674","https://pbs.twimg.com/media/Gkal8VrWgAAfjfg.jpg","","es","Medellín, Colombia","0","9","5","https://x.com/Vanisterror/status/1893383226892169674","1358494982","Vanisterror"
"1893383183657304178","Sat Feb 22 19:31:42 +0000 2025","0","Premier League Manchester United 2 - 2 Everton ¡Una remontada épica! ¡El Manchester United remonta con goles de Fernandes y Ugarte en los últimos ocho minutos para lograr un dramático empate! #ManUtd #Fernandes #Ugarte #PremierLeague #futbol https://t.co/wj5KnHvNBs","1893383183657304178","https://pbs.twimg.com/media/Gkal72SXkAAeMgM.jpg","","es","","0","0","0","https://x.com/futbolconnect/status/1893383183657304178","930220658084081664","futbolconnect"
"1893383136395829504","Sat Feb 22 19:31:31 +0000 2025","0","Igualdad en la parte media-baja Por la jornada 26 de la Premier League; Everton FC igualó como local 2×2 ante Manchester United FC que logró rescatar un punto después de una desventaja de dos tantos en el marcador. #FPL ️: @Hernancho_9 : Man United https://t.co/kAcs5JMWSb","1893383136395829504","https://pbs.twimg.com/media/Gkal7KZXUAAC8_p.jpg","","es","Colombia","0","0","0","https://x.com/HABLEMOS_CD/status/1893383136395829504","1281604258077577216","HABLEMOS_CD"
"1893383020062605427","Sat Feb 22 19:31:03 +0000 2025","2","q me importa el manchester united kjkj","1893383020062605427","","","es","Mi Casa","0","0","0","https://x.com/Joaquincbagg/status/1893383020062605427","957705631552671744","Joaquincbagg"
"1893382476573081721","Sat Feb 22 19:28:54 +0000 2025","0","Qué narices hace Marcus Rashford en el Aston Villa vaya club es el Manchester United ","1893382476573081721","","","es","Madrid, Comunidad de Madrid","0","0","0","https://x.com/TitoG_RM/status/1893382476573081721","1764272562647728128","TitoG_RM"
"1893381712790405300","Sat Feb 22 19:28:31 +0000 2025","0","@Palmerista20 Al paso que va Chelsea no terminará muy lejos de eso ","1893382378942341531","","Palmerista20","es","Medellín, Colombia","0","0","0","https://x.com/Vanisterror/status/1893382378942341531","1358494982","Vanisterror"
"1893359543188378085","Sat Feb 22 19:27:42 +0000 2025","6","@Fenix6390 Me mataste con Heinze amigo ","1893382173652050242","","Fenix6390","es","Medellín, Colombia","0","3","0","https://x.com/Vanisterror/status/1893382173652050242","1358494982","Vanisterror"
"1893049972599181386","Sat Feb 22 19:27:29 +0000 2025","2","@Grenoulle1 @DomenicaMariela y dónde está lo moral? Te está contando llegar al mundial de clubes y plantarle cara al Manchester United de Alex Ferguson. Además ganando lo que nunca has podido microbio.","1893382122443771962","","Grenoulle1","es","Ecuador","0","0","0","https://x.com/iamandres2000/status/1893382122443771962","1243293745879101442","iamandres2000"
"1893382034191470760","Sat Feb 22 19:27:08 +0000 2025","0","Partidazo de Marcus Rasford . Tengo la esperanza de volver a verlo en el Manchester United brillando","1893382034191470760","","","es","Barcelona, España","0","0","0","https://x.com/BArcano_/status/1893382034191470760","947988937318027264","BArcano_"
"1893381947155513461","Sat Feb 22 19:26:48 +0000 2025","0","A Rashford solo había que sacarlo de la toxicidad del Manchester United. A los jugadores hay que analizarlos dentro de un contexto.","1893381947155513461","","","es","","0","0","0","https://x.com/toribiotome/status/1893381947155513461","227850099","toribiotome"
"1893381151516954925","Sat Feb 22 19:26:42 +0000 2025","1","@aia2891 @ChelseaFC Manchester United lo acompaña","1893381923419857078","","aia2891","es","Barranquilla, Colombia","0","0","0","https://x.com/Guillermo_Zea/status/1893381923419857078","249950794","Guillermo_Zea"
"1893381712790405300","Sat Feb 22 19:25:52 +0000 2025","0","@Palmerista20 ¿Volverá el prime de Chelsea? ️","1893381712790405300","","Palmerista20","es","Medellín, Colombia","0","1","0","https://x.com/Vanisterror/status/1893381712790405300","1358494982","Vanisterror"
"1893381565679300876","Sat Feb 22 19:25:17 +0000 2025","0","Que años de mierda para ser del manchester united","1893381565679300876","","","es","Avellaneda","0","0","0","https://x.com/Pastoriza_IFC/status/1893381565679300876","1869919269070483458","Pastoriza_IFC"
"1893359543188378085","Sat Feb 22 19:18:46 +0000 2025","5","@Fenix6390 ¿Cuál traerías? Me interesa saber.","1893379928709640366","","Fenix6390","es","Medellín, Colombia","0","2","0","https://x.com/Vanisterror/status/1893379928709640366","1358494982","Vanisterror"
"1893345123896791101","Sat Feb 22 19:17:04 +0000 2025","0","@Encu5Futbol 🇦🇷Riestra 🇪🇸Real Madrid 󠁧󠁢󠁥󠁮󠁧󠁿Manchester United 🇮🇹 🇧🇷atl min 🇺🇾Peñarol y nacional 🇫🇷 🇩🇪Bayern Munchen 🇨🇱 🇨🇴millonarios 🇵🇾 xerro pequeño 🇲🇽","1893379500529860650","","Encu5Futbol","es","Asuncion, Paraguay","0","0","0","https://x.com/Fernand0Cononel/status/1893379500529860650","871090322507526146","Fernand0Cononel"
"1893379199018095047","Sat Feb 22 19:15:52 +0000 2025","0","Se meten con los que quieren que descienda el valencia por que es un histórico y ahora quieren que descienda el Manchester United .que gente tu!! Alguno se caga encima verás","1893379199018095047","","","es","","0","0","0","https://x.com/Sergio862596694/status/1893379199018095047","1728432714720677888","Sergio862596694"
"1893379158840869025","Sat Feb 22 19:15:43 +0000 2025","0","Gol de Joao Félix asistencia de Bruno Fernandes. No no es el Modo Carrera. El nuevo ataque del Manchester United empieza a hacer estragos en la Premier League. LOS DIABLOS ROJOS TIENEN NUEVA SOCIEDAD. Aston Villa 1 - 1 Chelsea https://t.co/RFegwGkJKy","1893379158840869025","https://pbs.twimg.com/media/GkaiIA9XUAAK-q0.png","","es","","0","0","0","https://x.com/Futboleroswebmx/status/1893379158840869025","1749163229811535872","Futboleroswebmx"
"1893377880161198158","Sat Feb 22 19:15:23 +0000 2025","7","@pabloespinosa11 chelsea cada vez mas es un manchester united club arruinacarreras","1893379075076481175","","pabloespinosa11","es","Ciudad Autónoma de Buenos Aire","0","0","0","https://x.com/YamilCano77/status/1893379075076481175","1235952488","YamilCano77"
"1893378688508383265","Sat Feb 22 19:13:51 +0000 2025","0","Tenés que DESCENDER a un club de cada Liga ⏬🅱️ 🇦🇷 boca Jrs 🇪🇸 real Madrid 󠁧󠁢󠁥󠁮󠁧󠁿 Manchester United 🇮🇹 internazionale 🇧🇷 Fluminense 🇺🇾 Penarol 🇫🇷 PSG 🇩🇪 Borussia","1893378688508383265","","","es","Rosario, Argentina","0","0","0","https://x.com/SFlexteck/status/1893378688508383265","1426604727039582210","SFlexteck"
"1893378660729495920","Sat Feb 22 19:13:44 +0000 2025","15","¿Y los jugadores cobran por lo que vemos cada partido? Porque a veces da la impresión que les cobraran a ellos por jugar. La pereza apatía falta de actitud de profesionalismo es EVIDENTE.","1893378660729495920","","","es","Medellín, Colombia","0","2","0","https://x.com/Vanisterror/status/1893378660729495920","1358494982","Vanisterror"
"1893333153458106805","Sat Feb 22 19:13:41 +0000 2025","5","@LudwigEzechiel ¿Y los jugadores cobran por lo que vemos cada partido? Porque a veces da la impresión que les cobraran a ellos por jugar. La pereza apatía falta de actitud de profesionalismo es EVIDENTE.","1893378647769133409","","LudwigEzechiel","es","Medellín, Colombia","0","1","0","https://x.com/Vanisterror/status/1893378647769133409","1358494982","Vanisterror"
"1893333153458106805","Sat Feb 22 19:12:51 +0000 2025","0","@Jeffer67403916 les gusta*","1893378436925739076","","Jeffer67403916","es","Medellín, Colombia","0","0","0","https://x.com/Vanisterror/status/1893378436925739076","1358494982","Vanisterror"
"1893345076434149574","Sat Feb 22 19:11:59 +0000 2025","0","@Bernardo1007c @AFC_Joaco @adriaJM8 Deja de mentir fantasma Incluso rechazó al Manchester United para venir y Rice al City. Falso tu relato a casa. https://t.co/RvODqitmdu","1893378218855379003","https://pbs.twimg.com/media/GkahQlBWEAAO8P7.png","Bernardo1007c","es","","0","1","0","https://x.com/Totti10cf/status/1893378218855379003","1537455055216992262","Totti10cf"
"1893341539629183305","Sat Feb 22 19:10:01 +0000 2025","1","@pabloespinosa11 Deja de querer mandar gente al Manchester United déjalos ser felices y que tengan carrera","1893377724187627831","","pabloespinosa11","es","","0","0","0","https://x.com/AmaroBD/status/1893377724187627831","1870568111218282496","AmaroBD"
"1893370863329644930","Sat Feb 22 19:07:52 +0000 2025","1","@Patottas No vuelvas a poner en la misma oración a las chivas al Manchester united y al Milan Ni siquiera vale la comparación Milán y el United han sido campeones de torneos importantes aún en su época floja Las chivas ya son como el Torino","1893377182652645650","","Patottas","es","","0","2","0","https://x.com/campeonitis_mx/status/1893377182652645650","1649570389461172225","campeonitis_mx"
"1893377113102623142","Sat Feb 22 19:07:35 +0000 2025","0","Lo admito yo le tuve fe a Hojlund en el Manchester United.","1893377113102623142","","","es","Lima, Perú","0","0","0","https://x.com/FZCuadross/status/1893377113102623142","1361450869900853249","FZCuadross"
"1893375688490504676","Sat Feb 22 19:01:56 +0000 2025","0","¿Ha sido Rashford el que ha dado la asistencia a Asensio? Para comenzar con la teoría de que (casi) todos los jugadores que salen del Manchester United resucitan.","1893375688490504676","","","es","7/10/2014@5SOS (adult/she/her)","0","0","0","https://x.com/cthlxnelyheart/status/1893375688490504676","212587242","cthlxnelyheart"
"1893374849751400828","Sat Feb 22 18:58:36 +0000 2025","2","MANCHESTER UNITED Y MILAN DAN TRISTEZA. ️","1893374849751400828","","","es","","0","0","0","https://x.com/LaPelota10ez/status/1893374849751400828","1280672730942255105","LaPelota10ez"
"1893294920187736145","Sat Feb 22 18:58:00 +0000 2025","10","@lam10rv @ElDelMedallo Para el debacle comenzó desde que se fue el legado Alex Ferguson y fue importante en los últimos 15 años de Manchester United en su prime","1893374701751226808","","lam10rv","es","Colombia","0","0","0","https://x.com/juanpablopal22/status/1893374701751226808","1430643559175184389","juanpablopal22"
"1892940509896741318","Sat Feb 22 18:57:53 +0000 2025","0","@Nickih173 @JesusAdanaque7 @DanikRM_ Viste los partidos del Manchester United en su época? No era delantero.","1893374672655339721","","Nickih173","es","Managua, Nicaragua","0","1","0","https://x.com/Noel_Benavente/status/1893374672655339721","405634231","Noel_Benavente"
"1893374537141518761","Sat Feb 22 18:57:21 +0000 2025","0","Premier: Manuel Ugarte convirtió un golazo para que Manchester United empate ante Everton https://t.co/uLaPZo4S2x","1893374537141518761","","","es","Montevideo, Uruguay","0","0","0","https://x.com/futbolportaluy/status/1893374537141518761","718198945281925120","futbolportaluy"
"1892940509896741318","Sat Feb 22 18:56:38 +0000 2025","0","@IamJuanJuarez @angelehp_ @DanikRM_ En el Manchester United igual Cristiano no era delantero los goleadores eran Van Nistelrooy y luego Rooney y Tevez. Si Ferguson lo hubiera usado de delantero ya tendría más de 1 000 goles sin duda. Eso es algo que los críticos de Cristiano ignoran.","1893374355226149332","","IamJuanJuarez","es","Managua, Nicaragua","0","1","0","https://x.com/Noel_Benavente/status/1893374355226149332","405634231","Noel_Benavente"
"1893374286502691092","Sat Feb 22 18:56:21 +0000 2025","28"," En el día de hoy está cumpliendo 38 años Sergio Romero el arquero con mas presencias en la historia de la Selección Argentina. El guardameta surgido de Racing defendió las camisetas del AZ Alkmaar Sampdoria Mónaco Manchester United Venezia y actualmente juega en Boca https://t.co/ReUOcrhvxx","1893374286502691092","https://pbs.twimg.com/media/GkacoeaXoAAILWZ.jpg","","es","","0","13","2","https://x.com/TyCSports/status/1893374286502691092","15590302","TyCSports"
"1893374228788916606","Sat Feb 22 18:56:07 +0000 2025","2","Manchester United rescata un punto y el Arsenal pierde en casa https://t.co/AqiN61LmRD","1893374228788916606","","","es","San José, Costa Rica","0","0","0","https://x.com/nacion/status/1893374228788916606","18906662","nacion"
"1893374195397988601","Sat Feb 22 18:56:00 +0000 2025","0","Creo que como milanista ya toca aceptar el mismo destino de manchester united","1893374195397988601","","","es","","0","1","0","https://x.com/EduardoBernal5/status/1893374195397988601","372910046","EduardoBernal5"
"1893337123878560064","Sat Feb 22 18:55:40 +0000 2025","2","@ElProfeUY Felicidades por salvarse del descenso Manchester United. Leicester y Southampton son los clubes más horribles en la historia del futbol ingles.","1893374111834898549","","ElProfeUY","es","No soy de aquí, ni soy de allá","0","0","0","https://x.com/Red66NJ/status/1893374111834898549","1772686685760880640","Red66NJ"
"1893373490448695742","Sat Feb 22 18:53:11 +0000 2025","1","OYUN BİTTİ Everton 2-2 Manchester United https://t.co/WVoF1T9lhy","1893373490448695742","https://pbs.twimg.com/media/GkadJ7RWsAAh94f.jpg","","es","","0","0","0","https://x.com/munfc_aze/status/1893373490448695742","1875263187597119488","munfc_aze"
"1893372812506636438","Sat Feb 22 18:50:30 +0000 2025","0","️️ Sorpresitas en el sábado de Premier League con el revés de Arsenal. Manchester United complicado (VIDEO) Haz tu primer depósito de solo $10 en 1win y recibe un pronóstico gratis de $10 . ¡Es tu oportunidad de ganar desde el primer momento! https://t.co/OD3ZRrKG3H","1893372812506636438","","","es","Ecuador","0","0","0","https://x.com/futbolecuador/status/1893372812506636438","37717733","futbolecuador"
"1893372396096119068","Sat Feb 22 18:48:51 +0000 2025","0","El efecto Manchester United. De la alegría y confianza a la tristeza e incertidumbre. https://t.co/0VaNAYuKOp","1893372396096119068","https://pbs.twimg.com/ext_tw_video_thumb/1893372196187222016/pu/img/Vj73MJUcl7gSFhAL.jpg","","es","","0","1","0","https://x.com/akagigantetrux/status/1893372396096119068","1771691599472242688","akagigantetrux"
"1893293076275249553","Sat Feb 22 18:48:46 +0000 2025","0","@FCB_nenn Típico del culé adolescente alentar al city que no es nada en el fútbol y tirar por tierra a un histórico como el Manchester United a ustedes no les gusta el fútbol panda de acomplejados","1893372377163059568","","FCB_nenn","es","","0","0","0","https://x.com/HaterdeVAR/status/1893372377163059568","1863345204511506432","HaterdeVAR"
"1893372107398029485","Sat Feb 22 18:47:42 +0000 2025","2","Nos vamos a convertir en un Manchester United","1893372107398029485","","","es","","0","0","0","https://x.com/MRodrguez112225/status/1893372107398029485","1663226933369266177","MRodrguez112225"
"1893370863329644930","Sat Feb 22 18:42:45 +0000 2025","205","Hay mucha gente que sigue sin entender que hay instituciones históricamente enormes pero con un presente pequeño. Manchester United Milán y Guadalajara son ejemplos claros. Mientras no reconozcan su realidad actual será difícil que tengan un buen futuro.","1893370863329644930","","","es","Mexico City / Tampa Bay Fl. ","1","24","17","https://x.com/Patottas/status/1893370863329644930","86085425","Patottas"
"1893371308513042782","Sat Feb 22 18:44:31 +0000 2025","4","🇦🇷 Riber 🇪🇸 Real Madrid 󠁧󠁢󠁥󠁮󠁧󠁿 Manchester United 🇮🇹 Lazio 🇧🇷 Fluminense 🇺🇾 Nacional 🇫🇷PSG 🇩🇪Bayern 🇨🇷 Alajuelense 🇨🇷Herediano 🇨🇷San Charly","1893371308513042782","","","es","40 🏆 y ⭐🌟⭐","0","0","0","https://x.com/eChSD/status/1893371308513042782","1247040366701936640","eChSD"
"1893368817763442748","Sat Feb 22 18:34:37 +0000 2025","0","Manchester United rescata un punto y el Arsenal pierde en casa https://t.co/5HPqmfdlY4","1893368817763442748","","","es","Costa Rica","0","0","0","https://x.com/PuroDeporteLN/status/1893368817763442748","1155258974","PuroDeporteLN"
"1893368065565360490","Sat Feb 22 18:31:38 +0000 2025","4","#Fútbol | El Manchester United perdía 2-0 ante Everton como visitante y el ingresó Alejandro Garnacho al minuto 62 le cambio la cara al equipo de Ruben Amorim. Finalmente el encuentro terminó 2-2. ¿Merece la titularidad el Bichito ? #FoxSportsArgentina #ManchesterUnited https://t.co/lMRbED5MFk","1893368065565360490","https://pbs.twimg.com/media/GkaYNYAXMAAljKt.jpg","","es","","0","0","0","https://x.com/FOXSportsArg/status/1893368065565360490","1312112343053152259","FOXSportsArg"
"1893361808418759024","Sat Feb 22 18:28:22 +0000 2025","3","@yo_soy_N3l @Nico_plus01 Creo que se refiere al Manchester united que juega horrible","1893367244882612248","","yo_soy_N3l","es","","0","2","0","https://x.com/haroldlopez_18/status/1893367244882612248","1447566347915960323","haroldlopez_18"
"1893294920187736145","Sat Feb 22 18:18:44 +0000 2025","154","@ElDelMedallo La debacle del Manchester United viene desde mucho antes de lo de CR7 ademas de que curiosamente en la temporada anterior a la llegada de CR7 se metieron en Champions mientras estuvo el quedaron en Europa League de milagro y se fue CR7 volvieron a meterse en Champions.","1893364817718661360","","ElDelMedallo","es","","0","8","1","https://x.com/lam10rv/status/1893364817718661360","1307152578225074176","lam10rv"
"1893345123896791101","Sat Feb 22 18:17:51 +0000 2025","12","@Encu5Futbol 🇦🇷 Boca 🇪🇸 Barcelona 󠁧󠁢󠁥󠁮󠁧󠁿 Manchester United 🇮🇹 Milan 🇧🇷 Palmeiras 🇺🇾 Peñarol 🇫🇷 Psg 🇩🇪 Borussia Dortmund 🇨🇱 Colo Colo 🇨🇴 Atlético Nacional 🇵🇾 Olimpia 🇲🇽 América","1893364596976631827","","Encu5Futbol","es","","0","1","0","https://x.com/El_minjo/status/1893364596976631827","1749975745265324033","El_minjo"
"1893332265477742666","Sat Feb 22 18:16:15 +0000 2025","0","@Eddpic Bolt es super fanático de Manchester United y como andan jugando estoy segura que lo haría mejor que un par de conos que andan con la camiseta en cancha","1893364195338457482","","Eddpic","es","","0","1","0","https://x.com/soccer_girl82/status/1893364195338457482","50557037","soccer_girl82"
"1893363841238536556","Sat Feb 22 18:14:51 +0000 2025","0","Manchester United rescata un punto en su visita al Everton por la Premier League https://t.co/FdEc7yQtIa Los Red Devils remontaron en la segunda mitad tras un primer tiempo para el olvido. https://t.co/8nGwB1aotE","1893363841238536556","https://pbs.twimg.com/media/GkaUVFpWQAE6094.jpg","","es","Lima","0","0","0","https://x.com/Agencia_Andina/status/1893363841238536556","40933920","Agencia_Andina"
"1893362737935167570","Sat Feb 22 18:10:31 +0000 2025","0","DATO: Man. United no remontaba un partido que perdia por +2 goles al MT desde Diciembre 2023 (vs. Aston Villa). DATO: Bruno Fernandes🇵🇹 es el 12° jugador en alcanzar +60 goles para Manchester United por #PL en toda la historia. 🆕 #MUFC https://t.co/oPUAW9NsqE","1893362749465366934","https://pbs.twimg.com/media/GkaTYtiXEAAqT7w.jpg","premier_py","es","","0","1","0","https://x.com/premier_py/status/1893362749465366934","808554444547821572","premier_py"
"1893362737935167570","Sat Feb 22 18:10:28 +0000 2025","1","#EVEMUN: DATO: Manuel Ugarte🇺🇾 es el 19° uruguayo🇺🇾 en convertir por #PL en toda la historia 3° para Manchester United. 🆕 DATO: Bruno Fernandes🇵🇹 es el tercer portugues🇵🇹 en alcanzar +60 goles por #PL en toda la historia tras Cristiano Ronaldo🇵🇹/Diogo Jota🇵🇹. 🆕 #MUFC https://t.co/lKTcCvoBG3","1893362737935167570","https://pbs.twimg.com/media/GkaTX_iWsAAYtSX.jpg","","es","","0","1","1","https://x.com/premier_py/status/1893362737935167570","808554444547821572","premier_py"
"1893362039600349546","Sat Feb 22 18:07:41 +0000 2025","0","#FÚTBOL️ Manchester United no se dio por vencido y acabó igualando 2-2 ante Everton en la #PREMIERxESPN. https://t.co/CzdyDQJGxN","1893362039600349546","","","es","Peru","0","0","0","https://x.com/ESPNPeru/status/1893362039600349546","965695221634920448","ESPNPeru"
"1893361880476823694","Sat Feb 22 18:07:03 +0000 2025","2","German Alvarado con la irregularidad del Milan y Marathón el desastre del Santos Laguna Manchester United y Valencia. https://t.co/8zT3Y7rDOO","1893361880476823694","https://pbs.twimg.com/tweet_video_thumb/GkaSl6JWQAA5PqO.jpg","","es","San Pedro Sula, Honduras ","0","0","0","https://x.com/germanjosue21/status/1893361880476823694","1373364836","germanjosue21"
"1893361627812016424","Sat Feb 22 18:06:03 +0000 2025","0","#GolUruguayo󠁧󠁢󠁥󠁮󠁧󠁿 #ManuelUgarte marcó para MANCHESTER UNITED anotó el 2a2 final ante Everton. *1er gol del volante celeste en la Temporada","1893361627812016424","","","es","Uruguay","0","0","0","https://x.com/MATYVALLEJO/status/1893361627812016424","212119929","MATYVALLEJO"
"1893361204057251862","Sat Feb 22 18:04:22 +0000 2025","0","Sali para ver q el Manchester united empató contra el Everton....","1893361204057251862","","","es","","0","0","0","https://x.com/soymarchixd/status/1893361204057251862","1614865354102112262","soymarchixd"
"1893360680478146916","Sat Feb 22 18:02:17 +0000 2025","12","Perdiste contra el peor Manchester United en la historia de la Premier League Rama. Déjate de joder. Si ganan 6/7 es mucho.","1893360680478146916","","","es","","0","0","0","https://x.com/ElProfeUY/status/1893360680478146916","1811458333423075329","ElProfeUY"
"1893360109792670069","Sat Feb 22 18:00:01 +0000 2025","0","¡EMPATE VALIOSO! ️El Everton recibió al Manchester United como parte de la actividad de la Jornada 26 de la Premier League Ambos equipos están cerca del descenso pero este punto les sirvió para alejarse un poco de la zona peligrosa https://t.co/5JaHHiLVG4 https://t.co/7Uw4GApAt4","1893360109792670069","https://pbs.twimg.com/media/GkaMMaYXQAA1HYx.jpg","","es","Ciudad de México","0","0","0","https://x.com/quintopartidoof/status/1893360109792670069","1004519160867688448","quintopartidoof"
"1893359968318795879","Sat Feb 22 17:59:28 +0000 2025","0","Premier League Inglaterra 󠁧󠁢󠁥󠁮󠁧󠁿️Goodison Park 󠁧󠁢󠁥󠁮󠁧󠁿Manchester United ️Fernández⏰72 ️Ugarte⏰80 🆚Everton ️Beto⏰19 ️Doucoure⏰33 final 2️⃣2️⃣ entablaron gracias a Google.","1893359968318795879","","","es","","0","0","0","https://x.com/comas_domingo/status/1893359968318795879","1481336569642504194","comas_domingo"
"1893294920187736145","Sat Feb 22 17:59:01 +0000 2025","3","@ElDelMedallo ¿Naciste en 2022? La debacle del Manchester United no es de ahora no seas anormal.","1893359857777950974","","ElDelMedallo","es","Cartagena, Bolívar","0","1","0","https://x.com/ArgeNizletraloK/status/1893359857777950974","192787642","ArgeNizletraloK"
"1892963702917202203","Sat Feb 22 17:58:18 +0000 2025","0","@XaviSol_ Madrid vs Barcelona y Lazio vs Manchester united","1893359675036369223","","XaviSol_","es","","0","0","0","https://x.com/joker8207/status/1893359675036369223","2777419338","joker8207"
"1893359543188378085","Sat Feb 22 17:57:46 +0000 2025","266","Un portero. Un carrilero derecho. Un mediocampista de juego/salida que acompañe a Ugarte. Un delantero. Eso.","1893359543188378085","","","es","Medellín, Colombia","4","33","5","https://x.com/Vanisterror/status/1893359543188378085","1358494982","Vanisterror"
"1893357663313928590","Sat Feb 22 17:56:56 +0000 2025","1","@girolamofontana Siento que empezamos a parecer el Manchester United (aunque nosotros si salimos de la Banter sin gastar 2.000 millones de euros y algo ganamos en el camino)","1893359333326385168","","girolamofontana","es","Venezuela","0","1","0","https://x.com/Jixer2k/status/1893359333326385168","93593307","Jixer2k"
"1893359270739018057","Sat Feb 22 17:56:41 +0000 2025","2"," Estas han sido las peores tres temporadas del Manchester United en la historia de la Premier League: 1️⃣ 2021-22 | 58 pts | 6º lugar 2️⃣ 2013-14 | 64 pts | 7º lugar 3️⃣ 2018-19 | 66 pts | 6º lugar Actualmente: 2024-2025: 30 pts | 15º lugar *quedan 12 juegos | 36 pts https://t.co/E2YXyqlnSu","1893359270739018057","https://pbs.twimg.com/media/GkaQOJBXQAAaZQL.jpg","","es","México","0","1","0","https://x.com/XaviSol_/status/1893359270739018057","2334256951","XaviSol_"
"1893345123896791101","Sat Feb 22 17:52:49 +0000 2025","0","@Encu5Futbol 🇦🇷 Boca 🇪🇸 Real Madrid 󠁧󠁢󠁥󠁮󠁧󠁿 Manchester United 🇮🇹 Inter 🇧🇷 Me da igual 🇺🇾 Peñarol 🇫🇷 Psg 🇩🇪 Me da igual 🇨🇱/🇨🇴/🇵🇾/🇲🇽: me da igual","1893358298302144905","","Encu5Futbol","es","Argentina","0","0","0","https://x.com/kaonksk/status/1893358298302144905","1430339587281408004","kaonksk"
"1893357765722062887","Sat Feb 22 17:50:42 +0000 2025","1","Premier League: Manchester United se salva de la derrota ante el Everton pero agranda las dudas https://t.co/vTz3h2BxtM","1893357765722062887","","","es","Chile","0","0","0","https://x.com/elmostrador/status/1893357765722062887","12815132","elmostrador"
"1893296428966990047","Sat Feb 22 17:50:07 +0000 2025","0","@luisferpo No.. Gané tres trofeos en el Manchester United y eso se vio como un desastre. Llegué a una final de copa en la que no me permitieron jugar en el Tottenham y eso se vio como un desastre. Lo que para mí es un desastre para otros se considera un gran éxito - Mou..","1893357616463491110","","luisferpo","es","Santiago de Surco, Peru","0","0","0","https://x.com/roblesmv/status/1893357616463491110","316599444","roblesmv"
"1893345123896791101","Sat Feb 22 17:46:39 +0000 2025","12","@Encu5Futbol 🇦🇷 Boca 🇪🇸 Me da igual entre el Barcelona y el Real Madrid 󠁧󠁢󠁥󠁮󠁧󠁿 Manchester United 🇮🇹 Juventus pero que sea por rendimiento deportivo 🇧🇷 Sao Paulo 🇺🇾 Me da lo mismo entre Peñarol y Nacional 🇫🇷 Marsella 🇩🇪 Bayern 🇨🇱/🇨🇴/🇵🇾/🇲🇽 Colo Colo/Atletico Nacional/Cerro Porteño/America","1893356745537335535","","Encu5Futbol","es","","0","2","1","https://x.com/FacundoRRR96/status/1893356745537335535","1401264198244573194","FacundoRRR96"
"1892312656637239446","Sat Feb 22 17:45:52 +0000 2025","1","@12amSosa @ElTioBostero @Jetray_7 El 2-6 o la final vs Manchester United dice otra cosa ","1893356549789061211","","12amSosa","es","","0","1","0","https://x.com/Richard167752/status/1893356549789061211","1805240086683942912","Richard167752"
"1893355942697214158","Sat Feb 22 17:43:28 +0000 2025","962","Crystal Palace gana 4 partidos consecutivos sin conceder gol por primera vez en toda la historia del club por Premier League. 0-2 vs Fulham 0-2 vs Manchester United 0-2 vs West Ham 0-2 vs Leicester City https://t.co/8bmCbShsXd","1893355942697214158","https://pbs.twimg.com/media/GkaNMXPWcAAZ_My.jpg","","es","","2","7","41","https://x.com/Mercado_Ingles/status/1893355942697214158","415810385","Mercado_Ingles"
"1893352972567957520","Sat Feb 22 17:39:33 +0000 2025","0","@soy_lilibeths Como quedó el manchester united? Pregunta muy seria Saludos amiga ","1893354958054920265","","soy_lilibeths","es","","0","0","0","https://x.com/Alexthompson182/status/1893354958054920265","169641169","Alexthompson182"
"1893354888643363181","Sat Feb 22 17:39:16 +0000 2025","5","Por lo que pude leer en el portal de @Footy_Headlines en estos momentos los equipos élite de Adidas son: 🇪🇸 Real Madrid. 󠁧󠁢󠁥󠁮󠁧󠁿 Liverpool Manchester United Arsenal New Castle Aston Villa. 🇩🇪 Bayern Munich. 🇮🇹 Juventus y Roma. 󠁧󠁢󠁳󠁣󠁴󠁿 Celtic. 🇦🇷 River y Boca. 🇧🇷 Flamengo. https://t.co/gP4cYZJBnv","1893354888643363181","https://pbs.twimg.com/media/GkaMPDFXkAAqmz7.jpg","","es","","0","0","0","https://x.com/TitanAzulcrema/status/1893354888643363181","1279911415466377216","TitanAzulcrema"
"1893354882897215975","Sat Feb 22 17:39:15 +0000 2025","1","️Manuel Ugarte: Queríamos traer la victoria a casa pero no pudo ser. Contento y orgulloso de mi primer gol aquí. A pensar en el próximo . #MUFC https://t.co/Kw9jl908tr","1893354882897215975","https://pbs.twimg.com/media/GkaMO3SWgAAfYCH.jpg","","es","Manchester, England","0","0","0","https://x.com/Manches83070195/status/1893354882897215975","1485296838253199365","Manches83070195"
"1893354876572205357","Sat Feb 22 17:39:14 +0000 2025","1","Estas son las finales que yo quisiera: - Champions League: Liverpool vs Barcelona - Europa League: Tottenham vs Manchester United - Conference League: Fiorentina vs Chelsea Hay posibilidad de finales con 4 equipos del Big 6 de la Premier League #UCL #UEL #UCL 󠁧󠁢󠁥󠁮󠁧󠁿","1893354876572205357","","","es","Bogotá","0","0","0","https://x.com/juanpis880927/status/1893354876572205357","2768831281","juanpis880927"
"1893286841672929383","Sat Feb 22 17:38:45 +0000 2025","13","@Mario___RM No era el problema el trajo el problema de él le dejó una parte a la Juve otra al Manchester United y se llevó la otra a su club ninguno gana nada hahahaha","1893354755008671943","","Mario___RM","es","EE UU Florida","0","9","0","https://x.com/YoanMG86/status/1893354755008671943","953490339725275136","YoanMG86"
"1893354747240894652","Sat Feb 22 17:38:43 +0000 2025","1","Hablamos mucho de lo malo que es el Manchester United pero al mismo tienes a un Arsenal que cuando tiene oportunidad de ponerse a la cabeza o acercarse al líder la pechean increíble. Como que (tristemente) ya están mentalizados a no ganar o no aprovechar las oportunidades.","1893354747240894652","","","es","Ciudad de México","0","0","0","https://x.com/Diego_Guadarra/status/1893354747240894652","1002826405","Diego_Guadarra"
"1893345123896791101","Sat Feb 22 17:38:42 +0000 2025","3","@Encu5Futbol 🇦🇷 Boca 🇪🇸 Real Madrid 󠁧󠁢󠁥󠁮󠁧󠁿 Manchester United 🇮🇹 Roma 🇧🇷 Flamengo 🇺🇾 Peñarol 🇫🇷 PSG 🇩🇪 Wender Bremmen 🇨🇱/🇨🇴/🇵🇾/🇲🇽 Colo Colo Santa Fe Cerro y America","1893354746259378190","","Encu5Futbol","es","San Luis, Argentina","0","0","0","https://x.com/FranMuo35657891/status/1893354746259378190","1092563542618841089","FranMuo35657891"
"1892963702917202203","Sat Feb 22 17:38:25 +0000 2025","0","@XaviSol_ Real Madrid vs Barcelona Lazio vs Manchester United","1893354672481550453","","XaviSol_","es","Nicolás Romero, México","0","0","0","https://x.com/JonathanHA03/status/1893354672481550453","1526441643276132354","JonathanHA03"
"1893345123896791101","Sat Feb 22 17:37:58 +0000 2025","0","@Encu5Futbol 🇦🇷 Boca Juniors 🇪🇸 Barcelona 󠁧󠁢󠁥󠁮󠁧󠁿 Manchester United 🇮🇹 Inter 🇧🇷 Flamengo 🇺🇾 Nacional 🇫🇷 PSG 🇩🇪 Dortmund 🇨🇱/🇨🇴/🇵🇾/🇲🇽 Me chupa un huevo chile Deportivo Cali Cerro y Chivas.","1893354558786556312","","Encu5Futbol","es","","0","0","0","https://x.com/GallinaHLT_/status/1893354558786556312","1684009721961783296","GallinaHLT_"
"1893354558081912922","Sat Feb 22 17:37:58 +0000 2025","0","Agarré Manchester United en la ruina total. Empecé a largar jugadores que cobran fortunas y comprar pibitos que la van a romper. Vendo a un tipo por 65 palos y me dicen que el 40% va al Real Madrid por un acuerdo previo. El board del United es tal cual la vida real eh... LOCURA","1893354558081912922","","","es","","0","0","0","https://x.com/gabofm17/status/1893354558081912922","1625658588961075202","gabofm17"
"1893354460157538469","Sat Feb 22 17:37:34 +0000 2025","0","¡Salvó el empate el United! El equipo más laureado de Inglaterra el Manchester United salvó el empate en su visita a Everton donde empezó el primer tiempo perdiendo 2 a 0 y logró empatar el juego en 8 minutos y con esto logra un empate contra el Everton. https://t.co/HyV95GOT22","1893354460157538469","https://pbs.twimg.com/media/GkaLvo0XsAAeTv5.jpg","","es","","0","0","0","https://x.com/Deporte_08/status/1893354460157538469","1878512957975670784","Deporte_08"
"1893333153458106805","Sat Feb 22 17:36:34 +0000 2025","6","@ESTEBAN41750372 Y si. Pero sobre todo LOS JUGADORES:","1893354206238589049","","ESTEBAN41750372","es","Medellín, Colombia","0","0","0","https://x.com/Vanisterror/status/1893354206238589049","1358494982","Vanisterror"
"1893333153458106805","Sat Feb 22 17:36:26 +0000 2025","0","@Thedavidsx Todo se pudre acá.","1893354171773977020","","Thedavidsx","es","Medellín, Colombia","0","0","0","https://x.com/Vanisterror/status/1893354171773977020","1358494982","Vanisterror"
"1893353773017219285","Sat Feb 22 17:34:50 +0000 2025","5","𝐂𝐑𝐎́𝐍𝐈𝐂𝐀 | Everton 2-2 Manchester United: Bruno salva el ridículo en Goodison Park 󠁧󠁢󠁥󠁮󠁧󠁿. Amorim y los suyos salvan un partido que en el descanso iban perdiendo por 2-0. Los Toffees pudieron golear o perder . ️ Ivan Barambones @ibaram_14 https://t.co/QcWkm7gAER","1893353773017219285","","","es","","0","0","0","https://x.com/AgenteLibre_dig/status/1893353773017219285","1576965583190597633","AgenteLibre_dig"
"1893353752918122898","Sat Feb 22 17:34:46 +0000 2025","14","Últimos 5 partidos de Daniel Muñoz (28|🇨🇴) con el Crystal Palace: vs. Brentford FC vs. Manchester United vs. Doncaster ️ vs. Everton ️ vs. Fulham ️ ● 4 G/A en sus últimos 5 PJ siendo carrilero con Glasner. Su influencia va más allá de los números. https://t.co/UyUS19rwn9","1893353752918122898","https://pbs.twimg.com/media/GkaLNGMXMAEQkq8.jpg","","es","Cajicá, Colombia","0","0","0","https://x.com/SebastianDiaga2/status/1893353752918122898","1320553376015405056","SebastianDiaga2"
"1893353451553169751","Sat Feb 22 17:33:34 +0000 2025","2","El propio Manchester united","1893353451553169751","","","es","","0","0","0","https://x.com/camilomancipe23/status/1893353451553169751","1122296053","camilomancipe23"
"1893265732302954611","Sat Feb 22 17:32:41 +0000 2025","0","@Football__Tweet Swansea Aston Villa Manchester United Udinese Everton Leyton Orient","1893353230966424017","","Football__Tweet","es","||17|| 🇳🇴|| 🇪🇷||","0","0","0","https://x.com/CFCSamH/status/1893353230966424017","1480286965346021395","CFCSamH"
"1892980363112153467","Sat Feb 22 17:31:19 +0000 2025","0","@mivida_sfc @juanjo_prusiana @BetisStats Pones al Magdeburgo alemán pero no al Borussia Dortmund ni al Bayern Múnich. Pones al Dinamo Tibilisi pero no al Dinamo de Kiev. Tampoco pones las 4 del Barça ni las de At de Madrid Valencia Manchester City Manchester United Chelsea Milán(2) Juve... Curioso.","1893352887431954666","","mivida_sfc","es","","0","0","0","https://x.com/Onofre1111/status/1893352887431954666","1560806632111673347","Onofre1111"
"1892543755183382806","Sat Feb 22 17:24:47 +0000 2025","0","@hectordavidtri1 @federicovidalz @insolado El Milan es superior a cualquier club que pasó Falcao contando los horribles pasos por Manchester united y Chelsea","1893351242115518516","","hectordavidtri1","es","Turks and Caicos Islands","0","1","0","https://x.com/RojiBlancoP1924/status/1893351242115518516","1482107330447745027","RojiBlancoP1924"
"1893350926942945680","Sat Feb 22 17:23:32 +0000 2025","20","- Arsenal perdió la Premier League. - Wolverhampton se salvó de la B. - Fulham se bajo la tanga en el Derby. - Perdió Ipswich. - Perdió Southampton. Gran jornada para el Glorioso Manchester United. We move. https://t.co/U26IgSJxXz","1893350926942945680","https://pbs.twimg.com/media/GkaIoT3WAAAts01.jpg","","es","","0","2","0","https://x.com/ElProfeUY/status/1893350926942945680","1811458333423075329","ElProfeUY"
"1893026202299847151","Sat Feb 22 17:22:55 +0000 2025","1","@juegosimple__ El verdadero MANCHESTER UNITED","1893350773162934495","","juegosimple__","es","","0","0","0","https://x.com/MabridisMario/status/1893350773162934495","1108400062206525446","MabridisMario"
"1893350695706706328","Sat Feb 22 17:22:37 +0000 2025","1","Ser del Milan Manchester United y Boca no es bueno para la salud mental chicos no lo hagan!!","1893350695706706328","","","es","","0","0","0","https://x.com/Luis_CarlosBSC/status/1893350695706706328","1603630167607463937","Luis_CarlosBSC"
"1893350489766429160","Sat Feb 22 17:21:48 +0000 2025","1","Remontada Épica Del Manchester United #Everton dominaba con goles de Beto y #Doucouré pero #BrunoFernandes con un tiro libre excepcional y #Ugarte con un remate imparable salvaron al #ManchesterUnited. #RuedalaPelota https://t.co/0LJGS4K1dX","1893350489766429160","https://pbs.twimg.com/media/GkaIO0xW8AIK7UE.jpg","","es","Santa Marta, Colombia","0","0","0","https://x.com/RuedalaPelota10/status/1893350489766429160","1544522634670624768","RuedalaPelota10"
"1893350434636550559","Sat Feb 22 17:21:36 +0000 2025","0","Calafiori en ningún momento hizo pie ante el ex Manchester United que le terminó haciendo la fiesta en la banda derecha. El Arsenal se quedó sin ideas y mucho más ante la expulsión de Myles Lewis-Skelly.","1893350442437910820","","SebastianDiaga2","es","Cajicá, Colombia","0","0","0","https://x.com/SebastianDiaga2/status/1893350442437910820","1320553376015405056","SebastianDiaga2"
"1893349394134581611","Sat Feb 22 17:17:26 +0000 2025","0","!PRÓXIMO PARTIDO! #MUFC #ipswichtown #PremierLeague https://t.co/hgxTymuqYI","1893349394134581611","https://pbs.twimg.com/media/GkaHPVkWMAAHmxC.jpg","","es","Manchester, England","0","0","0","https://x.com/Manches83070195/status/1893349394134581611","1485296838253199365","Manches83070195"
"1893347472052736276","Sat Feb 22 17:16:46 +0000 2025","1","@JMValladares El bueno que tenían ha jugado 20 minutos hoy pero con la camiseta del Manchester United que se les fue en verano.","1893349223396995566","","JMValladares","es","","0","0","0","https://x.com/AlvarodeGrado/status/1893349223396995566","123405693","AlvarodeGrado"
"1893348848191287472","Sat Feb 22 17:15:16 +0000 2025","2","El tercer set de Draper no te lo firma el Manchester United.","1893348848191287472","","","es","Zaragoza","0","1","0","https://x.com/TennisChannels/status/1893348848191287472","1420718574","TennisChannels"
"1893345123896791101","Sat Feb 22 17:14:07 +0000 2025","0","@Encu5Futbol 🇦🇷Boke 🇪🇸Real Madrid 󠁧󠁢󠁥󠁮󠁧󠁿Manchester United 🇮🇹Inter 🇧🇷Flamengo 🇺🇾Peñarol 🇫🇷PSG 🇩🇪Bayern Munich 🇨🇱Colo Colo 🇨🇴Me da igual 🇵🇾Me da igual 🇲🇽Me da igual","1893348558578884920","","Encu5Futbol","es","","0","0","0","https://x.com/lewiscarplfc/status/1893348558578884920","1804321108188876801","lewiscarplfc"
"1893348389951004749","Sat Feb 22 17:13:27 +0000 2025","0","Manchester United se salva de la derrota pero agranda las dudas https://t.co/agvzYD3PXa","1893348389951004749","","","es","Honduras","0","0","0","https://x.com/DiarioMashn/status/1893348389951004749","1471157088","DiarioMashn"
"1893345123896791101","Sat Feb 22 17:12:50 +0000 2025","0","@Encu5Futbol Newell's Sevilla Manchester United Juventus Fluminense Peñarol Monaco Dortmund U de Chile/ America de Cali/ Cerro Porteño/ TODOS","1893348232563994896","","Encu5Futbol","es","","0","0","0","https://x.com/Natb141/status/1893348232563994896","961041969857351681","Natb141"
"1893348162502283404","Sat Feb 22 17:12:33 +0000 2025","0","Manchester United has to go for Daniel Muñoz","1893348162502283404","","","es","","0","0","0","https://x.com/MU_Danri/status/1893348162502283404","1586520483595489282","MU_Danri"
"1893348069485236601","Sat Feb 22 17:12:11 +0000 2025","11"," Manchester United ️ 2019/20 - Tercera Esta y muchas más las podrás encontrar dentro. ¿A qué estás esperando? https://t.co/seLrXkAUpl","1893348069485236601","https://pbs.twimg.com/media/GkaGBWdXQAASbKd.jpg","","es","","1","0","1","https://x.com/Ctinfo_17/status/1893348069485236601","1189311463514693634","Ctinfo_17"
"1893347961393852727","Sat Feb 22 17:11:45 +0000 2025","77","Este es el peor partido del Manchester United - Yo cada partido.","1893347961393852727","","","es","Medellín, Colombia","0","5","3","https://x.com/Vanisterror/status/1893347961393852727","1358494982","Vanisterror"
"1893314400741699962","Sat Feb 22 17:11:20 +0000 2025","1","@jaiboreyes11 @MUnitedEs Y tu crees que el Manchester United hoy día es que? Un equipo con jugadores mediocres. Amorin es el último en el eslabón para culpar a alguien","1893347855114420274","","jaiboreyes11","es","Orlando, FL","0","0","0","https://x.com/soropeza83/status/1893347855114420274","2314303958","soropeza83"
"1893345123896791101","Sat Feb 22 17:09:20 +0000 2025","1","@Encu5Futbol 🇦🇷 barracas central 🇪🇸 barcelona 󠁧󠁢󠁥󠁮󠁧󠁿 manchester united 🇮🇹 udinese 🇧🇷 gremio 🇺🇾 peñarol 🇨🇵 psg 🇩🇪 bayer leverkusen","1893347354054459611","","Encu5Futbol","es","Santa fe , rosario 🇦🇷","0","0","0","https://x.com/Alexis_1889c90/status/1893347354054459611","1213354483050139648","Alexis_1889c90"
"1893344050230521984","Sat Feb 22 17:08:12 +0000 2025","0","@AlePinto_17 Nadie en la premier tiene tantas bajas solo el manchester united y el city pasan algo parecido y ambos están peor que el arsenal esta temporada liverpool juega semana a semana a semana con su 11 de gala.","1893347067805745332","","AlePinto_17","es","living Martin Ødegaard","0","0","0","https://x.com/cruyffismogrone/status/1893347067805745332","1507235367866482689","cruyffismogrone"
"1893346893687615565","Sat Feb 22 17:07:30 +0000 2025","0","️#CRÓNICA El Arsenal complica su caza al líder Liverpool ️ Derrota de los 'gunners' en su derbi contra el West Ham y empate del Manchester United en su visita al Everton #PremierLeague https://t.co/HeaSUjJDp1","1893346893687615565","","","es","","0","1","0","https://x.com/EPdeportes/status/1893346893687615565","231502288","EPdeportes"
"1893345123896791101","Sat Feb 22 17:06:27 +0000 2025","3","@Encu5Futbol _Barracas _Real madrid _Manchester united _No se _fluminense _p$g _no se _america","1893346626359509448","","Encu5Futbol","es","Antártida","0","0","0","https://x.com/Martin_2024_/status/1893346626359509448","1218920686065999873","Martin_2024_"
"1893333153458106805","Sat Feb 22 17:06:21 +0000 2025","0","@soccer_girl82 Y el mercado responderá. Si estamos KO los números en todo bajan. Asi creamos que no. Al final llenar el estadio no es lo único que nutre al club. Es una parte.","1893346602410012880","","soccer_girl82","es","Medellín, Colombia","0","1","0","https://x.com/Vanisterror/status/1893346602410012880","1358494982","Vanisterror"
"1893341539629183305","Sat Feb 22 17:06:05 +0000 2025","0","@pabloespinosa11 Cállate Pablo Espinosa ¿por qué Daniel Muñoz iría a un equipo de championship como el Manchester United?","1893346534638403865","","pabloespinosa11","es","Colombia","0","0","0","https://x.com/nanjisimp/status/1893346534638403865","1178383759646887940","nanjisimp"
"1893333153458106805","Sat Feb 22 17:05:54 +0000 2025","1","@soccer_girl82 Pero Heiddy diga eso o diga otra cosa la realidad es la que es. El mercado responde a la REALIDAD no a lo que diga el DT. Que en este caso el DT dice la realidad. Una que esquivamos por años y negamos.","1893346489776152948","","soccer_girl82","es","Medellín, Colombia","0","0","0","https://x.com/Vanisterror/status/1893346489776152948","1358494982","Vanisterror"
"1893346097197621392","Sat Feb 22 17:04:20 +0000 2025","1"," 0-2 vs. Leicester 0-2 vs. West Ham 0-2 vs. Manchester United 0-2 vs. Fulham | 4ª victoria de manera consecutiva de VISITANTE para el Crystal Palace. Como local un desastre; afuera bastante efectivo. Bastante indescifrable el equipo de Glasner. https://t.co/dr8V4Ho06w","1893346097197621392","https://pbs.twimg.com/media/GkaEPd4XYAAJmia.jpg","","es","Cajicá, Colombia","0","1","1","https://x.com/SebastianDiaga2/status/1893346097197621392","1320553376015405056","SebastianDiaga2"
"1893345502499848704","Sat Feb 22 17:01:59 +0000 2025","0","Manchester United o Aston Villa dice este carechimba sjskksks unas ganas de arruinarle la carrera al muchacho lo de los 28 años en este caso no aplica teniendo en cuenta que son poquísimos los laterales derechos a ese nivel y mucho menos laterales jóvenes con esa proyección","1893345502499848704","","","es","Medellín, Colombia","0","0","0","https://x.com/Juanmmax3/status/1893345502499848704","1191173589220888577","Juanmmax3"
"1893345477917102354","Sat Feb 22 17:01:53 +0000 2025","133","Y estoy seguro que si Dalot es el que estuviera en West Ham y AWB siguiera en el club estaríamos en las mismas. Que un jugador rinda bien en un club con menor presión mientras no lo hacia aquí lo que demuestra en gran medida es que no son material para el Manchester United","1893345477917102354","","","es","Manchester, England","0","15","5","https://x.com/OjoDeSauron_/status/1893345477917102354","749028278938267648","OjoDeSauron_"
"1893344614410510733","Sat Feb 22 17:00:13 +0000 2025","59","@rincon_anfield Cuando dije que el punto que hemos ganado contra el vila ha sido un punto bueno nadie me escuchó. Y a ver cómo lo va a hacer Arsenal en los próximos dos partidos que tienen Forest y Manchester United.","1893345059522728051","","rincon_anfield","es","España","0","9","1","https://x.com/LFC_Alex_InRed/status/1893345059522728051","1410127638514044933","LFC_Alex_InRed"
"1893344890228023514","Sat Feb 22 16:59:33 +0000 2025","0","Golazo de Bruno Fernández que inició la remontada del Manchester United https://t.co/dZyWqrwAGi","1893344890228023514","https://pbs.twimg.com/ext_tw_video_thumb/1893344868371435520/pu/img/vvc1LRmEfc7Agz6S.jpg","","es","Barcelona, España","0","0","0","https://x.com/BArcano_/status/1893344890228023514","947988937318027264","BArcano_"
"1893337174897987832","Sat Feb 22 16:59:04 +0000 2025","1","@AndresLacouture Si fuese Uruguayo al menos estaria en el Manchester United o en el Chelsea.. Ser Colombia en el futbol es ser como paki nos ven como parias","1893344770132529635","","AndresLacouture","es","North American ","0","0","0","https://x.com/SantanderRolo/status/1893344770132529635","1861541376837722112","SantanderRolo"
"1893344599399141683","Sat Feb 22 16:58:23 +0000 2025","0","Helarsenal se está dejando perder con los equipos de la parte baja para que descienda el Manchester united","1893344599399141683","","","es","tu poto bb","0","0","0","https://x.com/Seanlole2/status/1893344599399141683","417423921","Seanlole2"
"1893344270964129900","Sat Feb 22 16:57:05 +0000 2025","1","que raro se ve el Everton y el Manchester United https://t.co/LKGOHbrLZr","1893344270964129900","https://pbs.twimg.com/media/GkaClADWsAEJDqk.jpg","","es","","0","0","0","https://x.com/GuogeMiguel/status/1893344270964129900","1491265840548823044","GuogeMiguel"
"1893344240421294500","Sat Feb 22 16:56:58 +0000 2025","0","#Deportes |El Manchester United empató en la casa del Everton por la jornada 26. ️ Los diablos rojos registran una victoria en los últimos cinco partidos ligueros. PRL https://t.co/cegl05UAXy","1893344240421294500","https://pbs.twimg.com/media/GkaCjKlWYAAMyVp.jpg","","es","","0","0","0","https://x.com/Radio_Popular_/status/1893344240421294500","1625974838903861248","Radio_Popular_"
"1893341539629183305","Sat Feb 22 16:56:42 +0000 2025","2","@pabloespinosa11 Hay que se mala persona para sugerirlo para Manchester United Pablo","1893344172532277726","","pabloespinosa11","es","","0","0","0","https://x.com/sundfor_/status/1893344172532277726","1724295193824825344","sundfor_"
"1893344014696362494","Sat Feb 22 16:56:04 +0000 2025","0","Manchester United rescata el partido y empata al Everton https://t.co/5zSpT0G5MO","1893344014696362494","","","es","Honduras","0","0","0","https://x.com/MiPasionhn/status/1893344014696362494","1026611391820713987","MiPasionhn"
"1893343549099258294","Sat Feb 22 16:54:13 +0000 2025","0"," LLEGÓ EL PRIMERO 🇺🇾 Manuel Ugarte hizo su primer gol con el Manchester United. Su equipo empató 2 - 2 vs. Everton por la fecha 26 de la Premier League. Llegó a estar en desventaja de 2 - 0 pero Bruno Fernandes y Manu hicieron los goles de la igualdad final. Sigue https://t.co/32RBwL4dT9","1893343549099258294","https://pbs.twimg.com/media/GkaB7CWXoAA-O6w.jpg","","es","Uruguay","0","1","0","https://x.com/Fut_EMV/status/1893343549099258294","1874492251335737345","Fut_EMV"
"1893338159112466895","Sat Feb 22 16:53:31 +0000 2025","0","@Onanismo_24 Bueno verguenzas hay de sobra.","1893343373240463371","","Onanismo_24","es","Medellín, Colombia","0","0","0","https://x.com/Vanisterror/status/1893343373240463371","1358494982","Vanisterror"
"1893338159112466895","Sat Feb 22 16:53:21 +0000 2025","1","@caldasos Somos un equipo de FÚTBOL; en fútbol damos asco. Y en dinero se genera pero no se ve en los numeros. Ahí también estamos KO.","1893343333319102853","","caldasos","es","Medellín, Colombia","0","0","0","https://x.com/Vanisterror/status/1893343333319102853","1358494982","Vanisterror"
"1893338159112466895","Sat Feb 22 16:52:54 +0000 2025","0","@uirb246 ¿Por mi o el comentario?","1893343220194562451","","uirb246","es","Medellín, Colombia","0","1","0","https://x.com/Vanisterror/status/1893343220194562451","1358494982","Vanisterror"
"1893333153458106805","Sat Feb 22 16:51:12 +0000 2025","0","@BArcano_ Eso digo.","1893342790437720297","","BArcano_","es","Medellín, Colombia","0","0","0","https://x.com/Vanisterror/status/1893342790437720297","1358494982","Vanisterror"
"1893342464146113006","Sat Feb 22 16:49:54 +0000 2025","0"," El United NO levanta cabeza en la Premier League 󠁧󠁢󠁥󠁮󠁧󠁿 El conjunto de Ruben Amorín no pasó del empate ante el Everton y eso que vino de abajo para igualar el 0-2 qué tenia encontra. ️ Manchester United se coloca en la posición número 15 con apenas 30 Pts en 26 partidos https://t.co/3F9G9u3W2I","1893342464146113006","https://pbs.twimg.com/media/GkaA8BXWMAAxw56.jpg","","es","Honduras C. A.","0","0","0","https://x.com/johnrodriguezhn/status/1893342464146113006","84219322","johnrodriguezhn"
"1893342378800431316","Sat Feb 22 16:49:34 +0000 2025","77","La mejor noticia para el Manchester United este fin de semana es que los tres de abajo volvieron a perder.","1893342378800431316","","","es","Manchester, England","1","4","6","https://x.com/OjoDeSauron_/status/1893342378800431316","749028278938267648","OjoDeSauron_"
"1893342121857277957","Sat Feb 22 16:48:33 +0000 2025","3","esto solo demuestra una vez más lo que ya todos sabemos una vez que salis de la carcel del Manchester United empezas a jugar bien está pasando con Antony pasó con Sabitzer y ya está pasando con Wan-Bissaka https://t.co/RmiwdyIYAR","1893342121857277957","https://pbs.twimg.com/media/GkaAoDTXYAAxBpz.jpg","","es","","0","0","0","https://x.com/____JR10____/status/1893342121857277957","1590764183964061714","____JR10____"
"1893090155990233198","Sat Feb 22 16:47:58 +0000 2025","0","@damiahn_ft87 @GreddyMarn89714 @betoherreragar @DanikRM_ ¿Sigues sin entender que 9 años no es corto? Es el club en el que más tiempo ha estado. Incluso por encima del Manchester United donde tuvo 2 etapas","1893341975299985849","","damiahn_ft87","es","Catalunya","0","1","0","https://x.com/FilosofiaCuler/status/1893341975299985849","1749874486516629504","FilosofiaCuler"
"1893341872313053247","Sat Feb 22 16:47:33 +0000 2025","1","Harry Maguire es el peor defensa que yo he visto en el Manchester United. #mufc","1893341872313053247","","","es","Ciudad de México","0","0","0","https://x.com/JoseFcoAburto/status/1893341872313053247","171270173","JoseFcoAburto"
"1893341632021323847","Sat Feb 22 16:46:36 +0000 2025","0","No estoy preparado para escuchar a Imanol en rueda de prensa : Que somos la real sociedad que estamos jugando contra el manchester united!!!","1893341632021323847","","","es","","0","0","0","https://x.com/j_zaba/status/1893341632021323847","410776915","j_zaba"
"1893341539629183305","Sat Feb 22 16:46:14 +0000 2025","861","Solo sus 28 años evitan que suene para equipos del Big Six. Y aunque lo entiendo me parecería un buen fichaje para el Manchester United o Aston Villa.","1893341539629183305","","","es","Madrid, Comunidad de Madrid","4","28","14","https://x.com/pabloespinosa11/status/1893341539629183305","416255798","pabloespinosa11"
"1893341429323247658","Sat Feb 22 16:45:47 +0000 2025","0","Manchester United: Manuel Ugarte feliz y orgulloso por su gol pero lamentó no haber ganado https://t.co/aSqHH9E5mL","1893341429323247658","","","es","Montevideo, Uruguay","0","0","1","https://x.com/futbolportaluy/status/1893341429323247658","718198945281925120","futbolportaluy"
"1893341268694180079","Sat Feb 22 16:45:09 +0000 2025","1","Manchester United lo remontó y se lo empató al Everton https://t.co/PtHLSFudXw","1893341268694180079","","","es","Argentina","0","0","0","https://x.com/minutounocom/status/1893341268694180079","86219321","minutounocom"
"1893333153458106805","Sat Feb 22 16:44:56 +0000 2025","7","@soccer_girl82 ¿Por qué no puedes decir eso? Si es la realidad y eres el DT. Y lo pregunto en serio. ¿Qué se supone que debe decir? Porque quedarse callado no puede. Al ser DT le toca hablar y bastante.","1893341214100906046","","soccer_girl82","es","Medellín, Colombia","0","1","0","https://x.com/Vanisterror/status/1893341214100906046","1358494982","Vanisterror"
"1893333153458106805","Sat Feb 22 16:42:38 +0000 2025","8","@Vanisterror Jajaja siempre mutan el discurso pero no lo culpo ese pobre hombre no tenía que haber venido a Manchester es United es una trituradora de todo son un agujero negro","1893340633655390432","","Vanisterror","es","","0","1","0","https://x.com/Thedavidsx/status/1893340633655390432","805057143409954817","Thedavidsx"
"1893339967130103896","Sat Feb 22 16:39:59 +0000 2025","0","#Deportes #22Feb Manchester United rescató un empate frente a Everton https://t.co/tyQg5x9hfL","1893339967130103896","https://pbs.twimg.com/media/GkZ-qYsWoAEceGt.png","","es","Venezuela","0","0","0","https://x.com/enteratee24/status/1893339967130103896","854786688782041088","enteratee24"
"1893339960175976695","Sat Feb 22 16:39:57 +0000 2025","0","Resultado final: Manchester United 2-2 Everton. Goles: Beto 19' Doucuré 33' B. Fernándes 72' Ugarte 80'. https://t.co/6AoIaniIYn","1893339960175976695","https://pbs.twimg.com/media/GkZ-ps0WwAA8CYE.jpg","","es","","0","0","0","https://x.com/GloriosoUtdARG/status/1893339960175976695","1891706273764155392","GloriosoUtdARG"
"1893339725726900623","Sat Feb 22 16:39:01 +0000 2025","14"," El Manchester United un histórico en horas bajas Es 15º en la clasificación ️ @JorgeSerr4no https://t.co/TOhmow45rl","1893339725726900623","","","es","","0","1","1","https://x.com/mundodeportivo/status/1893339725726900623","15748165","mundodeportivo"
"1893338757224435748","Sat Feb 22 16:35:10 +0000 2025","0","El Manchester united no pudo ganarle al Everton sigue pisándole la cola el descenso el Chelsea juega ahora y mañana juega el Cali. Este fin de semana pinta ser maravilloso","1893338757224435748","","","es","","0","0","0","https://x.com/ccpb07/status/1893338757224435748","149935879","ccpb07"
"1893285923816669678","Sat Feb 22 16:34:31 +0000 2025","0","@KingBradleyLFC @red200809 @MUnitedEs cuando nombre a messi pedazo de pelotudo? scholes ultimamente esta hablando muchas boludeces pero no niego el peso que tiene en la historia del Manchester United me parece que vos venis a meter a messi y fuiste el que metio a la Scaloneta repasa lo que comentas imbecil","1893338590110683597","","KingBradleyLFC","es","","0","0","0","https://x.com/LM_JR10/status/1893338590110683597","1626738542595526657","LM_JR10"
"1893338473790083146","Sat Feb 22 16:34:03 +0000 2025","4","El Manchester United un histórico en horas bajas ️ Sigue muy lejos de lo que algún día fue pero retiene la esencia y el sentido del deporte rey. En el sitio donde se inventó. En el lugar donde se respira un ambiente que no tiene igual #RealSociedad https://t.co/3T4WjYv8S1","1893338473790083146","","","es","San Sebastián, España","0","0","1","https://x.com/Gipuzkoa_MD/status/1893338473790083146","4804447595","Gipuzkoa_MD"
"1893310108337098784","Sat Feb 22 16:33:52 +0000 2025","11","@Mario___RM Cierto desde que se fue Antony el Manchester united da pena ajena","1893338430290964859","","Mario___RM","es","","0","0","0","https://x.com/JeagerJeter/status/1893338430290964859","1404617995918491648","JeagerJeter"
"1893338159112466895","Sat Feb 22 16:32:48 +0000 2025","53","Fuimos gigantes. Ya no lo somos. Aceptemos de una vez.","1893338159112466895","","","es","Medellín, Colombia","0","5","1","https://x.com/Vanisterror/status/1893338159112466895","1358494982","Vanisterror"
"1893314400741699962","Sat Feb 22 16:32:41 +0000 2025","6","@Aleexx_96 @MUnitedEs Fuimos gigantes. Ya no lo somos. Aceptemos de una vez","1893338130381414520","","Aleexx_96","es","Medellín, Colombia","0","1","0","https://x.com/Vanisterror/status/1893338130381414520","1358494982","Vanisterror"
"1893314400741699962","Sat Feb 22 16:32:24 +0000 2025","12","@jaiboreyes11 @MUnitedEs Hoy somos esto. Basta de soberbia sin fundamento.","1893338058310697036","","jaiboreyes11","es","Medellín, Colombia","0","0","0","https://x.com/Vanisterror/status/1893338058310697036","1358494982","Vanisterror"
"1893337261611065634","Sat Feb 22 16:29:14 +0000 2025","0","#PremierLeague Manchester United rescató un empate frente a Everton https://t.co/LCG0GRhw20 https://t.co/wTfhxNywAV","1893337261611065634","https://pbs.twimg.com/media/GkZ8NHSWEAADH6A.jpg","","es","","0","0","0","https://x.com/Deportes_UR/status/1893337261611065634","4351458928","Deportes_UR"
"1893336557920092490","Sat Feb 22 16:26:26 +0000 2025","0","Si es por títulos cuantos delanteros habrán conseguido eso. Es como decir que Tevez fue más que Messi por ganar Libertadores con Boca y Champions con el Manchester United y eso jamás se lo escucharas a nadie...","1893336557920092490","","","es","","0","0","0","https://x.com/KarlitoxLa/status/1893336557920092490","1709680623340679169","KarlitoxLa"
"1893336110551433290","Sat Feb 22 16:24:39 +0000 2025","1","Premier League: Everton y Manchester United empatan en el Goodison Park https://t.co/XDawyqUCO0 a través de @deportes_rpc","1893336110551433290","","","es","Panamá","0","0","0","https://x.com/deportes_rpc/status/1893336110551433290","757586330","deportes_rpc"
"1893335806896435481","Sat Feb 22 16:23:27 +0000 2025","0","Inglaterra: Bruno Fernandes e Ugarte 'resgatam' empate para Manchester United https://t.co/OLVBUndPVc","1893335806896435481","","","es","Portugal","0","0","0","https://x.com/futebol365/status/1893335806896435481","17561203","futebol365"
"1893335712184897591","Sat Feb 22 16:23:04 +0000 2025","32","Golazo de Manu Ugarte🇺🇾 en el Manchester United󠁧󠁢󠁥󠁮󠁧󠁿 Jugador con un repertorio mucho más grande del que parece infravalorado https://t.co/BVU7MGT7zY","1893335712184897591","https://pbs.twimg.com/media/GkZdnFDWcAAl0c3.jpg","","es","Montevideo, Uruguay","0","0","3","https://x.com/MVScout/status/1893335712184897591","811031448488701952","MVScout"
"1893334938247930044","Sat Feb 22 16:20:00 +0000 2025","0","#CrónicAS | Nuevo drama del Manchester United El equipo dirigido por Ruben Amorim rescató un punto en su visita a Goodison Park https://t.co/IXJXsrJvHj","1893334938247930044","","","es","Colombia","0","0","2","https://x.com/AS_Colombia/status/1893334938247930044","2769478040","AS_Colombia"
"1893334847579406766","Sat Feb 22 16:19:38 +0000 2025","0","Esta versión del Manchester United me pone tan triste... Duele ver los partidos ","1893334847579406766","","","es","","0","0","0","https://x.com/JulianRamos8/status/1893334847579406766","356368423","JulianRamos8"
"1893334700418007398","Sat Feb 22 16:19:03 +0000 2025","0","Manchester United rescata un empate en su visita al Everton https://t.co/dT2VG8FLKy","1893334700418007398","","","es","Cartagena de Indias","0","0","0","https://x.com/agenciaNDS/status/1893334700418007398","1458507138","agenciaNDS"
"1893334698081849838","Sat Feb 22 16:19:03 +0000 2025","0","Manchester United rescata un empate en su visita al Everton https://t.co/E6MD85aBnQ","1893334698081849838","","","es","Maracaibo, Venezuela","0","0","0","https://x.com/VersionFinal/status/1893334698081849838","18661011","VersionFinal"
"1893334273525940534","Sat Feb 22 16:17:21 +0000 2025","4","Ramalazo de orgullo de un Manchester United herido que perdía 2-0 en Goodison Park a 20 minutos del final. https://t.co/E8rHADm7EG","1893334273525940534","https://pbs.twimg.com/media/GkZ5fGmXIAARxNB.jpg","","es","España","0","0","1","https://x.com/SpheraSports/status/1893334273525940534","593588008","SpheraSports"
"1893333765490958465","Sat Feb 22 16:15:20 +0000 2025","500","Más allá de todo lo malo: ESTO ES UN FOTÓN https://t.co/HRtiW14pcj","1893333765490958465","https://pbs.twimg.com/media/GkZ5BlpW8AA_DuU.jpg","","es","Medellín, Colombia","1","7","12","https://x.com/Vanisterror/status/1893333765490958465","1358494982","Vanisterror"
"1892860168691470718","Sat Feb 22 16:13:54 +0000 2025","0","@it_Rutie Brymo Ronaldo Manchester United","1893333403707052158","","it_Rutie","es","El Salvador","0","0","0","https://x.com/1_prudent/status/1893333403707052158","1270522845383348228","1_prudent"
"1893333291521978493","Sat Feb 22 16:13:27 +0000 2025","0","#PremierLeague. Empate entre 'Red Devils' y 'Toffees'. Everton 2-2 Manchester United. Con goles de Beto y Abdoulaye Doucouré para el cuadro de David Moyes y de Bruno Fernandes y Manuel Ugarte para el equipo de Rúben Amorim se repartieron únicamente. https://t.co/PCUlpR9aBp","1893333291521978493","https://pbs.twimg.com/media/GkZ4mDmXUAAheoL.jpg","","es","Liberia, Costa Rica","0","0","0","https://x.com/golazocr/status/1893333291521978493","1375566391907090434","golazocr"
"1893333150601781601","Sat Feb 22 16:13:26 +0000 2025","5","@DanieelMendoza7 Solo me faltó Manchester United ahí","1893333284538503402","","DanieelMendoza7","es","","0","0","0","https://x.com/JCarlosCajero/status/1893333284538503402","468838793","JCarlosCajero"
"1893328308734976181","Sat Feb 22 16:13:22 +0000 2025","0","@pastelit00o esos partidos ingleses estan arreglados todo para evitar el descenso. el objetivo es cagar al manchester united unider lo mas ya veras cuando el arsenal les golea al boca juniors ingles corrupto","1893333269346730177","","pastelit00o","es","","0","0","0","https://x.com/JoderteEte35674/status/1893333269346730177","1644995720586444800","JoderteEte35674"
"1893333247569821850","Sat Feb 22 16:13:17 +0000 2025","2","Manchester United reaccionó a tiempo y rescató un empate ante Everton aunque sigue hundido en la tabla de la Premier League https://t.co/2038M3xvMm","1893333247569821850","","","es","Argentina","0","1","0","https://x.com/clarincom/status/1893333247569821850","8105922","clarincom"
"1893333153458106805","Sat Feb 22 16:12:54 +0000 2025","271","El que ve conformismo acá no entendió NADA de la realidad del club NADA.","1893333153458106805","","","es","Medellín, Colombia","0","20","12","https://x.com/Vanisterror/status/1893333153458106805","1358494982","Vanisterror"
"1893332533196079329","Sat Feb 22 16:11:29 +0000 2025","7","@manuugarte8 @ManUtd @premierleague QUE GOLAZO HICISTE. QUE TODOS COPIEN TU GARRA Y GANAS 🇺🇾","1893332795340017673","","manuugarte8","es","Medellín, Colombia","0","0","0","https://x.com/Vanisterror/status/1893332795340017673","1358494982","Vanisterror"
"1893331173595644230","Sat Feb 22 16:05:02 +0000 2025","0"," EMPATE DE INFARTO 󠁧󠁢󠁥󠁮󠁧󠁿 Manchester United se levanta de las cenizas y salva una insospechada igualdad ante el Everton https://t.co/ri1HVMoepl","1893331173595644230","","","es","Colombia","0","0","0","https://x.com/ClaroSportsCo/status/1893331173595644230","365035186","ClaroSportsCo"
"1893330792127877272","Sat Feb 22 16:03:31 +0000 2025","1","󠁧󠁢󠁥󠁮󠁧󠁿 INGLATERRA: Manuel Ugarte (@manuugarte8) anotó el segundo gol del Manchester United en el empate 2 a 2 ante Everton por la Premier League.","1893330792127877272","","","es","Montevideo, Uruguay","0","0","0","https://x.com/LeoDiaz21184/status/1893330792127877272","1404232551548567552","LeoDiaz21184"
"1893330589807251490","Sat Feb 22 16:02:43 +0000 2025","0","Manchester United logró un emocionante empate de 2-2 contra Everton en la Liga Premier este sábado. https://t.co/SgTDaVj18R","1893330589807251490","","","es","Monterrey, México.","0","0","0","https://x.com/ElHorizontemx/status/1893330589807251490","957628165","ElHorizontemx"
"1893330567308943436","Sat Feb 22 16:02:38 +0000 2025","0","| Bruno Fernandes con el Manchester United en lo que va de temporada: - 10 goles - 12 asistencias ¿Dónde estaríamos sin él? ","1893330567308943436","","","es","Barcelona, España","0","0","0","https://x.com/BArcano_/status/1893330567308943436","947988937318027264","BArcano_"
"1893330534765338673","Sat Feb 22 16:02:30 +0000 2025","1","Mirá el golazo de Manuel Ugarte para que Manchester United rescatara un punto frente a Everton tras ir perdiendo 2-0 https://t.co/QpJ8bTs73O","1893330534765338673","","","es","Montevideo, Uruguay","0","0","0","https://x.com/ObservadorUY/status/1893330534765338673","54259597","ObservadorUY"
"1893289106853056982","Sat Feb 22 16:01:49 +0000 2025","0","@David39007224 Y será posible la desesperanza no es el final. Abrazo mi hermano! 🇨🇴","1893330361528078538","","David39007224","es","Colombia","0","0","0","https://x.com/MUnitedCOL/status/1893330361528078538","1491199863073161219","MUnitedCOL"
"1893308288973816086","Sat Feb 22 16:01:01 +0000 2025","1","@CarlosReynosoKC Loco siempre los juegos del Manchester United son la puta hostia. Pero nadie me cree.","1893330160100773904","","CarlosReynosoKC","es","","0","0","0","https://x.com/sciurusaureogas/status/1893330160100773904","121933616","sciurusaureogas"
"1893330109886545979","Sat Feb 22 16:00:49 +0000 2025","3","¡Manchester United no vive el mejor momento en #LaPremierEnMax! https://t.co/xKDKOmXN2m","1893330109886545979","https://pbs.twimg.com/media/GkZ1hrRaoAUb57x.jpg","","es","","0","0","0","https://x.com/tntsportsmex/status/1893330109886545979","1385351121603076101","tntsportsmex"
"1893329913458876542","Sat Feb 22 16:00:02 +0000 2025","0","Será que el Manchester United nunca fue un equipo grande y que fue solamente Alex Ferguson quien los hizo un equipo competitivo?","1893329913458876542","","","es","United States","0","0","0","https://x.com/Andres__RM02/status/1893329913458876542","826521065337782272","Andres__RM02"
"1893329326914904536","Sat Feb 22 15:57:42 +0000 2025","16","#PremierLeague 󠁧󠁢󠁥󠁮󠁧󠁿 Manchester United levantó un 0-2 y rescató un empate ante el Everton: ¡Garnacho entró en el segundo tiempo! https://t.co/RpRqW5FtbN https://t.co/Yyrykgnmgh","1893329326914904536","https://pbs.twimg.com/media/GkZ0-CHWwAA55pc.jpg","","es","Argentina","0","3","2","https://x.com/DiarioOle/status/1893329326914904536","112523709","DiarioOle"
"1893311001610613100","Sat Feb 22 15:57:32 +0000 2025","1","@ManolitoTacatun La situación del Manchester united define mi vida actualmente en decline absoluto","1893329285563253041","","ManolitoTacatun","es","","0","1","0","https://x.com/liooonel8/status/1893329285563253041","1764133743961206785","liooonel8"
"1893329101403889760","Sat Feb 22 15:56:48 +0000 2025","2"," ¡El peor Manchester United! ¿Cómo se explica que uno de los clubes más grandes de la Premier League esté a solo 3 puestos del descenso? Es un equipo irreconocible comparado con aquel que Ferguson llevó a la gloria. Hoy el United es un equipo más de la Premier League un https://t.co/loyQj5jkjO","1893329101403889760","https://pbs.twimg.com/media/GkZ0wQYWMAABlky.jpg","","es","Te sigue","0","1","0","https://x.com/MarcPerez1_/status/1893329101403889760","408705509","MarcPerez1_"
"1893328769277952311","Sat Feb 22 15:55:29 +0000 2025","2","El arbitraje del partido Manchester United vs Everton fue impecable. Dejó jugar paró cuando debía y las decisiones dudosas de VAR se solucionaron rápido y bien (una mano irrelevante del Everton y un penalty mal sentenciado y revertido para el United). Mucho debe aprender La Liga","1893328769277952311","","","es","ÜT: 10.210981,-68.012628","0","0","0","https://x.com/jesuszerpa/status/1893328769277952311","47495195","jesuszerpa"
"1893328413395501530","Sat Feb 22 15:54:04 +0000 2025","0","Revivan al Manchester United hijueputa está muertísimo.","1893328413395501530","","","es","Bucaramanga","0","0","0","https://x.com/sintrinos/status/1893328413395501530","478786120","sintrinos"
"1893328155575714157","Sat Feb 22 15:53:03 +0000 2025","1","Manifestaciones de agricultores de hace un año. El Pais Hamas Terroristas Manchester United","1893328155575714157","","","es","","0","0","0","https://x.com/MadridRural/status/1893328155575714157","979550196","MadridRural"
"1893327470595621083","Sat Feb 22 15:50:19 +0000 2025","3","Mirá el golazo de Manuel Ugarte para que Manchester United rescatara un punto frente a Everton tras ir perdiendo 2-0 https://t.co/DLe7irwGXB","1893327470595621083","","","es","Montevideo, Uruguay","0","0","0","https://x.com/ObservadorUY/status/1893327470595621083","54259597","ObservadorUY"
"1893322356958871727","Sat Feb 22 15:48:30 +0000 2025","137","@luisferpo El mejor DT que ha tenido el Manchester United post Ferguson es: Jose Mourinho","1893327013311619333","","luisferpo","es","Ciudad de México","0","1","3","https://x.com/JoseFcoAburto/status/1893327013311619333","171270173","JoseFcoAburto"
"1893294920187736145","Sat Feb 22 15:47:41 +0000 2025","44","@ElDelMedallo Esto de abajo lo escribió alguien que claramente está llorando : Me excita mucho el debacle futbolístico e institucional del Manchester United después de haber ninguneado a uno de los mejores jugadores de su historia por proteger a un alopecico neerlandés.","1893326805680935116","","ElDelMedallo","es","","0","1","0","https://x.com/YairRam10/status/1893326805680935116","170028101","YairRam10"
"1893306041678327814","Sat Feb 22 15:47:24 +0000 2025","0","@PasesUruguay Empate que fue como una victoria el peor Manchester United de los ultimos 30 años. Que pena por Manu","1893326734671397370","","PasesUruguay","es","","0","0","0","https://x.com/Emilio59285444/status/1893326734671397370","1564824203135750144","Emilio59285444"
"1893326609077117368","Sat Feb 22 15:46:54 +0000 2025","170","Si Wan-Bissaka no hubiera jugado (tanto) en el Manchester United sería jugador de culto bien valorado (y habría debutado con Inglaterra). https://t.co/wPn1PaeIEl","1893326609077117368","https://pbs.twimg.com/media/GkZyhCDWAAAYUQF.jpg","","es","Madrid, España","0","3","3","https://x.com/andresweiss_/status/1893326609077117368","870701557075001346","andresweiss_"
"1893326337068155049","Sat Feb 22 15:45:49 +0000 2025","1","Mirá el golazo de Manuel Ugarte para que Manchester United rescatara un punto frente a Everton tras ir perdiendo 2-0 https://t.co/tM2MWyJSxT","1893326337068155049","","","es","Montevideo, Uruguay","0","0","0","https://x.com/Referiuy/status/1893326337068155049","709559245","Referiuy"
"1893326276707946695","Sat Feb 22 15:45:35 +0000 2025","14","¿Ya empezarán a pedir a Wan Bissaka?","1893326276707946695","","","es","Medellín, Colombia","0","1","0","https://x.com/Vanisterror/status/1893326276707946695","1358494982","Vanisterror"
"1893326198111142304","Sat Feb 22 15:45:16 +0000 2025","2","#DeportesND Salvan un punto ️󠁧󠁢󠁥󠁮󠁧󠁿 El Manchester United empató en la casa del Everton por la jornada 26. ️ Los diablos rojos registran una victoria en los últimos cinco partidos ligueros. PRL https://t.co/HRSMPoMpT4","1893326198111142304","https://pbs.twimg.com/media/GkZyJQbaoAAN1sN.jpg","","es","Guatemala","0","0","0","https://x.com/NuestroDiario/status/1893326198111142304","51154192","NuestroDiario"
"1893326080150253627","Sat Feb 22 15:44:48 +0000 2025","0","Ahora dicen que el Manchester United quiere a Ronald Araujo estan dispuestos a pagar 100 millones. Por esta cantidad lo llevo yo personalmente con un lazito este tio con la táctica de Hansi no sirve ni para jugar contra Las palmas actualmente es el cuarto central. https://t.co/NfyBnxK1Q9","1893326080150253627","https://pbs.twimg.com/media/GkZyCVqWcAAfaYN.jpg","","es","catalunya","0","0","0","https://x.com/didacuskosta9/status/1893326080150253627","1686128371669852161","didacuskosta9"
"1893325981584081340","Sat Feb 22 15:44:24 +0000 2025","2","Gol de Manuel Ugarte para el empate 2-2 entre Manchester United y el Everton https://t.co/0IjUM571nQ Auspicia @CabesasBier https://t.co/ff5nQJoSHo","1893325981584081340","https://pbs.twimg.com/ext_tw_video_thumb/1893325936600182784/pu/img/aZOmcYzJzs-xXwPZ.jpg","","es","Montevideo - Uruguay","0","0","0","https://x.com/laoraldeportiva/status/1893325981584081340","179693110","laoraldeportiva"
"1893324945108701294","Sat Feb 22 15:40:17 +0000 2025","4","¡INCREÍBLE! ¡NO LEVANTAN! Manchester United pasa un terrible momento ¡Se acerca a puestos de descenso! Lugar 15 en Premier League Suma 3 partidos seguidos sin ganar https://t.co/lBXs3u3VbG","1893324945108701294","https://pbs.twimg.com/media/GkZxADJWgAEyfjb.jpg","","es","México","0","0","0","https://x.com/mediotiempo/status/1893324945108701294","14390187","mediotiempo"
"1893324498855686262","Sat Feb 22 15:38:31 +0000 2025","1","odio todo hasta me gustaría q el manchester united descendiera ya alv","1893324498855686262","","","es","","0","0","0","https://x.com/Carlolwut/status/1893324498855686262","1267352441843970054","Carlolwut"
"1893323628860645460","Sat Feb 22 15:35:04 +0000 2025","9","Manuel Ugarte salvó al Manchester United de otra derrota y puso el 2-2 ante el Everton. https://t.co/A51E26M5k4 https://t.co/qdHtbJWsjl","1893323628860645460","","","es","Montevideo, Uruguay","0","0","1","https://x.com/Subrayado/status/1893323628860645460","124230776","Subrayado"
"1893323412384202811","Sat Feb 22 15:34:12 +0000 2025","0","️ Manchester United rescató un empate (2-2) ante Everton por la fecha 26 de la Premier League. Con este resultado el elenco mancuniano se ubica en el puesto 15 con 30 puntos a tres lugares del descenso. ⏱️ Resultados en vivo: https://t.co/ERllmXRH1i https://t.co/D3Mq1bxHrc","1893323412384202811","https://pbs.twimg.com/media/GkZvmjCXwAA8swR.jpg","","es","Lima, Perú","0","0","0","https://x.com/marcadores247/status/1893323412384202811","1493294865559474177","marcadores247"
"1893323071945068846","Sat Feb 22 15:32:51 +0000 2025","1","#EcuavisaSports | Manchester United empató 2-2 contra Everton en un emocionante partido en Goodison Park por la fecha 26 de la #PremierLeague. https://t.co/nSWZu69XXw https://t.co/lgEByUWsfj","1893323071945068846","https://pbs.twimg.com/media/GkZvMFOWMAAAzvM.jpg","","es","Ecuador","0","0","0","https://x.com/EcEstadio/status/1893323071945068846","326513866","EcEstadio"
"1893322781099438209","Sat Feb 22 15:31:41 +0000 2025","0","Ya comentábamos ayer sobre el Manchester United y un proyecto tembloroso y cuyo futuro es confuso. Con ver cómo encajan los dos goles se entienden parte de los motivos que llevan a la actual crisis. Incertidumbre miedo angustia inseguridad Pero se debe confiar en Amorim. https://t.co/oBhDYoG4cL","1893322781099438209","https://pbs.twimg.com/media/GkZvCHsWMAAErfI.jpg","","es","","0","0","0","https://x.com/AlexDorgo24/status/1893322781099438209","1121413674420375552","AlexDorgo24"
"1893322512437559644","Sat Feb 22 15:30:37 +0000 2025","2","Marcus Rashford en la mira de un gigante europeo. El Manchester United pide 40M£ tras su cesión en el Aston Villa. https://t.co/qy37ffDNGb","1893322512437559644","","","es","","0","0","0","https://x.com/fichajesnet/status/1893322512437559644","43877129","fichajesnet"
"1893322415570026723","Sat Feb 22 15:30:14 +0000 2025","0","Manchester United perdía 2-0 y logró empatarlo con este gol de Manu Ugarte. El canto del Bambino es ÚNICO. 🇺🇾 https://t.co/QbYXxjJoHD","1893322415570026723","https://pbs.twimg.com/media/GkZdnFDWcAAl0c3.jpg","","es","Buenos Aires, Argentina.","0","0","0","https://x.com/fulbolas24hs/status/1893322415570026723","181682232","fulbolas24hs"
"1893322380887388499","Sat Feb 22 15:30:06 +0000 2025","3","🇺🇾 Manuel Ugarte en Manchester United 2-2 Everton por #PremierLeague: ⏱️ 90' jugados 65 toques 1 gol 4/5 pases largos comp. 2/4 regates comp. 39/43 pases precisos (91%) 2 quites ️ 7/12 duelos ganados 7.7 Nota Sofascore https://t.co/7IGiDMgI9G","1893322380887388499","https://pbs.twimg.com/media/GkZun-CXAAATw5x.jpg","","es","América Latina","0","0","1","https://x.com/SofascoreLA/status/1893322380887388499","1255198687741071360","SofascoreLA"
"1893322356958871727","Sat Feb 22 15:30:00 +0000 2025","1058"," Mourinho en 2019: Si dijera por ejemplo que considero que uno de los mejores trabajos de mi carrera fue terminar segundo con el Manchester United en la Premier League dirían 'este tipo está loco'. Lo sigo diciendo porque la gente no sabe lo que está pasando detrás de https://t.co/ZCDgbQAcJs","1893322356958871727","https://pbs.twimg.com/media/GkZq8uTXUAAv__f.jpg","","es","Londres","11","20","107","https://x.com/luisferpo/status/1893322356958871727","64851710","luisferpo"
"1893322199819329682","Sat Feb 22 15:29:23 +0000 2025","0"," Ten Hag era el problema del Manchester United https://t.co/dp28fkTq3n","1893322199819329682","https://pbs.twimg.com/media/GkZugIBWQAAcRtm.jpg","","es","","0","0","0","https://x.com/Niwdeuwu/status/1893322199819329682","1617657554888179712","Niwdeuwu"
"1893321890153771471","Sat Feb 22 15:28:09 +0000 2025","0","[Video] Manchester United volvió a enredar puntos con un empate contra Everton #CooperativaContigo https://t.co/GGC9Vur3Uy https://t.co/Lm1i7auHz8","1893321890153771471","https://pbs.twimg.com/media/GkZuGeyXEAArfd8.jpg","","es","Santiago, Chile","0","0","1","https://x.com/Cooperativa/status/1893321890153771471","7668952","Cooperativa"
"1893321757982851310","Sat Feb 22 15:27:37 +0000 2025","1","Amo que la Premier League fue a dar a Tubi la plataforma de streaming mas random que existe. Deke dices: ya vi jugar al Manchester United ahora se me antoja ver una pelicula de ficheras.","1893321757982851310","","","es","Altulfo Street","0","0","0","https://x.com/logscorza/status/1893321757982851310","4301850613","logscorza"
"1893321667889320280","Sat Feb 22 15:27:16 +0000 2025","0","Everton y Manchester United se reparten los puntos en un duelo de emociones y VAR. #PremierLeague | #EVEMUN https://t.co/vhhZPvjS18","1893321667889320280","","","es","","0","0","0","https://x.com/NayibMF/status/1893321667889320280","1443037155954200577","NayibMF"
"1893321534728740993","Sat Feb 22 15:26:44 +0000 2025","3","¡MANU SALVADOR! 🇺🇾 Ugarte convirtió un GOLAZO para que Manchester United empate 2-2 ante Everton por la Premier League tras ir 0-2. ⏱️ Jugó los 90' y volvió a tener una actuación destacada. Man. Utd. https://t.co/kCl4z3JeRc","1893321534728740993","https://pbs.twimg.com/media/GkZt5dKXsAECvMf.jpg","","es","Uruguay","0","0","0","https://x.com/DSportsUY/status/1893321534728740993","1593675560118587394","DSportsUY"
"1892901828712427878","Sat Feb 22 15:26:15 +0000 2025","1","@fcbcupra @NoKroti19 Seguro que si el Madrid llega a conference gana esa copa y no lo elimina el Frankfurt ni el Manchester united y mucho menos Antony les hace gol","1893321410929467780","","fcbcupra","es","Bogotá ","0","0","0","https://x.com/TomasForero08/status/1893321410929467780","1635055365300662272","TomasForero08"
"1893294920187736145","Sat Feb 22 15:25:44 +0000 2025","14","@diegol_90 @ElDelMedallo El Manchester United es infinitamente más grande que el Everton eso es un mal resultado.","1893321283665859053","","diegol_90","es","","0","0","0","https://x.com/JPAMeyer/status/1893321283665859053","1504169824179695630","JPAMeyer"
"1893320892513423616","Sat Feb 22 15:24:11 +0000 2025","0","La última vez que el Manchester United evitó la derrota en la Premier League fue cuando perdía por 2 goles en diciembre de 2023. #EVEMUN https://t.co/ygN7Xi3FyV","1893320892513423616","https://pbs.twimg.com/media/GkZtTtQXkAEH3g3.jpg","","es","Inglaterra, Reino Unido","0","0","0","https://x.com/PremierLdatos/status/1893320892513423616","1372630605029113861","PremierLdatos"
"1893320799567610155","Sat Feb 22 15:23:49 +0000 2025","0","Y ahora hace lo posible por destruirse a garnacho rashford etc... al final el tiempo pone las cosas en su lugar y tu Ruben Amorim no mereces ser dt del manchester united","1893320799567610155","","","es","","0","0","0","https://x.com/CMendozateran/status/1893320799567610155","3028460941","CMendozateran"
"1893320774028595332","Sat Feb 22 15:23:43 +0000 2025","0","Primer gol de Manu Ugarte con la camiseta del United. De visita Manchester United rescató un empate ante Everton por la fecha 26 de la Premier League. Manuel Ugarte a los 80' marcó el definitivo 2 a 2. #uruguayo https://t.co/FMDf2pzdkg","1893320774028595332","https://pbs.twimg.com/media/GkZtMt7W4AAWfu7.jpg","","es","carmelo uruguay","0","0","0","https://x.com/dannydecarmelo/status/1893320774028595332","324857086","dannydecarmelo"
"1893320772665348600","Sat Feb 22 15:23:43 +0000 2025","2","¡EL UNITED RESCATA UN PUNTO! Manchester United logro rescatar un punto en Goodison Park al empatar 2-2 ante el Everton por la Jornada 26 de la Premier League. #PremierLeague https://t.co/HCPprjS0SI","1893320772665348600","https://pbs.twimg.com/media/GkZtK6lXYAATGW-.jpg","","es","San Pedro Sula","0","0","1","https://x.com/catragol/status/1893320772665348600","93104710","catragol"
"1893320672824144305","Sat Feb 22 15:23:19 +0000 2025","0"," Manchester United empató 2-2 ante Everton en un partido emocionante. A pesar de iniciar perdiendo lograron empatar en los minutos finales. Ambos equipos siguen en la zona baja de la tabla. Leé más ⬇️ https://t.co/KNxe367THy","1893320672824144305","","","es","Buenos Aires / Argentina","0","0","0","https://x.com/NAagencia/status/1893320672824144305","160609570","NAagencia"
"1893320539503997016","Sat Feb 22 15:22:47 +0000 2025","0","Los 'Diablos Rojos' evitan otra caída consecutiva. Manchester United que estaba abajo por dos goles reacciona para conseguir el empate contra Everton en la #PremierLeague (Video) https://t.co/Gz3NMVFQ6b","1893320539503997016","","","es","Guayaquil, Ecuador","0","0","0","https://x.com/Aficion_Central/status/1893320539503997016","158732968","Aficion_Central"
"1893320139883360678","Sat Feb 22 15:21:12 +0000 2025","0","Lo del Manchester United es triste pueden hasta descender. Empataron 2-2 contra el Everton.","1893320139883360678","","","es","","0","0","0","https://x.com/UserAlberto47/status/1893320139883360678","1866690965253353472","UserAlberto47"
"1893320091346813087","Sat Feb 22 15:21:00 +0000 2025","2","Manchester United se salvó de la derrota por poco pero aumentó las dudas https://t.co/hdgR9av3Gm","1893320091346813087","","","es","Venezuela","0","0","0","https://x.com/la_patilla/status/1893320091346813087","124172948","la_patilla"
"1893319914783453304","Sat Feb 22 15:20:18 +0000 2025","1","Manchester United rescató un empate frente a Everton https://t.co/8d8XX2IxUG https://t.co/VA8HWcRRDl","1893319914783453304","https://pbs.twimg.com/media/GkZsaRkWoAASqe3.jpg","","es","Venezuela","0","0","1","https://x.com/Unionradionet/status/1893319914783453304","123530755","Unionradionet"
"1822305719820939383","Sat Feb 22 15:07:43 +0000 2025","0","2️⃣5️⃣6️⃣ 󠁧󠁢󠁥󠁮󠁧󠁿 Premier League (J26) ️ Everton 2-2 Manchester United Mejor el Everton durante la primera hora de partido en la que sometió al United. En el 'rush' final los de Amorim espabilaron y consiguieron rescatar un punto. https://t.co/GLGn2eEspZ","1893316746896974150","https://pbs.twimg.com/media/GkZpi-4WYAAuGwf.jpg","jaimechavezs_","es","Valle de Santa Ana, España.","0","1","0","https://x.com/jaimechavezs_/status/1893316746896974150","1162295454450757633","jaimechavezs_"
"1893316522069676461","Sat Feb 22 15:06:49 +0000 2025","2"," Hoy cumple 3⃣8️⃣ años Chiquito Romero un arquero que se hizo querer en la Selección. Surgido en Racing atajó en Mónaco y Manchester United entre otros clubes antes de desembarcar en Boca. En la #SelecciónArgentina: 96 partidos 47 vallas invictas https://t.co/acdPg3YXLf","1893316522069676461","https://pbs.twimg.com/media/GkZpV7jWMAAMBFH.jpg","","es","Ciudad Autónoma de Buenos Aire","0","0","0","https://x.com/marirrovarela/status/1893316522069676461","1067383080","marirrovarela"
"1893316473386324140","Sat Feb 22 15:06:38 +0000 2025","1","️ Ruben Amorim: No existimos en el primer tiempo #MUFC #Amorim https://t.co/Isn6JX6sld","1893316473386324140","https://pbs.twimg.com/media/GkZpTIEXEAA0Kdv.jpg","","es","Manchester, England","0","0","0","https://x.com/Manches83070195/status/1893316473386324140","1485296838253199365","Manches83070195"
"1893316471939355043","Sat Feb 22 15:06:37 +0000 2025","1","Toda persona de bien quiere que el Manchester United descienda","1893316471939355043","","","es","Honduras","0","0","0","https://x.com/SergioArdon2023/status/1893316471939355043","1610006063775891456","SergioArdon2023"
"1893299655221371024","Sat Feb 22 15:06:33 +0000 2025","27","@daniparas_ hola dani de casualidad sabes cuanto quedó el Manchester United?","1893316455824806231","","daniparas_","es","El Salvador","0","1","0","https://x.com/xfasito/status/1893316455824806231","1296583006933614594","xfasito"
"1893316394315313528","Sat Feb 22 15:06:19 +0000 2025","4","Manuel #Ugarte convirtió su primer gol para Manchester United al marcar el 2 a 2 ante Everton. ¡Mirá! ▶️ Más 󠁧󠁢󠁥󠁮󠁧󠁿 #PremierLeague en #DisneyPlus. https://t.co/0fpyztl08B","1893316394315313528","","","es","Uruguay","0","1","0","https://x.com/ESPNUruguay/status/1893316394315313528","3239509871","ESPNUruguay"
"1893316387554103632","Sat Feb 22 15:06:17 +0000 2025","0"," Manchester United vino de atrás y rescató el empate 2-2 en su visita a Everton dentro de la Jornada 26 de la #PremierLeague @premierleague https://t.co/oX6Xma1S6U","1893316387554103632","https://pbs.twimg.com/media/GkZpN9zXsAA1aIA.jpg","","es","Guadalajara, Jalisco","0","0","0","https://x.com/quierotv_gdl/status/1893316387554103632","131377324","quierotv_gdl"
"1893002464510504979","Sat Feb 22 15:06:11 +0000 2025","1","@BrandoMalave @Th3Hat3rGuy @gastiicai @jamiroriver @marcoldplay sos venezolano tu principal deporte es el béisbol... no es como que sepan demasiado de fútbol solo siguen modas. Seguro pensas que el Manchester City es más grande que el Liverpool o el United","1893316362585391478","","BrandoMalave","es","","0","1","0","https://x.com/1lindobardo/status/1893316362585391478","1743183586533027840","1lindobardo"
"1893316362258297140","Sat Feb 22 15:06:11 +0000 2025","39","⌚️ ¡FINAL en la #PremierLeague! El United consigue un empate ante el Everton tras ponerse 2-0 abajo en el marcador. ️ Everton 2-2 Manchester United https://t.co/TX5clZZtB2","1893316362258297140","https://pbs.twimg.com/media/GkZpAxvWcAAn1TO.jpg","","es","","0","2","4","https://x.com/chirichampions/status/1893316362258297140","1190721607","chirichampions"
"1893316329802703310","Sat Feb 22 15:06:03 +0000 2025","1","Es el peor técnico que ví en Manchester United.","1893316329802703310","","","es","Buenos Aires, Argentina","0","1","0","https://x.com/G_Hyung7/status/1893316329802703310","814979178604982272","G_Hyung7"
"1893316238857630139","Sat Feb 22 15:05:42 +0000 2025","156","Se habla mucho del Valencia de Lim pero la decadencia del Manchester United siendo el 2° club más rico del mundo es histórica.","1893316238857630139","","","es","Camp de Mestalla","0","5","2","https://x.com/MemelenciaFC/status/1893316238857630139","1473959047334408198","MemelenciaFC"
"1893316104145006885","Sat Feb 22 15:05:09 +0000 2025","19","¡Bruno Fernandes está cargando al United! . El portugués es el único jugador del Manchester United con goles y asistencias en doble dígito en todas las competencias (10 goles y 11 asistencias) ️. https://t.co/xzfWp51nzU","1893316104145006885","https://pbs.twimg.com/media/GkZo9nJXYAAsaMf.jpg","","es","United States","0","4","1","https://x.com/ESPNDeportes/status/1893316104145006885","114570540","ESPNDeportes"
"1893316056455745864","Sat Feb 22 15:04:58 +0000 2025","0","️EMPATE AGÓNICO PARA LOS DIABLOS ROJOS️ 󠁧󠁢󠁥󠁮󠁧󠁿 El Everton ️ lo ganaba 2-0 en el primer tiempo pero Manchester United encontró los goles y terminó empatando 2-2 en la #PREMIERLEAGUE 󠁧󠁢󠁥󠁮󠁧󠁿 Beto y Doucouré en los Toffees. Bruno Fernandes y Manu Ugarte en los de https://t.co/m5tllRDBAU","1893316056455745864","https://pbs.twimg.com/media/GkZo6zzWYAAZWSp.jpg","","es","Guayaquil - Ecuador","0","0","0","https://x.com/RadioHuancavilk/status/1893316056455745864","333498071","RadioHuancavilk"
"1893316041230422184","Sat Feb 22 15:04:54 +0000 2025","577","El Manchester United ya no es un gigante dormido. Es un equipo roto sin identidad y al borde del colapso. 15° en la Premier League 9 derrotas en 13 partidos ️ Más cerca del descenso que de Europa ¿Qué pasó con el club que dominó Inglaterra? https://t.co/Ka21ekA6cS","1893316041230422184","https://pbs.twimg.com/media/GkZnWMgXAAEYAZP.jpg","","es","","2","8","17","https://x.com/leoncitodelfut/status/1893316041230422184","1555599269230530562","leoncitodelfut"
"1893315981105078534","Sat Feb 22 15:04:40 +0000 2025","2","De la mano de mi capitán Bruno Fernandes Manchester United empató 2-2 frente al Everton. #MUFC || #EVEMUN https://t.co/XfmKtqmjJo","1893315981105078534","https://pbs.twimg.com/media/GkZo2MbawAAZgUD.jpg","","es","México","0","1","2","https://x.com/lop11424411/status/1893315981105078534","1821970858442944513","lop11424411"
"1893315961345753439","Sat Feb 22 15:04:35 +0000 2025","1","¿Los hinchas del Manchester United siguen teniendo fe en Ruben Amorim y en este limitado equipo en las competiciones restantes de la temporada?","1893315961345753439","","","es","","0","0","0","https://x.com/Jorxd6/status/1893315961345753439","1513192156760059914","Jorxd6"
"1893315757842338160","Sat Feb 22 15:03:47 +0000 2025","0"," EMPATE ENTRE MANCHESTER UNITED Y EVERTON https://t.co/9b52Uu0gai","1893315757842338160","https://pbs.twimg.com/media/GkZopIWWEAACVom.jpg","","es","España","0","0","0","https://x.com/inf_fut2021/status/1893315757842338160","1464912345285681159","inf_fut2021"
"1893315588774133997","Sat Feb 22 15:03:07 +0000 2025","0","Manchester United rescata un empate ante un rival directo en la lucha por no entrar al descenso increíble que de esto se esté hablando del equipo de Amorim. Primer tiempo nefasto recompuso con los cambios pero lejos de lo que debería ser por historia e inversión.","1893315588774133997","","","es","Bogotá, D.C., Colombia","0","0","0","https://x.com/omarfpachon/status/1893315588774133997","1305560416022650881","omarfpachon"
"1893315523418488966","Sat Feb 22 15:02:51 +0000 2025","0","El dolor de cabeza que es el Manchester United en mis fines de semana..:","1893315523418488966","","","es","","0","0","0","https://x.com/angelo_ab9/status/1893315523418488966","1347276137949351936","angelo_ab9"
"1893315316857315681","Sat Feb 22 15:02:02 +0000 2025","847"," Manuel Ugarte Porque le pegó con la punta de la pija para el empate del Manchester United por 2-2 ante el Everton por la Premier League. Casi la pechean otra vez pero apareció la pija uruguaya y los salvó igual son horribles los hijos de re mil putas. https://t.co/v5HDj4Ay4O","1893315316857315681","https://pbs.twimg.com/media/GkZdnFDWcAAl0c3.jpg","","es","En todos los países ","2","5","27","https://x.com/TendenciaDepor/status/1893315316857315681","1539803759785570304","TendenciaDepor"
"1893315282573095156","Sat Feb 22 15:01:54 +0000 2025","6","Amorim es el típico técnico que quiere imponer su idea por encima de cualquier cosa incluso de los propios recursos que tiene en el momento si no se adapta a lo que tiene y jugar como más le convenga al equipo él solo se va a enterrar en el Manchester United.","1893315282573095156","","","es","El Santuario, Colombia","0","2","0","https://x.com/JhonARM91_/status/1893315282573095156","1142483476156993537","JhonARM91_"
"1893315125811073228","Sat Feb 22 15:01:16 +0000 2025","0","Primer gol oficial de Manuel Ugarte con la camiseta del Manchester United. Partidazo del uruguayo. ⭐️🇺🇾 https://t.co/i0UJzEWUk2","1893315125811073228","https://pbs.twimg.com/media/GkZoEeMWUAAXb0i.jpg","","es","Argentina","0","0","0","https://x.com/_fuertealmedio_/status/1893315125811073228","1813253910871576576","_fuertealmedio_"
"1893315011155562569","Sat Feb 22 15:00:49 +0000 2025","0","Amorim sigue sin averiguar cómo hacer jugar al United aunque este tiempo lo ha hecho ver peor. El descenso luce improbable porque existe Ipswich y Leicester pero la posición del Manchester Utd como 15 en la tabla es ridículo. https://t.co/Nm4ZOMCb4b","1893315011155562569","https://pbs.twimg.com/media/GkZn91IXcAAFH77.jpg","","es","","0","0","0","https://x.com/GoleaFC/status/1893315011155562569","1307923977327656960","GoleaFC"
"1893314937495101685","Sat Feb 22 15:00:31 +0000 2025","4","️ Ocho minutos que han evitado otra catástrofe del Manchester United ante el Everton. El equipo de Rubén Amorim sigue sin poder escalar posiciones en la Premier League. Temporada para el olvido... https://t.co/ztfRzYeFjE","1893314937495101685","https://pbs.twimg.com/media/GkZn5tGWQAAmBcJ.jpg","","es","En la cancha 🏟️","0","0","0","https://x.com/Futbool_Fotos/status/1893314937495101685","1674173154","Futbool_Fotos"
"1893314454604935618","Sat Feb 22 14:58:36 +0000 2025","0","La jornada sabatina de fútbol empezó con un lindo empate 2 x 2 entre Everton y Manchester United. Everton no lo liquidó cuando tuvo la oportunidad y el Manchester United con un Bruno Fernandes que hizo magia para levantar a un equipo muerto rescató un punto.","1893314454604935618","","","es","Guarambaré - Paraguay","0","0","0","https://x.com/JuanjoSosa11/status/1893314454604935618","865127245","JuanjoSosa11"
"1893314408106893700","Sat Feb 22 14:58:25 +0000 2025","1"," LOS DIABLOS ROJOS RESCATARON UN PUNTO EN GOODISON PARK 󠁧󠁢󠁥󠁮󠁧󠁿 Everton lo ganaba 2-0 en el primer tiempo pero Manchester United encontró los goles y terminó empatando 2-2 en la #PREMIERxESPN Beto y Doucouré en los Toffees. Bruno Fernandes y Manu Ugarte en los de Amorim 🇦🇷","1893314408106893700","","","es","Barranquilla, Colombia","0","0","1","https://x.com/reydeclafb/status/1893314408106893700","1815111244073840640","reydeclafb"
"1893314390398546225","Sat Feb 22 14:58:21 +0000 2025","0","Primer gol de Manuel Ugarte con la camiseta del Manchester United. El segundo tiempo que hizo el volante uruguayo fue fenomenal. El alma de los Diablos Rojos apareciendo por momentos hasta de extremo derecho. Pensar que algunos hinchas lo venían criticando ja. https://t.co/j1wZUCHi2w","1893314390398546225","https://pbs.twimg.com/media/GkZnZ1vWEAASwXq.jpg","","es","","0","0","0","https://x.com/DeportivoGlobal/status/1893314390398546225","1312917799933747201","DeportivoGlobal"
"1893314124068598024","Sat Feb 22 14:57:17 +0000 2025","16","Cristiano vs Manchester United 12/13. Part 1: https://t.co/3N6DOQYwmd","1893314124068598024","https://pbs.twimg.com/ext_tw_video_thumb/1893314017390702592/pu/img/CvKQnVyUc8NfgOfS.jpg","","es","","0","0","2","https://x.com/crissyfooty/status/1893314124068598024","1398874962426015749","crissyfooty"
"1893314061724479977","Sat Feb 22 14:57:03 +0000 2025","4","¡Partidazo de locura! Everton lo tenía en la bolsa pero Bruno Fernandes y Ugarte salvaron al Manchester United en un final electrizante. ️ Revive las mejores jugadas https://t.co/VDFYXJ34H1 #LigaPremierTD","1893314061724479977","","","es","","0","0","0","https://x.com/TelemundoSports/status/1893314061724479977","63818752","TelemundoSports"
"1893313913732698297","Sat Feb 22 14:56:27 +0000 2025","0","¿Cómo se arregla a este Manchester United? Ninguno sirve lpm","1893313913732698297","","","es","tabogo city","0","0","0","https://x.com/johanbric09/status/1893313913732698297","4259091976","johanbric09"
"1893314058616488401","Sat Feb 22 14:57:02 +0000 2025","0","En qué andará mi querido Manchester United Football Club?","1893314058616488401","","","es","","0","0","0","https://x.com/HamlinMUFC/status/1893314058616488401","1047644184394518529","HamlinMUFC"
"1893313866269876402","Sat Feb 22 14:56:16 +0000 2025","1","Inexplicablemente el Manchester United se lleva un punto de Goodison Park. Siguen mostrando las mismas debilidades de siempre. Eso sí el equipo mejoró cuando Amorim cambió de esquema del 3-4-3 al 4-4-2/4-2-3-1. Actuación bastante digna del Everton de Moyes.","1893313866269876402","","","es","Estadio La Victoria-Jaén","0","0","0","https://x.com/ral_mar/status/1893313866269876402","1702641378","ral_mar"
"1893313839107576067","Sat Feb 22 14:56:09 +0000 2025","642","Efeito Manchester United https://t.co/rCFGV1PnDy","1893313839107576067","https://pbs.twimg.com/media/GkZm5iXW4AAbzdx.jpg","","es","Rio de Janeiro, Brazil","1","3","10","https://x.com/Pesgrau/status/1893313839107576067","956605806123933696","Pesgrau"
"1893313634886885798","Sat Feb 22 14:55:21 +0000 2025","1","El hilo rojo que une a Boca con el Manchester United en su decadencia actual.","1893313634886885798","","","es","Gerli Rock City","0","0","0","https://x.com/alejandrovon_/status/1893313634886885798","357184802","alejandrovon_"
"1893313572911911279","Sat Feb 22 14:55:06 +0000 2025","4","󠁧󠁢󠁥󠁮󠁧󠁿Con el ingreso de Alejandro Garnacho Manchester United se salvó del papelón. ️Los Red Devils perdían 2-0 con Everton pero gracias a los goles de Bruno Fernandes y Manuel Ugarte empataron 2-2. Los dirigidos por Ruben Amorim continúan a 13 puntos del descenso. https://t.co/6wJWeFRtrS","1893313572911911279","https://pbs.twimg.com/media/GkZmLatXIAAQBDS.jpg","","es","Argentina","0","0","1","https://x.com/elgraficoweb/status/1893313572911911279","48110502","elgraficoweb"
"1893313531287630324","Sat Feb 22 14:54:56 +0000 2025","2","¡Qué reacción de los Red Devils! Manchester United vino de atrás y rescató el empate 2-2 en su visita a Everton dentro de la Jornada 26 de #LaPremierEnMax. ¡Vuelve a ver los goles y las mejores acciones del partido! https://t.co/2rjZlTy2KN https://t.co/4WjWXLXCjI","1893313531287630324","https://pbs.twimg.com/media/GkZmlgjWkAAGFD3.jpg","","es","","0","0","0","https://x.com/tntsportsmex/status/1893313531287630324","1385351121603076101","tntsportsmex"
"1893313141859033365","Sat Feb 22 14:53:23 +0000 2025","0","Everton 2 Manchester United 2 Que malo es ese Zirkzee de mierda desaprovecha todos los buenos pases y jugadas. Estaba para la remontada","1893313141859033365","","","es","Ecuador","0","0","0","https://x.com/Futbolero_BSC/status/1893313141859033365","2871459353","Futbolero_BSC"
"1893313125958516918","Sat Feb 22 14:53:19 +0000 2025","4","La Premier League 🇬🇧 Jornada#26 Final del partido Everton 2 Manchester United 2 https://t.co/3yHBUwFEFo","1893313125958516918","https://pbs.twimg.com/media/GkZmOd4W4AArlBs.jpg","","es","Caracas/ Venezuela 🇻🇪🇻🇪","0","0","2","https://x.com/Alberto97436023/status/1893313125958516918","1558037678041481221","Alberto97436023"
"1893313119067267163","Sat Feb 22 14:53:18 +0000 2025","0","El Poeta de los goles importantes: Golazo de Manuel Ugarte para el empate 2-2 entre Manchester United y el Everton. El primero con los Red Devils https://t.co/kIs6zYwCdv https://t.co/Aqt9HFVChQ","1893313119067267163","https://pbs.twimg.com/media/GkZmPX0XAAAMfBx.jpg","","es","Montevideo, Uruguay","0","0","1","https://x.com/santiacevedo02/status/1893313119067267163","1659604433917956096","santiacevedo02"
"1893313069100539913","Sat Feb 22 14:53:06 +0000 2025","0","Manchester United reaccionó en Goodison Park y rescató el empate ante Everton via @Onefootball. Read it here: https://t.co/4NZW3jGKC4","1893313069100539913","","","es","LA GUAJIRA COLOMBIA 🇨🇴","0","0","0","https://x.com/HALAMADRID54642/status/1893313069100539913","1830342409508552704","HALAMADRID54642"
"1893313049492164652","Sat Feb 22 14:53:01 +0000 2025","9"," Manchester United Porque con este gol de Manuel Ugarte empató 2-2 de visitante contra el Everton quien lo ganaba 2-0 a los 70 minutos y se cagaron todos. Puntazo para el United para alejarse del descenso. https://t.co/HQpDGcpTjm","1893313049492164652","https://pbs.twimg.com/ext_tw_video_thumb/1893303298179944448/pu/img/86NFEdgSMVPYZuK0.jpg","","es","","0","0","0","https://x.com/Tendencias_CRC/status/1893313049492164652","1881530624374177792","Tendencias_CRC"
"1893313034866638932","Sat Feb 22 14:52:58 +0000 2025","0","PUEDEN RESPIRAR... Manchester United logró rescatar el empate en los últimos minutos ante el Everton tras finalizar el partido con un marcador de 2-2. Los Red Devils siguen sin levantar. https://t.co/zQuv1ocX2j","1893313034866638932","https://pbs.twimg.com/media/GkZmK2oXsAAxUfu.jpg","","es","","0","0","0","https://x.com/cracksdt/status/1893313034866638932","1761231633703686144","cracksdt"
"1893312974497906703","Sat Feb 22 14:52:43 +0000 2025","1"," Con goles de Bruno Fernandes y Manuel Ugarte Manchester United empató 2-2 contra el Everton remontando un 2-0 en contra. https://t.co/yD6piCrceq","1893312974497906703","https://pbs.twimg.com/media/GkZdnFDWcAAl0c3.jpg","","es","Bogotá, D.C., Colombia","0","0","0","https://x.com/FutbolHoyCol/status/1893312974497906703","4459870815","FutbolHoyCol"
"1893312730892820872","Sat Feb 22 14:51:45 +0000 2025","6","Este gol define la temporada del Manchester United. https://t.co/SIyQbu8UMV","1893312730892820872","https://pbs.twimg.com/media/GkZQx21WQAAaRYM.jpg","","es","","0","0","0","https://x.com/Offsider_ES/status/1893312730892820872","1100506329909735424","Offsider_ES"
"1893312918520750317","Sat Feb 22 14:52:30 +0000 2025","0","#PREMIER 2-2 El Manchester United se salva de la derrota pero agranda las dudas https://t.co/0GXuvKjGtZ","1893312918520750317","","","es","Tegucigalpa, Honduras","0","0","0","https://x.com/ProcesoDigital/status/1893312918520750317","58046607","ProcesoDigital"
"1893312948371697933","Sat Feb 22 14:52:37 +0000 2025","1","12 años después y el Manchester United sigue teniendo los mismo problemas.","1893312948371697933","","","es","Colombia","0","0","0","https://x.com/ingridsilla13/status/1893312948371697933","86748674","ingridsilla13"
"1893312423299362950","Sat Feb 22 14:50:32 +0000 2025","29","Te burlaste del Manchester United. Que paso Kukardo ? Estás llorando el piscinazo del joven de 39 años ? La tenés bien adentro vos también. Cogido por Manuel Ugarte.","1893312423299362950","","","es","","0","1","1","https://x.com/ElProfeUY/status/1893312423299362950","1811458333423075329","ElProfeUY"
"1893312376151179294","Sat Feb 22 14:50:21 +0000 2025","0","Cada partido que veo de Dorgu es un claro ejemplo que el Manchester United ha hecho un enorme fichaje una vez que se fichen atacantes buenos hará muchas asistencias. #mufc #mulive #EVEMUN https://t.co/sMIZECc6AI","1893312376151179294","https://pbs.twimg.com/media/GkZlkjWW4AAUsEm.jpg","","es","","0","0","0","https://x.com/mufcscoutxtra/status/1893312376151179294","1882963943674810368","mufcscoutxtra"
"1893312327899807843","Sat Feb 22 14:50:09 +0000 2025","0","El United ha salvado un punto para continuar su lucha por el descenso el Everton de Moyes sometió al equipo durante 75 minutos y después las individualidades del Manchester aparecieron no las grandísimas tácticas de Amorim.","1893312327899807843","","","es","","0","0","0","https://x.com/CarlosAlvira23/status/1893312327899807843","1187460289","CarlosAlvira23"
"1893312304743072185","Sat Feb 22 14:50:04 +0000 2025","25","Manchester United sin rumbo Con el resultado de hoy van 15vo de 20 equipos que disputan la #PremierLeague Más cerca del descenso que otra cosa. https://t.co/n9CjMQaOwu","1893312304743072185","https://pbs.twimg.com/media/GkZlgXeWgAAzJEw.jpg","","es","Mexico","0","5","1","https://x.com/paugr/status/1893312304743072185","34530051","paugr"
"1893312289060852176","Sat Feb 22 14:50:00 +0000 2025","1","Manchester United reaccionó sobre la hora y rescató un empate ante Everton https://t.co/NOemtcW6cm","1893312289060852176","","","es","Santiago, Chile","0","0","2","https://x.com/adnradiochile/status/1893312289060852176","201493641","adnradiochile"
"1893312235746857269","Sat Feb 22 14:49:47 +0000 2025","0","Una vez más Manchester United perdiendo puntos. Los sabios del fútbol pensaron que con la victoria ante el City habían vuelto.","1893312235746857269","","","es","Atlanta, GA","0","0","0","https://x.com/lmvlucas/status/1893312235746857269","1501988267230650371","lmvlucas"
"1893312043920564433","Sat Feb 22 14:49:01 +0000 2025","1112","EVE 2-2 MNU (FT) El Manchester United en Premier League en las primeras 11 jornadas (con Ten Hag): 4 victorias 3 empates 4 derrotas 12 goles a favor y 12 goles en contra. El Manchester United en Premier League en las últimas 15 jornadas (con Amorim): 4 victorias 3 empates ","1893312043920564433","","","es","Allá donde haya un balón","2","13","72","https://x.com/2010MisterChip/status/1893312043920564433","69962890","2010MisterChip"
"1893308464169894241","Sat Feb 22 14:48:40 +0000 2025","8","#Video ¡REPARTIERON PUNTOS! Everton y Manchester United tuvieron un tiempo para cada uno e igualaron 2-2 en la #PREMIERxESPN. https://t.co/wQSQUMyav3","1893311954548064383","","SC_ESPN","es","","0","2","2","https://x.com/SC_ESPN/status/1893311954548064383","524531680","SC_ESPN"
"1893311941424107829","Sat Feb 22 14:48:37 +0000 2025","0","Everton 2-2 Manchester united. Que partido se le escapo al Everton dónde iba ganando 2-0 y ganaba bien porque tenía más actitud y eficacia pero el united en el segundo tiempo salió con otra actitud llego al empate y casi gana el partido en el final. Partido de premier total","1893311941424107829","","","es","","0","0","0","https://x.com/joni_tappie12/status/1893311941424107829","1599415382128922625","joni_tappie12"
"1893308467382816884","Sat Feb 22 14:48:34 +0000 2025","0","@StakeColombia Se confiaron del peor Manchester United","1893311928610521597","","StakeColombia","es","Colombia","0","0","0","https://x.com/IvnNsot_1/status/1893311928610521597","1137865383065636864","IvnNsot_1"
"1893311792178221388","Sat Feb 22 14:48:01 +0000 2025","2","Everton y Manchester United empatan en un vibrante 2-2 por la Premier League https://t.co/riNghKdAxV https://t.co/BSM1aKIl9z","1893311792178221388","https://pbs.twimg.com/media/GkZlCOUXIAADNrR.jpg","","es","Lima","0","0","0","https://x.com/ovacionweb/status/1893311792178221388","93997716","ovacionweb"
"1893277661465641358","Sat Feb 22 14:47:57 +0000 2025","2","Manchester United perdía 2-0 frente a Everton en Goodison Park pero logró empatar 2 a 2 con goles de Bruno Fernandes y del uruguayo Manuel #Ugarte. ¡Mirá! ▶️ Más 󠁧󠁢󠁥󠁮󠁧󠁿 #PremierLeague en #DisneyPlus. https://t.co/bu4yh2ouJw","1893311775174476010","","ESPNUruguay","es","Uruguay","0","0","0","https://x.com/ESPNUruguay/status/1893311775174476010","3239509871","ESPNUruguay"
"1893311691481346468","Sat Feb 22 14:47:37 +0000 2025","0","Bruno Fernándes es el mejor refuerzo y jugador que haya tenido el Manchester United en los últimos diez años. Es el único sostén futbolístico que tiene cada equipo del Club a lo largo de esta última década.","1893311691481346468","","","es","Avellaneda","0","0","0","https://x.com/_tinchorago7/status/1893311691481346468","1603192734554025984","_tinchorago7"
"1893311610422235225","Sat Feb 22 14:47:18 +0000 2025","3","EMOCIONANTE PARTIDO󠁧󠁢󠁥󠁮󠁧󠁿 El Manchester United perdía por dos tantos en su visita al Everton pero reaccionó en el segundo tiempo y empató 2-2. Beto y Doucouré anotaron para los locales pero Bruno Fernandes y Ugarte lograron evitar la derrota de los Diablos Rojos . https://t.co/9B2cewLnKb","1893311610422235225","https://pbs.twimg.com/media/GkZk3AGX0AAvDZg.jpg","","es","Bolivia","0","0","0","https://x.com/TigoSportsBol/status/1893311610422235225","1493970663153012736","TigoSportsBol"
"1893311583004106973","Sat Feb 22 14:47:12 +0000 2025","5519","Una poesía. https://t.co/tTc3GMeA4o","1893311583004106973","https://pbs.twimg.com/media/GkZktgKWUAIvFT-.jpg","","es","#MUFC","14","26","195","https://x.com/ManUtd_Es/status/1893311583004106973","1613095693","ManUtd_Es"
"1893311473662734667","Sat Feb 22 14:46:46 +0000 2025","5","#Video ¡PARTIDO TÍPICO DE LA #PREMIERxESPN! El Manchester United se repuso y logró llevarse un punto en su visita al Everton. https://t.co/yTZmx9jbU1","1893311473662734667","","","es","Argentina","0","0","2","https://x.com/ESPNArgentina/status/1893311473662734667","111416958","ESPNArgentina"
"1893311295740354930","Sat Feb 22 14:46:03 +0000 2025","0","Yo la verdad no sé si hay otro equipo en el mundo con tanto doliente y seguidor como el Manchester United no sé en qué momento cultivaron tanto simpatizante pero hermano este equipo da tristeza no corresponden a la grandeza de su gente y disque Top5 de nóminas costosas ","1893311295740354930","","","es","Bogota, Colombia","0","0","0","https://x.com/SebasCifuentes1/status/1893311295740354930","432664592","SebasCifuentes1"
"1893311175800009060","Sat Feb 22 14:45:34 +0000 2025","0","Este Manchester United es casi tan malo cómo el gobierno de petro","1893311175800009060","","","es","Tartaria","0","0","0","https://x.com/DoctorBarbero3/status/1893311175800009060","1633913371278835715","DoctorBarbero3"
"1893311175498035664","Sat Feb 22 14:45:34 +0000 2025","4","EMPATE CON DRAMA Manchester United️ rescató el empate (2-2) ante Everton️ en el estadio Goodison Park ⬇️⬇️⬇️ https://t.co/77OdjaXrhZ","1893311175498035664","https://pbs.twimg.com/media/GkZkefwXcAABb7_.jpg","","es","Guayaquil- Ecuador","0","0","1","https://x.com/KCH_FM/status/1893311175498035664","1181238023394140160","KCH_FM"
"1893308766306660694","Sat Feb 22 14:45:22 +0000 2025","0","@Edercomoriginal @sirjuegobalon Tottenham ya le ganó 3 veces al Manchester United definitivamente el United es más anti competitivo","1893311122192629965","","Edercomoriginal","es","","0","0","0","https://x.com/Pablopinador/status/1893311122192629965","1859067018802020352","Pablopinador"
"1893311109639156108","Sat Feb 22 14:45:19 +0000 2025","65","LA SITUACIÓN NO MEJORA Manchester United tuvo que venir de atrás para remontar un 2-0 en contra y rescatar un punto en su visita al Everton. Los Red Devils siguen sin rumbo. https://t.co/kYNT3ADnCd","1893311109639156108","https://pbs.twimg.com/media/GkZkas5XoAAmR05.jpg","","es","México","0","0","5","https://x.com/record_mexico/status/1893311109639156108","27986223","record_mexico"
"1893311075036094536","Sat Feb 22 14:45:10 +0000 2025","1","Quel match de Tonton Gana https://t.co/Z7TSO1E7o8","1893311075036094536","https://pbs.twimg.com/media/GkZkYq2XIAALT2O.jpg","","es","Lyon, France","0","0","0","https://x.com/BHD0601/status/1893311075036094536","1200236304203730944","BHD0601"
"1893310975551439085","Sat Feb 22 14:44:47 +0000 2025","1","El ataque del Manchester United pasa por encontrar a alguien que comprenda que pasa por la mente de Zirkzee. El holandés lleva dos buenas actuaciones seguidas y hoy cerca del descuento filtró un pase que se sacó de la chistera y que solo los genios ven. Garnacho no lo leyó.","1893310975551439085","","","es","Tenerife-Madrid","1","0","0","https://x.com/retlaw_44/status/1893310975551439085","493551186","retlaw_44"
"1893310946606510099","Sat Feb 22 14:44:40 +0000 2025","0","A un suicida le sirve ver jugar a este Manchester United","1893310946606510099","","","es","Tartaria","0","0","0","https://x.com/DoctorBarbero3/status/1893310946606510099","1633913371278835715","DoctorBarbero3"
"1893310873361322171","Sat Feb 22 14:44:22 +0000 2025","3","#Video ¡Rescataron un punto! Tras ir abajo 2-0 en el marcador Manchester United reaccionó y logró el empate 2-2 ante Everton. Repasa los goles y lo mejor del partido de la #PREMIERxESPN. https://t.co/z5uTDLRtsl","1893310873361322171","","","es","","0","0","0","https://x.com/ESPNEcuador/status/1893310873361322171","1485665582917865490","ESPNEcuador"
"1893308464169894241","Sat Feb 22 14:44:19 +0000 2025","11","¡DESPEDIDA CON RÉCORD POSITIVO! En el último duelo entre Everton y Manchester United en Goodison Park fue empate entre Toffees y Diablos Rojos. https://t.co/VYxpihGezg","1893310859964727482","https://pbs.twimg.com/media/GkZjL_oWIAAgeaK.jpg","SC_ESPN","es","","0","0","5","https://x.com/SC_ESPN/status/1893310859964727482","524531680","SC_ESPN"
"1893310817036054611","Sat Feb 22 14:44:09 +0000 2025","323","Bruno Fernandes ha marcado o asistido 167 goles con el Manchester United 128 más que cualquier otro jugador de la plantilla. @StatmanDave https://t.co/PTgweBRtg8","1893310817036054611","https://pbs.twimg.com/media/GkZkBo3WEAA62qn.png","","es","Manchester, England","0","2","13","https://x.com/MUnitedEs/status/1893310817036054611","257965632","MUnitedEs"
"1893310589989990411","Sat Feb 22 14:43:15 +0000 2025","1","El Manchester United termina remontando para conseguir un empate en un partido más que necesario de ganar. Todo hasta el último como siempre. Muy divertido pero se sigue jugando horrible. A 12 puntos del descenso....","1893310589989990411","","","es","","0","1","0","https://x.com/AlanCano011/status/1893310589989990411","881675372470960131","AlanCano011"
"1893310551238799561","Sat Feb 22 14:43:06 +0000 2025","5","Puede ser errático a veces en algunas decisiones por correr muchos riesgos pero la amenaza de Bruno Fernandes con su golpeo ha sido el motor de todo en el Manchester United en estos cinco años. Y haber llegado a dobles dígitos en goles y asistencias en equipos que le han dado","1893310551238799561","","","es","CDMX","0","2","0","https://x.com/betogonzalezm_/status/1893310551238799561","2574330225","betogonzalezm_"
"1893310540178493727","Sat Feb 22 14:43:03 +0000 2025","0","#EPL #ManchesterUnited empató 2-2 ante #Everton por la Fecha 26 en Goodison Park. Beto y Doucouré / Bruno Fernandes y Ugarte. 🇦🇷 Alcaraz / Garnacho entraron en el ST. Everton es 12° con 31 puntos uno más que Manchester United. https://t.co/cL1VpEibPl","1893310540178493727","https://pbs.twimg.com/media/GkZj5wdXsAEeSkT.jpg","","es","Argentina","0","0","0","https://x.com/PasionDeporWeb/status/1893310540178493727","801983693782994944","PasionDeporWeb"
"1893310501406257442","Sat Feb 22 14:42:54 +0000 2025","0","️ #PremierLeague Fecha 26 LOS DIABLOS ROJOS RESCATARON UN PUNTO EN GOODISON PARK Everton lo ganaba 2-0 en el primer tiempo pero Manchester United encontró los goles y terminó empatando 2-2 Beto y Doucouré en los Toffees. Bruno Fernandes y Manu Ugarte en los de Amorim https://t.co/wwAaexJtOb","1893310501406257442","https://pbs.twimg.com/media/GkZj3fMW0AACSPE.jpg","","es","","0","0","0","https://x.com/tmasnews/status/1893310501406257442","924345352743997440","tmasnews"
"1893310486587781504","Sat Feb 22 14:42:50 +0000 2025","0","Ver a este Manchester United es una perdida de tiempo y te quita años de vida","1893310486587781504","","","es","Tartaria","0","0","0","https://x.com/DoctorBarbero3/status/1893310486587781504","1633913371278835715","DoctorBarbero3"
"1893310424780562798","Sat Feb 22 14:42:35 +0000 2025","34","Manchester United volvió a resignar puntos y marcha en la 15° posición de 20 equipos que disputan la #PremierLeague. ️ Getty Images https://t.co/illvI10CHX","1893310424780562798","https://pbs.twimg.com/media/GkZjx9xXQAAHc4N.jpg","","es","","2","2","2","https://x.com/TyCSports/status/1893310424780562798","15590302","TyCSports"
"1893310417859948980","Sat Feb 22 14:42:34 +0000 2025","0","Punto de oro para el Manchester United. Floja actuación de los Red Devils. Poco brillo y muchos errores. 🇵🇹Bruno Fernandes volvió a aparecer y con su gol le cambió la energía al equipo. 🇺🇾Ugarte marcó un golazo para el empate. 🇦🇷Garnacho ingresó en el segundo tiempo.","1893310417859948980","","","es","","0","0","0","https://x.com/TomiHuck21/status/1893310417859948980","1384166264126406664","TomiHuck21"
"1893310338147160420","Sat Feb 22 14:42:15 +0000 2025","2","La saco baratísima Manchester United porque merecía haber perdido","1893310338147160420","","","es","Colombia","0","0","0","https://x.com/FootballPlusX/status/1893310338147160420","1425349853182316548","FootballPlusX"
"1893310330232590495","Sat Feb 22 14:42:13 +0000 2025","1","En la jornada 26 de la Premier League Manchester United logró un agónico empate 2-2 ante Everton tras ir perdiendo 2-0 hasta el minuto 71. https://t.co/3b35XUgrfu","1893310330232590495","https://pbs.twimg.com/media/GkZjtdZXwAA6Vwk.jpg","","es","","0","0","1","https://x.com/lebut_/status/1893310330232590495","1893300407385907200","lebut_"
"1893308148988948970","Sat Feb 22 14:42:08 +0000 2025","0","@premierleague Gracias por hacerme perder el Parley Manchester united.","1893310308266950752","","premierleague","es","","0","0","0","https://x.com/VictorV46141897/status/1893310308266950752","1545434763393224705","VictorV46141897"
"1893310192739135552","Sat Feb 22 14:41:40 +0000 2025","4","#FÚTBOL ¡Gran recuperación! A pesar de comenzar perdiendo 2-0 el Manchester United logró empatar el duelo ante Everton por la #PREMIERxESPN ⬇️ https://t.co/oXheMbSbXK","1893310192739135552","","","es","Argentina","0","0","1","https://x.com/ESPNArgentina/status/1893310192739135552","111416958","ESPNArgentina"
"1893310150036881505","Sat Feb 22 14:41:30 +0000 2025","0","Dorgu ha sido una buena incorporación para el Manchester United. Y me gustó lo que vi de Chido Obi Amorim le dará bastantes minutos seguro porque lo de Højlund y Zirkzee es cada vez más insostenible.","1893310150036881505","","","es","","0","0","0","https://x.com/tavodefreitas_/status/1893310150036881505","1389599153144074240","tavodefreitas_"
"1893277661465641358","Sat Feb 22 14:41:29 +0000 2025","3"," ¡#UGARTE LE DIO EL EMPATE A MANCHESTER UNITED! ️ Al minuto 80 el uruguayo marcó el 2 a 2 final ante Everton en la #PREMIERxESPN. ▶️ Más 󠁧󠁢󠁥󠁮󠁧󠁿 #PremierLeague en #DisneyPlus. https://t.co/ZpuipcZf7X","1893310148203966643","https://pbs.twimg.com/media/GkZjGKSW4AAyVTS.jpg","ESPNUruguay","es","Uruguay","0","1","0","https://x.com/ESPNUruguay/status/1893310148203966643","3239509871","ESPNUruguay"
"1893310115626864878","Sat Feb 22 14:41:22 +0000 2025","0"," ¡EL MANCHESTER UNITED SALVA UN PUNTO EN GOODISON PARK! Los de Amorim consiguen empatar tras empezar perdiendo 2-0 contra el Everton El VAR anuló un penalti concedido a los Toffees en el descuento 🇵🇹 Golazo de falta de Bruno Fernandes https://t.co/OKZmamnfxz","1893310115626864878","https://pbs.twimg.com/media/GkZjg9EWwAEAy1_.jpg","","es","Apizaco, Tlaxcala","0","0","0","https://x.com/KevinMoral47659/status/1893310115626864878","1889061066400780288","KevinMoral47659"
"1893310115232551414","Sat Feb 22 14:41:22 +0000 2025","0","manchester united y borussia dortmund se parecen mucho","1893310115232551414","","","es","El día de la marmota ","0","0","0","https://x.com/inolmc/status/1893310115232551414","334393240","inolmc"
"1893309953323999483","Sat Feb 22 14:40:43 +0000 2025","1","Final del partido Manchester United 2 Everton 2 70 minutos dando asco no se como lo empatamos. Tuvimos para ganarlo ellos también. Poquísimo que analizar muchachos que les digo este equipo te quita años de vida. Seguimos https://t.co/YgVAAcBUvZ","1893309953323999483","https://pbs.twimg.com/media/GkZjWdDXgAAMKCJ.jpg","","es","","0","0","0","https://x.com/United_ismo/status/1893309953323999483","278168141","United_ismo"
"1893309902589763881","Sat Feb 22 14:40:31 +0000 2025","5","Tremendo partido que están brindando el Everton y Manchester United. El Everton se adelanta en el marcador con este gol de Beto. https://t.co/U0bD9CHBbp","1893309902589763881","https://pbs.twimg.com/media/GkZKnECWcAAfEL1.jpg","","es","ECUADOR","0","1","0","https://x.com/Teradeportes/status/1893309902589763881","197527048","Teradeportes"
"1893309896117932056","Sat Feb 22 14:40:29 +0000 2025","0","Cómo pretender que el Manchester United ande Bien Si lo dirige Tombolini https://t.co/8YLZCBOYjR","1893309896117932056","https://pbs.twimg.com/media/GkZjUVSWEAAuYZX.jpg","","es","argentina","0","0","0","https://x.com/babyparatodos/status/1893309896117932056","358378950","babyparatodos"
"1893239799156290018","Sat Feb 22 14:40:27 +0000 2025","0","@10InfoBlaugrana @fichajesnet En serio alguien se iría al Manchester united?","1893309886491943041","","10InfoBlaugrana","es","","0","0","0","https://x.com/sp_1108/status/1893309886491943041","1629964322611798016","sp_1108"
"1893309880036991055","Sat Feb 22 14:40:26 +0000 2025","0","El Manchester United rasca un punto en el tramo final tras comenzar fatal en campo del Everton #EVEMUN #PL https://t.co/LokkSYYqIU","1893309880036991055","https://pbs.twimg.com/media/GkZjSqXWsAAbak6.jpg","","es","","0","1","1","https://x.com/FlashscoreES/status/1893309880036991055","488369685","FlashscoreES"
"1893309027234312629","Sat Feb 22 14:40:23 +0000 2025","0","@RedDevilLatino Ni se que decir del partido un partido más de una temporada indigna del Manchester United. Y veo tan imposible que el proyecto gane validez a corto plazo por la UEL o FA CUP pero creo que debe seguir Amorín es el menos culpable sin eximirlo.","1893309869815419092","","RedDevilLatino","es","GaelFUT1","0","0","0","https://x.com/GaelFUT1/status/1893309869815419092","1121824270403850245","GaelFUT1"
"1893309867571478633","Sat Feb 22 14:40:23 +0000 2025","27"," 𝙁𝙄𝙉𝘼𝙇 | Everton 2-2 Manchester United United rescata el punto sobre el final. Jornada 26 | Premier League https://t.co/mwMX8cAKl9","1893309867571478633","https://pbs.twimg.com/media/GkZjSj9XMAEAuZn.jpg","","es","+5.500.000 en YouTube","0","0","3","https://x.com/cracks_oficial/status/1893309867571478633","4163353939","cracks_oficial"
"1893309852929114206","Sat Feb 22 14:40:19 +0000 2025","145"," Bruno Fernandes de falta Manuel Ugarte de volea El Manchester United rescata un punto de Goodison Park #PremierLeagueDAZN ️󠁧󠁢󠁥󠁮󠁧󠁿 https://t.co/eAyPcuj27C","1893309852929114206","https://pbs.twimg.com/media/GkZjPy2WIAITntk.jpg","","es","España","2","1","4","https://x.com/DAZN_ES/status/1893309852929114206","740845357530238976","DAZN_ES"
"1893308174188306846","Sat Feb 22 14:40:17 +0000 2025","0","@MUnitedEs Jugar con Dalot y Højlund es jugar con 9 no puede ser que no aporten absolutamente nada","1893309844821549148","","MUnitedEs","es","Guanaco tuerto, Chubut🇦🇷","0","0","0","https://x.com/ManUnitedPM/status/1893309844821549148","1696521127420719104","ManUnitedPM"
"1893309844397953383","Sat Feb 22 14:40:17 +0000 2025","22","Gran empate del Manchester United el famoso puntito inteligente para la pelea por el descenso. Bien Unaited ","1893309844397953383","","","es","","0","4","1","https://x.com/Premiertina_/status/1893309844397953383","1824152373654327299","Premiertina_"
"1893309793831473387","Sat Feb 22 14:40:05 +0000 2025","343","Manchester United solo ha perdido 1 de sus últimos 10 partidos contra el Everton por Premier League (6 Victorias + 3 Empates). Equipo grande. https://t.co/etqHdKs0lJ","1893309793831473387","https://pbs.twimg.com/media/GkZjOKnXEAE1rto.jpg","","es","","0","14","12","https://x.com/Mercado_Ingles/status/1893309793831473387","415810385","Mercado_Ingles"
"1893309777494589872","Sat Feb 22 14:40:01 +0000 2025","0","Sigo diciendo que hay muchos jugadores que no están para jugar con esta camiseta. El PT parecía camarilla a Amorin. El segundo tiempo recién se dieron cuenta que podían y casi lo ganan. Cada partido qué pasa el Manchester United duele más y más.","1893309777494589872","","","es","","0","0","0","https://x.com/DZamorano10/status/1893309777494589872","996917808486330368","DZamorano10"
"1893307300581949669","Sat Feb 22 14:39:57 +0000 2025","0","@_kennyblaze1391 Lori aye Manchester united ","1893309759199052137","","_kennyblaze1391","es","Lagos","0","0","0","https://x.com/Emmamuel3310/status/1893309759199052137","1635979897049849856","Emmamuel3310"
"1893309757634543863","Sat Feb 22 14:39:56 +0000 2025","1"," Manchester United sigue en caída libre y pese a rescatar un punto ante el Everton solo ha logrado una victoria en sus últimos cinco partidos en Premier League El equipo de Rubén Amorim 🇵🇹 no encuentra el rumbo y sigue en la parte baja de la tabla. https://t.co/vITlyvYnKZ","1893309757634543863","https://pbs.twimg.com/media/GkZjLRTXgAAZDSK.jpg","","es","Latinoamérica","0","0","0","https://x.com/FlashScoreLatAm/status/1893309757634543863","1295720751564283907","FlashScoreLatAm"
"1893309749015240770","Sat Feb 22 14:39:54 +0000 2025","0","Manchester United volvió a tropezar pero al menos ellos fueron los artífices del empate volviendo de un 2-0 en contra https://t.co/2va1ZB4Tdy","1893309749015240770","https://pbs.twimg.com/media/GkZjLurWwAEKiV7.jpg","","es","","0","0","0","https://x.com/RicksEstrada1/status/1893309749015240770","1043591046356246528","RicksEstrada1"
"1893309699635716318","Sat Feb 22 14:39:43 +0000 2025","1","Y ahora cómo le explico a mi doctor que me prohibió seguir viendo los juegos del Manchester United...","1893309699635716318","","","es","CDMX 🛩️ Veracruz ","0","0","0","https://x.com/SharkAlberto19/status/1893309699635716318","293246148","SharkAlberto19"
"1893309646674235698","Sat Feb 22 14:39:30 +0000 2025","5","Final del Partido Everton 2 - 2 Manchester United Merecimos ganar y al final empatamos por el error de Pickford en el Tiro Libre y por un mal despeje de cabeza unas ganar de cagar a piñas a alguien el partido estuvo todo el tiempo controlado y al final nos empataron. A https://t.co/q1pxwn70a2","1893309646674235698","https://pbs.twimg.com/media/GkZjFvSWcAA7ZKJ.jpg","","es","","0","1","0","https://x.com/Everton_URU/status/1893309646674235698","1837999230935281665","Everton_URU"
"1893309639699186041","Sat Feb 22 14:39:28 +0000 2025","0","Salvo potenciar a Amad lo de Amorim en el Manchester United es de lo peor que vi y ya van +20 partidos. Hoy tiene que agradecer que en frente estaba Everton que se llenó de dudas cuando juntaste dos pases. No vas a descender porque hay 3 equipos peores pero es digno de eso.","1893309639699186041","","","es","Paraná, Argentina","0","0","0","https://x.com/AnzilGiuliano/status/1893309639699186041","1381322082999492609","AnzilGiuliano"
"1893309572422438916","Sat Feb 22 14:39:12 +0000 2025","187","Lo de que el Manchester United esté LITERALMENTE peleando el descenso en la Premier League yo no me lo esperaba. Podemos estar ante una temporada histórica.","1893309572422438916","","","es","Lima, Peru","0","10","4","https://x.com/ErrorArbitralTR/status/1893309572422438916","1291860085388582918","ErrorArbitralTR"
"1893309566139429236","Sat Feb 22 14:39:11 +0000 2025","2","El Manchester United puede jugar espantoso pero a veces basta unos minutos de inspiración o un par de goles caídos del cielo la sacó barata con el penal no cobrado en los descuentos a favor del Everton","1893309566139429236","","","es","","0","0","0","https://x.com/CbastianR98/status/1893309566139429236","714898224","CbastianR98"
"1893309550645707256","Sat Feb 22 14:39:07 +0000 2025","141","Golazo de Manuel Ugarte para él Manchester United https://t.co/C0ZqGS4HJZ","1893309550645707256","https://pbs.twimg.com/media/GkZdnFDWcAAl0c3.jpg","","es","Montevideo, Uruguay","1","1","6","https://x.com/KesmanAlberto/status/1893309550645707256","2314185813","KesmanAlberto"
"1893307990737838525","Sat Feb 22 14:39:06 +0000 2025","1","@RinconDelUnited André Onana es el peor arquero que he visto en la historia del Manchester United. Maguire sigue siendo él es imposible tener buena defensa así. Y Amorim tiene que tener claro que la línea de tres con estos petardos es imposible.","1893309548200423933","","RinconDelUnited","es","Barranquilla, Colombia","0","0","0","https://x.com/ricardoarchbold/status/1893309548200423933","217317062","ricardoarchbold"
"1893309492797870546","Sat Feb 22 14:38:54 +0000 2025","0","Jugaremos el miércoles contra Ipswich en duelo directo para evitar caer en un duelo por descenso... si por descenso si... El Manchester United.","1893309495037571432","","ManUtdCRC","es","","0","0","0","https://x.com/ManUtdCRC/status/1893309495037571432","1318222905390649344","ManUtdCRC"
"1893309492797870546","Sat Feb 22 14:38:53 +0000 2025","0"," FINAL Everton 2 - 2 Manchester United Nos salió barato. La clave del empate: ingresó Garnacho y salió Hojlund. Chido Obi demostró en 20 minutos más que Hojlund desde que nació. Nos urge contratar 9 portero y no renovarle nunca más a Maguire. https://t.co/LofQ3B9Zbf","1893309492797870546","https://pbs.twimg.com/media/GkZi8z1W8AEUqbq.jpg","","es","","0","1","0","https://x.com/ManUtdCRC/status/1893309492797870546","1318222905390649344","ManUtdCRC"
"1893309452733780200","Sat Feb 22 14:38:44 +0000 2025","2","(VIDEO) CON SUFRIMIENTO: Manchester United rescató un empate ante el Everton https://t.co/1Q9UDcl8Kv https://t.co/Sh0nUGyEad","1893309452733780200","https://pbs.twimg.com/media/GkZi6hBWsAApeRo.jpg","","es","","0","0","0","https://x.com/StudioFutbol/status/1893309452733780200","105186569","StudioFutbol"
"1893309404994216323","Sat Feb 22 14:38:32 +0000 2025","1","Davido Ronaldo Manchester United","1893309404994216323","","","es","Lagos, Nigeria","0","0","0","https://x.com/HeavenlyGrace01/status/1893309404994216323","1772919297829982209","HeavenlyGrace01"
"1893309403698266567","Sat Feb 22 14:38:32 +0000 2025","2","REPARTEN PUNTOS Everton y Manchester United empatan a 2 goles en acción de la Premier League #Everton #ManchesterUnited #Premier https://t.co/uC08f9H93w","1893309403698266567","https://pbs.twimg.com/media/GkZi3g4WEAArFqG.jpg","","es","Más de 1000 ciudades de México","0","0","0","https://x.com/TVCDeportes/status/1893309403698266567","54989438","TVCDeportes"
"1893309295111880914","Sat Feb 22 14:38:06 +0000 2025","2","!!!FINALLL!!!: #PL ▶️Everton 2 - Manchester United 2 Beto Doucoure para EVE / Fernandes Ugarte para MUN!. DATO: Man. United lleva 7 partidos consecutivos sin perder ante Everton. !Manchester United es 15°!. 12° Everton 13° Tottenham 14° C. Palace https://t.co/Y7gDcmff1C","1893309295111880914","https://pbs.twimg.com/media/GkZiw32XMAAgdu6.jpg","","es","","0","0","3","https://x.com/premier_py/status/1893309295111880914","808554444547821572","premier_py"
"1893309286710641041","Sat Feb 22 14:38:04 +0000 2025","0","Sacamos 1 punto nada mal para este Manchester se viene el Ipswich en Old Trafford es urgente sacar esos 3 puntos en casa nada más le pido eso a los jugadores.","1893309286710641041","","","es","","0","0","0","https://x.com/UnitedOhana/status/1893309286710641041","1625701979635736577","UnitedOhana"
"1893309278389239891","Sat Feb 22 14:38:02 +0000 2025","0","Everton 2 - 2 Manchester United. Los goles de Bruno Fernandes y Manuel Ugarte en la segunda mitad salvaron al United de caer derrotado en Goodison Park. #PremierLeague #EVEMUN","1893309278389239891","","","es","Benaoján, España","0","0","0","https://x.com/miguelgs92/status/1893309278389239891","474051095","miguelgs92"
"1893309269094576516","Sat Feb 22 14:38:00 +0000 2025","11","¡Arrancó #SportsCenter! Sumate para repasar lo mejor que dejó el empate entre Everton - Manchester United. #DisneyPlus https://t.co/WVKjqt7yAc","1893309269094576516","https://pbs.twimg.com/media/GkZivWcXIAATKtG.jpg","","es","","0","1","1","https://x.com/SC_ESPN/status/1893309269094576516","524531680","SC_ESPN"
"1893309244503445881","Sat Feb 22 14:37:54 +0000 2025","101"," ¡EL MANCHESTER UNITED SALVA UN PUNTO EN GOODISON PARK! Los de Amorim consiguen empatar tras empezar perdiendo 2-0 contra el Everton El VAR anuló un penalti concedido a los Toffees en el descuento 🇵🇹 Golazo de falta de Bruno Fernandes https://t.co/PEA6q34AtD","1893309244503445881","https://pbs.twimg.com/media/GkZiuJ7XAAAVqC6.jpg","","es","España","0","0","3","https://x.com/postunited/status/1893309244503445881","702065171175489536","postunited"
"1893309175897202904","Sat Feb 22 14:37:38 +0000 2025","4","Uno se da cuenta con estos resultados que si estos mismos tipos le metieran huevos a todos los partidos todo sería distinto. Concentración y huevos todos los partidos.","1893309175897202904","","","es","Manchester, England","0","0","1","https://x.com/ManUnited_GO/status/1893309175897202904","1734045841","ManUnited_GO"
"1893309114823962976","Sat Feb 22 14:37:23 +0000 2025","64","FINAL! Manchester United 󠁧󠁢󠁥󠁮󠁧󠁿 se llevó un punto de su visita a Everton: empató 2-2 con golazos de Bruno Fernandes y Ugarte 🇺🇾. Perdía 2-0 por tantos de Beto y Doucouré. Está 15° en la Premier con 30 unidades de 78 posibles. https://t.co/XgTBHakFP8","1893309114823962976","https://pbs.twimg.com/media/GkZdnFDWcAAl0c3.jpg","","es","Desde Buenos Aires, Argentina","0","0","7","https://x.com/VSportsTM/status/1893309114823962976","131967942","VSportsTM"
"1893309096280883490","Sat Feb 22 14:37:19 +0000 2025","3","¡Remontada de infarto en Goodison Park! Everton lo ganaba con goles de Beto y Doucouré pero Bruno Fernandes con un tiro libre magistral y Ugarte con un zurdazo imparable rescataron al Manchester United. ¿El mejor segundo tiempo desde la llegada de Amorim? https://t.co/EwfEgsLa1w","1893309096280883490","https://pbs.twimg.com/media/GkZiUtbXcAA6rdN.jpg","","es","","0","0","1","https://x.com/TelemundoSports/status/1893309096280883490","63818752","TelemundoSports"
"1893309080984261069","Sat Feb 22 14:37:15 +0000 2025","0","El Manchester United nació y murió con Fergurson leí en algún comentario y tiene toda la razón eh","1893309080984261069","","","es","","0","0","0","https://x.com/Miguelsft/status/1893309080984261069","2953657906","Miguelsft"
"1893309080892035476","Sat Feb 22 14:37:15 +0000 2025","4","El United juega horrible pero a veces saca resultados no se cómo pero lo hace por lo menos me mejoro el ánimo","1893309080892035476","","","es","24","0","1","0","https://x.com/riantose8/status/1893309080892035476","3115797983","riantose8"
"1893309076471271466","Sat Feb 22 14:37:14 +0000 2025","3","A la luz de como venía la mano (2-0 abajo de visitante) y que el tiro libre de Bruno Fernández al 72 fue el primer reamte al arco de Manchester United el empate maquilla un poco el pésimo momento del equipo de Amorín","1893309076471271466","","","es","","0","1","0","https://x.com/AndresCantorGOL/status/1893309076471271466","186143625","AndresCantorGOL"
"1893309063452045335","Sat Feb 22 14:37:11 +0000 2025","0","Salvó los muebles el Manchester United. Es un equipo mediocre desde hace rato https://t.co/wrr5Rfg2RH","1893309063452045335","","","es","San José del Guaviare","0","1","0","https://x.com/fidox/status/1893309063452045335","19915530","fidox"
"1893309063011660139","Sat Feb 22 14:37:11 +0000 2025","0","En un encuentro disputado en Goodison Park el Everton superó al Manchester United con un marcador de 2-1 consolidando su notable recuperación bajo la dirección de David Moyes. https://t.co/MhgTDl4GH4","1893309063011660139","","","es","Punta Cana","0","0","0","https://x.com/BavaroNews/status/1893309063011660139","515532764","BavaroNews"
"1893309057546535377","Sat Feb 22 14:37:09 +0000 2025","0","Ta' cabrrrń ser seguidor del Manchester United en estos tiempos ","1893309057546535377","","","es","CDMX 🛩️ Veracruz ","0","0","0","https://x.com/SharkAlberto19/status/1893309057546535377","293246148","SharkAlberto19"
"1893309027234312629","Sat Feb 22 14:37:02 +0000 2025","13","Empate a 2 en Goodison Park. Bruno Fernandes y Manu Ugarte salvan al Manchester United del desastre. Un punto que solo sirve para incrementar la brecha para salvarnos del descenso. https://t.co/twaB9P3sC9","1893309027234312629","https://pbs.twimg.com/media/GkZihuAWkAAcADd.jpg","","es","Latinoamerica","0","1","0","https://x.com/RedDevilLatino/status/1893309027234312629","3366543760","RedDevilLatino"
"1893309022092079145","Sat Feb 22 14:37:01 +0000 2025","0","Premier League: Manuel Ugarte convirtió un golazo para que Manchester United empate ante Everton https://t.co/uLaPZo4S2x","1893309022092079145","","","es","Montevideo, Uruguay","0","0","1","https://x.com/futbolportaluy/status/1893309022092079145","718198945281925120","futbolportaluy"
"1893309019940422103","Sat Feb 22 14:37:00 +0000 2025","0","Pinche Manchester United siempre le da ganas de remontar cuando le apuesto en contra https://t.co/IgtCOabXCp","1893309019940422103","https://pbs.twimg.com/media/GkZihP9WsAAXOe8.jpg","","es","","0","0","0","https://x.com/Unsteady_99/status/1893309019940422103","1197982255618166786","Unsteady_99"
"1893306846015836447","Sat Feb 22 14:36:28 +0000 2025","1","@cuticoge Al manchester united no se que hago un sabado a las 11 de la matina viendolo pero me hicieron levantar 7:30 estoy re encascado","1893308881989685414","","cuticoge","es","","0","0","0","https://x.com/Oliver__32/status/1893308881989685414","1051924814716436481","Oliver__32"
"1893307754338468170","Sat Feb 22 14:36:27 +0000 2025","0","@ElProfeUY NO PUEDE SEGUIR EN EL MANCHESTER UNITED*","1893308878575607846","","ElProfeUY","es"," ","0","0","0","https://x.com/glorymanunite20/status/1893308878575607846","1373996083613986817","glorymanunite20"
"1893286422032822463","Sat Feb 22 14:36:21 +0000 2025","0","@Kroosinha Ya sabemos los planes del Manchester United para los próximos años @10Solera","1893308852524748891","","Kroosinha","es","Cádiz | Liverpool | BRD","0","1","0","https://x.com/HerrEmii__/status/1893308852524748891","1246495929529704449","HerrEmii__"
"1893308835684589664","Sat Feb 22 14:36:17 +0000 2025","289","BAUTISMO DE GOL ️ Manuel Ugarte anotó su primer gol oficial con Manchester United en el 2-2 con Everton en Goodison Park. El volante puso el pecho en el ingreso al área y luego remató de zurda para vencer a Pickford. El United va 15° lejos de todo y a 13 puntos de la zona https://t.co/nnhB1HFGV6","1893308835684589664","https://pbs.twimg.com/media/GkZiWhGXoAADn8C.jpg","","es","Montevideo, Uruguay","0","7","10","https://x.com/RodrigoRomano76/status/1893308835684589664","149265907","RodrigoRomano76"
"1893308817863057484","Sat Feb 22 14:36:12 +0000 2025","0","#EVEMUN Siento mucha pena por el Manchester United apuesto a que lucharán por no descender","1893308817863057484","","","es","","0","0","0","https://x.com/KustenR/status/1893308817863057484","1279664121382830081","KustenR"
"1893308804646727804","Sat Feb 22 14:36:09 +0000 2025","0","El efecto descuento la entrada de Garnacho (que debería haber resuelto el en algunas ocasiones) logró despertar al Manchester United. Media cancha para atrás fue un completo desastre en los 98 minutos. No debe existir conformismo con esta camiseta. No pueden seguir así.","1893308804646727804","","","es","","0","0","0","https://x.com/GloriosoUtdARG/status/1893308804646727804","1891706273764155392","GloriosoUtdARG"
"1893308799731024168","Sat Feb 22 14:36:08 +0000 2025","0","FINAL | FT. Everton 2-2 Manchester United ~ Jornada 26 #PremierLeague 2024/25 󠁧󠁢󠁥󠁮󠁧󠁿 Vino de atrás el conjunto de Ruben Amorim y rescata el empate de Goodison Park. https://t.co/y1Ce7zqy0s","1893308799731024168","https://pbs.twimg.com/media/GkZiUd0W4AAh_d0.jpg","","es","México","0","1","1","https://x.com/DeporTotalMX/status/1893308799731024168","1006010731169370114","DeporTotalMX"
"1893308766306660694","Sat Feb 22 14:36:00 +0000 2025","22","No existe equipo más anticompetitivo que el Manchester United","1893308766306660694","","","es","Noches Mágicas","1","5","2","https://x.com/sirjuegobalon/status/1893308766306660694","1078077614630363136","sirjuegobalon"
"1893308753174216752","Sat Feb 22 14:35:57 +0000 2025","22","FINAL DEL PARTIDO. EVERTON (2) MANCHESTER UNITED (2) - Era 2-0 de Everton y baile. Casi goleada. - Golazo de otro partido de Bruno Fernandes de tiro libre y los últimos 25/26 minutos fueron TODO del Manchester United. - GOLAZO DE MANUEL UGARTE y 2-2. Les anularon un penal. https://t.co/P2BzoL4Hzv","1893308753174216752","https://pbs.twimg.com/media/GkZiRt6XMAAwn6-.jpg","","es","","0","2","2","https://x.com/ElProfeUY/status/1893308753174216752","1811458333423075329","ElProfeUY"
"1893308746148802827","Sat Feb 22 14:35:55 +0000 2025","0","Siento mucha pena por el Manchester United apuesto a que lucharán por no descender","1893308746148802827","","","es","","0","0","0","https://x.com/KustenR/status/1893308746148802827","1279664121382830081","KustenR"
"1893308731552645122","Sat Feb 22 14:35:52 +0000 2025","0","#PremierLeague 󠁧󠁢󠁥󠁮󠁧󠁿 2024/25 Fecha 26 Everton 2 - Manchester United 2","1893308731552645122","","","es","Tucumán, Argentina","0","0","0","https://x.com/lgonzaloherrera/status/1893308731552645122","3152161437","lgonzaloherrera"
"1893308710077731050","Sat Feb 22 14:35:47 +0000 2025","0","Estuvo emocionante el cierre del Everton 2-2 Manchester United. Nunca decepciona la Premier League.","1893308710077731050","","","es","","0","0","0","https://x.com/ElderReynel/status/1893308710077731050","3276884636","ElderReynel"
"1893308666553532525","Sat Feb 22 14:35:36 +0000 2025","0","Mirá el golazo de Manuel Ugarte para el 2-2 parcial del Manchester United frente al Everton por la Premier https://t.co/j7GsDXk0bC https://t.co/5QHTKOmHsF","1893308666553532525","","","es","","0","0","1","https://x.com/ovacionuy/status/1893308666553532525","146919703","ovacionuy"
"1893308647955894714","Sat Feb 22 14:35:32 +0000 2025","0","Quién hubiera dicho que el doble 5 sería la línea más ofensiva del Manchester United en Goodison Park. Pese a todo ni la pegada de Bruno Fernandes o Manuel Ugarte puede tapar el bosque: este equipo juega mal al fútbol sea por falta de perfiles o de soluciones desde el banco.","1893308647955894714","","","es","Buenos Aires, Argentina","0","0","0","https://x.com/LuquiSotelo/status/1893308647955894714","4198209795","LuquiSotelo"
"1893308646051766295","Sat Feb 22 14:35:31 +0000 2025","0","¡Los Toffees y Los Diablos dividen fuerzas! Everton no pudo mantener la ventaja y el Manchester United rescató el empate a dos. Beto y Abdoulaye Doucouré marcaron para los locales mientras que Bruno Fernandes y Manuel Ugarte lo hicieron para el United. https://t.co/gWoE0d7LuD","1893308646051766295","https://pbs.twimg.com/media/GkZiLf2XcAATEsT.jpg","","es","Guatemala","0","0","0","https://x.com/LocoxelFutbol_/status/1893308646051766295","1155830176112173060","LocoxelFutbol_"
"1893308641597419659","Sat Feb 22 14:35:30 +0000 2025","8","100 MILLONES POR ARAUJO Según informan diversos portales europeos Manchester United está dispuesto a romper el mercado por el defensor del Barcelona. Hace solo unas semanas el uruguayo estaba prácticamente fuera del cuadro culé pero en serie de hechos cambiaron todo. https://t.co/GUbEYjYYQX","1893308641597419659","https://pbs.twimg.com/media/GkZiLQzXMAAmb61.jpg","","es","","1","0","1","https://x.com/365ScoresApp/status/1893308641597419659","927556948324732929","365ScoresApp"
"1893308630989967849","Sat Feb 22 14:35:28 +0000 2025","1","Zirkzee es el jugador ideal para un fútbol 5. La pisa divino y es buenísimo técnicamente pero jugando de 9 en el Manchester United tenes que poder patear al arco o incluso tener un poco de sangre y ganas de ganar.","1893308630989967849","","","es","","0","0","0","https://x.com/Bocaymanyauy/status/1893308630989967849","1361093127700905984","Bocaymanyauy"
"1893308613923401751","Sat Feb 22 14:35:24 +0000 2025","10","Parecía otra de esas jornadas tristes y de cultura perdedora del Manchester United. Pero aparecieron Bruno Fernandes y Manuel Ugarte con dos GOLAZOS para rescatar un punto en casa del Everton.","1893308613923401751","","","es","Buenos Aires, Argentina","0","0","0","https://x.com/SebasDecker/status/1893308613923401751","184270592","SebasDecker"
"1893308609112506657","Sat Feb 22 14:35:23 +0000 2025","0","Creo que Bruno Fernandes está en la generación equivocada del Manchester United. Lo que le debe ese club a lo que ha demostrado un jugador como él es para que se endeuden mucho más. Un ídolo de su actualidad sombría","1893308609112506657","","","es","Mundo absurdo","0","0","0","https://x.com/AlxSage/status/1893308609112506657","1486910402692894721","AlxSage"
"1893308592272376044","Sat Feb 22 14:35:19 +0000 2025","4","Me volví fan del Manchester United ahora que es el chico de esa ciudad. https://t.co/4fOVJFu2z1","1893308592272376044","https://pbs.twimg.com/media/GkZiIPwX0AEIX4t.jpg","","es","Medellín, Colombia","0","0","0","https://x.com/gallo_orlando/status/1893308592272376044","840956233","gallo_orlando"
"1893308582461854102","Sat Feb 22 14:35:16 +0000 2025","3"," 𝐅𝐔𝐋𝐋 𝐓𝐈𝐌𝐄! Partidazo en Goodison Park! El 󠁧󠁢󠁥󠁮󠁧󠁿 Manchester United logra salvar un punto y empatar 2-2 en casa del 󠁧󠁢󠁥󠁮󠁧󠁿 Everton. #EPL #J26 https://t.co/twQ006Lmnu","1893308582461854102","https://pbs.twimg.com/media/GkZiHlGW8AABQB5.jpg","","es","Inglaterra","0","0","1","https://x.com/EPL_Goleador/status/1893308582461854102","1677139874","EPL_Goleador"
"1893308472348852489","Sat Feb 22 14:34:50 +0000 2025","0","Empate en el PARTIDAZO en el Everton vs Manchester United. https://t.co/CsVEddsTEF","1893308472348852489","https://pbs.twimg.com/media/GkZhudwbAAAQ9th.jpg","","es","","0","0","0","https://x.com/legacyDeportes/status/1893308472348852489","1849940705223012352","legacyDeportes"
"1893308464169894241","Sat Feb 22 14:34:48 +0000 2025","47"," LOS DIABLOS ROJOS RESCATARON UN PUNTO EN GOODISON PARK 󠁧󠁢󠁥󠁮󠁧󠁿 Everton lo ganaba 2-0 en el primer tiempo pero Manchester United encontró los goles y terminó empatando 2-2 en la #PREMIERxESPN Beto y Doucouré en los Toffees. Bruno Fernandes y Manu Ugarte en los de Amorim 🇦🇷 https://t.co/YnO88bV1gY","1893308464169894241","https://pbs.twimg.com/media/GkZiAjXWgAAvZ6g.jpg","","es","","0","5","13","https://x.com/SC_ESPN/status/1893308464169894241","524531680","SC_ESPN"
"1893308457052155942","Sat Feb 22 14:34:46 +0000 2025","1","Jajajaja pinche Manchester united es la mamada pero nos hizo cobrar sabroso. Que entretenida es la premier. https://t.co/0PEyniR2tz","1893308457052155942","https://pbs.twimg.com/media/GkZiAaDXwAIHkGS.jpg","","es","","0","0","0","https://x.com/analyticsbets1/status/1893308457052155942","1066854640032063488","analyticsbets1"
"1893308436797898755","Sat Feb 22 14:34:41 +0000 2025","39","Como Manchester United está temporada está luchando por no descender (aunque muchos no lo quieren ver) este empate en Goodison Park 2-2 vale oro!!","1893308436797898755","","","es","Mexico City / Tampa Bay Fl. ","0","5","2","https://x.com/Patottas/status/1893308436797898755","86085425","Patottas"
"1893308430632284317","Sat Feb 22 14:34:40 +0000 2025","0","Aposté en contra del united y automáticamente se convirtió en el Manchester de los 90 lpm .","1893308430632284317","","","es","","0","0","0","https://x.com/Luichigom/status/1893308430632284317","272966984","Luichigom"
"1893308407056076861","Sat Feb 22 14:34:34 +0000 2025","0","¡Everton y United igualaron 2-2! Por la Fecha 26 de la #PremierLeague abriendo la jornada de Sábado los Toffes y Red Devils empataron en un gran y dinámico partido. Los de Goodison Park marchan 12° en la tabla con 31 puntos. Manchester con este puntito desfila 15° con 30.","1893308407056076861","","","es","Argentina","0","0","0","https://x.com/_JoseSartori/status/1893308407056076861","1453017165397962758","_JoseSartori"
"1893308396264132656","Sat Feb 22 14:34:32 +0000 2025","0","Premier League Encerrado Everton 2x2 Manchester United","1893308396264132656","","","es","Rio de Janeiro","0","0","0","https://x.com/radiobrasil940/status/1893308396264132656","80008136","radiobrasil940"
"1893308387795796378","Sat Feb 22 14:34:30 +0000 2025","238","Ojalá los jugadores se den cuenta que SI LO PONEN GANAS SE PUEDEN HACER GOLES. PILA DE BURROS VAGOS Y PEROZOSOS.","1893308387795796378","","","es","Medellín, Colombia","1","10","11","https://x.com/Vanisterror/status/1893308387795796378","1358494982","Vanisterror"
"1893307526680105242","Sat Feb 22 14:34:29 +0000 2025","2","@OjoDeSauron_ El 2-0 tmb arranca con un pase regalado.","1893308383551275262","","OjoDeSauron_","es","Argentina","0","0","0","https://x.com/20legend4/status/1893308383551275262","1064569378195283975","20legend4"
"1893308362701336652","Sat Feb 22 14:34:24 +0000 2025","6","con este puntazo el manchester united se aleja del championship y se ubica DECIMOQUINTO MASIVO BRO https://t.co/LgH5jHnWGV","1893308362701336652","https://pbs.twimg.com/media/GkZh6u3XYAAjo7B.jpg","","es","","0","0","0","https://x.com/TabloideGunner/status/1893308362701336652","1294302956406419456","TabloideGunner"
"1893308359262007725","Sat Feb 22 14:34:23 +0000 2025","0","Al Manchester United se le acabaron los adjetivos; sólo el tiempo pondrá las cosas en su sitio.","1893308359262007725","","","es","Jaen, Spain","0","0","0","https://x.com/MariscalSenior/status/1893308359262007725","4915450403","MariscalSenior"
"1893308352496615886","Sat Feb 22 14:34:21 +0000 2025","0","Que buen juego el Everton - Manchester United","1893308352496615886","","","es","Callejones, SLP, México","0","0","0","https://x.com/IsraaTorres/status/1893308352496615886","44247176","IsraaTorres"
"1893308296183833009","Sat Feb 22 14:34:08 +0000 2025","0","Everton y Manchester United empatan 2-2. Un gran partido.","1893308296183833009","","","es","Santiago, Chile 🇨🇱","0","0","0","https://x.com/SpartanMinotaur/status/1893308296183833009","106401454","SpartanMinotaur"
"1893308288973816086","Sat Feb 22 14:34:06 +0000 2025","808","Si se perdieron el Everton vs Manchester United se perdieron uno de los mejores peor partido de la temporada en Premier League Eso fue extrañamente divertido","1893308288973816086","","","es","México","0","20","14","https://x.com/CarlosReynosoKC/status/1893308288973816086","34467879","CarlosReynosoKC"
"1893308277481488536","Sat Feb 22 14:34:03 +0000 2025","3","FT. Everton 2-2 Manchester United No tengo palabras para describir el TERRIBLE arbitraje que hemos vivido hoy en Goodison Park. Atraco en toda regla.","1893308277481488536","","","es","Barcelona, España","0","0","0","https://x.com/evertonfcspain/status/1893308277481488536","778345153","evertonfcspain"
"1893308255964696791","Sat Feb 22 14:33:58 +0000 2025","72","Finaaaaaaal! El United rescató un punto en Goodison Park. El equipo de Amorim iba 0-2 abajo y encontró en Bruno la esperanza tras su gol de tiro libre. Ugarte puso el empate final. Muchos errores falta de ideas en ataque pero al menos hubo reacción. Toca seguir...","1893308255964696791","","","es","Argentina","0","1","2","https://x.com/20legend4/status/1893308255964696791","1064569378195283975","20legend4"
"1893308187098370486","Sat Feb 22 14:33:42 +0000 2025","7","¡PARTIDO CARDÍACO! 󠁧󠁢󠁥󠁮󠁧󠁿 Everton y Manchester United dividen puntos en la fecha 26 de la #PremierLeague después que los Red Devils vinieran de estar dos goles atrás para cerrar con polémica en el área visitante https://t.co/hpTF5bGyAN","1893308187098370486","https://pbs.twimg.com/media/GkZhwmKaoAAhTnS.jpg","","es","","0","1","0","https://x.com/ClaroSports/status/1893308187098370486","1931581532","ClaroSports"
"1893308186221805861","Sat Feb 22 14:33:42 +0000 2025","14","¡Se salvó el Manchester United! ‍ Cuando todo parecía indicar que los Red Devils caerían frente a Everton consiguieron rescatar una desventaja de dos goles en Goodison Park. Un punto importante para los de Amorim en #LaPremierEnMax. https://t.co/wC7IVtWk5B","1893308186221805861","https://pbs.twimg.com/media/GkZhwZVaoAMXqJ5.jpg","","es","","0","0","4","https://x.com/tntsportsmex/status/1893308186221805861","1385351121603076101","tntsportsmex"
"1893308174188306846","Sat Feb 22 14:33:39 +0000 2025","450","FINAL: Everton 2-2 Manchester United. Más ganas y actitud el segundo tiempo. Entró bien Chido. Un punto al menos luego de un primer tiempo HORRIBLE #ForeverUnited https://t.co/HQWD0ZaIVF","1893308174188306846","https://pbs.twimg.com/media/GkZhue4WUAAkqtC.jpg","","es","Manchester, England","5","56","15","https://x.com/MUnitedEs/status/1893308174188306846","257965632","MUnitedEs"
"1893308156454879605","Sat Feb 22 14:33:35 +0000 2025","0","󠁧󠁢󠁥󠁮󠁧󠁿 MANCHESTER UNITED RESCATÓ UN PUNTO DE GOODISON PARK Tras comenzar perdiendo 2-0 los Reds Devils terminaron igualando 2-2 por la Premier League. ️ Beto y Doucouré. Bruno Fernandes y Ugarte en la visita. 🇦🇷 Garnacho y Charly Alcaraz sumaron minutos como suplentes. https://t.co/2tNLRI3GxE","1893308156454879605","https://pbs.twimg.com/media/GkZhscLWoAAtZ8S.jpg","","es","","0","0","0","https://x.com/PaseDeGol22/status/1893308156454879605","1762457203267502082","PaseDeGol22"
"1893308139543412769","Sat Feb 22 14:33:31 +0000 2025","0","La temporada actual del Manchester United de Rubén Amorim: Están 15° con 30 puntos a 13 puntos del descenso directo. En 21 partidos: ¡¡9 DERROTAS!! 9 victorias y 3 empates. Octavos de final de la Fa Cup ( vs Fulham) y Europa League (Real Sociedad). https://t.co/6zQuuZovuj","1893308139543412769","https://pbs.twimg.com/media/GkZgKZ9WkAETucp.png","","es","Argentina ","0","0","0","https://x.com/LazaroNPerez4/status/1893308139543412769","1595739951362179077","LazaroNPerez4"
"1893308133734223935","Sat Feb 22 14:33:29 +0000 2025","23","¡EMPATE EN GOODISON PARK! El Everton y el Manchester United no se sacaron diferencias e igualaron 2-2. Para los locales que contaron con minutos de Carlitos Alcaraz anotaron Beto y Doucouré. Para los Diablos Rojos que también tuvieron un rato de Garnacho en cancha https://t.co/sGEK8jHXTe","1893308133734223935","https://pbs.twimg.com/media/GkZhtZJW0AAti1R.jpg","","es","","0","1","6","https://x.com/TyCSports/status/1893308133734223935","15590302","TyCSports"
"1893308130416529880","Sat Feb 22 14:33:28 +0000 2025","1306","‼️ Ojo a estas FUERTES declaraciones de Ruben Amorim sobre la situación del Manchester United: Hemos llegado a un punto de inflexión el empate de hoy ha sido la gota que ha colmado el vaso ya sabemos lo que tenemos que cambiar Vamos a hacer cambios en los jugadores las https://t.co/BAVY8gUFTv","1893308130416529880","https://pbs.twimg.com/media/GkZhtTEWwAAcU21.jpg","","es","","3","23","42","https://x.com/enbajafutbol/status/1893308130416529880","1711620966478942208","enbajafutbol"
"1893308128877223955","Sat Feb 22 14:33:28 +0000 2025","0","Quizá sea yo que no me sé el protocolo VAR perfecto pero en el Everton - Manchester United acaba de entrar para corregir una decisión arbitral por penalti en la cual SI hay contacto claro. Situación en la cual nunca debería entrar","1893308128877223955","","","es","Vigo","0","0","0","https://x.com/Abel_LAgras/status/1893308128877223955","227065824","Abel_LAgras"
"1893308124313870496","Sat Feb 22 14:33:27 +0000 2025","0","󠁧󠁢󠁥󠁮󠁧󠁿 EL MANCHESTER UNITED RESCATA UN PUNTO EN SU VISITA AL EVERTON Los Diablos Rojos comenzaron 2 a 0 abajo ante los Toffees pero lo igualaron 2 a 2 sobre el final con goles de B. Fernandez 🇵🇹 y M. Ugarte 🇺🇾 Aún así se encuentran 15° en la Premier League en una de sus https://t.co/lRKy4LXNqK","1893308124313870496","https://pbs.twimg.com/media/GkZgOt0WsAE5Pq3.jpg","","es","","0","0","0","https://x.com/DiarioOleUSA/status/1893308124313870496","1785050847254138880","DiarioOleUSA"
"1893308121931489635","Sat Feb 22 14:33:26 +0000 2025","0","MANCHESTER UNITED É MINÚSCULO","1893308121931489635","","","es","","0","0","0","https://x.com/Bombomdealhoslz/status/1893308121931489635","1657754820965482497","Bombomdealhoslz"
"1893308108379701529","Sat Feb 22 14:33:23 +0000 2025","3","Final #PL. Everton 2-2 Manchester United (Beto Doucouré; Bruno Fernandes Ugarte). Del 2-0 al 2-2. Igualó el choque el equipo de Amorim y maquilló un poco su mal partido pues sólo tuvo dos tiros a puerta que fueron los goles. Le anularon un penalti al Everton en el 95'.","1893308108379701529","","","es","","1","0","2","https://x.com/FT_Total/status/1893308108379701529","4496179816","FT_Total"
"1893308080873410745","Sat Feb 22 14:33:17 +0000 2025","0","Otro final de infarto en GOODISON PARK. Everton 2 - 2 Manchester UNITED","1893308080873410745","","","es","Bolivia 🇧🇴","0","0","0","https://x.com/candia2121/status/1893308080873410745","1423143930426757122","candia2121"
"1893308072975613988","Sat Feb 22 14:33:15 +0000 2025","0","Independientemente de que Ashley Young haya demostrado sus habilidades para el arte dramático los rechaces de André Onana en el área son tétricos. Solo hoy le han costado al Manchester United un gol y penalti a posteriori anulado. Otro día obligado a recordar que costó 52M€.","1893308072975613988","","","es","Sevilla - Madrid - London","0","0","0","https://x.com/pabmontano/status/1893308072975613988","1046419519072346113","pabmontano"
"1893308062766608836","Sat Feb 22 14:33:12 +0000 2025","6","‍ EL UNITED LO IGUALÓ EN UN PARTIDAZO En Goodison Park Everton no pudo mantener la ventaja y el Manchester United se lo terminó igualando 2-2. Beto y Doucouré abrieron el marcador para los locales. En los últimos 20 minutos aparecieron Bruno Fernandes y Ugarte para https://t.co/aJDkmgBwmO","1893308062766608836","https://pbs.twimg.com/media/GkZhof2XgAA1IZD.jpg","","es","","0","2","1","https://x.com/TNTSportsAR/status/1893308062766608836","854784383982723072","TNTSportsAR"
"1893308009750896663","Sat Feb 22 14:33:00 +0000 2025","20"," Manchester United igualó ante el Everton y no encuentra el rumbo en la English Premier League: Marcha 15º. A 13 puntos del descenso. Anotó solo 30 goles y recibió ¡37! en 26 jornadas. Perdió ¡9! de los últimos 13. En Old Trafford cayó en 5 de los últimos 6. https://t.co/j5ilInl8c4","1893308009750896663","https://pbs.twimg.com/media/GkZhLmiWAAAqO_J.jpg","","es","Bogotá D.C., Colombia","0","7","8","https://x.com/SVargasOK/status/1893308009750896663","79218321","SVargasOK"
"1893308004818186337","Sat Feb 22 14:32:58 +0000 2025","0","Everton y Manchester United empataron 2-2 en un partidazo ️ Beto 19' ️ Doucouré 33' ️ Fernandes 72' ️ Ugarte 80' ️ https://t.co/6lTosZjvrG","1893308004818186337","https://pbs.twimg.com/media/GkZhmGxXQAALkKd.jpg","","es","","0","0","0","https://x.com/todo_premier47/status/1893308004818186337","1741603014664769536","todo_premier47"
"1893307974346535311","Sat Feb 22 14:32:51 +0000 2025","21","EL UNITED RESCATÓ UN EMPATE: DEL 0-2 AL 2-2 ️ El Manchester United caía frente al Everton pero en el ST se despertó y terminó igualando el partido con los goles de Bruno Fernandes y Ugarte 🇦🇷 Garnacho ingresó a las 62' para la visita mientras que Charly Alcaraz entró en https://t.co/oYsmueMatG","1893307974346535311","https://pbs.twimg.com/media/GkZe7tKXIAAGmZi.jpg","","es","Argentina","0","1","4","https://x.com/DiarioOle/status/1893307974346535311","112523709","DiarioOle"
"1893307959188263205","Sat Feb 22 14:32:48 +0000 2025","0","‍️TERMINÓ EL PARTIDO EVERTON 2 MANCHESTER UNITED 2 ️️️️️️️️️","1893307959188263205","","","es","","0","0","0","https://x.com/juanjav82324942/status/1893307959188263205","1282820118301548544","juanjav82324942"
"1893307945896554737","Sat Feb 22 14:32:44 +0000 2025","34","BIEN CHIDO.","1893307945896554737","","","es","Medellín, Colombia","1","2","0","https://x.com/Vanisterror/status/1893307945896554737","1358494982","Vanisterror"
"1893303584655040518","Sat Feb 22 14:32:38 +0000 2025","0","@TheCondorI5Back Los partidos del Inter y Milán el partido ahora del Manchester United Aston villa vs Chelsea Arsenal VS West Ham Valencia vs Atlético Barcelona VS Palmas(siempre se le complica contra ese equipo) y en la noche Juega River.","1893307918126063938","","TheCondorI5Back","es","","0","0","0","https://x.com/mdhf_24/status/1893307918126063938","1487056980967665665","mdhf_24"
"1893307916674838975","Sat Feb 22 14:32:37 +0000 2025","0","Como nos está matungueando a Garnacho el Manchester United la puta madre.","1893307916674838975","","","es","","0","0","0","https://x.com/watafavirus/status/1893307916674838975","1238590070594076674","watafavirus"
"1893307892788298238","Sat Feb 22 14:32:32 +0000 2025","16","99' Corner para Manchester United.","1893307892788298238","","","es","Manchester, England","0","1","0","https://x.com/MUnitedEs/status/1893307892788298238","257965632","MUnitedEs"
"1893307762852893139","Sat Feb 22 14:32:01 +0000 2025","25","Lo apurado que anda Zirkzee. Muy mal.","1893307762852893139","","","es","Medellín, Colombia","0","2","0","https://x.com/Vanisterror/status/1893307762852893139","1358494982","Vanisterror"
"1893307754338468170","Sat Feb 22 14:31:59 +0000 2025","30","André Onana NO PUEDE SEGUIR SIENDO TITULAR EN EL MANCHESTER UNITED.","1893307754338468170","","","es","","0","3","1","https://x.com/ElProfeUY/status/1893307754338468170","1811458333423075329","ElProfeUY"
"1893307748365803524","Sat Feb 22 14:31:57 +0000 2025","1","Lo de Bruno Fernandes en el Manchester United es un experimento social para que la gente vea lo que es tener un genio y 10 burros. Se hace cargo del equipo hace 5 años.","1893307748365803524","","","es","","0","0","0","https://x.com/Juanmenendez04/status/1893307748365803524","1580705671745519619","Juanmenendez04"
"1893307559773167735","Sat Feb 22 14:31:12 +0000 2025","5","El VAR salva al Manchester United del ridículo. Se anula el penal.","1893307559773167735","","","es","Latinoamerica","0","0","0","https://x.com/RedDevilLatino/status/1893307559773167735","3366543760","RedDevilLatino"
"1893307548813431150","Sat Feb 22 14:31:10 +0000 2025","0","El Manchester united acaba de robarle al everton.","1893307548813431150","","","es","","0","0","0","https://x.com/joseluis251116/status/1893307548813431150","1501949267883159552","joseluis251116"
"1893283049170677801","Sat Feb 22 14:31:00 +0000 2025","0","Resultado: Everton 2 vs Manchester United 2","1893307509495988597","","tiempofuera45","es","","0","0","0","https://x.com/tiempofuera45/status/1893307509495988597","811027276066394112","tiempofuera45"
"1893307506677383389","Sat Feb 22 14:31:00 +0000 2025","0","Le estamos robando al Everton al Evertonnnnnm ya desciendan al Manchester United","1893307506677383389","","","es","","0","0","0","https://x.com/LegionIOficial/status/1893307506677383389","1448912116723994639","LegionIOficial"
"1893304003213111338","Sat Feb 22 14:31:00 +0000 2025","0","@Mbahdeyforyou Ojoro Manchester United","1893307505876390264","","Mbahdeyforyou","es","Abuja, nigeria","0","0","0","https://x.com/pascaliito/status/1893307505876390264","517716619","pascaliito"
"1893307504894906665","Sat Feb 22 14:30:59 +0000 2025","0","Ese Manchester united huele a descenso","1893307504894906665","","","es","","0","0","0","https://x.com/jesus_chuly/status/1893307504894906665","533598754","jesus_chuly"
"1893307482975408273","Sat Feb 22 14:30:54 +0000 2025","1476","🇺🇾 GOL de Manu Ugarte para poner el empate 2-2 del Manchester United ante el Everton por la Premier League. https://t.co/2gGWvqEY8g","1893307482975408273","https://pbs.twimg.com/media/GkZdnFDWcAAl0c3.jpg","","es","Uruguay","21","7","65","https://x.com/Misticauruguaya/status/1893307482975408273","1698853973577363456","Misticauruguaya"
"1893307433252016205","Sat Feb 22 14:30:42 +0000 2025","96","Tras la revisión del VAR el penal fue anulado.","1893307433252016205","","","es","#MUFC","3","9","4","https://x.com/ManUtd_Es/status/1893307433252016205","1613095693","ManUtd_Es"
"1893307428390801766","Sat Feb 22 14:30:41 +0000 2025","23","Para valorar la actitud de Manchester United en Goodison Park empatando un 2-0 en contra. Onana salvador y Ugarte decisivo. Ahora bien ¿en cuántos partidos de la era Amorim ha ido corriendo siempre desde atrás? Empates agónicos victorias en tiempo de adición mucho al límite..","1893307428390801766","","","es","","0","4","1","https://x.com/GonzaDeFeliche/status/1893307428390801766","143242956","GonzaDeFeliche"
"1893307365652303986","Sat Feb 22 14:30:26 +0000 2025","9","TRIUNFÓ LA JUSTICIA. EL SENTIDO COMUN.","1893307365652303986","","","es","Medellín, Colombia","0","0","0","https://x.com/Vanisterror/status/1893307365652303986","1358494982","Vanisterror"
"1893307329694556190","Sat Feb 22 14:30:18 +0000 2025","0","Partidazo este Everton - Manchester United pelea de muertos. Se acaba el partido y aún no tengo claro cuál de los dos equipos da más lástima.","1893307329694556190","","","es","Na esquinita do Camelot","0","0","0","https://x.com/braiiis_3730/status/1893307329694556190","1449155178620403719","braiiis_3730"
"1893307311701037070","Sat Feb 22 14:30:13 +0000 2025","9","90+6' | La VAR corrige ! Pas de penalty ! Justice ! #MUFC","1893307311701037070","","","es","","0","0","0","https://x.com/MUFR_/status/1893307311701037070","1636007774","MUFR_"
"1893307272840757465","Sat Feb 22 14:30:04 +0000 2025","7","NO HAY PENAL.","1893307272840757465","","","es","Argentina","0","0","0","https://x.com/20legend4/status/1893307272840757465","1064569378195283975","20legend4"
"1893306583943102680","Sat Feb 22 14:29:21 +0000 2025","2","@MUnitedEs Y todo sale de la pésima atajada de Onana ¿hasta cuando lo vamos a seguir manteniendo en la portería? Un portero que te rechaza al centro no puede jugar en el Manchester United","1893307091663667429","","MUnitedEs","es","Mexico DF","0","0","0","https://x.com/HermDiezBarroso/status/1893307091663667429","152353581","HermDiezBarroso"
"1893307049334759478","Sat Feb 22 14:29:11 +0000 2025","2","¡Golazo salvador! 🇺🇾 Ugarte cazó un rebote en el borde del área y con un zurdazo imparable marcó su primer gol con el Manchester United rescatando el empate. ️ Everton 2-2 Manchester United ️️ @NBCUniverso y Telemundo APP ️ https://t.co/6QXpztUS5n","1893307049334759478","","","es","","0","0","0","https://x.com/TelemundoSports/status/1893307049334759478","63818752","TelemundoSports"
"1893307036521169189","Sat Feb 22 14:29:08 +0000 2025","22","#Premier ¡Penalti para el Everton en el 94'! El Manchester United que parecía que veía la luz tras empatar ese 2-0 inicial... https://t.co/ucn0ycHNpB https://t.co/6lBys60XK3","1893307036521169189","https://pbs.twimg.com/media/GkZgt1dXUAADKlO.jpg","","es","España","1","5","2","https://x.com/marca/status/1893307036521169189","15095537","marca"
"1893306966174282052","Sat Feb 22 14:28:51 +0000 2025","0","¿Pero qué hace el Manchester United?","1893306966174282052","","","es","","0","0","0","https://x.com/die11gomes/status/1893306966174282052","1680192253958975490","die11gomes"
"1893306962261037192","Sat Feb 22 14:28:50 +0000 2025","10","Young ya está volando antes que Maguire lo toque. Debería anularlo el árbitro vía VAR.","1893306962261037192","","","es","Argentina","1","1","0","https://x.com/20legend4/status/1893306962261037192","1064569378195283975","20legend4"
"1893306952567943557","Sat Feb 22 14:28:48 +0000 2025","3","¡Magia de Bruno! El portugués ejecutó un tiro libre perfecto colocando el balón en el palo del arquero que solo pudo quedarse parado viendo cómo entraba. Everton 2-1 Manchester United ️️ @NBCUniverso y Telemundo APP ️ https://t.co/ma5LNwnNAy","1893306952567943557","","","es","","0","0","0","https://x.com/TelemundoSports/status/1893306952567943557","63818752","TelemundoSports"
"1893306946213613784","Sat Feb 22 14:28:46 +0000 2025","2","Nada como despertar para ver en la mierda al Manchester United.","1893306946213613784","","","es","","0","0","0","https://x.com/LAMR_18/status/1893306946213613784","403893264","LAMR_18"
"1893306937862701260","Sat Feb 22 14:28:44 +0000 2025","8","Ver al Manchester United es absoluto Cinema ","1893306937862701260","","","es","","1","1","1","https://x.com/GunnerMariano/status/1893306937862701260","1456268863809589267","GunnerMariano"
"1893306913275678995","Sat Feb 22 14:28:38 +0000 2025","8","Lo pitarán.","1893306913275678995","","","es","Medellín, Colombia","0","0","0","https://x.com/Vanisterror/status/1893306913275678995","1358494982","Vanisterror"
"1893303473040417094","Sat Feb 22 14:28:29 +0000 2025","2","@Mercado_Ingles Yo pensando que ser del Barça es duro no me imagino ser del Manchester United lo que han de sufrir ","1893306873182363923","","Mercado_Ingles","es","Bilbao, Spain","0","0","0","https://x.com/juanma73100/status/1893306873182363923","4623834614","juanma73100"
"1893306861027217521","Sat Feb 22 14:28:26 +0000 2025","0","Harry Maguire no se va ir hasta mandar al Manchester United a la B","1893306861027217521","","","es","Medellín ","0","0","0","https://x.com/Sebasgranados27/status/1893306861027217521","1096364288","Sebasgranados27"
"1893306849719423198","Sat Feb 22 14:28:23 +0000 2025","1","EL MANCHESTER UNITED DE LOS JIJEOS","1893306849719423198","","","es","West Coast","0","1","0","https://x.com/NicolasSchrute/status/1893306849719423198","277528852","NicolasSchrute"
"1893306835483971892","Sat Feb 22 14:28:20 +0000 2025","0","El Manchester United siendo el Manchester United.","1893306835483971892","","","es","Sevilla - Madrid - London","1","0","0","https://x.com/pabmontano/status/1893306835483971892","1046419519072346113","pabmontano"
"1893306808183222574","Sat Feb 22 14:28:13 +0000 2025","0","Loquisimo final del Everton vs Manchester United","1893306808183222574","","","es","Buenos Aires, Argentina","0","0","0","https://x.com/Garcia_Esteban5/status/1893306808183222574","124242929","Garcia_Esteban5"
"1893306802776743961","Sat Feb 22 14:28:12 +0000 2025","1","Onana es el burro más hijo de puta que haya existido en el Manchester United. COGE EL BALON NEGRO DE MIERDA","1893306802776743961","","","es","Comunidad de Madrid, España","0","1","0","https://x.com/Recort131/status/1893306802776743961","1300598182338916352","Recort131"
"1893306736146096165","Sat Feb 22 14:27:56 +0000 2025","1","Hay que hacer un amistoso: Boca vs. Manchester United. Los jijeos no faltarán.","1893306736146096165","","","es","","0","0","0","https://x.com/pablitofiorio/status/1893306736146096165","1096495148","pablitofiorio"
"1893306711873589479","Sat Feb 22 14:27:50 +0000 2025","15","Penal para Everton. Horrible rebote de Onana.","1893306711873589479","","","es","Argentina","1","3","0","https://x.com/20legend4/status/1893306711873589479","1064569378195283975","20legend4"
"1893306683583033473","Sat Feb 22 14:27:43 +0000 2025","14","Manchester United caía 2-0 en su visita ante Everton hasta que ingresó Alejandro Garnacho al 62 y en 80 minutos ya lograron empatar el partido. Sin goles ni asistencias simplemente con una gran dosis de actitud. Así pudo cambiar el partido. Siempre en tu barco Bichito. 🇦🇷⭐️ https://t.co/Q5nNv57PkG","1893306683583033473","https://pbs.twimg.com/media/GkZgY2mXwAETA_I.jpg","","es","Buenos Aires, Argentina","1","2","0","https://x.com/pibesdelfutbol_/status/1893306683583033473","1451259206007328770","pibesdelfutbol_"
"1893306677182550192","Sat Feb 22 14:27:42 +0000 2025","1","Joda da vaina con el Manchester United ","1893306677182550192","","","es","valledupar colombia","0","0","0","https://x.com/yudejalilie/status/1893306677182550192","317816678","yudejalilie"
"1893306613286539327","Sat Feb 22 14:27:27 +0000 2025","26","¿Ven por qué no me ilusiono?","1893306613286539327","","","es","Medellín, Colombia","0","4","0","https://x.com/Vanisterror/status/1893306613286539327","1358494982","Vanisterror"
"1893306581648838723","Sat Feb 22 14:27:19 +0000 2025","36","Penal para el Everton.","1893306581648838723","","","es","#MUFC","4","8","0","https://x.com/ManUtd_Es/status/1893306581648838723","1613095693","ManUtd_Es"
"1893306437952041113","Sat Feb 22 14:26:45 +0000 2025","0","Zirkzee y Hojlund (especialmente) son grandes responsables de la temporada del Manchester United no puede ser que los mediocampistas te hagan todos los goles","1893306437952041113","","","es","","0","0","0","https://x.com/GuaripoloMorado/status/1893306437952041113","1414091405925003267","GuaripoloMorado"
"1893306403143512457","Sat Feb 22 14:26:37 +0000 2025","18","LLEGÓ EL PRIMERO ⭐️ Manu Ugarte convirtió su primer gol en Manchester United para darle el empate parcial ante Everton luego de empezar 0-2. https://t.co/39a4PK0Npy","1893306403143512457","https://pbs.twimg.com/media/GkZgIxrW8AESSAC.jpg","","es","","0","0","0","https://x.com/PasesUruguay/status/1893306403143512457","1488392071","PasesUruguay"
"1893306338949599637","Sat Feb 22 14:26:21 +0000 2025","0","Manuel Ugarte marca su primer gol con el Manchester United en su partido número 30 con el club. https://t.co/CVfykE26Yt","1893306338949599637","https://pbs.twimg.com/media/GkZgFP2WEAATOwd.jpg","","es","Guatemala","0","0","0","https://x.com/LocoxelFutbol_/status/1893306338949599637","1155830176112173060","LocoxelFutbol_"
"1893306211224719707","Sat Feb 22 14:25:51 +0000 2025","12","Estos 20 minutos finales del Manchester United fueron a puro huevo sangre y amor a la camiseta. Y resulta obvio que venga de los dos que más sienten la camiseta: Bruno Fernandes y Manuel Ugarte.","1893306211224719707","","","es","","0","0","0","https://x.com/ElProfeUY/status/1893306211224719707","1811458333423075329","ElProfeUY"
"1893306201011577120","Sat Feb 22 14:25:48 +0000 2025","0","90' ⏱️ Se reponen 5 minutos EVE 2 - 2 MUN","1893306201011577120","","","es","","0","0","0","https://x.com/ManUtdCRC/status/1893306201011577120","1318222905390649344","ManUtdCRC"
"1893306057088172210","Sat Feb 22 14:25:14 +0000 2025","0","El Manchester United de Amorim es peor que el de Ten Hag.","1893306057088172210","","","es","","0","0","0","https://x.com/manuramirez95/status/1893306057088172210","170582621","manuramirez95"
"1893305941044453786","Sat Feb 22 14:24:46 +0000 2025","2","Lo que se sufre viendo jugar al Manchester United Dios mío santísimo pena con Alex Ferguson.","1893305941044453786","","","es","Bogotá, D.C., Colombia","0","0","0","https://x.com/Tafur9312/status/1893305941044453786","1663700798214209536","Tafur9312"
"1893305894458261618","Sat Feb 22 14:24:35 +0000 2025","0","Necesitamos que al Real Madrid le pase lo mismo que al Manchester United.","1893305894458261618","","","es","Bogotá","0","0","0","https://x.com/IvanLecter/status/1893305894458261618","108960208","IvanLecter"
"1893303552526684553","Sat Feb 22 14:23:31 +0000 2025","0","@Palmerista20 Respeta.","1893305625720787132","","Palmerista20","es","Medellín, Colombia","0","0","0","https://x.com/Vanisterror/status/1893305625720787132","1358494982","Vanisterror"
"1893305624609349671","Sat Feb 22 14:23:31 +0000 2025","0","Fernandes epitomises manchester united.","1893305624609349671","","","es","N.W London","0","0","0","https://x.com/BigGruntz/status/1893305624609349671","459656652","BigGruntz"
"1893305598218776700","Sat Feb 22 14:23:25 +0000 2025","149","Emociona como tira del carro Bruno Fernandes en Manchester United desde hace mínimo 5 años.","1893305598218776700","","","es","Argentina","0","9","9","https://x.com/TeoCoquet/status/1893305598218776700","2363269185","TeoCoquet"
"1893305562437197894","Sat Feb 22 14:23:16 +0000 2025","0","Independiente del Resultado. Ver al Manchester United jugando con la total 90 me da unas vibras","1893305562437197894","","","es","Recoleta, Santiago, Chile","0","0","0","https://x.com/EduardoLevio_07/status/1893305562437197894","2701417343","EduardoLevio_07"
"1893305556724597126","Sat Feb 22 14:23:15 +0000 2025","0","Ese Manchester united se volvió un cabaret","1893305556724597126","","","es","Havana, cuba","0","0","0","https://x.com/Jorgehernandz/status/1893305556724597126","1234553879766994949","Jorgehernandz"
"1893305508439691541","Sat Feb 22 14:23:03 +0000 2025","17","89' Tapadón de Pickford. Bien Bruno. Corner para Manchester United.","1893305508439691541","","","es","Manchester, England","0","2","0","https://x.com/MUnitedEs/status/1893305508439691541","257965632","MUnitedEs"
"1893305381746573650","Sat Feb 22 14:22:33 +0000 2025","1","Onana es figura Pickford es el hazmereir por eso empatan 2 a 2 everton vs manchester united y probablemente lo termine ganando los que juegan de rojo","1893305381746573650","","","es","","0","0","0","https://x.com/TabloideGunner/status/1893305381746573650","1294302956406419456","TabloideGunner"
"1893305353778938127","Sat Feb 22 14:22:26 +0000 2025","0","Sin duda el MVP es para Bruno Fernandes. El futbolista portugués es el único que aporta el liderazgo la calidad y la estabilidad que necesita el Manchester United. Es el pilar sobre el que se sustenta el conjunto dirigido por Rúben Amorim. #PremierLeagueDAZN","1893305353778938127","","","es","","0","0","0","https://x.com/25CR792/status/1893305353778938127","4794951278","25CR792"
"1893305339895791738","Sat Feb 22 14:22:23 +0000 2025","0","Manuel Ugarte marca su primer gol con el Manchester United. https://t.co/gERRLzEbBa","1893305339895791738","https://pbs.twimg.com/media/GkZfKtjWUAAKSO_.jpg","","es","Inglaterra, Reino Unido","0","0","0","https://x.com/PremierLdatos/status/1893305339895791738","1372630605029113861","PremierLdatos"
"1893305277773971924","Sat Feb 22 14:22:08 +0000 2025","1","Ojo lo remonta el Manchester United","1893305277773971924","","","es","Ourense, Galicia","0","0","0","https://x.com/kikepalacios_/status/1893305277773971924","1408660010960293893","kikepalacios_"
"1893305274934460778","Sat Feb 22 14:22:08 +0000 2025","0","gaston silva viejo canoso y gordo es titular en el manchester united","1893305274934460778","","","es","Montevideo, Uruguay","0","0","0","https://x.com/Squarepapants98/status/1893305274934460778","1132767519436091392","Squarepapants98"
"1893305231296901408","Sat Feb 22 14:21:57 +0000 2025","2","Bruno Fernandes es el primer jugador del Manchester United que marca directamente de tiro libre en la Premier League desde Cristiano Ronaldo contra Norwich en abril de 2022. (@Squawka) #mufc #mulive #EVEMUN https://t.co/2hDsNHWy17","1893305231296901408","https://pbs.twimg.com/media/GkZfD4yXoAAQLCN.jpg","","es","","0","0","0","https://x.com/MufcEspXtra/status/1893305231296901408","1791637713277407232","MufcEspXtra"
"1893305225156465020","Sat Feb 22 14:21:56 +0000 2025","4","La decadencia del Manchester United no es solo esta temporada la decadencia del Manchester United es que todos los veranos se pueden gastar millonadas para seguir teniendo una plantilla mediocre","1893305225156465020","","","es","El Raval, Barcelona","0","0","2","https://x.com/FerranBCN2445/status/1893305225156465020","1223357435508858880","FerranBCN2445"
"1893305137277407477","Sat Feb 22 14:21:35 +0000 2025","286","️🇺🇾 | ¡Gol de Manuel Ugarte! El uruguayo le dio el empate al Manchester United. El poeta y su primer gol en la Premier League. https://t.co/mDiYBYwSoX","1893305137277407477","https://pbs.twimg.com/media/GkZdnFDWcAAl0c3.jpg","","es","Montevideo, Uruguay","2","1","15","https://x.com/NicoSaavedra_/status/1893305137277407477","3219005080","NicoSaavedra_"
"1893305111096520863","Sat Feb 22 14:21:29 +0000 2025","5"," ¡PARTIDAZO EN GOODISON PARK! El uruguayo Manuel Ugarte empató para Manchester United ante Everton a 10 del final. El partido estaba 2-0 a favor del local hasta el minuto 70. https://t.co/68hx4wCX1l","1893305111096520863","https://pbs.twimg.com/media/GkZdnFDWcAAl0c3.jpg","","es","Colombia","0","0","1","https://x.com/LaTitularcom/status/1893305111096520863","128794238","LaTitularcom"
"1893305081325400471","Sat Feb 22 14:21:21 +0000 2025","0","Una te tiene que quedar Chido Querido una vas a tener vamos pibe vamos","1893305081325400471","","","es","Guanaco tuerto, Chubut🇦🇷","0","0","0","https://x.com/ManUnitedPM/status/1893305081325400471","1696521127420719104","ManUnitedPM"
"1893304973842141286","Sat Feb 22 14:20:56 +0000 2025","4","Golazo de Manuel Ugarte para Manchester United. Primero del ex-Fénix en el equipo inglés. https://t.co/bVcdmAyApv","1893304973842141286","https://pbs.twimg.com/media/GkZdnFDWcAAl0c3.jpg","","es","Pando, Canelones, Uruguay","0","0","0","https://x.com/GonzaaDeLeon19/status/1893304973842141286","1075809475343335425","GonzaaDeLeon19"
"1893304973183635534","Sat Feb 22 14:20:56 +0000 2025","1655","Vamo' arriba 🇺🇾 https://t.co/CUmbynsIZL","1893304973183635534","https://pbs.twimg.com/media/GkZe0quWQAAFHtn.jpg","","es","#MUFC","3","8","50","https://x.com/ManUtd_Es/status/1893304973183635534","1613095693","ManUtd_Es"
"1893304954871333299","Sat Feb 22 14:20:51 +0000 2025","31","LA REPÚBLICA ORIENTAL DEL URUGUAY. RESPETEN LOS RANGOS CARAJO. Que golazo metiste Manu. Tu primer gol con el Manchester United en un momento DURISIMO. Felicidades @manuugarte8 y que la siga chupando la gilada. https://t.co/MGyqPkAiqc","1893304954871333299","https://pbs.twimg.com/media/GkZe0oGW0AAlbmD.jpg","","es","","1","1","4","https://x.com/ElProfeUY/status/1893304954871333299","1811458333423075329","ElProfeUY"
"1893304741108633965","Sat Feb 22 14:20:00 +0000 2025","4","Manuel Ugarte anotó su primer gol con la camiseta del Manchester United. En un abrir y cerrar de ojos los Red Devils han empatado el marcador 2-2 ante el Everton. https://t.co/Nf4Su8J79h","1893304741108633965","https://pbs.twimg.com/media/GkZeoQHWAAABVlR.jpg","","es","Madrid, España","0","0","1","https://x.com/amontes_98/status/1893304741108633965","1020088309349957638","amontes_98"
"1893277661465641358","Sat Feb 22 14:20:00 +0000 2025","6","#Video ¡LO EMPATÓ MANUEL #UGARTE! El uruguayo anotó el 2 a 2 entre Manchester United y Everton en la #PREMIERxESPN. https://t.co/VYyb7wAV9x","1893304739472834906","","ESPNUruguay","es","Uruguay","0","1","0","https://x.com/ESPNUruguay/status/1893304739472834906","3239509871","ESPNUruguay"
"1893304662498885767","Sat Feb 22 14:19:42 +0000 2025","1095","Manchester United perdía 2-0 y logró empatarlo con este gol de Manu Ugarte. El canto del Bambi es imperdible. 🇺🇾 https://t.co/4cyVKB2m3N","1893304662498885767","https://pbs.twimg.com/media/GkZdnFDWcAAl0c3.jpg","","es","ataquefutbolero@gmail.com","2","4","27","https://x.com/AtaqueFutbolero/status/1893304662498885767","2398428283","AtaqueFutbolero"
"1893304454553755953","Sat Feb 22 14:18:52 +0000 2025","6","Jajajajaj soy gafe. Acabé ayudando al Manchester United con el meme.","1893304454553755953","","","es","Madrid, España","0","2","1","https://x.com/ReneusMeister/status/1893304454553755953","291360176","ReneusMeister"
"1893304387801346489","Sat Feb 22 14:18:36 +0000 2025","0","🇺🇾 Ugarte anota el gol del empate para el @ManUtd después de una falta que le hicieron al 🇦🇷 Garnacho. Esta a siete minutos de terminar el partido 󠁧󠁢󠁥󠁮󠁧󠁿 @premierleague @Everton 2 Manchester United 2 Fecha 26","1893304387801346489","","","es","Georgia, USA","0","0","0","https://x.com/latingoles/status/1893304387801346489","930344379545477121","latingoles"
"1893304371590357142","Sat Feb 22 14:18:32 +0000 2025","7","¡GOLAZO CHARRÚA! Manuel Ugarte sacó una gran volea para anotar el 2-2 de Manchester United ante Everton. ▶️ Más 󠁧󠁢󠁥󠁮󠁧󠁿 #PremierLeague en #DisneyPlus https://t.co/NXgAoNrcBC","1893304371590357142","https://pbs.twimg.com/media/GkZdnFDWcAAl0c3.jpg","","es","","0","0","0","https://x.com/ESPNEcuador/status/1893304371590357142","1485665582917865490","ESPNEcuador"
"1893304353592623458","Sat Feb 22 14:18:28 +0000 2025","0","Ugarte y Bruno Fernandes han empatado en 8 minutos un partido que tenía el Manchester United atascado ante el Everton. La entrada de Garnacho les ha dado mucha más verticalidad y eso ha propiciado romper muchas más líneas.","1893304353592623458","","","es","Palma de Mallorca","0","0","0","https://x.com/tonicarru/status/1893304353592623458","1193627373754826757","tonicarru"
"1893300802799714595","Sat Feb 22 14:18:28 +0000 2025","2","@OjoDeSauron_ Pero en ninguno de ambos casos creo que yo que pudo haber hecho algo significativo. Voy al hecho de que ponerlo tres minutos no tuvo ningún tipo de sentido. O lo ponía 10/15 o nada. Ni la tocó pobre.","1893304352493732160","","OjoDeSauron_","es","Argentina","0","1","0","https://x.com/20legend4/status/1893304352493732160","1064569378195283975","20legend4"
"1893304329508909298","Sat Feb 22 14:18:22 +0000 2025","3","ZAPATAZO CHARRÚA || Manuel Ugarte iguala el partido a favor del Manchester United https://t.co/c8QCTboPj7","1893304329508909298","https://pbs.twimg.com/media/GkZdnFDWcAAl0c3.jpg","","es","","0","0","0","https://x.com/ECUAGOL/status/1893304329508909298","87531731","ECUAGOL"
"1893304329374679189","Sat Feb 22 14:18:22 +0000 2025","1","@Crespacion Diego mira tu amigo de Manchester festejando el primer gol del United contra el Everton jeje! https://t.co/JgbddlG4rD","1893304329374679189","https://pbs.twimg.com/media/GkZeP_xWYAA9IGT.jpg","Crespacion","es","Alicante, España","0","1","0","https://x.com/luchostudor/status/1893304329374679189","295400651","luchostudor"
"1893298978378150033","Sat Feb 22 14:18:11 +0000 2025","1","@Lahernandezge Acaba de empatar Manchester United. Bruno Fernandes había convertido el descuento. Un equipo extremadamente intermitente.","1893304283610702302","","Lahernandezge","es","Antofagasta","0","0","0","https://x.com/VarasClaudio/status/1893304283610702302","606115635","VarasClaudio"
"1893304259908644974","Sat Feb 22 14:18:06 +0000 2025","20","El Manchester United debería considerar seriamente pelear la liga.","1893304259908644974","","","es","Boca e Internazionale","0","5","0","https://x.com/Berissinho/status/1893304259908644974","2837551648","Berissinho"
"1893304236223431068","Sat Feb 22 14:18:00 +0000 2025","30","EL LEON DE CAPURRO 🇺🇾️GOOOOOOL URUGUAYO de Manuel Ugarte para Manchester United https://t.co/dx1WrKOGNg","1893304236223431068","https://pbs.twimg.com/media/GkZdnFDWcAAl0c3.jpg","","es","Uruguay","0","0","2","https://x.com/Embajadores_gol/status/1893304236223431068","913091377","Embajadores_gol"
"1893304212223566298","Sat Feb 22 14:17:54 +0000 2025","16","Lo empata el Manchester United al 79 y aquí es donde toma fuerza la tapada de Onanna a Doucouré que representaba el 0-3 a favor del Everton. Bruno Fernandes el capitán de la remontada.","1893304212223566298","","","es","Cali, Colombia","0","2","0","https://x.com/arango_julian/status/1893304212223566298","148858014","arango_julian"
"1893304205303062938","Sat Feb 22 14:17:53 +0000 2025","6","El Bambino Pons cantando una de @ntvgoficial para el gol de Ugarte de Manchester United https://t.co/8bPczUgZ5A","1893304205303062938","https://pbs.twimg.com/tweet_video_thumb/GkZeIy8X0AAvCyZ.jpg","","es","Quito, Ecuador","0","0","0","https://x.com/sebasdeliga/status/1893304205303062938","176628552","sebasdeliga"
"1893304200282374150","Sat Feb 22 14:17:51 +0000 2025","0","Lo del Manchester United no es que juegue bien o mal directamente no juega. Sorprende que vayan cuartos en la Premier.","1893304200282374150","","","es","","0","0","0","https://x.com/oliviadejabilan/status/1893304200282374150","2516316355","oliviadejabilan"
"1893304154786787588","Sat Feb 22 14:17:41 +0000 2025","399","🇺🇾 Gol uruguayo de Manuel Ugarte para el empate parcial del Manchester United 2-2 ante Everton. https://t.co/f6ziMXILw3","1893304154786787588","https://pbs.twimg.com/media/GkZdnFDWcAAl0c3.jpg","","es","Uruguay","1","2","11","https://x.com/Buysan/status/1893304154786787588","153336437","Buysan"
"1893304144879862080","Sat Feb 22 14:17:38 +0000 2025","3","ESTO ES EL MANCHESTER UNITED CARAJO.","1893304144879862080","","","es","","0","0","0","https://x.com/ElProfeUY/status/1893304144879862080","1811458333423075329","ElProfeUY"
"1893304124105441428","Sat Feb 22 14:17:33 +0000 2025","0","Este Everton Manchester es la pesadilla de los apostadores. Estaba muerto el United. Revivió","1893304124105441428","","","es","Bernal","0","0","0","https://x.com/gmartinez90/status/1893304124105441428","145327408","gmartinez90"
"1893304122297729353","Sat Feb 22 14:17:33 +0000 2025","31","PUEDE QUE SEA PENALTI PARA MANCHESTER UNITED ","1893304122297729353","","","es","Manchester, England","0","3","0","https://x.com/MUnitedEs/status/1893304122297729353","257965632","MUnitedEs"
"1893304056107462721","Sat Feb 22 14:17:17 +0000 2025","14","Bruno nació en Magangué en estos momentos hay un corresponsal con la familia de Bruno su cara se apareció en una tajada seguiré informando 🇨🇴","1893304056107462721","","","es","Colombia","0","1","1","https://x.com/MUnitedCOL/status/1893304056107462721","1491199863073161219","MUnitedCOL"
"1893304023412871587","Sat Feb 22 14:17:09 +0000 2025","0","Y el Manchester united empata el partido. Everton tenía el control del partido pero no lo supo sostener se le va una victoria.","1893304023412871587","","","es","No soy de aquí ni soy de allá.","0","0","0","https://x.com/Oscar_GarLlanes/status/1893304023412871587","194807097","Oscar_GarLlanes"
"1893304011630985280","Sat Feb 22 14:17:06 +0000 2025","0","Primer goooooolazoooo de Ugarte con El Manchester United","1893304011630985280","","","es","Barcelona, España","0","0","0","https://x.com/BArcano_/status/1893304011630985280","947988937318027264","BArcano_"
"1893303998809043407","Sat Feb 22 14:17:03 +0000 2025","0","¡REVIVE EL UNITED! Manuel Ugarte 🇺🇾 anota el empate (2-2) del Manchester United️ ante Everton️ https://t.co/aOce2frdlL","1893303998809043407","https://pbs.twimg.com/media/GkZdnFDWcAAl0c3.jpg","","es","Guayaquil- Ecuador","0","0","0","https://x.com/KCH_FM/status/1893303998809043407","1181238023394140160","KCH_FM"
"1893303973014110349","Sat Feb 22 14:16:57 +0000 2025","1","#Video ¡Otro golazo para empatar! Manuel Ugarte controló un rebote y remató de volea para el 2-2 entre Everton y Manchester United en la #PREMIERxESPN. https://t.co/oQ6itcKSL4","1893303973014110349","","","es","","0","0","1","https://x.com/ESPNEcuador/status/1893303973014110349","1485665582917865490","ESPNEcuador"
"1893303954949193990","Sat Feb 22 14:16:53 +0000 2025","3","Everton Manchester United y el peligroso 2-0","1893303954949193990","","","es","Chile","0","0","0","https://x.com/acisternas/status/1893303954949193990","15947645","acisternas"
"1893303946598404097","Sat Feb 22 14:16:51 +0000 2025","135","Era uma vez no Manchester United. https://t.co/d8pLeELmNR","1893303946598404097","https://pbs.twimg.com/media/GkZdXweXgAANMEb.jpg","","es","","2","3","13","https://x.com/futnostalgico/status/1893303946598404097","1334872317328039936","futnostalgico"
"1893303938826272907","Sat Feb 22 14:16:49 +0000 2025","18","🇺🇾EL PRIMER GOL DE MANUEL UGARTE PARA MANCHESTER UNITED 2-2 ante Everton. Del 0-2 al 2-2 en 8 minutos. https://t.co/8BlGvFkyMy","1893303938826272907","https://pbs.twimg.com/media/GkZdnFDWcAAl0c3.jpg","","es","Argentina","0","0","0","https://x.com/deportes24ar/status/1893303938826272907","195544086","deportes24ar"
"1893303927044522273","Sat Feb 22 14:16:46 +0000 2025","0","Y esto señores es el Manchester United. Para lo bueno y para lo malo. Buen gol de Ugarte. De lo poco destacado de los reds hoy también. Veremos ver cómo se queda el partido pero pinta a ser un final emocionante #PremierLeague #Everton #ManchesterUnited","1893303927044522273","","","es","España","0","0","0","https://x.com/JCfutbol03/status/1893303927044522273","1587837470464512001","JCfutbol03"
"1893303907025137706","Sat Feb 22 14:16:41 +0000 2025","7","!GOOOOOLLL UNITED!. #PL Everton 2 - Manchester United 2 Manuel Ugarte empata!. !Primer gol de Manuel Ugarte🇺🇾 en #PL!. #MUFC F26: 8 #EVEMUN 2-2 https://t.co/f89gq5cl1y","1893303907025137706","https://pbs.twimg.com/media/GkZdnFDWcAAl0c3.jpg","","es","","0","1","0","https://x.com/premier_py/status/1893303907025137706","808554444547821572","premier_py"
"1893303905548734816","Sat Feb 22 14:16:41 +0000 2025","2","Un poco de silencio a las personas que no están viendo el partidazo del Everton vs Manchester United. @DavooXeneizeJRR","1893303905548734816","","","es","Alto Parana, Paraguay","0","0","0","https://x.com/sonicwave_17/status/1893303905548734816","1515579540596314112","sonicwave_17"
"1893303903174672418","Sat Feb 22 14:16:41 +0000 2025","78","Y AHORA QUE VAN A DECIR LOS HIJOS DE PUTA ??? EL MEJOR FICHAJE DEL MANCHESTER UNITED. https://t.co/gobO4UGyvn","1893303903174672418","https://pbs.twimg.com/media/GkZd3dqWUAArrEo.jpg","","es","","1","4","5","https://x.com/ElProfeUY/status/1893303903174672418","1811458333423075329","ElProfeUY"
"1893303841191321612","Sat Feb 22 14:16:26 +0000 2025","51","¡UGARTE QUERIDO! El uruguayo puso el empate 2-2 ante el Everton y ahora el Manchester United quiere más... ▶️ Más 󠁧󠁢󠁥󠁮󠁧󠁿 #PremierLeague en #DisneyPlus https://t.co/JkBHjb0zbh","1893303841191321612","https://pbs.twimg.com/media/GkZdnFDWcAAl0c3.jpg","","es","Argentina","0","3","4","https://x.com/ESPNArgentina/status/1893303841191321612","111416958","ESPNArgentina"
"1893303733099942191","Sat Feb 22 14:16:22 +0000 2025","0","@demarkesports Manchester United kazanacak mi","1893303825542332746","","demarkesports","es","Keçiören, Türkiye","0","0","0","https://x.com/Erman_kuzuu/status/1893303825542332746","293483043","Erman_kuzuu"
"1893303823592018088","Sat Feb 22 14:16:22 +0000 2025","14","83' Corner para Manchester United.","1893303823592018088","","","es","Manchester, England","0","0","0","https://x.com/MUnitedEs/status/1893303823592018088","257965632","MUnitedEs"
"1893303809809514560","Sat Feb 22 14:16:18 +0000 2025","32","En dos jugadas aisladas empata el Manchester United. Desconexión defensiva del Everton en el empate dejando el balón suelto en la frontal y nadie para bloquear el tiro de Ugarte. En dos faltas se le ha ido la victoria al equipo de Moyes.","1893303809809514560","","","es","Madrid, Comunidad de Madrid","0","0","0","https://x.com/JoseAChozas/status/1893303809809514560","169929768","JoseAChozas"
"1893303804722061468","Sat Feb 22 14:16:17 +0000 2025","3","¡Gracias Doucs! Por su estupidez el partido se empató cuando el Manchester United estaba prácticamente en la lona a ver si no nos sale caro.","1893303804722061468","","","es","Sinaloa, México","0","0","0","https://x.com/AAGodu/status/1893303804722061468","824490823","AAGodu"
"1893303784840831147","Sat Feb 22 14:16:12 +0000 2025","1","¡¡GOOOOOOOOOOOOOOOOOOOOOOOOOOOOOOOOOOOOOOOOOOOOOOOOOOOOOOOOOOOOOOOOOOOOOOOOOL DEL UNITED!! GOLAZO de Manuel Ugarte. Recibe de pecho y con la zurda saca un potente disparo. 🆚️ Everton 2-2 Manchester United ⏱️ Minuto 80' Goodison Park Jornada 26 #PremierLeague 2024/25 󠁧󠁢󠁥󠁮󠁧󠁿","1893303784840831147","","","es","México","0","1","0","https://x.com/DeporTotalMX/status/1893303784840831147","1006010731169370114","DeporTotalMX"
"1893297420810793218","Sat Feb 22 14:15:59 +0000 2025","0","@OjoDeSauron_ No es jugador para Manchester United. Punto","1893303729962483892","","OjoDeSauron_","es","Medellín, Colombia","0","0","0","https://x.com/duqkefly/status/1893303729962483892","143152849","duqkefly"
"1893303706487054724","Sat Feb 22 14:15:54 +0000 2025","1","Había que sacar a Hojlund para que cayeran los goles. Vaya sorpresa......","1893303706487054724","","","es","","0","0","0","https://x.com/ManUtdCRC/status/1893303706487054724","1318222905390649344","ManUtdCRC"
"1893303666183938242","Sat Feb 22 14:15:44 +0000 2025","7","🇺🇾 GOLAZO de Manuel Ugarte para darle el empate a Manchester United 2-2 ante Everton. https://t.co/1tPG294Pzq","1893303666183938242","https://pbs.twimg.com/media/GkZdpPkWkAA0W7f.jpg","","es","Montevideo, Uruguay","0","1","1","https://x.com/99Matito/status/1893303666183938242","1082464704688205824","99Matito"
"1893303639571132675","Sat Feb 22 14:15:38 +0000 2025","68","El GOLAZO de BRUNO FERNANDES para el DESCUENTO de MANCHESTER UNITED 1-2 ante Everton. https://t.co/CSBqxr3sEF","1893303639571132675","https://pbs.twimg.com/media/GkZbw6SWwAA1bbb.jpg","","es","Argentina","0","1","2","https://x.com/deportes24ar/status/1893303639571132675","195544086","deportes24ar"
"1893303630603649151","Sat Feb 22 14:15:36 +0000 2025","0","en una baldosa Ugarte Manchester United. #Uruguayo","1893303630603649151","","","es","R. Oriental","0","0","0","https://x.com/lalodaverede/status/1893303630603649151","25039102","lalodaverede"
"1893303606801018990","Sat Feb 22 14:15:30 +0000 2025","0","Mejor el Manchester United metió dos goles que los pendejos del Sunderland en su propia casa. Vaya porquería de equipo","1893303606801018990","","","es","CDMX","0","0","0","https://x.com/alfre_9_27/status/1893303606801018990","633872831","alfre_9_27"
"1893303604515144039","Sat Feb 22 14:15:29 +0000 2025","0","Nunca absolutamente nunca un partido del Manchester United te va a decepcionar. Puede pasar absolutamente de todo y es imposible que te lo esperes. Cine del bueno.","1893303604515144039","","","es","Madrid, Comunidad de Madrid","0","0","0","https://x.com/pabloregueiro_/status/1893303604515144039","808338738","pabloregueiro_"
"1893303603151962544","Sat Feb 22 14:15:29 +0000 2025","0","Garnacho no debería de estar en el Manchester United","1893303603151962544","","","es","Madrid, Comunidad de Madrid","0","0","0","https://x.com/soynatsch/status/1893303603151962544","4916041763","soynatsch"
"1893303599574241462","Sat Feb 22 14:15:28 +0000 2025","0","Ugarte le da un respiro a Amorim. ¡Golazo que empata el encuentro! Dos jugadas bien aprovechadas a balón parado Everton 2-2 Manchester United #PremierLeague","1893303599574241462","","","es","","0","0","0","https://x.com/NayibMF/status/1893303599574241462","1443037155954200577","NayibMF"
"1893303592989151650","Sat Feb 22 14:15:27 +0000 2025","6","Dos goles de pelota parada para el United. Inesperado el 2-2. Error enorme de Everton de meterse atrás tras el 2-1. Le dió al United la posibilidad de generar algo y vaya si lo aprovechó.","1893303592989151650","","","es","Argentina","0","0","0","https://x.com/20legend4/status/1893303592989151650","1064569378195283975","20legend4"
"1893303575792566499","Sat Feb 22 14:15:23 +0000 2025","0","Que golazos los del Manchester United por favor ","1893303575792566499","","","es","Hogwarts","0","0","0","https://x.com/sashsalum/status/1893303575792566499","76512142","sashsalum"
"1893303541529231741","Sat Feb 22 14:15:14 +0000 2025","0","El fútbol necesita un gol chido de Chido. Será el renacer de un club muerto como el Manchester United. Imaginemos cosas chidonas ","1893303541529231741","","","es","","0","0","0","https://x.com/7_gohan7/status/1893303541529231741","1657178352317526016","7_gohan7"
"1893303515994358144","Sat Feb 22 14:15:08 +0000 2025","0","Manchester United remontada #EVEMUN","1893303515994358144","","","es","","0","0","0","https://x.com/BigVuyyi/status/1893303515994358144","1588395986996576256","BigVuyyi"
"1893303510977880251","Sat Feb 22 14:15:07 +0000 2025","0","Gol de Manchester United. Manuel Ugarte pone el 2-2. Partidazo","1893303510977880251","","","es","Santiago, Chile 🇨🇱","0","0","0","https://x.com/SpartanMinotaur/status/1893303510977880251","106401454","SpartanMinotaur"
"1893303500508938378","Sat Feb 22 14:15:05 +0000 2025","0","79' ️ GOLAZO DE UGARTE. ALGUIEN AHI ARRIBA NOS AMA. EMPATAMOS EVE 2 - 2 MUN","1893303500508938378","","","es","","0","0","0","https://x.com/ManUtdCRC/status/1893303500508938378","1318222905390649344","ManUtdCRC"
"1893303499238043777","Sat Feb 22 14:15:04 +0000 2025","1","lo empaque el Manchester United ","1893303499238043777","","","es","Honey Hills","0","0","0","https://x.com/pineda_only/status/1893303499238043777","370282257","pineda_only"
"1893303488337080377","Sat Feb 22 14:15:02 +0000 2025","0","Partidazo Everton - Manchester United (no veo un partido de la premier hace como un año)","1893303488337080377","","","es","Queens, NY","0","0","0","https://x.com/bnbjuri/status/1893303488337080377","1878644570432401408","bnbjuri"
"1893303482280468960","Sat Feb 22 14:15:00 +0000 2025","0","Empata el United...llegaron antes los goles que el juego. Resultado engañoso este Manchester no arranca.","1893303482280468960","","","es","Torrelavega, España","0","0","0","https://x.com/Siver42/status/1893303482280468960","869288566509244416","Siver42"
"1893303473094918273","Sat Feb 22 14:14:58 +0000 2025","1","Ugarte consegue empatar para o Manchester United! Everton 2 a 2 Manchester United https://t.co/3XQWE5pi9g","1893303473094918273","","","es","Brasil","0","0","0","https://x.com/aboutfut_/status/1893303473094918273","1875730340515581952","aboutfut_"
"1893303473040417094","Sat Feb 22 14:14:58 +0000 2025","562","️ 80 Goooooooooolll de Manuel Ugarte 🇺🇾 Empata el Manchester Everton 2-2 Manchester United https://t.co/QTmYaRlVbx","1893303473040417094","https://pbs.twimg.com/media/GkZdePXXUAAfEZi.jpg","","es","","1","14","5","https://x.com/Mercado_Ingles/status/1893303473040417094","415810385","Mercado_Ingles"
"1893303464995803373","Sat Feb 22 14:14:56 +0000 2025","0","de nada Manchester United e lando norris","1893303464995803373","","","es","Rio de Janeiro, Brasil","0","0","0","https://x.com/villacapaula/status/1893303464995803373","1312521001700392960","villacapaula"
"1893303460834984037","Sat Feb 22 14:14:55 +0000 2025","11","Golazo de Ugarte y lo empata el Manchester United... Bendita premier","1893303460834984037","","","es","","0","1","0","https://x.com/insolado/status/1893303460834984037","112426788","insolado"
"1893303458762989803","Sat Feb 22 14:14:55 +0000 2025","1","El Manchester United debe hacerle una estatua a Bruno Fernandes. O 2. O 3. Un equipo muerto con un hombre tirando del carro.","1893303458762989803","","","es","Sevilla","0","0","0","https://x.com/IviKrajiceK/status/1893303458762989803","155704281","IviKrajiceK"
"1893303441167991138","Sat Feb 22 14:14:50 +0000 2025","0","golazo de Ugarte para Manchester United","1893303441167991138","","","es","R. Oriental","0","0","0","https://x.com/lalodaverede/status/1893303441167991138","25039102","lalodaverede"
"1893303408540492060","Sat Feb 22 14:14:43 +0000 2025","0","Gooooooolll te amo Ugarte empata el United","1893303408540492060","","","es","24","0","0","0","https://x.com/riantose8/status/1893303408540492060","3115797983","riantose8"
"1893303395034821050","Sat Feb 22 14:14:39 +0000 2025","50","¡LA CALIDAD DE BRUNO! Golazo de tiro libre del portugués para el descuento de Manchester United contra Everton. ▶️ Más 󠁧󠁢󠁥󠁮󠁧󠁿 #PremierLeague en #DisneyPlus. https://t.co/kb2gs4gFfP","1893303395034821050","https://pbs.twimg.com/media/GkZbw6SWwAA1bbb.jpg","","es","","1","0","4","https://x.com/ESPNEcuador/status/1893303395034821050","1485665582917865490","ESPNEcuador"
"1893303379662643211","Sat Feb 22 14:14:36 +0000 2025","0","‍️GOOOOOL DEL.MANCHESTER UNITED 2- 2 ️️️️️️️UGARTE GOLAZO REMATE DE ZURDA","1893303379662643211","","","es","","0","0","0","https://x.com/juanjav82324942/status/1893303379662643211","1282820118301548544","juanjav82324942"
"1893303337719582894","Sat Feb 22 14:14:26 +0000 2025","0","PREMIER LEAGUE GOL DO MANCHESTER UNITED Manuel Ugarte ⏰ 80' Everton 2x2 Manchester United https://t.co/syfXHLU1YD","1893303337719582894","https://pbs.twimg.com/media/GkZdWGbWkAEPOVm.jpg","","es","Brazil","0","0","0","https://x.com/PLInfoBR/status/1893303337719582894","1678901918645514241","PLInfoBR"
"1893303336918511920","Sat Feb 22 14:14:26 +0000 2025","0","Goooooooooooolaazoooo Ugarteeeeeeee Everton 2-2 Manchester United Minuto 80","1893303336918511920","","","es","España","0","0","0","https://x.com/Kyu99betico/status/1893303336918511920","1383396727667888137","Kyu99betico"
"1893303326051119534","Sat Feb 22 14:14:23 +0000 2025","94","QUE ALEGRIA POR MANUE. SE LO MERECÍA. https://t.co/wYsRmON4ce","1893303326051119534","https://pbs.twimg.com/media/GkZdUItXgAA4Q9J.jpg","","es","Medellín, Colombia","0","2","2","https://x.com/Vanisterror/status/1893303326051119534","1358494982","Vanisterror"
"1893303297764635047","Sat Feb 22 14:14:16 +0000 2025","1","GOL de Ugarte para el United que lo iguala. Recibe dentro del área controla con el pecho y acaba con la zurda el uruguayo. Min79 Everton 2-2 Manchester United. #PL","1893303297764635047","","","es","","0","0","1","https://x.com/FT_Total/status/1893303297764635047","4496179816","FT_Total"
"1893303294845460833","Sat Feb 22 14:14:16 +0000 2025","0","Empató Manchester United ","1893303294845460833","","","es","QUITO","0","0","0","https://x.com/MarioVillacisG/status/1893303294845460833","1069926686","MarioVillacisG"
"1893303285827731902","Sat Feb 22 14:14:13 +0000 2025","3","Vamooooooos carajoooooooooooooo","1893303285827731902","","","es","Manchester, England","0","0","0","https://x.com/ManUnited_GO/status/1893303285827731902","1734045841","ManUnited_GO"
"1893303234002833468","Sat Feb 22 14:14:01 +0000 2025","0"," ¡SE PICÓ EL MANCHESTER UNITED EVERTON! De 0-2 a 2-2. Quedan 10 minutos que serán TREMENDOS.","1893303234002833468","","","es","Argentina","0","0","0","https://x.com/agusnguagliardi/status/1893303234002833468","837715233963720704","agusnguagliardi"
"1893303181536326127","Sat Feb 22 14:13:49 +0000 2025","98","GOOOOOOOOOOL MANOLOOOOOO MANUEL UGARTE! CANTA EL.BAMBINO NO TE VA GUSTAR! SE RÍE FERGUSON!","1893303181536326127","","","es","Argentina","0","2","2","https://x.com/20legend4/status/1893303181536326127","1064569378195283975","20legend4"
"1893303139874263407","Sat Feb 22 14:13:39 +0000 2025","1","Empiezo a pensar que Bruno Fernandes aparte de ser el único jugador con algo de vergüenza torera en este Manchester United es el cocinero del club el conductor del autobús quien corta el césped de Old Trafford y también el encargado de actualizar la página web.","1893303139874263407","","","es","Sevilla - Madrid - London","0","0","1","https://x.com/pabmontano/status/1893303139874263407","1046419519072346113","pabmontano"
"1893303125546508448","Sat Feb 22 14:13:35 +0000 2025","2","80' - Empata el Manchester United. 2-2 #EVEMUN","1893303125546508448","","","es","","0","0","0","https://x.com/EvertonESP/status/1893303125546508448","1302892456309071878","EvertonESP"
"1893303113185976814","Sat Feb 22 14:13:32 +0000 2025","46","GOOOOOOOOOOL DO UNITED! MANUEL UGARTE!!!!!!","1893303113185976814","","","es","Brasil","0","2","1","https://x.com/ManUtdBR/status/1893303113185976814","36218055","ManUtdBR"
"1893302974635503798","Sat Feb 22 14:12:59 +0000 2025","21","79' Tiro libre para Manchester United.","1893302974635503798","","","es","Manchester, England","0","2","0","https://x.com/MUnitedEs/status/1893302974635503798","257965632","MUnitedEs"
"1893302956000235536","Sat Feb 22 14:12:55 +0000 2025","0","Manchester United peleando por su vida contra Everton. Abran las escuelas (de fútbol)","1893302956000235536","","","es","","0","0","0","https://x.com/MrsLola_/status/1893302956000235536","1075216526133874688","MrsLola_"
"1893302928091328715","Sat Feb 22 14:12:48 +0000 2025","0","Lo del Manchester United es tristísimo","1893302928091328715","","","es","","0","0","0","https://x.com/LaSaga2002/status/1893302928091328715","1878351505004302336","LaSaga2002"
"1893302743831400579","Sat Feb 22 14:12:04 +0000 2025","1","Posiciones del Manchester United en la primera división inglesa los 10 años antes de la llegada de Ferguson (a partir de la 76-77): 6 10 9 2 8 3 3 4 4 4. 10 años después (13-14): 7 4 5 6 2 6 3 2 6 3 8. #PremierLeague #ManchesterUnited #Ferguson","1893302743831400579","","","es","cdmx","0","0","0","https://x.com/pbidault/status/1893302743831400579","160662032","pbidault"
"1893302715909857493","Sat Feb 22 14:11:57 +0000 2025","0"," Ya hace muchos meses que empiezan a filtrarse detalles sobre @theEuropeanLad Hace unas horas se han precipitado los acontecimientos y ha cerrado su cuenta. #FelizSabado monedero #YoVotoPodemos ucrania follemos Champions benfica amorim Manchester United https://t.co/xdkNztqZmG","1893302715909857493","https://pbs.twimg.com/media/GkZcRA2WsAAHzDZ.png","","es","Entre Holanda y Tokio, Jaaa !!","0","0","0","https://x.com/tweet_array/status/1893302715909857493","1512139550323355648","tweet_array"
"1893302665938870329","Sat Feb 22 14:11:46 +0000 2025","0","🇦🇷 Garnacho ingresa en el @ManUtd por el 🇧🇷 Casemiro diez minutos antes del descuento del portugués Bruno Fernandez al 72 󠁧󠁢󠁥󠁮󠁧󠁿 @premierleague @Everton 2 Manchester United 1 Fecha 26","1893302665938870329","","","es","Georgia, USA","0","0","0","https://x.com/latingoles/status/1893302665938870329","930344379545477121","latingoles"
"1893302640592736523","Sat Feb 22 14:11:40 +0000 2025","0","¡DESCUENTA EL UNITED! Bruno Fernandes 🇵🇹 factura un golazo de tiro libre y lograr el descuento (2-1) para el Manchester United️ ante Everton️ https://t.co/eDV4HbrQDg","1893302640592736523","https://pbs.twimg.com/media/GkZbw6SWwAA1bbb.jpg","","es","Guayaquil- Ecuador","0","0","0","https://x.com/KCH_FM/status/1893302640592736523","1181238023394140160","KCH_FM"
"1893302313655078946","Sat Feb 22 14:10:22 +0000 2025","0","Donde estaría este Manchester United sin bruno fernandes..","1893302313655078946","","","es","Sala VOR","0","0","0","https://x.com/fcbcole/status/1893302313655078946","1863940922188197888","fcbcole"
"1893302265504526400","Sat Feb 22 14:10:10 +0000 2025","98","Bruno Fernandes de tiro libre para el descuento del United ","1893302265504526400","","","es","#MUFC","0","7","7","https://x.com/ManUtd_Es/status/1893302265504526400","1613095693","ManUtd_Es"
"1893302248513397156","Sat Feb 22 14:10:06 +0000 2025","14","Manchester United indo atrás do Alex Ferguson de 90 anos pedindo socorro","1893302248513397156","","","es","Curitiba","0","1","0","https://x.com/RaiqueTavares/status/1893302248513397156","1329446200463007747","RaiqueTavares"
"1893302044477309349","Sat Feb 22 14:09:17 +0000 2025","0","Que feo es ver así al Manchester United. Me cuesta encontrar equipos de su grandeza peleando muy abajo en las 5 grandes ligas en los últimos 20 años. Hoy está 15° con 29 puntos sobre 78 posibles.","1893302044477309349","","","es","Buenos Aires, Argentina","0","0","0","https://x.com/Lucascislaghi/status/1893302044477309349","2965019411","Lucascislaghi"
"1893302004065112497","Sat Feb 22 14:09:08 +0000 2025","1","Un jugador de Manchester United se llama Zirkzee y yo entendía Circe. https://t.co/gDf5V0dE29","1893302004065112497","https://pbs.twimg.com/media/GkZcI6BWIAEV-mL.jpg","","es","Bogotá","0","0","0","https://x.com/IvanLecter/status/1893302004065112497","108960208","IvanLecter"
"1893301987975803271","Sat Feb 22 14:09:04 +0000 2025","3","El Manchester United me sumerge a una depresión tremenda","1893301987975803271","","","es","Buenos Aires, Argentina","0","1","0","https://x.com/CepaSinGluten/status/1893301987975803271","1479913301173809163","CepaSinGluten"
"1893301980895793622","Sat Feb 22 14:09:02 +0000 2025","58","¡TERRIBLE GOLAZO DE BRUNO! Fernandes sacó esta joya de tiro libre para ilusionar al Manchester United con el empate ante el Everton. ▶️ Más 󠁧󠁢󠁥󠁮󠁧󠁿 #PremierLeague en #DisneyPlus https://t.co/21nMfOILyG","1893301980895793622","https://pbs.twimg.com/media/GkZbw6SWwAA1bbb.jpg","","es","Argentina","0","5","6","https://x.com/ESPNArgentina/status/1893301980895793622","111416958","ESPNArgentina"
"1893301958112416000","Sat Feb 22 14:08:57 +0000 2025","5","Grave error de Pickford que descuida su poste y Bruno Fernandes aprovecha a la perfección para hacer gol de tiro libre. Manchester United se mete al partido Everton lo está ganando 2-1 en Goodison Park. https://t.co/zLR9AeEy7O","1893301958112416000","https://pbs.twimg.com/media/GkZcGPDWQAE-n3n.jpg","","es","Madrid, España","0","0","0","https://x.com/amontes_98/status/1893301958112416000","1020088309349957638","amontes_98"
"1893301949316940110","Sat Feb 22 14:08:55 +0000 2025","10","!GOOOOOLLL UNITED!. #PL Everton 2 - Manchester United 1 Bruno Fernandes descuenta!. Es el ultimo Everton-Man. United en ️Goodison Park. F26: 7 #EVEMUN 2-1 https://t.co/tAnzJFLZSL","1893301949316940110","https://pbs.twimg.com/media/GkZbw6SWwAA1bbb.jpg","","es","","0","0","1","https://x.com/premier_py/status/1893301949316940110","808554444547821572","premier_py"
"1893301292040094204","Sat Feb 22 14:08:47 +0000 2025","0","@idextratime HASIL SCOR SEMENTARA 2 - 0 (EVERTON Vs MANCHESTER UNITED)","1893301917851222517","","idextratime","es","","0","0","0","https://x.com/STanggamus58919/status/1893301917851222517","1869038780105244672","STanggamus58919"
"1893301916945310147","Sat Feb 22 14:08:47 +0000 2025","21","Y en otro partido espantoso de Bruno el portugués regala un poco de magia. De los que más debe sufrir esta situación porque el quiere triunfar en el United. Al resto le chupa un huevo.","1893301916945310147","","","es","Argentina","0","0","0","https://x.com/20legend4/status/1893301916945310147","1064569378195283975","20legend4"
"1893301907570987209","Sat Feb 22 14:08:45 +0000 2025","5","¡Bruno Fernandes descontó! ️🇵🇹 De tiro libre el Portugués acercó al Manchester United para poner el 2-1 ante Everton. https://t.co/OtMkj1PLQH","1893301907570987209","https://pbs.twimg.com/media/GkZcCbya8AAJgTC.jpg","","es","","0","0","0","https://x.com/tntsportsmex/status/1893301907570987209","1385351121603076101","tntsportsmex"
"1893301826251792863","Sat Feb 22 14:08:25 +0000 2025","1","71' ️ GOLAZO DE BRUNO EVE 2 - 1 MUN","1893301826251792863","","","es","","0","0","0","https://x.com/ManUtdCRC/status/1893301826251792863","1318222905390649344","ManUtdCRC"
"1893301779288211539","Sat Feb 22 14:08:14 +0000 2025","322","Rasmus Hojlund tiene 16 partidos sin anotar gol con el Manchester United ️: @BBCSport https://t.co/zJXMcLWOgZ","1893301779288211539","https://pbs.twimg.com/media/GkZb7qCWsAE6MYE.jpg","","es","Manchester, England","3","21","3","https://x.com/MUnitedEs/status/1893301779288211539","257965632","MUnitedEs"
"1893301737240305855","Sat Feb 22 14:08:04 +0000 2025","0","‍️75' MINUTOS DE JUEGO EVERTON 2 MANCHESTER UNITED 1 ️️️️️️️️️","1893301737240305855","","","es","","0","0","0","https://x.com/juanjav82324942/status/1893301737240305855","1282820118301548544","juanjav82324942"
"1893301723503927395","Sat Feb 22 14:08:01 +0000 2025","0","Bruno Fernandes es en este Manchester United lo que Akram Afif en la Selección de Qatar durante el Mundial de 2022.","1893301723503927395","","","es","Sevilla - Madrid - London","0","0","0","https://x.com/pabmontano/status/1893301723503927395","1046419519072346113","pabmontano"
"1893301692470337772","Sat Feb 22 14:07:53 +0000 2025","0","¡¡GOOOOOOOOOOOOOOOOOOOOOOOOOOOOOOOOOOOOOOOOOOOOOOOOOOOOOOOOOOOOL DEL UNITED!! Gol de Bruno Fernandes. De tiro libre la pone lejana al portero y por un lado de la barrera. 🆚️ Everton 2-1 Manchester United ⏱️ Minuto 72' Goodison Park Jornada 26 #PremierLeague 2024/25 󠁧󠁢󠁥󠁮󠁧󠁿","1893301692470337772","","","es","México","0","0","0","https://x.com/DeporTotalMX/status/1893301692470337772","1006010731169370114","DeporTotalMX"
"1893301581824553452","Sat Feb 22 14:07:27 +0000 2025","1816"," [AHORA] El alcalde de Manchester pide que dejen de usar el nombre de su ciudad en el escudo del United Nos representan mal https://t.co/VNgBhhABnk","1893301581824553452","https://pbs.twimg.com/media/GkZbwK3WsAAl6Ww.jpg","","es","","0","9","50","https://x.com/enbajafutbol/status/1893301581824553452","1711620966478942208","enbajafutbol"
"1893301570978164829","Sat Feb 22 14:07:25 +0000 2025","483","Cuanto le debe el Manchester United a Bruno Fernandes","1893301570978164829","","","es","México","2","9","19","https://x.com/CarlosReynosoKC/status/1893301570978164829","34467879","CarlosReynosoKC"
"1893301485372404107","Sat Feb 22 14:07:04 +0000 2025","2","Vamooooooooooooooooooooooos.","1893301485372404107","","","es","Manchester, England","0","0","0","https://x.com/ManUnited_GO/status/1893301485372404107","1734045841","ManUnited_GO"
"1893301469660471365","Sat Feb 22 14:07:00 +0000 2025","0","MASTERCLASS Ruben Amorim no para de lograr nuevas hazañas en el United El portugués acaba de conseguir que los aficionados de Manchester extrañen por primera vez a David Moyes https://t.co/Rb850lLe46","1893301469660471365","https://pbs.twimg.com/media/GkZbpksWMAEBz3h.jpg","","es","","0","0","0","https://x.com/PicklesFut/status/1893301469660471365","1265029606614142976","PicklesFut"
"1893301459547980015","Sat Feb 22 14:06:58 +0000 2025","0","@espn Premier League #Agora #AoVivo Everton 2 x 1 Manchester United 2Tempo 72:31","1893301459547980015","","espn","es","Rio de Janeiro, Brasil","0","0","0","https://x.com/LeoVilhenaReal/status/1893301459547980015","1299558615175622656","LeoVilhenaReal"
"1893301429328114004","Sat Feb 22 14:06:51 +0000 2025","0","Golazo de Bruno. Descuento del Manchester United","1893301429328114004","","","es","Santiago, Chile 🇨🇱","0","0","1","https://x.com/SpartanMinotaur/status/1893301429328114004","106401454","SpartanMinotaur"
"1893301417529450540","Sat Feb 22 14:06:48 +0000 2025","346","¡EL CAPITÁN! https://t.co/6locDJKxmp","1893301417529450540","https://pbs.twimg.com/media/GkZbli1XUAA6DK9.jpg","","es","#MUFC","3","6","13","https://x.com/ManUtd_Es/status/1893301417529450540","1613095693","ManUtd_Es"
"1893301363922084156","Sat Feb 22 14:06:35 +0000 2025","0","Gooooolaaaazoooo Bruno Fernandes de falta directa Everton 2-1 Manchester United Minuto 72","1893301363922084156","","","es","España","0","0","0","https://x.com/Kyu99betico/status/1893301363922084156","1383396727667888137","Kyu99betico"
"1893301360839254231","Sat Feb 22 14:06:34 +0000 2025","0","69' Lo único que podemos celebrar hoy salió el inútil de Hojlund ⬅️ Salen Hojlund y el único defensa qje jugaba bien... increíble que salga Mazraoui antes que De Ligt y Maguire ️ Entran Yoro y Obi ojalá le vaya bien para no ver más a Hojlund EVE 2 - 0 EVE","1893301360839254231","","","es","","0","0","0","https://x.com/ManUtdCRC/status/1893301360839254231","1318222905390649344","ManUtdCRC"
"1893301326152405119","Sat Feb 22 14:06:26 +0000 2025","46","Ni dan ganas de gritarlo. A PONER HUEVOS A VER SI EMPATAMOS AL MENOS.","1893301326152405119","","","es","Medellín, Colombia","0","2","3","https://x.com/Vanisterror/status/1893301326152405119","1358494982","Vanisterror"
"1893301318514622527","Sat Feb 22 14:06:24 +0000 2025","0","Estamos deacuerdo que cristiano Ronaldo era el único que hacía algo en el Manchester united por ser asi de trabajador los jugadores el entrenador todos los empleados y los presidentes le faltaron el respeto. Se merecen el descenso son un equipo que destruyen a los jugadores https://t.co/QAXQS1lrgq","1893301318514622527","https://pbs.twimg.com/media/GkZbg-ZWcAA62x5.jpg","","es","Colombia🇨🇴 II requiem 🕊️","0","0","0","https://x.com/SamuelVar_02/status/1893301318514622527","1638970528462434315","SamuelVar_02"
"1893301285408985431","Sat Feb 22 14:06:16 +0000 2025","3","No hay fin de semana que no te levantes y estos te dañen el desayuno. El Manchester United no va a descender pero es una vergüenza el mercado de pases y el nulo trabajo de Amorim. Querían vender a Garnacho imagínate. Refunden este club.","1893301285408985431","","","es","Guayaquil, Ecuador","0","1","0","https://x.com/JorgeGarciaL_/status/1893301285408985431","838801026","JorgeGarciaL_"
"1893288715293757795","Sat Feb 22 14:06:15 +0000 2025","0","@omarpagola @luisferpo y si por su puesto que si y Zidane los echa a todos se sacudió a James o Gareth Bale. Zidane se ríe en la cara de los pendejos que juegan en Manchester United. No viene porque es demasiado para este equipito","1893301278005997605","","omarpagola","es","ÜT: 10.465527,-66.976117","0","1","0","https://x.com/WAZM_1550/status/1893301278005997605","93983726","WAZM_1550"
"1893301274000453749","Sat Feb 22 14:06:14 +0000 2025","1","GOL de Bruno Fernandes para el United. De libre directo golpeo con la derecha al palo del portero. Min71 Everton 2-1 Manchester United. #PL","1893301274000453749","","","es","","0","0","1","https://x.com/FT_Total/status/1893301274000453749","4496179816","FT_Total"
"1893301250327769410","Sat Feb 22 14:06:08 +0000 2025","10","GRACIAS. Bruno marcando en Goodison Park. Una sana costumbre.","1893301250327769410","","","es","Argentina","0","1","0","https://x.com/20legend4/status/1893301250327769410","1064569378195283975","20legend4"
"1893285826370642267","Sat Feb 22 14:06:08 +0000 2025","0","@Mercado_Ingles Hay que ser bien hdp los del Manchester United los jugadores ojalá bajen a segunda es la única manera que se vayan todas las ratas y solo queden los que aman al club .","1893301248964587784","","Mercado_Ingles","es","","0","0","0","https://x.com/MichaelManuelM9/status/1893301248964587784","1534172486824345602","MichaelManuelM9"
"1893301201975775604","Sat Feb 22 14:05:57 +0000 2025","0","Que el @ManUtd_Es en estos momentos no esté descendiendo directamente es por que hay otro equipos que no han sabido tener resultados pero juegan mucho mejor que el Manchester United. El Manchester United es horrible por donde se le vea. Culpa de las momias Glazers y INEOS.","1893301201975775604","","","es","","0","0","0","https://x.com/RMADRID_CF_1902/status/1893301201975775604","117525806","RMADRID_CF_1902"
"1893301189137064115","Sat Feb 22 14:05:53 +0000 2025","29","Cada vez que hay un duelo hay un equipo que va como si fuera un amistoso y otro que va como si fuera la final de la Champions. No diré cuál es el Manchester United.","1893301189137064115","","","es","Madrid, Comunidad de Madrid","0","0","0","https://x.com/JoseAChozas/status/1893301189137064115","169929768","JoseAChozas"
"1893301051140239637","Sat Feb 22 14:05:21 +0000 2025","0","Es triste y aburrido ver jugar al Manchester United. ExClub total","1893301051140239637","","","es","","1","0","0","https://x.com/Mondongu3z/status/1893301051140239637","1847019007112884224","Mondongu3z"
"1893301031863193772","Sat Feb 22 14:05:16 +0000 2025","0","La parálisis del sueño tiene que ser algo similar a esta jugada del Manchester United. Que despropósito.","1893301031863193772","","","es","Granada, Spain","0","0","0","https://x.com/Alejandro__LM/status/1893301031863193772","1131333503570849794","Alejandro__LM"
"1893301019913674944","Sat Feb 22 14:05:13 +0000 2025","348","Rio Ferdinand: No creo haber visto nunca un equipo del Manchester United tan malo. Ha sido vergonzoso en todas las facetas del juego. Una cosa que es imperdonable es la falta de ganas FACTO.","1893301019913674944","","","es","Manchester, England","0","4","22","https://x.com/MUnitedEs/status/1893301019913674944","257965632","MUnitedEs"
"1893301003685937538","Sat Feb 22 14:05:09 +0000 2025","0","Maguire Casemiro Bruno Fernándes .. solo falta que entre Christian Eriksen para hacernos creer que está jugando el Manchester United de veteranos. Que desastre de club cuantos millones de euros tirados a la basura. #premierleaguedazn","1893301003685937538","","","es","Torrent - Valencia","0","0","0","https://x.com/manufer741/status/1893301003685937538","1239731839","manufer741"
"1893300950875467801","Sat Feb 22 14:04:57 +0000 2025","6","71' Tiro libre para Manchester United.","1893300950875467801","","","es","Manchester, England","0","1","0","https://x.com/MUnitedEs/status/1893300950875467801","257965632","MUnitedEs"
"1893300946114904076","Sat Feb 22 14:04:56 +0000 2025","0","El Manchester United no tiene arreglo","1893300946114904076","","","es","","1","0","0","https://x.com/D4fut/status/1893300946114904076","1709399862112931840","D4fut"
"1893300923327226177","Sat Feb 22 14:04:50 +0000 2025","0","Lo del Manchester United es tristisimo. Se terminó la temporada ahora solo vamos a concentrarnos por no descender y a pensar en la siguiente campaña. Eso sí se tienen que largar TODOS.","1893300923327226177","","","es","","0","0","0","https://x.com/jairosvhj/status/1893300923327226177","931040991381016582","jairosvhj"
"1893300920856829979","Sat Feb 22 14:04:50 +0000 2025","0","¿Que piensan del caso del Manchester United? Es triste ver un equipo sin ideas sin entendimiento en el campo","1893300920856829979","","","es","casino","0","0","0","https://x.com/LosBetsMaster/status/1893300920856829979","1892214025703821312","LosBetsMaster"
"1893300908399718513","Sat Feb 22 14:04:47 +0000 2025","7","El Manchester United tiene problemas dentro del campo pero los más delicados están afuera del mismo","1893300908399718513","","","es","Medellín, Colombia","0","0","1","https://x.com/MauricioGPF/status/1893300908399718513","1293251968677359621","MauricioGPF"
"1893300850598044011","Sat Feb 22 14:04:33 +0000 2025","49","¿Habrá perdido peso ganarle a Manchester United o seguirá siendo una victoria marcada en el calendario?","1893300850598044011","","","es","Argentina","1","6","0","https://x.com/TeoCoquet/status/1893300850598044011","2363269185","TeoCoquet"
"1893300845963293005","Sat Feb 22 14:04:32 +0000 2025","0","Felizmente no me desperté temprano para ver el desastre del Manchester United. Este equipo cada vez juega peor Amorim es un fiasco peor que Ten Hag y los de Ineos no se quedan atrás. Manchester United","1893300845963293005","","","es","","0","0","0","https://x.com/jcmiranda88/status/1893300845963293005","1344736704679333888","jcmiranda88"
"1893300845413900336","Sat Feb 22 14:04:32 +0000 2025","12","El Manchester United no descenderá porque hay 3 peores que ellos. Sin embargo los 3 peores equipos juegan con una idea bastante superior a la suya. Es realmente vergonzoso verles jugar.","1893300845413900336","","","es","","0","0","3","https://x.com/DaniAFC_/status/1893300845413900336","1286342133176242178","DaniAFC_"
"1893300829987233908","Sat Feb 22 14:04:28 +0000 2025","0","Everton de Liverpool le va ganando 2-0 al alicaído Manchester United.","1893300829987233908","","","es","Santiago, Chile 🇨🇱","0","0","0","https://x.com/SpartanMinotaur/status/1893300829987233908","106401454","SpartanMinotaur"
"1893300802799714595","Sat Feb 22 14:04:21 +0000 2025","127","Vieron que no era tan difícil poner al chico un par de minutos más? O ahora me van a decir que ya está más preparado que hace siete días?","1893300802799714595","","","es","Argentina","1","6","4","https://x.com/20legend4/status/1893300802799714595","1064569378195283975","20legend4"
"1893300776459510125","Sat Feb 22 14:04:15 +0000 2025","10","VAMOS CHIDO. VAMOS CARAJO ","1893300776459510125","","","es","Medellín, Colombia","0","0","0","https://x.com/Vanisterror/status/1893300776459510125","1358494982","Vanisterror"
"1893300772269408665","Sat Feb 22 14:04:14 +0000 2025","1","Por mi que la afición decida ya dejar de asistir al estadio para ver a estos mediocres. Fanaticos del Manchester United NO VAYAN A VER A ESE CLUB DE MIERDA","1893300772269408665","","","es","EsperandoAlAmorDeMiVida","0","0","0","https://x.com/URandom006/status/1893300772269408665","1597241941112004609","URandom006"
"1893300766338699572","Sat Feb 22 14:04:13 +0000 2025","0","de verdad el rayo vallecano juega mejor que el manchester united","1893300766338699572","","","es","","0","0","0","https://x.com/theIuckyeleven/status/1893300766338699572","1486542503985573893","theIuckyeleven"
"1893300756830110195","Sat Feb 22 14:04:10 +0000 2025","0","Minuto 70 casi y el United todavía no ha pareado al arco no se defiende bien ni se ataca bien. Tenemos suerte que el descenso esté barato porque llega a ser un año medianamente normal y el Manchester United estaría en verdaderos problemas.","1893300756830110195","","","es","","0","0","0","https://x.com/RedZone_1902/status/1893300756830110195","1767402051875598336","RedZone_1902"
"1893300729210634365","Sat Feb 22 14:04:04 +0000 2025","0","Pésimo el Manchester United es costumbre ","1893300729210634365","","","es","Chile","0","0","0","https://x.com/rolytas/status/1893300729210634365","178968348","rolytas"
"1893300701662421326","Sat Feb 22 14:03:57 +0000 2025","7","Podemos estar mal pero no tan mal como el Manchester United","1893300701662421326","","","es","Bogota","0","1","2","https://x.com/GuiliamVilasco/status/1893300701662421326","760721833","GuiliamVilasco"
"1893300634331271227","Sat Feb 22 14:03:41 +0000 2025","33","Desahoguen lo que quieran sobre este Manchester United faltan el respeto insultando como desean via libre ","1893300634331271227","","","es","Medellín, Colombia","0","12","0","https://x.com/Vanisterror/status/1893300634331271227","1358494982","Vanisterror"
"1893300526948794373","Sat Feb 22 14:03:16 +0000 2025","5","69' Tiro libre para Manchester United.","1893300526948794373","","","es","Manchester, England","0","0","0","https://x.com/MUnitedEs/status/1893300526948794373","257965632","MUnitedEs"
"1893300468031349147","Sat Feb 22 14:03:02 +0000 2025","1","🇪🇸 : Manchester United eres un club muy inútil 🇫🇷 : Manchester United tu es un club très inutile 🇩🇪 : Manchester United du bist ein sehr nutzloser Verein 🇮🇹 : Manchester United sei un club molto inutile 🇵🇹 : Manchester United você é um clube muito inútil","1893300468031349147","","","es","Ghana","0","0","0","https://x.com/oheneeeee/status/1893300468031349147","947507586403880961","oheneeeee"
"1893300377518293093","Sat Feb 22 14:02:40 +0000 2025","1","El Manchester United es un equipo sin rumbo...","1893300377518293093","","","es","","0","0","0","https://x.com/DavidF8a/status/1893300377518293093","1251413017406984192","DavidF8a"
"1893300347361239235","Sat Feb 22 14:02:33 +0000 2025","0","Maguire el jugador más malo q he visto en mi vida Everton 2 Manchester United 0","1893300347361239235","","","es","","0","0","0","https://x.com/JRCANALES86/status/1893300347361239235","1835330312131190785","JRCANALES86"
"1893300111377109255","Sat Feb 22 14:01:37 +0000 2025","0","Yo de verdad me creí a Ruben Amorim como el gran salvador del Manchester United https://t.co/SpXXA9D6lr","1893300111377109255","https://pbs.twimg.com/media/GkZaaxZWgAAoEIo.jpg","","es","","0","0","0","https://x.com/Lu_Delgado14/status/1893300111377109255","1892784458610229248","Lu_Delgado14"
"1893298893611241587","Sat Feb 22 14:01:22 +0000 2025","0","@CFCUruguay Me enferma Manchester United amigo","1893300050333237687","","CFCUruguay","es","Asuncion, Paraguay","0","0","0","https://x.com/FreddyAndrsMar2/status/1893300050333237687","1457526981973655557","FreddyAndrsMar2"
"1893300048013763014","Sat Feb 22 14:01:21 +0000 2025","2","Hoy en día te sentas a ver un partido del Manchester United esperando que pierda. No sea cosa que pierda contra real sociedad.","1893300048013763014","","","es","Argentina ","0","0","0","https://x.com/elfavro9/status/1893300048013763014","767214585199951872","elfavro9"
"1893299986504282470","Sat Feb 22 14:01:07 +0000 2025","1"," Sir Alex Ferguson decepcionado por la asistencia a Goodison Park mientras el Manchester United está perdiendo 2-0 contra el Everton. https://t.co/t2XfniN8Ii","1893299986504282470","https://pbs.twimg.com/media/GkZaTcmXEAAnW-v.jpg","","es","Guayaquil","0","0","1","https://x.com/SotanoDeportivo/status/1893299986504282470","349990729","SotanoDeportivo"
"1893299955147628965","Sat Feb 22 14:00:59 +0000 2025","2","El Manchester United va a tener que ir a buscar a Manuel Pellegrini.","1893299955147628965","","","es","Santiago, Chile","0","0","0","https://x.com/sarraceno_cl/status/1893299955147628965","820815678","sarraceno_cl"
"1893299907445785004","Sat Feb 22 14:00:48 +0000 2025","0","El de Sir Alex Ferguson en el palco es el resoplo de todos. Aficionados del Manchester United pero también neutrales. Son demasiados años a la deriva para un club de esta magnitud. Vienen y se van jugadores entrenadores directores deportivos y directivos pero nada cambia.","1893299907445785004","","","es","Sevilla - Madrid - London","0","0","0","https://x.com/pabmontano/status/1893299907445785004","1046419519072346113","pabmontano"
"1893299887455809584","Sat Feb 22 14:00:43 +0000 2025","3","Capaz esto ya lo dijo alguien pero el Manchester United es un perro viejo al que lo tienen que dormir cuanto antes","1893299887455809584","","","es","","0","1","0","https://x.com/JuaanIsaurralde/status/1893299887455809584","316734340","JuaanIsaurralde"
"1893299834494280080","Sat Feb 22 14:00:31 +0000 2025","19","Mirá en lo que se convirtió el Manchester United debería considerar seriamente el descenso a estas alturas.","1893299834494280080","","","es","Boca e Internazionale","0","1","0","https://x.com/Berissinho/status/1893299834494280080","2837551648","Berissinho"
"1893299783948808609","Sat Feb 22 14:00:18 +0000 2025","2","Ver al manchester united me genera tristeza","1893299783948808609","","","es","","0","0","0","https://x.com/NJuanv/status/1893299783948808609","1165477214743408640","NJuanv"
"1893299738029556130","Sat Feb 22 14:00:08 +0000 2025","0","Estoy viendo el Manchester vs Everton y el united es un drama en vaya defensa pixa","1893299738029556130","","","es","cadiz","0","0","0","https://x.com/ermiguedecai/status/1893299738029556130","225433085","ermiguedecai"
"1893299715392901521","Sat Feb 22 14:00:02 +0000 2025","0","62' Es increíble que Hojlund siga jugando ⬅️ Sale Casemiro inexplicablemente ️ Ingresa Garnacho EVE 2 - 0 MUN","1893299715392901521","","","es","","0","0","0","https://x.com/ManUtdCRC/status/1893299715392901521","1318222905390649344","ManUtdCRC"
"1893299661101830576","Sat Feb 22 13:59:49 +0000 2025","14","ES QUE PARECE UN ENTRENAMIENTO REALMENTE.","1893299661101830576","","","es","Medellín, Colombia","0","1","0","https://x.com/Vanisterror/status/1893299661101830576","1358494982","Vanisterror"
"1893299658954338570","Sat Feb 22 13:59:49 +0000 2025","3","Es terrible cuando estás viendo al actual Manchester United y enfocan a Alex Ferguson en la grada. Me recorre un escalofrío pensando en si eso seremos nosotros cuando Simeone se canse de aguantarnos.","1893299658954338570","","","es","","0","0","0","https://x.com/TheRealOxcar/status/1893299658954338570","176471352","TheRealOxcar"
"1893298327355019640","Sat Feb 22 13:59:42 +0000 2025","1","@RinconDelUnited Al contrario. Tenemos más de milagro. City y Soton se ganaron por Diallo y Fulham por el zapallazo de Lisandro.","1893299628990238998","","RinconDelUnited","es","Argentina","0","1","0","https://x.com/20legend4/status/1893299628990238998","1064569378195283975","20legend4"
"1893299627190808970","Sat Feb 22 13:59:41 +0000 2025","0","Está manga de burros te hacen extrañar a Mctominay","1893299627190808970","","","es","Guanaco tuerto, Chubut🇦🇷","0","0","0","https://x.com/ManUnitedPM/status/1893299627190808970","1696521127420719104","ManUnitedPM"
"1893299516926730599","Sat Feb 22 13:59:15 +0000 2025","2","El United tenía que fichar al mejor central del Bayern tenía que fichar a Dyer","1893299516926730599","","","es","24","0","0","0","https://x.com/riantose8/status/1893299516926730599","3115797983","riantose8"
"1893299453894832334","Sat Feb 22 13:59:00 +0000 2025","50","Este Manchester United ya hasta ha perdido una de sus mayores cualidades a nivel de espectáculo futbolístico: la capacidad de sorpresa en los demás. Veo este 2-0 abajo en el 65 y simplemente es un día más en la oficina.","1893299453894832334","","","es","","0","7","3","https://x.com/AlvarodeGrado/status/1893299453894832334","123405693","AlvarodeGrado"
"1893299428229882071","Sat Feb 22 13:58:54 +0000 2025","2","El Bambino Pons suda y respira como hincha del Manchester United. Disimula un poco!!!!","1893299428229882071","","","es","","0","0","1","https://x.com/ElBuenRodsba/status/1893299428229882071","103725893","ElBuenRodsba"
"1893155914556793257","Sat Feb 22 13:58:41 +0000 2025","0","@vedencs No bueno el Manchester United.","1893299376077816031","","vedencs","es","","0","0","0","https://x.com/MxYei/status/1893299376077816031","1099368325","MxYei"
"1893299322898239768","Sat Feb 22 13:58:29 +0000 2025","2","¿Qué fichajes pensáis que pueden ser buenos para el Manchester United para el año que viene? Ya no solo nombres si no por posiciones ya Viendo que el esquema de Amorim no encaja con la plantilla actual del equipo mancuniano #PremierLeagueDAZN","1893299322898239768","","","es","","0","0","0","https://x.com/FifaNympho17/status/1893299322898239768","1645427326778236928","FifaNympho17"
"1893299302019076278","Sat Feb 22 13:58:24 +0000 2025","1","Substitution Manchester United. Alejandro Garnacho replaces Casemiro. https://t.co/DLHh56o0i1","1893299302019076278","https://pbs.twimg.com/media/GkZZrM3W4AAsCG3.jpg","","es","passionate about Football ⚽⚽","0","0","0","https://x.com/Mulla__7/status/1893299302019076278","1744075816126894080","Mulla__7"
"1893299243105780213","Sat Feb 22 13:58:10 +0000 2025","1","Pobre Ferguson","1893299243105780213","","","es","Argentina","0","0","0","https://x.com/20legend4/status/1893299243105780213","1064569378195283975","20legend4"
"1893299170640867422","Sat Feb 22 13:57:52 +0000 2025","0","La Europa League también llevó a cabo el sorteo para la ronda de octavos de final y dejó como plato principal los duelos entre la Roma vs Athletic de Bilbao y el Manchester United vs Real Sociedad #EuropaLeague @LaRazon_Bolivia https://t.co/UYpgV0yuTB","1893299170640867422","","","es","Bolivia","0","0","0","https://x.com/MarcasLaRazon/status/1893299170640867422","1767931819976990720","MarcasLaRazon"
"1893299166991855790","Sat Feb 22 13:57:51 +0000 2025","0","Pobres hinchas del Manchester United ahí no hay nada #PremierLeague","1893299166991855790","","","es","","0","0","0","https://x.com/ErnestGns/status/1893299166991855790","1756108381243293696","ErnestGns"
"1893299062570418544","Sat Feb 22 13:57:26 +0000 2025","0","La Europa League también llevó a cabo el sorteo para la ronda de octavos de final y dejó como plato principal los duelos entre la Roma vs Athletic de Bilbao y el Manchester United vs Real Sociedad #EuropaLeague @MarcasLaRazon https://t.co/hmAEYwS2ce","1893299062570418544","","","es","La Paz - Bolivia","0","0","0","https://x.com/LaRazon_Bolivia/status/1893299062570418544","44489439","LaRazon_Bolivia"
"1893297027443793992","Sat Feb 22 13:57:21 +0000 2025","0","@vzla_apesta Mal ron mejor estadio de furvol (aunque sea de veneno llamado Manchester United)","1893299037631037457","","vzla_apesta","es","Argentina","0","1","0","https://x.com/Diesirae2/status/1893299037631037457","308788060","Diesirae2"
"1893299021692764233","Sat Feb 22 13:57:17 +0000 2025","0","¿Qué hace el Manchester United descendiendo en la temporada 24/25?","1893299021692764233","","","es","Estadio Deportivo Cali","1","0","0","https://x.com/JuanjoMariin/status/1893299021692764233","1221186434004144128","JuanjoMariin"
"1893298939274703326","Sat Feb 22 13:56:57 +0000 2025","0","Que bien sienta ver la caída del Manchester United","1893298939274703326","","","es","","0","0","0","https://x.com/joselitek/status/1893298939274703326","3404180476","joselitek"
"1893298907133649178","Sat Feb 22 13:56:49 +0000 2025","30","La carrera que hay que tener para los gordos premier: 2 años en el Carlisle United 3 años en el Nottingham Forest 1 año en el Fulham 6 años en el Manchester United 2 años en el Preston 1 año en el Wycombe Palmarés: 1x Carabao Cup 1x Bristol Street Trophy","1893298907133649178","","","es","Avenida Siempre Viva 742","0","1","0","https://x.com/rew789/status/1893298907133649178","201000968","rew789"
"1893298781602324579","Sat Feb 22 13:56:19 +0000 2025","0","Change for Manchester United Casemiro Alejandro Garnacho","1893298781602324579","","","es","Falkenberg, Sweden ","0","0","0","https://x.com/ThRd303/status/1893298781602324579","916624020765847552","ThRd303"
"1893298449983979765","Sat Feb 22 13:55:00 +0000 2025","1","¿Cómo juegan los equipos chicos equipos que pelean el descenso? Se paran bien atrás y buscan que su uno o dos jugadores rápidos y talentosos rasguen al espacio. Dales eso Amorim. El Manchester United hoy es un equipo chico que pelea el descenso.","1893298449983979765","","","es","Catanzaro, Calabria","0","0","0","https://x.com/istortebeker7/status/1893298449983979765","1800205084174819333","istortebeker7"
"1893290595667583107","Sat Feb 22 13:54:30 +0000 2025","1","@idextratime Ayo Manchester united","1893298322409959450","","idextratime","es","","0","0","0","https://x.com/maestrodon29024/status/1893298322409959450","1893297724579291136","maestrodon29024"
"1893298292114473468","Sat Feb 22 13:54:23 +0000 2025","0","Una cosa de locos la decadencia de un club tan grande como el Manchester United. Lo mal armado que está el plantel. Tiene dos 9 que no me hacen un gol a nadie. Antes para jugar en ese club tenías que ser un crack. Hoy cualquiera viste la camiseta de los diablos rojos.","1893298292114473468","","","es","","0","0","0","https://x.com/Jugad0rNumero12/status/1893298292114473468","1750555620753752065","Jugad0rNumero12"
"1893298205061726679","Sat Feb 22 13:54:02 +0000 2025","0","Al Manchester United la Champioship lo espera con los brazos abiertos y a ver en cuánto tiempo logra el ascenso Nos vemos en el 2036 #PremierLeague","1893298205061726679","","","es","CDMX","0","0","0","https://x.com/_ozielmartinez/status/1893298205061726679","1360655018035134466","_ozielmartinez"
"1893298203321049375","Sat Feb 22 13:54:02 +0000 2025","0","La pena que da el Manchester United no tiene ningún tipo de sentido eh. Qué manera de destrozar un club. #ManchesterUnited #ManUTD #EvertonManUtd https://t.co/jBFTRJXd7o","1893298203321049375","https://pbs.twimg.com/media/GkZYrcCXwAAZnAt.jpg","","es","España","0","0","0","https://x.com/tutopicks/status/1893298203321049375","1248634076661235712","tutopicks"
"1893298167828914642","Sat Feb 22 13:53:53 +0000 2025","0"," Los hinchas del Everton festejan esta victoria contra un grande como es el Manchester el Manchester united dejó de ser un grande hace mucho tiempo no ganan nada hace pila de tiempo.","1893298167828914642","","","es","","0","0","0","https://x.com/missuruguaya/status/1893298167828914642","1887982682392723456","missuruguaya"
"1893298164196577290","Sat Feb 22 13:53:52 +0000 2025","0","Qué horrible es el Manchester United. ","1893298164196577290","","","es","Venezuela. ","0","0","0","https://x.com/CarleitosV/status/1893298164196577290","65508646","CarleitosV"
"1893298147599827064","Sat Feb 22 13:53:48 +0000 2025","0","Manchester United de Amorim en 2025","1893298147599827064","","","es","","0","0","0","https://x.com/BrunismoF8/status/1893298147599827064","1631793739772379136","BrunismoF8"
"1893298012849369584","Sat Feb 22 13:53:16 +0000 2025","0","Hay que refundar el Manchester United.","1893298012849369584","","","es","","0","0","0","https://x.com/jovelar16/status/1893298012849369584","1727113138867187712","jovelar16"
"1893283466227102160","Sat Feb 22 13:52:41 +0000 2025","0","@Mercado_Ingles ¿Como? Si esta cuenta de Twitter (X)decía que el fútbol del Manchester united iba mejorar con Amorin que el Derby siempre fue rojo ‍️","1893297866812031407","","Mercado_Ingles","es","","0","0","0","https://x.com/nuevogenesis96/status/1893297866812031407","1327087288187297792","nuevogenesis96"
"1893297836864782615","Sat Feb 22 13:52:34 +0000 2025","0","Hojlund Zirkzee. Bruno Dalot Casemiro Onana. Ninguno de estos puede seguir jugando en el Manchester United. Vergüenza y poco amor.","1893297836864782615","","","es","Mr, Mc, Mx.","0","0","0","https://x.com/solodimepipe/status/1893297836864782615","490671706","solodimepipe"
"1893297806212833423","Sat Feb 22 13:52:27 +0000 2025","0","Horrible partido de Bruno","1893297806212833423","","","es","Guanaco tuerto, Chubut🇦🇷","0","0","0","https://x.com/ManUnitedPM/status/1893297806212833423","1696521127420719104","ManUnitedPM"
"1893297663262486575","Sat Feb 22 13:51:53 +0000 2025","1","El Manchester United tiene el dinero por castigo historia masa de aficionados tremenda y llevan más de una década sin competir por títulos. Cambian los jugadores entrenadores dueño directores deportivos y todo sigue igual.","1893297663262486575","","","es","","0","1","0","https://x.com/MartinnJudd/status/1893297663262486575","1496964127625035777","MartinnJudd"
"1893297630685307213","Sat Feb 22 13:51:45 +0000 2025","3","El Manchester United es menos que el Central de Chamot","1893297630685307213","","","es","República de Arroyito","0","1","0","https://x.com/lauchaquagliaro/status/1893297630685307213","594894458","lauchaquagliaro"
"1893297581964304831","Sat Feb 22 13:51:33 +0000 2025","21","Leicester City seguramente pierda todos los partidos que le quedan. Southampton seguramente pierda todos los partidos que le quedan. Ipswich Town puede sacar algún que otro punto. El único que me genera dudas. Solamente por esto no vamos a ver al Manchester United en la B.","1893297581964304831","","","es","","0","1","1","https://x.com/ElProfeUY/status/1893297581964304831","1811458333423075329","ElProfeUY"
"1893297574884278629","Sat Feb 22 13:51:32 +0000 2025","0","Mi querido Manchester united está más cerca de jugar championship que champions. Cómo se extraña a sir Alex","1893297574884278629","","","es","","0","0","0","https://x.com/LeclercUc/status/1893297574884278629","1565160541621854208","LeclercUc"
"1893297569972756633","Sat Feb 22 13:51:31 +0000 2025","0","De verdad que vergüenza da el Manchester united eh yo nose si son los jugadores o el ruben pero dios santo que pecho frios","1893297569972756633","","","es","Rosario,-Albacete,-Castellon ","0","0","0","https://x.com/nachittt/status/1893297569972756633","62504382","nachittt"
"1893297540860121091","Sat Feb 22 13:51:24 +0000 2025","0","Duerman a ese Manchester United.","1893297540860121091","","","es","En algún lugar de La Mancha","0","0","0","https://x.com/NimuzMB/status/1893297540860121091","85461774","NimuzMB"
"1893297539887075471","Sat Feb 22 13:51:23 +0000 2025","0","Creo que a dia de hoy lo unico que diferencia a los hinchas de Boca y del Manchester United es el color de la camiseta","1893297539887075471","","","es","","0","0","0","https://x.com/NicoSolek/status/1893297539887075471","277220358","NicoSolek"
"1893297418671649175","Sat Feb 22 13:50:55 +0000 2025","0","El Manchester United otro de la misma ciudad hoy se cae a pedazos No hay salvación y Ruben Amorin q parecía tener la solución tras su gran paso por el Sporting de Lisboa hoy está muerto sin ideas","1893297418671649175","","","es","","0","0","0","https://x.com/blau18_caldera/status/1893297418671649175","1703793431783358464","blau18_caldera"
"1893295631361335470","Sat Feb 22 13:50:53 +0000 2025","0","@danilegaa_ No hay ningún tipo de posibilidad de que el Manchester United descienda","1893297413621727460","","danilegaa_","es","Estadio Manuel Martínez Valero","0","1","0","https://x.com/borjaop_36/status/1893297413621727460","1213697978826805248","borjaop_36"
"1893297402628501816","Sat Feb 22 13:50:51 +0000 2025","0","Me temo que el primer equipo de Manchester ahora mismo es el Football Club United.","1893297402628501816","","","es","","0","0","0","https://x.com/RaulMelero14/status/1893297402628501816","1693372141285023744","RaulMelero14"
"1893297333741248861","Sat Feb 22 13:50:34 +0000 2025","2","El Manchester United podría reforzar su ataque con este crack que juega en Inglaterra https://t.co/wPGimc9eFj","1893297333741248861","","","es","","0","0","1","https://x.com/fichajesnet/status/1893297333741248861","43877129","fichajesnet"
"1893297278024040649","Sat Feb 22 13:50:21 +0000 2025","1","El Mánchester United es una ruina. Que drama de equipo. https://t.co/PB4ZcirZnL","1893297278024040649","https://pbs.twimg.com/media/GkZQx21WQAAaRYM.jpg","","es","","0","0","0","https://x.com/OldrockerND/status/1893297278024040649","1471476292373602305","OldrockerND"
"1893297205009649959","Sat Feb 22 13:50:04 +0000 2025","1","Lo de Ruben Amorim ya es insostenible en el Manchester United.","1893297205009649959","","","es","","0","0","1","https://x.com/sciurusaureogas/status/1893297205009649959","121933616","sciurusaureogas"
"1893297158901616925","Sat Feb 22 13:49:53 +0000 2025","0","Manchester United y Boca pueden jugar la final de la copa .. Jugamos para la verga hace 10 años. ","1893297158901616925","","","es","Buenos Aires, Argentina","0","0","0","https://x.com/hernan_fiore/status/1893297158901616925","172378676","hernan_fiore"
"1893297025212375296","Sat Feb 22 13:49:21 +0000 2025","3","«Manchester United» porque hoy distraen a la población con otro partido de la Liga Inglesa (Premier League) esta vez entre el Everton y el Manchester United (a quien no le está yendo bien). Culpan a Maquire y al entrenador Amorim. Desde el Estadio Goodison Park en Liverpool.","1893297025212375296","","","es","Colombia","0","0","0","https://x.com/TendenciaEnX/status/1893297025212375296","1668394433794957315","TendenciaEnX"
"1893296978269745463","Sat Feb 22 13:49:10 +0000 2025","5","Esto es lo que dicen algunos de los mejores periodistas especializados en fútbol internacional o en la Premier League sobre el estado actual del Manchester United. #RealSociedad https://t.co/sgxwhlocta","1893296978269745463","https://pbs.twimg.com/media/GkZXYpYWQAA8pTh.png","","es","","0","0","0","https://x.com/_yerayrodriguez/status/1893296978269745463","1329162483232288768","_yerayrodriguez"
"1893296967452656060","Sat Feb 22 13:49:07 +0000 2025","31","El partido pasado lo dije: Medio en broma medio en serio. SIENTO QUE NO HAREMOS UN GOL MÁS EN LO QUE RESTA DE PREMIER LEAGUE.","1893296967452656060","","","es","Medellín, Colombia","0","2","0","https://x.com/Vanisterror/status/1893296967452656060","1358494982","Vanisterror"
"1893296975207870694","Sat Feb 22 13:49:09 +0000 2025","13","Si lo digo yo me tildan de loco.","1893296975207870694","","","es","Argentina","0","1","0","https://x.com/20legend4/status/1893296975207870694","1064569378195283975","20legend4"
"1893296931939495965","Sat Feb 22 13:48:58 +0000 2025","2","El Manchester United no solo va perdiendo 2-0 es que no ha rematado ni 1 (una) sola vez a puerta en más de 50 minutos contra el Everton Son patéticos macho","1893296931939495965","","","es","Valencia, Pobla de farnals","0","0","0","https://x.com/antonio8dhp/status/1893296931939495965","1563963176","antonio8dhp"
"1893296862003605693","Sat Feb 22 13:48:42 +0000 2025","4","55' Tiro libre para Manchester United.","1893296862003605693","","","es","Manchester, England","0","0","0","https://x.com/MUnitedEs/status/1893296862003605693","257965632","MUnitedEs"
"1893296846958673986","Sat Feb 22 13:48:38 +0000 2025","0","Taza Personalizada - Manchester United 100% Personalizadas Cerámica Blanca AAA Aptas para microondas y lavavajillas Envíos a España y Europa. Pide aqui la tuya https://t.co/2exW9DQ1wc #futbol #taza #regalo #Espana #England #Europa #ManchesterUnited #Manchester https://t.co/IVQ7hKqC38","1893296846958673986","https://pbs.twimg.com/ext_tw_video_thumb/1893296452647993344/pu/img/t7C56lg48dFTAQpX.jpg","","es","Paracuellos de Jarama - Madrid","0","0","0","https://x.com/Q_Tazas/status/1893296846958673986","1893059023529811968","Q_Tazas"
"1893296835399131346","Sat Feb 22 13:48:35 +0000 2025","2","Cuando estén tristes recuerden que hay gente que es hincha del Manchester United. Feliz sábado","1893296835399131346","","","es","Ciudad Autónoma de Buenos Aire","0","0","0","https://x.com/AJRaul1/status/1893296835399131346","259760540","AJRaul1"
"1893296832307925019","Sat Feb 22 13:48:35 +0000 2025","0","recién sintonizo el Manchester - Everton y esta perdiendo el United 2 a 0 que mierda paso","1893296832307925019","","","es","","0","0","0","https://x.com/Garnachiismo/status/1893296832307925019","1615443474056204289","Garnachiismo"
"1893296719799951631","Sat Feb 22 13:48:08 +0000 2025","0","‍️55' MINUTOS DE JUEGO EVERTON 2 MANCHESTER UNITED 0 ️️️️️️️️","1893296719799951631","","","es","","0","0","0","https://x.com/juanjav82324942/status/1893296719799951631","1282820118301548544","juanjav82324942"
"1893296647985037624","Sat Feb 22 13:47:51 +0000 2025","7","Ni los bicholovers aguantan a este Manchester United","1893296647985037624","","","es","","0","0","0","https://x.com/RinconDelUnited/status/1893296647985037624","1905389748","RinconDelUnited"
"1893296613856067735","Sat Feb 22 13:47:43 +0000 2025","1","Lo del Manchester United es calamitoso temporada tras temporada. Lo peor es que con lo mal que está va a eliminar a la Real Sociedad en la Europa League.","1893296613856067735","","","es","","0","0","0","https://x.com/DelAtleti_Soy/status/1893296613856067735","1746602164988919808","DelAtleti_Soy"
"1893296555857170568","Sat Feb 22 13:47:29 +0000 2025","0","qué difícil debe sentirse ser hincha o admirador del Manchester United. son una escoria inmunda.","1893296555857170568","","","es","Magumbos","0","0","0","https://x.com/AndresFKhalifa/status/1893296555857170568","179986191","AndresFKhalifa"
"1893296463041429967","Sat Feb 22 13:47:07 +0000 2025","0","Se me acabaron las palabras para describir lo malo que es el Manchester United así que ahora estoy twitteando en otro idioma","1893296463041429967","","","es","Greatness","0","0","0","https://x.com/BioIogist/status/1893296463041429967","1568833681","BioIogist"
"1893296358796280308","Sat Feb 22 13:46:42 +0000 2025","3","Devuelvanme a este Bruno https://t.co/3T3B6wBi2j","1893296358796280308","https://pbs.twimg.com/tweet_video_thumb/GkZW_4GW8AABZvc.jpg","","es","Argentina","1","0","0","https://x.com/20legend4/status/1893296358796280308","1064569378195283975","20legend4"
"1893296144865706236","Sat Feb 22 13:45:51 +0000 2025","5","Lástima por el Manchester United. No Antony no party.","1893296144865706236","","","es","Honduras, lamentablemente","0","0","0","https://x.com/odiomistuix/status/1893296144865706236","1568994548621234177","odiomistuix"
"1893296131964084577","Sat Feb 22 13:45:48 +0000 2025","530","¿Quien está despierto sintonizando el Everton - Manchester United? Ahora por la plataforma de Tubi 🇲🇽 https://t.co/nfn5AL2MFU","1893296131964084577","https://pbs.twimg.com/media/GkZWzJyXEAAsSLJ.jpg","","es","México","1","38","10","https://x.com/PS_SportsTV/status/1893296131964084577","1387165728974032910","PS_SportsTV"
"1893290479925481663","Sat Feb 22 13:45:47 +0000 2025","6","@OjoDeSauron_ Dije eso y me dijeron que estaba gaga y apareció un pelotudo a decirme que no sale campeón porque el City gana más partidos que nosotros.","1893296128839311485","","OjoDeSauron_","es","Argentina","0","3","0","https://x.com/20legend4/status/1893296128839311485","1064569378195283975","20legend4"
"1893296058895065382","Sat Feb 22 13:45:30 +0000 2025","0","Recordáis cuando el Manchester United parecía que había fichado a Jesucristo cuando fichó a Rubén Amorim? Es incluso peor que ten Hag. ","1893296058895065382","","","es","North London","0","0","0","https://x.com/Mario9GL/status/1893296058895065382","327678852","Mario9GL"
"1893296011725963480","Sat Feb 22 13:45:19 +0000 2025","3","51' Corner para Manchester United.","1893296011725963480","","","es","Manchester, England","0","0","0","https://x.com/MUnitedEs/status/1893296011725963480","257965632","MUnitedEs"
"1893295932982063185","Sat Feb 22 13:45:00 +0000 2025","4","Me encanta cuando el Bambino inventa y tira datos random jajajajaja Se le perdona todo.","1893295932982063185","","","es","Argentina","0","1","0","https://x.com/20legend4/status/1893295932982063185","1064569378195283975","20legend4"
"1893295898832089446","Sat Feb 22 13:44:52 +0000 2025","85","Y lo de siempre: El fanático sufre se pelea con los demás y todos adentro del club tranquilos cómodos y cobrando. EL PERJUDICADO REALMENTE ES EL FANÁTICO NADIE MAS.","1893295898832089446","","","es","Medellín, Colombia","0","2","4","https://x.com/Vanisterror/status/1893295898832089446","1358494982","Vanisterror"
"1893295890485403778","Sat Feb 22 13:44:50 +0000 2025","0","Que horrible este Manchester United","1893295890485403778","","","es","","0","0","0","https://x.com/Chriscanario_/status/1893295890485403778","1753259891093897216","Chriscanario_"
"1893295853244199362","Sat Feb 22 13:44:41 +0000 2025","0","Que aberracion el Manchester United","1893295853244199362","","","es","🇱🇺","0","0","0","https://x.com/joseneou/status/1893295853244199362","1378072058714861571","joseneou"
"1893295846856208540","Sat Feb 22 13:44:40 +0000 2025","8","La Real Sociedad ganará al peor Manchester United de los últimos 20 años y pensaran que hicieron una gesta. Pero todos sabemos quienes ganaron al equipo campeón de la premier y plagado de estrellas del Manchester United. https://t.co/jvrNwxr101","1893295846856208540","https://pbs.twimg.com/media/GkZWhhDWkAAn464.jpg","","es","Estadio San Mames 🔴⚪🔴","0","4","2","https://x.com/18ATHB98/status/1893295846856208540","1767846100923191296","18ATHB98"
"1893295792103792712","Sat Feb 22 13:44:27 +0000 2025","1","Los fans del Manchester United deberían estar agradecidos que hay equipos peores que ellos para que no estén en zona de descenso","1893295792103792712","","","es","Mundo absurdo","0","0","0","https://x.com/AlxSage/status/1893295792103792712","1486910402692894721","AlxSage"
"1893295650743242990","Sat Feb 22 13:43:53 +0000 2025","17","No es que no hay posibilidad de remontar ES QUE NO SE VE POSIBILIDAD DE HACER UN GOL ","1893295650743242990","","","es","Medellín, Colombia","0","2","0","https://x.com/Vanisterror/status/1893295650743242990","1358494982","Vanisterror"
"1893295647530287425","Sat Feb 22 13:43:52 +0000 2025","0","Lo del Manchester United ya es vergonzoso de por sí perder contra el Everton no tiene presentación","1893295647530287425","","","es","Bogotá, D.C., Colombia","0","0","0","https://x.com/D_S_B_P140398/status/1893295647530287425","1097032538","D_S_B_P140398"
"1893295574167756837","Sat Feb 22 13:43:35 +0000 2025","4","50' Corner para Manchester United.","1893295574167756837","","","es","Manchester, England","0","0","0","https://x.com/MUnitedEs/status/1893295574167756837","257965632","MUnitedEs"
"1893295457197035954","Sat Feb 22 13:43:07 +0000 2025","0","DEL MANCHESTER UNITED DEBEN SALIR X LO MENOS 8 JUGADORES","1893295457197035954","","","es","Bucaramanga, Colombia","0","0","0","https://x.com/martincapachogo/status/1893295457197035954","817012843992219649","martincapachogo"
"1893295380986491290","Sat Feb 22 13:42:49 +0000 2025","0","Y ahora veo que el Manchester United esta asi de quedar en puestos de descenso una pestañea y pasan cosas.","1893295380986491290","","","es","Molina, Chile","0","1","0","https://x.com/rkgunner/status/1893295380986491290","172008420","rkgunner"
"1893295013804569008","Sat Feb 22 13:41:21 +0000 2025","2","El manchester United esta peor que nosotros Ni su gente lo salva Al menos estamos con el torneo de verano","1893295013804569008","","","es","Córdoba, Argentina","0","0","0","https://x.com/zz1752265631681/status/1893295013804569008","1837548516723290112","zz1752265631681"
"1893294948448960664","Sat Feb 22 13:41:06 +0000 2025","1","La cara de Ferguson nos representa a todos viendo al Manchester United #PremierLeague https://t.co/0zcNNdzVof","1893294948448960664","https://pbs.twimg.com/media/GkZVuNBXAAAnyQi.jpg","","es","","0","0","0","https://x.com/Nataliaaablanco/status/1893294948448960664","1508148786702569479","Nataliaaablanco"
"1893294943143088539","Sat Feb 22 13:41:04 +0000 2025","0","2️⃣ INICIA EL SEGUNDO TIEMPO 2️⃣ A buscar no salir goleados. EVE 2 - 0 MUN https://t.co/IamIJQEC6j","1893294943143088539","https://pbs.twimg.com/media/GkZVt8fWUAAPqqh.jpg","","es","","0","0","0","https://x.com/ManUtdCRC/status/1893294943143088539","1318222905390649344","ManUtdCRC"
"1893294920187736145","Sat Feb 22 13:40:59 +0000 2025","15143","Me excita mucho el debacle futbolístico e institucional del Manchester United después de haber ninguneado a uno de los mejores jugadores de su historia por proteger a un alopecico neerlandés.","1893294920187736145","","","es","Medallo, papá.","38","83","1073","https://x.com/ElDelMedallo/status/1893294920187736145","1306384579238998016","ElDelMedallo"
"1892751518668828747","Sat Feb 22 13:40:55 +0000 2025","0","@bpastranaa_a @B_Andres25 Discutible. El Real Madrid de los 90 no ganó nada internacional y Salas jugó en el mejor Lazio de la historia con jugadores como Nedved Vieri Mancini Verón o Almeyda. Además le ganaron una Recopa al Manchester United con gol de Salas","1893294904710668584","","bpastranaa_a","es","Santiago de Chile","0","0","0","https://x.com/Eduardo08510072/status/1893294904710668584","229442452","Eduardo08510072"
"1893294822221332735","Sat Feb 22 13:40:35 +0000 2025","0","Lo del Manchester United es un chiste.","1893294822221332735","","","es","","0","0","0","https://x.com/gonzhenr/status/1893294822221332735","1760117233907589120","gonzhenr"
"1893294799119085891","Sat Feb 22 13:40:30 +0000 2025","29","Ya uno no sabe ni que opinar.","1893294799119085891","","","es","Medellín, Colombia","0","5","2","https://x.com/Vanisterror/status/1893294799119085891","1358494982","Vanisterror"
"1893294686028063004","Sat Feb 22 13:40:03 +0000 2025","0","Final primera parte Everton 2 Manchester United 0. https://t.co/lLB4ppdoBh a través de @marca","1893294686028063004","","","es","España","0","0","0","https://x.com/FantasyMarca/status/1893294686028063004","68694163","FantasyMarca"
"1893294673277423776","Sat Feb 22 13:40:00 +0000 2025","23","INICIO DEL SEGUNDO TIEMPO: Everton 2-0 Manchester United. No pediré nada al final no son capaces de nada tampoco #ForeverUnited https://t.co/HSCCiWvpCH","1893294673277423776","https://pbs.twimg.com/media/GkZVd48WQAA0m7n.jpg","","es","Manchester, England","0","3","2","https://x.com/MUnitedEs/status/1893294673277423776","257965632","MUnitedEs"
"1893294623478435889","Sat Feb 22 13:39:48 +0000 2025","0","Lamentablemente el Manchester United es un club olvidado por Dios.","1893294623478435889","","","es","Julianista desde 2018.","0","0","0","https://x.com/ElJulianismo/status/1893294623478435889","1040430111638659072","ElJulianismo"
"1893294603521999074","Sat Feb 22 13:39:43 +0000 2025","0","Patrick Dorgu es lo único salvable del Manchester United en los dos últimos partidos.","1893294603521999074","","","es","Islas Canarias, España","0","0","0","https://x.com/DiegoGarciia_8/status/1893294603521999074","1245740883766579203","DiegoGarciia_8"
"1893294594143440984","Sat Feb 22 13:39:41 +0000 2025","0","Manchester United no importa cuánto inverte: siempre va a decepcionar","1893294594143440984","","","es","","0","0","0","https://x.com/Pekki100/status/1893294594143440984","3362573243","Pekki100"
"1893294550849876288","Sat Feb 22 13:39:31 +0000 2025","2","Sábado a la mañana juega Manchester United de Scholes Giggs Van Nisterooy Vs. Arsenal de Vieira Pires Henry. Relata el Bambino. Qué recuerdos ! https://t.co/HXG7o1Ky42","1893294550849876288","https://pbs.twimg.com/media/GkZVXC2XIAMRZY_.jpg","","es","","0","0","0","https://x.com/nachopatrone1/status/1893294550849876288","1519111756353785856","nachopatrone1"
"1893294519380001256","Sat Feb 22 13:39:23 +0000 2025","4","¡Arranca el segundo tiempo! Everton 2-0 Manchester United ️️ ️ @CopanAlvarez y @DonBisca @NBCUniverso y Telemundo APP ️ https://t.co/hxddl5SPHd #LigaPremierTD https://t.co/6eBVsVcgh2","1893294519380001256","https://pbs.twimg.com/media/GkZRyEcWMAAtmif.jpg","","es","","0","0","1","https://x.com/TelemundoSports/status/1893294519380001256","63818752","TelemundoSports"
"1893294195445481577","Sat Feb 22 13:38:06 +0000 2025","205","¿Te gustaría que descienda el Manchester United? 🅱️","1893294195445481577","","","es","","11","31","3","https://x.com/Encu5Futbol/status/1893294195445481577","1498764837601484801","Encu5Futbol"
"1893294122720428139","Sat Feb 22 13:37:49 +0000 2025","0","Lo del Manchester united da es hasta rabia. No soy hincha si simpatizante pero ni cambiando de técnico....Tienen que irse desde los hermanos Glazer hasta el utilero del equipo","1893294122720428139","","","es","Bogotá, D.C., Colombia","0","0","0","https://x.com/jhonmont31/status/1893294122720428139","1523770129150099463","jhonmont31"
"1893294027811783016","Sat Feb 22 13:37:26 +0000 2025","74","No creo que haya un peor equipo en la Premier League que este Manchester United. Hay equipos que han sumado menos puntos. Es diferente. #MUFC","1893294027811783016","","","es","","0","2","4","https://x.com/dvacapereira/status/1893294027811783016","588453323","dvacapereira"
"1893294013467300009","Sat Feb 22 13:37:23 +0000 2025","0","En el partido de hoy el daño no lo hace el Everton se lo hace el Manchester United solo. Errores en la salida de balón casi no le hace falta presionar al equipo de David Moyes para que los reds devils pierdan la pelota.","1893294015535063527","","Nataliaaablanco","es","","0","1","0","https://x.com/Nataliaaablanco/status/1893294015535063527","1508148786702569479","Nataliaaablanco"
"1893293868365349048","Sat Feb 22 13:36:48 +0000 2025","0","O Manchester United está morto!","1893293868365349048","","","es","Starbucks Coffee","0","0","0","https://x.com/Vic_Rodriguues/status/1893293868365349048","1488654463992795140","Vic_Rodriguues"
"1893293842750714047","Sat Feb 22 13:36:42 +0000 2025","0","Con unas condiciones geográficas económicas y sociales que no tiene ni PSG ni Manchester United ni Juventus el complejo de inferioridad en la última década del Atlético de Madrid le impide ser un top-2 de España y top-5 de Europa.","1893293842750714047","","","es","Madrid","0","1","0","https://x.com/AdriArranz/status/1893293842750714047","114499068","AdriArranz"
"1893293822852972910","Sat Feb 22 13:36:37 +0000 2025","0","Si el United estaba moribundo Ten Hag lo termino de hundir. Fue la eutanasia de Manchester","1893293822852972910","","","es","Houston, TX","0","0","0","https://x.com/UnHijoDeSuMadre/status/1893293822852972910","90989775","UnHijoDeSuMadre"
"1892331779672998072","Sat Feb 22 13:36:23 +0000 2025","0","@lautarodeIcampo El @realmadrid eliminó al más débil City pero no olvidemos que el peor Manchester United elimino al Barcelona no de la Champion de la EUROPA LEAGUE ja ja ja ja","1893293762731765955","","lautarodeIcampo","es","Toluca, México","0","0","0","https://x.com/Israel_GalCar/status/1893293762731765955","109722249","Israel_GalCar"
"1893293749276389579","Sat Feb 22 13:36:20 +0000 2025","5"," La increíble deuda que tiene el Manchester United y las drásticas medidas para reducirla ️ El club ha sacado la tijera para ahorrar costes con medidas sorprendentes https://t.co/6UibcTr8vC","1893293749276389579","","","es","Cadena COPE","0","3","0","https://x.com/tjcope/status/1893293749276389579","182330628","tjcope"
"1893293617264931150","Sat Feb 22 13:35:48 +0000 2025","0","Tienen que hacerle una limpia a Manchester United. Pierde en el entretiempo 2 - 0 @premierleague","1893293617264931150","","","es","Montevideo, Uruguay","0","0","0","https://x.com/Arnulforeyes92/status/1893293617264931150","1030872094500900865","Arnulforeyes92"
"1893293573086327101","Sat Feb 22 13:35:38 +0000 2025","0","La mejor definición de la situación del Manchester United es que si no fuera porque hay 4 equipos espantosos estarían en serio riesgo de descenso.","1893293573086327101","","","es","Barcelona, Catalunya","0","0","0","https://x.com/wegotmcginnFCB/status/1893293573086327101","3279580205","wegotmcginnFCB"
"1892616309109588343","Sat Feb 22 13:34:56 +0000 2025","1","@dharnyyoung El sitio donde vives es importante para ser feliz nunca va a ser lo mismo vivir en Mánchester que en Sevilla. Y eso no lo puede cambiar al Manchester United por mucho dinero que tenga supongo y más para un brasileño que algo tendrá que ver","1893293399140192535","","dharnyyoung","es","Barcelona, Cataluña","0","0","0","https://x.com/akimoski/status/1893293399140192535","414124923","akimoski"
"1893293397793722873","Sat Feb 22 13:34:56 +0000 2025","3","El Manchester United no pelea el descenso porque ya hay cuatro equipos prácticamente fijos que lo pelean. Pero en una Premier más competitiva estaría peleándolo sin problemas.","1893293397793722873","","","es","","0","0","0","https://x.com/maximacaya96/status/1893293397793722873","567111990","maximacaya96"
"1892755475596300708","Sat Feb 22 13:34:51 +0000 2025","0","@Gabriel28569451 @Power1Sanmiguel @santigrizas19 Pero le ganaron al Manchester United siendo campeón en Inglaterra uno de los más grandes de Europa. La ganaron pero no a un grande.","1893293378030227695","","Gabriel28569451","es","","0","1","0","https://x.com/4America1Mundo/status/1893293378030227695","1617363048527699970","4America1Mundo"
"1893293221461012826","Sat Feb 22 13:34:14 +0000 2025","0","Penoso lo del Manchester United ni un solo tiro al arco. ","1893293221461012826","","","es","Guayaquil, Ecuador","0","0","0","https://x.com/johnsamo/status/1893293221461012826","167158103","johnsamo"
"1893293210769756417","Sat Feb 22 13:34:11 +0000 2025","49"," Cristiano Ronaldo era el problema del Manchester United https://t.co/fsgIrS86zu","1893293210769756417","https://pbs.twimg.com/media/GkZUG3AW0AA7_Op.jpg","","es","","2","1","8","https://x.com/Lavozgalactica/status/1893293210769756417","1249772684394803201","Lavozgalactica"
"1893293182638604779","Sat Feb 22 13:34:05 +0000 2025","1","Seguir al Manchester United me está arruinando la vida.","1893293182638604779","","","es","Bogotá.","0","0","0","https://x.com/Andru_Corre/status/1893293182638604779","2161836811","Andru_Corre"
"1893293139521102036","Sat Feb 22 13:33:54 +0000 2025","0","Los portugueses son el cancer del Manchester united","1893293139521102036","","","es","","0","0","0","https://x.com/benitez_ke92888/status/1893293139521102036","1760771089842556928","benitez_ke92888"
"1893293123402416548","Sat Feb 22 13:33:50 +0000 2025","26","Que joya que en el medio tiempo del Everton vs Manchester United en @tubi_mx pasen cortos de películas de La India María!!","1893293123402416548","","","es","Mexico City / Tampa Bay Fl. ","0","3","1","https://x.com/Patottas/status/1893293123402416548","86085425","Patottas"
"1893293076275249553","Sat Feb 22 13:33:39 +0000 2025","8620","Estamos todos de acuerdo en que queremos ver al Manchester United descender no? https://t.co/feDyjNEzqz","1893293076275249553","https://pbs.twimg.com/media/GkZUBLbW8AEn22s.jpg","","es","","40","397","169","https://x.com/FCB_nenn/status/1893293076275249553","3269591084","FCB_nenn"
"1893293009204093121","Sat Feb 22 13:33:23 +0000 2025","0","El Manchester United necesita limpiar la plantilla al igual que el City. No es posible que lleven tantos años jugando mal siendo que son un equipo tan grande.","1893293009204093121","","","es","CDMX","0","0","0","https://x.com/jorge_imf/status/1893293009204093121","1341897930945351680","jorge_imf"
"1893292762809704580","Sat Feb 22 13:32:24 +0000 2025","0","2-0 perdiendo al descanso contra el Everton este Manchester United está muerto y enterrado. Necesitan una reconstrucción grande y pasar aún más años oscuros.","1893292762809704580","","","es","Barcelona, Catalunya","0","0","0","https://x.com/wegotmcginnFCB/status/1893292762809704580","3279580205","wegotmcginnFCB"
"1893282542473617638","Sat Feb 22 13:33:05 +0000 2025","0","@MauroCardenas27 No son los jugadores hay un entorno que está dañando todo el Manchester United","1893292933874368770","","MauroCardenas27","es","Colombia","0","0","0","https://x.com/Dianapaolape/status/1893292933874368770","128402047","Dianapaolape"
"1893292693742133748","Sat Feb 22 13:32:08 +0000 2025","0","Nada como despertarse y ver que el Manchester United está perdiendo. Es una caricia al alma una alegría muy temprana.","1893292693742133748","","","es","","0","0","0","https://x.com/StarLord_CISF/status/1893292693742133748","1365350224856829959","StarLord_CISF"
"1893292636376633711","Sat Feb 22 13:31:54 +0000 2025","0","Ya es preocupante lo del Manchester United Everton 2️⃣ 🆚 Manchester United 0️⃣ #PremierLeague","1893292636376633711","","","es","Candelaria ","0","0","0","https://x.com/Focodelfutbol/status/1893292636376633711","1765944640182657024","Focodelfutbol"
"1893292595863777760","Sat Feb 22 13:31:45 +0000 2025","0","La cama que le están haciendo los jugadores del Manchester United a Ruben Amorim. https://t.co/zU6s0dj3Al","1893292595863777760","https://pbs.twimg.com/media/GkZTlS_X0AAFWgu.jpg","","es","Puente Alto, Santiago, Chile","0","0","0","https://x.com/Panshooo_/status/1893292595863777760","101943263","Panshooo_"
"1893292591011033455","Sat Feb 22 13:31:44 +0000 2025","0","Hii ndio Manchester United tunajua si ile ya Europa league ","1893292591011033455","","","es","North Carolina, USA","0","0","0","https://x.com/Segera_Nyaundi/status/1893292591011033455","1883769747143098368","Segera_Nyaundi"
"1893292555313234425","Sat Feb 22 13:31:35 +0000 2025","0","Aye Manchester united ti baje ","1893292555313234425","","","es","","0","0","0","https://x.com/iam_exeebit/status/1893292555313234425","1068877490028978178","iam_exeebit"
"1893292553933312301","Sat Feb 22 13:31:35 +0000 2025","2","La apretada más tranqui al plantel del Manchester United:","1893292553933312301","","","es","","0","0","0","https://x.com/ElProfeUY/status/1893292553933312301","1811458333423075329","ElProfeUY"
"1893292455467831801","Sat Feb 22 13:31:11 +0000 2025","0","Que jodido es ver al Manchester United en la más absoluta decadencia...","1893292455467831801","","","es","La calma","0","0","0","https://x.com/_cristian_093/status/1893292455467831801","2868050237","_cristian_093"
"1893292365760147947","Sat Feb 22 13:30:50 +0000 2025","0","Cuánto de poético hay en el 2-0 que le está endosando al Everton de David Moyes al Manchester United de Ruben Amorim ","1893292365760147947","","","es","Sevilla - Madrid - London","0","0","0","https://x.com/pabmontano/status/1893292365760147947","1046419519072346113","pabmontano"
"1893292360752058565","Sat Feb 22 13:30:49 +0000 2025","0","Everton 2 Manchester United 0 1T Horrible defendemos no se puede con este equipo estamos para pelear permanencia Bruno tan impreciso lo peor es que no hay cambios. Tenemos de ofensivos a Zirkzee y Hojlund no suman no aportan en nada","1893292360752058565","","","es","Ecuador","0","1","0","https://x.com/Futbolero_BSC/status/1893292360752058565","2871459353","Futbolero_BSC"
"1893288747984179225","Sat Feb 22 13:30:41 +0000 2025","0","@LxoMessismoFCB Alguien se acordaba del manchester united?","1893292327289975290","","LxoMessismoFCB","es","","0","0","0","https://x.com/MBAPP3_9/status/1893292327289975290","1779897466252300288","MBAPP3_9"
"1893292272923361727","Sat Feb 22 13:30:28 +0000 2025","8","Perdón por tan poco mereces acabar tu carrera en otro lado 🇵🇹 https://t.co/rohcUf3WrH","1893292272923361727","https://pbs.twimg.com/media/GkZTSWoXwAA3dqA.jpg","","es","Colombia","0","2","0","https://x.com/MUnitedCOL/status/1893292272923361727","1491199863073161219","MUnitedCOL"
"1893292067192750564","Sat Feb 22 13:29:39 +0000 2025","0","Parece hasta sospechoso como juega el Manchester united como si quisieran pararse y no hacer nada ofende demasiado la displicencia de este equipo @20legend4","1893292067192750564","","","es","Medellín - Colombia","0","0","0","https://x.com/Dagy_92/status/1893292067192750564","84600728","Dagy_92"
"1893292014222888992","Sat Feb 22 13:29:26 +0000 2025","0","¡MEDIO TIEMPO!󠁧󠁢󠁥󠁮󠁧󠁿⏸️ Ventaja para los de David Moyes al término de la primera mitad en Goodison Park. Everton 2-0 Manchester United / Jornada 26 #PremierLeague 2024/25 https://t.co/FS6DGuorLH","1893292014222888992","https://pbs.twimg.com/media/GkZTDdfW0AA-k9p.jpg","","es","México","0","0","0","https://x.com/DeporTotalMX/status/1893292014222888992","1006010731169370114","DeporTotalMX"
"1893291983780630941","Sat Feb 22 13:29:19 +0000 2025","1","Otro día en el Manchester United","1893291983780630941","","","es","México","0","0","0","https://x.com/FOOTBALLPUNX/status/1893291983780630941","1624203941562007554","FOOTBALLPUNX"
"1893291973538148811","Sat Feb 22 13:29:16 +0000 2025","35","0 04 xG y cero tiro a puerta. 6 toques en área rival. Esto ha sido el Manchester United en la primera parte en Goodison Park. Cada jornada se superan. Pueden dar gracias que la permanencia sea tan barata.","1893291973538148811","","","es","Madrid, Comunidad de Madrid","0","0","1","https://x.com/JoseAChozas/status/1893291973538148811","169929768","JoseAChozas"
"1893291946715549898","Sat Feb 22 13:29:10 +0000 2025","1","Que juegue la sub 15 si es necesario pero estos tipos no pueden volver a usar la camiseta del United. A Maguire hay que colgarlo en la plaza mas cercana","1893291946715549898","","","es","","0","0","0","https://x.com/teguiMUFC/status/1893291946715549898","1280002720695488513","teguiMUFC"
"1893291931691589992","Sat Feb 22 13:29:06 +0000 2025","0","Terrible panorama para el Manchester United de Rubén Amorim sensaciones de un equipo muy plano sin ideas claras de juego no se ve definido un estilo de atacar o defender. Qué pasará en ese vestuario que ningún entrenador logra dar con la tecla. #EVEMUN","1893291931691589992","","","es","Guadalajara, Jalisco","0","0","0","https://x.com/GrimaldoLS/status/1893291931691589992","764643468","GrimaldoLS"
"1893291910397104397","Sat Feb 22 13:29:01 +0000 2025","0","El Manchester United en la Liga española baja a segunda hoy","1893291910397104397","","","es","Manchester, England","0","0","0","https://x.com/WarriorTilted/status/1893291910397104397","1179179427869138944","WarriorTilted"
"1893291855900520490","Sat Feb 22 13:28:48 +0000 2025","2","️𝗕𝗘𝗧𝗢 𝗔𝗗𝗘𝗟𝗔𝗡𝗧𝗔 𝗔𝗟 𝗘𝗩𝗘𝗥𝗧𝗢𝗡 El portugués adelanta a los suyos tras una jugada defensiva particular por parte del Manchester United. https://t.co/Y8Ynx5bA68","1893291855900520490","https://pbs.twimg.com/media/GkZMVksXIAAP-vP.jpg","","es","Spain - España","0","0","1","https://x.com/_goldeoro_es/status/1893291855900520490","1678730733341294595","_goldeoro_es"
"1893291807997346114","Sat Feb 22 13:28:37 +0000 2025","0","Manchester United tiene cositas de Chile Sub20 ....","1893291807997346114","","","es","Santiago, Chile","0","0","0","https://x.com/jano_pinto/status/1893291807997346114","166258251","jano_pinto"
"1893291803228467393","Sat Feb 22 13:28:36 +0000 2025","0","Va a descender primero el Manchester United que el everton ","1893291803228467393","","","es","Barranquilla, Colombia","0","0","0","https://x.com/JUN_Moderno/status/1893291803228467393","1632431189213495297","JUN_Moderno"
"1893291512353394818","Sat Feb 22 13:28:30 +0000 2025","29","@fanovargas Mufaste al Manchester United hdp","1893291779547336817","","fanovargas","es","","0","3","0","https://x.com/Factous_Quispe/status/1893291779547336817","1798500326833577984","Factous_Quispe"
"1893291725361176614","Sat Feb 22 13:28:17 +0000 2025","0","El Manchester United ha marcado solo un gol en la primera mitad en sus últimos 11 partidos de la Premier League. (@Squawka) #mufc #mulive #EVEMUN https://t.co/z0PiNOB1Fw","1893291725361176614","https://pbs.twimg.com/media/GkZSydeWYAAp1od.jpg","","es","","0","0","0","https://x.com/MufcEspXtra/status/1893291725361176614","1791637713277407232","MufcEspXtra"
"1893291675931291864","Sat Feb 22 13:28:05 +0000 2025","1","El Manchester United ya parece un equipo sin remedio no importa el DT no importan los jugadores simplemente nos convertimos en un equipo de media tabla para abajo. No importa quienes estén ni la estrategia ni el ánimo o espíritu. Solo queda esperar un milagro. #MUFC","1893291675931291864","","","es","Manchester, England","0","0","0","https://x.com/AdnUnited/status/1893291675931291864","1294191094469730304","AdnUnited"
"1893291667870097572","Sat Feb 22 13:28:03 +0000 2025","1","Manchester united degradasi","1893291667870097572","","","es","","0","1","0","https://x.com/ffffyoung/status/1893291667870097572","1463900750094876675","ffffyoung"
"1893291666913566724","Sat Feb 22 13:28:03 +0000 2025","0","Santa Fe: Horrible Manchester United: Horrible Bayern Munich: Horrible Oye no fútbol trátame mejor!","1893291666913566724","","","es","Bogotá, Colombia","0","0","0","https://x.com/jadaza/status/1893291666913566724","76667224","jadaza"
"1893291581282656755","Sat Feb 22 13:27:43 +0000 2025","0","Quien iba llegar a pensar ver al glorioso manchester united casi peligrando entrar a los puestos del descenso la están pasando muy mal sus hinchas.","1893291581282656755","","","es","🇨🇴","0","0","0","https://x.com/eljerre16/status/1893291581282656755","1784679440854720512","eljerre16"
"1893291575389589888","Sat Feb 22 13:27:41 +0000 2025","4"," Al término del primer tiempo Manchester United está cayendo 2-0 ante Everton y no levanta cabeza. Beto y Doucouré los goles de los Toffees. https://t.co/RGhqUP4LWB","1893291575389589888","https://pbs.twimg.com/media/GkZSp11WYAAShn1.jpg","","es","Argentina","0","0","0","https://x.com/ElBigSix/status/1893291575389589888","1689034288677724160","ElBigSix"
"1893291555693142381","Sat Feb 22 13:27:37 +0000 2025","0","El Manchester United debe agradecer que los equipos que están en zona de descenso este año están muuuuy en descenso. Porque la temporada está siendo nefasta y en otras condiciones podrían estar en serio peligro. Igual van a tener que estar muy alerta.","1893291555693142381","","","es","Caracas, Venezuela","0","0","0","https://x.com/Victor_Petruzzi/status/1893291555693142381","275249788","Victor_Petruzzi"
"1893291554074173868","Sat Feb 22 13:27:36 +0000 2025","0","Es impresionante la similitud del último tiempo de Boca con el Manchester United","1893291554074173868","","","es","Chivilcoy, Argentina","0","0","0","https://x.com/FedericoVita3/status/1893291554074173868","821805436114444293","FedericoVita3"
"1893289642704646512","Sat Feb 22 13:27:36 +0000 2025","4","@mbagamdre El Real Madrid habría sido el Manchester United de los últimos 15 años o incluso peor si este hombre no hubiera hecho el chanchullo de la recalificación y salvar al Madrid de la quiebra. https://t.co/DwwlszKIP0","1893291552589459814","https://pbs.twimg.com/media/GkZSoZHW0AAqCof.jpg","mbagamdre","es","","0","3","1","https://x.com/OnlyBarcafans/status/1893291552589459814","1839088238205538304","OnlyBarcafans"
"1893291540300087657","Sat Feb 22 13:27:33 +0000 2025","0","Six Killer Diseases 1. Manchester United 2. Telecel 3. Pertussis 4. Tetanus 5. Tuberculosis 6. Poliomyelitis","1893291540300087657","","","es","Accra, Ghana","0","0","0","https://x.com/Immanuel__1/status/1893291540300087657","1349179185923825670","Immanuel__1"
"1893291520981082354","Sat Feb 22 13:27:28 +0000 2025","0","1️⃣ FINAL DEL PRIMER TIEMPO 1️⃣ Everton 2 - 0 Manchester United No hay nada que analizar. Son todos unos muertos desde la directiva hasta el aguatero. https://t.co/bHlXt7O6Vf","1893291520981082354","https://pbs.twimg.com/media/GkZSmtUXQAAVpWz.jpg","","es","","0","0","0","https://x.com/ManUtdCRC/status/1893291520981082354","1318222905390649344","ManUtdCRC"
"1893291445290783206","Sat Feb 22 13:27:10 +0000 2025","0","Cuando el partido del Manchester United iba 0 a 0 el Manchester hace una buena jugada y mi viejo tira que le cuesta a Boca jugar así? Y le digo; es que literalmente Boca juega así! Ahora el Manchester pierde 2 a0️","1893291445290783206","","","es","Argentina, bs as","0","0","0","https://x.com/Chavezequiel09/status/1893291445290783206","4411998633","Chavezequiel09"
"1893291443956904277","Sat Feb 22 13:27:10 +0000 2025","3","Es DECEPCIONANTE y TRISTE ver la actualidad del Manchester United. Extraño mucho a Sir Alex Ferguson y aquellos días de felicidad ","1893291443956904277","","","es","San Luis, Lima, Perú","0","1","0","https://x.com/christopherzeta/status/1893291443956904277","1071889140","christopherzeta"
"1893291401598669276","Sat Feb 22 13:27:00 +0000 2025","0","Es difícil hacer un análisis de este Manchester United pero eximir de culpa a Amorim tampoco es serio. El tipo quiere plasmar una idea que no le está funcionando y el equipo cada vez más hundido. No digo que cambiando todo se va a solucionar pero que se vea voluntad.","1893291401598669276","","","es","Colombia","0","0","0","https://x.com/killerdearea/status/1893291401598669276","835928035","killerdearea"
"1893291306874458185","Sat Feb 22 13:26:37 +0000 2025","3","Es terrible ver al Manchester United. Siempre puedes mantener la esperanza de que el equipo va a cambiar pero la realidad es que no. Si eres aficionado del United mucha fuerza porque la vas a necesitar.","1893291306874458185","","","es","","1","0","0","https://x.com/Nataliaaablanco/status/1893291306874458185","1508148786702569479","Nataliaaablanco"
"1893291321684816381","Sat Feb 22 13:26:41 +0000 2025","0","🇦🇷󠁧󠁢󠁥󠁮󠁧󠁿🇵🇹 Las calles NO olvidarán la delantera de Tevez Rooney y Cristiano Ronaldo en Manchester United.","1893291321684816381","","","es","","0","0","0","https://x.com/DiegoBenKar/status/1893291321684816381","362751033","DiegoBenKar"
"1893291335739695412","Sat Feb 22 13:26:44 +0000 2025","0","Sofascore está siendo muy misericordioso con el Manchester United sobre todo con Maguire que vergüenza de defensor central. https://t.co/Vq2E0IzjXH","1893291335739695412","https://pbs.twimg.com/media/GkZSb8WXcAAQ4nS.jpg","","es","En la Bogotá diversa ","0","0","0","https://x.com/Andrew_Garavito/status/1893291335739695412","224110171","Andrew_Garavito"
"1893291065521676761","Sat Feb 22 13:25:40 +0000 2025","0","Menos mal para el Manchester United existen esta temporada Leicester Ipswich y Southampton. Y todo hoy ante la mirada de Sir Alex Ferguson en Goodison Park.","1893291065521676761","","","es","Bogotá.","0","0","0","https://x.com/JDavidRamirez__/status/1893291065521676761","96242861","JDavidRamirez__"
"1893291061247660263","Sat Feb 22 13:25:39 +0000 2025","0","Increíble que después de ver el de Moyes van Gaal Ragnick y ten Hag este sea el por Manchester United que he visto. Le jodimos la vida a Amorim.","1893291061247660263","","","es","CDMX","0","0","0","https://x.com/galindowski/status/1893291061247660263","1890272652226371584","galindowski"
"1893291023117279697","Sat Feb 22 13:25:30 +0000 2025","0","El problema del Manchester United n NO es Rubén Amorim ni cualquier técnico que venga. Son los jugadores y es el club.","1893291023117279697","","","es","","0","0","0","https://x.com/MayaFN__/status/1893291023117279697","1358199338187567109","MayaFN__"
"1893290955236683782","Sat Feb 22 13:25:14 +0000 2025","149","El Manchester United sigue siendo un flan defensivamente. Si la Real tiene opciones desde luego es con el actual United. https://t.co/4C4xVdJ6Us","1893290955236683782","https://pbs.twimg.com/media/GkZQx21WQAAaRYM.jpg","","es","📊Datos 📣Aficiones ","2","3","2","https://x.com/GradaBpro/status/1893290955236683782","1223366469649600512","GradaBpro"
"1893290926010777797","Sat Feb 22 13:25:07 +0000 2025","0","Al descanso el Everton pasando por encima del Manchester United (2-0). No hay maneras de que el United retome el vuelo. #PremierLeague","1893290926010777797","","","es","Benaoján, España","0","0","0","https://x.com/miguelgs92/status/1893290926010777797","474051095","miguelgs92"
"1893290919949955121","Sat Feb 22 13:25:05 +0000 2025","28","Final del Primer Tiempo. Everton 2-0 Manchester United. 26 Partidos 29 Puntos Ya está muchachos. Enserio tiene que pasar algo grave para cambiar esto. Que se vuelva a vender el Club que el DT saque un fierro en el vestuario y bate a algún jugador. Que pase algo. https://t.co/IjiBd0fFTs","1893290919949955121","https://pbs.twimg.com/media/GkZSDq2X0AAphJP.jpg","","es","","0","6","0","https://x.com/ElProfeUY/status/1893290919949955121","1811458333423075329","ElProfeUY"
"1893290899443970512","Sat Feb 22 13:25:00 +0000 2025","0","Malparido Manchester United como podes estar perdiendo así con el Everton #EVEMUN","1893290899443970512","","","es","El país del fuego ","0","0","0","https://x.com/iamdanielco/status/1893290899443970512","182168966","iamdanielco"
"1893285721479237953","Sat Feb 22 13:25:00 +0000 2025","0","@ManUtd_Es Trajeron un entrenador totalmente diferente a Ten Hag para no traerle jugadores acordes a su estilo completamente estupido. PD: RAJEN A TODO EL CUERPO MÉDICO.","1893290897501999539","","ManUtd_Es","es","Guanaco tuerto, Chubut🇦🇷","0","0","0","https://x.com/ManUnitedPM/status/1893290897501999539","1696521127420719104","ManUnitedPM"
"1892860168691470718","Sat Feb 22 13:24:53 +0000 2025","0","@it_Rutie Davido Ronaldo Manchester United","1893290869001736670","","it_Rutie","es","Abuja, Nigeria","0","0","0","https://x.com/bubblewill63009/status/1893290869001736670","1804782630866411520","bubblewill63009"
"1893287587143442621","Sat Feb 22 13:24:53 +0000 2025","0","@UTDTrey Onana destroy Manchester United","1893290870167769427","","UTDTrey","es","somewhere around the globe","0","0","0","https://x.com/KingsolEth/status/1893290870167769427","1797392217884987393","KingsolEth"
"1893290881379127475","Sat Feb 22 13:24:56 +0000 2025","0","Decadencia total del Manchester united..","1893290881379127475","","","es","Guayaquil - Ecuador 🇪🇨","0","0","0","https://x.com/steven_u5/status/1893290881379127475","1416205245689090052","steven_u5"
"1893290848999104751","Sat Feb 22 13:24:48 +0000 2025","0","El Manchester United está para descender y ustedes tan tranquilos","1893290848999104751","","","es","","0","0","0","https://x.com/_maaaarce1/status/1893290848999104751","885570297381965824","_maaaarce1"
"1893290844683112598","Sat Feb 22 13:24:47 +0000 2025","0","El Manchester United vaya auténtica broma de equipo","1893290844683112598","","","es","","0","0","0","https://x.com/Lmgsm90/status/1893290844683112598","1041394788572909568","Lmgsm90"
"1893290827679473925","Sat Feb 22 13:24:43 +0000 2025","6","Termino el Primer Tiempo Everton 2 - 0 Manchester United Buen Primer Tiempo no lo dejamos ni aproximarse al arco las más peligrosa de ellos fue un tiro de Ugarte a seguir así no hay que confiarse estamos jugando Contra el United.","1893290827679473925","","","es","","0","2","0","https://x.com/Everton_URU/status/1893290827679473925","1837999230935281665","Everton_URU"
"1893290826005885352","Sat Feb 22 13:24:43 +0000 2025","0","¡Sigue el sufrimiento! Premier League || Medio Tiempo: Everton 2 (Beto Abdoulaye Doucouré) Manchester Utd 0. Mucho pero muuuuuuucho por cambiar en el segundo tiempo si el United piensa tan siquiera en igualar. https://t.co/XyEpRNL58d","1893290826005885352","https://pbs.twimg.com/media/GkZR-R7X0AAHDis.jpg","","es","Guatemala","0","0","0","https://x.com/LocoxelFutbol_/status/1893290826005885352","1155830176112173060","LocoxelFutbol_"
"1893290822365286675","Sat Feb 22 13:24:42 +0000 2025","1","Pobre Amorim es portugués estaba muy tranquilo en el Sporting de Portugal acababa de ser campeón en una buena liga haciendo una buena champions y ahora lanzarse ese peo con el Manchester United que no está así de mal por su culpa ya es una historia que viene de años","1893290822365286675","","","es","Houston, TX","0","0","0","https://x.com/UnHijoDeSuMadre/status/1893290822365286675","90989775","UnHijoDeSuMadre"
"1893290752207139307","Sat Feb 22 13:24:25 +0000 2025","0","este manchester united pierde contra una escuelita especial de artigas (importante que sea de artigas)","1893290752207139307","","","es","","0","1","0","https://x.com/ElSacoDeICAP/status/1893290752207139307","1495289483847217152","ElSacoDeICAP"
"1893290670665630083","Sat Feb 22 13:24:06 +0000 2025","95","Gente desearme suerte . Llega un momento en la vida que tienes que decidir que hacer aunque sea doloroso salir de tu entorno y lo que más quieres. Pero creo que ha llegado el momento. Me voy a hacer las pruebas al Manchester United .","1893290670665630083","","","es","Madrid","1","22","6","https://x.com/Jorgeatleti_/status/1893290670665630083","1459301129267908611","Jorgeatleti_"
"1893290616676577518","Sat Feb 22 13:23:53 +0000 2025","2","Descanso #PL. Everton 2-0 Manchester United (Beto Doucouré). Sigue de capa caída el United de Amorim. Empieza a ser preocupante el declive de los Red Devils. Ventaja cómoda para los de Moyes.","1893290616676577518","","","es","","0","0","1","https://x.com/FT_Total/status/1893290616676577518","4496179816","FT_Total"
"1893290613132398705","Sat Feb 22 13:23:52 +0000 2025","200","FINAL DEL PRIMER TIEMPO: Everton 2-0 Manchester United. No pelean una dividida. No se mueven. No defienden. NO LES INTERESA NADA ‍ #ForeverUnited https://t.co/0PwYGrNpoh","1893290613132398705","https://pbs.twimg.com/media/GkZRwpRXAAAuk55.jpg","","es","Manchester, England","2","48","4","https://x.com/MUnitedEs/status/1893290613132398705","257965632","MUnitedEs"
"1893290584099475531","Sat Feb 22 13:23:45 +0000 2025","1","Cuando se creía que el Manchester united no podía caer más bajo llega amorin impresentable lo de este tipo","1893290584099475531","","","es","","0","0","1","https://x.com/benitez_ke92888/status/1893290584099475531","1760771089842556928","benitez_ke92888"
"1893290566080758054","Sat Feb 22 13:23:41 +0000 2025","2","¡Termina el primer tiempo⌛! Everton 2-0 Manchester United ️️ Beto y Doucouré @NBCUniverso y Telemundo APP ️ https://t.co/hxddl5SPHd #LigaPremierTD https://t.co/cioKoJYrQ7","1893290566080758054","https://pbs.twimg.com/media/GkZRBqmWsAAal4c.jpg","","es","","0","0","1","https://x.com/TelemundoSports/status/1893290566080758054","63818752","TelemundoSports"
"1893290564503646702","Sat Feb 22 13:23:40 +0000 2025","0","Manchester United precisa acabar!","1893290564503646702","","","es","","0","0","0","https://x.com/gui_valeriano04/status/1893290564503646702","1373952040712470529","gui_valeriano04"
"1893290522422218812","Sat Feb 22 13:23:30 +0000 2025","0","Da pena como han destruido un club tan grande como el Manchester United.","1893290522422218812","","","es","","0","0","0","https://x.com/Robportiz24/status/1893290522422218812","1435749121768493060","Robportiz24"
"1893290500611784787","Sat Feb 22 13:23:25 +0000 2025","11","Ebembe ya Manchester United https://t.co/aob419FKgP","1893290500611784787","https://pbs.twimg.com/media/GkZRq7sWQAAHYar.jpg","","es","","5","1","1","https://x.com/twittozairois/status/1893290500611784787","1324460872664813569","twittozairois"
"1893290493330546977","Sat Feb 22 13:23:23 +0000 2025","4","En el everton tenemos ya muchos verdes pero si el Manchester united está peor que el Valladolid y no ataca o hacen cambios no entra esos fuera de juego. ESPABILA UNITED!!","1893290493330546977","","","es","","1","0","0","https://x.com/futbolpremierl/status/1893290493330546977","1829928877231063040","futbolpremierl"
"1893290493208822194","Sat Feb 22 13:23:23 +0000 2025","24","Con orden ganas y efectividad el Everton es más que este Manchester United. 2-0 en 45 minutos. Al equipo de Amorim se lo ve hasta mal físicamente. Sin ideas sin precisión y con los errores de siempre.","1893290493208822194","","","es","Argentina","0","2","0","https://x.com/20legend4/status/1893290493208822194","1064569378195283975","20legend4"
