"conversation_id_str","created_at","favorite_count","full_text","id_str","image_url","in_reply_to_screen_name","lang","location","quote_count","reply_count","retweet_count","tweet_url","user_id_str","username"
"1893729455157244084","Sun Feb 23 18:36:23 +0000 2025","0","@kenafricx21 Unaijua Manchester united anko?","1893731646622376172","","kenafricx21","it","","0","1","0","https://x.com/kasimuabuu98/status/1893731646622376172","1531168792507736064","kasimuabuu98"
"1893730064111382764","Sun Feb 23 18:30:05 +0000 2025","0","Unomudi mkomana ano support Manchester United ne City","1893730064111382764","","","it","","0","0","0","https://x.com/Suavefloew/status/1893730064111382764","1867144816875692032","Suavefloew"
"1893728569970335962","Sun Feb 23 18:24:09 +0000 2025","0","Il Manchester United è la dimostrazione per cui al Milan non basta spendere soldi bisogna anche avere una società dietro che sia vicino alla squadra se no faremmo la loro fine ma qui la colpa è solo dei giocatori e allenatore il problema sta a monte","1893728569970335962","","","it","Friuli-Venezia Giulia","0","0","0","https://x.com/Redblack100x100/status/1893728569970335962","2333536199","Redblack100x100"
"1893723464587964540","Sun Feb 23 18:03:52 +0000 2025","0","Manchester United é DECIMO QUINTO colocado da Premier League","1893723464587964540","","","it","Rua Mariano Procópio, 37","0","0","0","https://x.com/Leorz8/status/1893723464587964540","170414429","Leorz8"
"1893676632679821535","Sun Feb 23 17:35:31 +0000 2025","0","@JMariotz @miguuyamjeruman Manchester United usiseme kidogo ni unaiongelea sana","1893716329099624535","","JMariotz","it","","0","0","0","https://x.com/NovatyM27250/status/1893716329099624535","1699834656340996096","NovatyM27250"
"1893705301603278935","Sun Feb 23 17:01:15 +0000 2025","1","@OPlebeuDoSCCP Manchester United riu disso","1893707708026507467","","OPlebeuDoSCCP","it","na puta que o pariu","0","1","0","https://x.com/kakafodastico/status/1893707708026507467","1731329560078065664","kakafodastico"
"1893687615397704086","Sun Feb 23 16:04:51 +0000 2025","0","@Laudantes Devi avere pure un allenatore che approva. Invece voleva il giocattolino dal manchester united. Bloccandoci il mercato.","1893693512530502084","","Laudantes","it","","0","0","0","https://x.com/NapoliVertical/status/1893693512530502084","1297242568728641540","NapoliVertical"
"1893654008830607541","Sun Feb 23 13:27:52 +0000 2025","0","Ma Bonera cosa deve fare per essere cacciato? Il Milan in quanto a incompetenza è un unicum nel mondo del calcio. Forse solo il Manchester United è al nostro livello di schifo.","1893654008830607541","","","it","","0","0","0","https://x.com/Orochi0487/status/1893654008830607541","2858715791","Orochi0487"
"1893652565293748652","Sun Feb 23 13:22:08 +0000 2025","3","Manchester United Za Ta Rage Ma aikata https://t.co/LhaA6LcU0x","1893652565293748652","","","it","Abuja, Nigeria","0","0","0","https://x.com/LeadershipHausa/status/1893652565293748652","882484292","LeadershipHausa"
"1893652390101791022","Sun Feb 23 13:21:26 +0000 2025","30","Diao classico giocatore che il Manchester United paga 75 milioni a Giugno","1893652390101791022","","","it","","0","0","3","https://x.com/BottDontLie/status/1893652390101791022","3236554781","BottDontLie"
"1893635544535482639","Sun Feb 23 12:14:30 +0000 2025","0","Alex Ferguson Manchester United Guardiola Manchester City","1893635544535482639","","","it","","0","0","0","https://x.com/KarapinarTolga/status/1893635544535482639","2615213846","KarapinarTolga"
"1893610675601047915","Sun Feb 23 11:27:26 +0000 2025","0","@The254news Manchester united na intermiami","1893623700370362552","","The254news","it","Mutuati, Kenya","0","0","0","https://x.com/jahandrey7th/status/1893623700370362552","1751115885912190976","jahandrey7th"
"1893618128782815665","Sun Feb 23 11:05:18 +0000 2025","0","Siamo il Manchester United italiano mettetevi il cuore in pace","1893618128782815665","","","it","Milano, Lombardia","0","1","0","https://x.com/ILSERAFO/status/1893618128782815665","1083304457092382720","ILSERAFO"
"1893589885153419358","Sun Feb 23 10:49:48 +0000 2025","1","@ElboAcMilan rischiare di scendere no ma non mi stupirei di vedere il milan stabilmente nelle stesse posizioni del manchester united attuale","1893614226989629822","","ElboAcMilan","it","Bagdad, Iraq","0","0","0","https://x.com/CiauEngioier/status/1893614226989629822","1783434166895353856","CiauEngioier"
"1893594039984767393","Sun Feb 23 09:52:37 +0000 2025","8","@JulzOa @stevecounz prima la malattia era maldini mandato via ed è peggiorato tutto poi la malattia era pioli mandato via ed è peggiorato tutto ora la malattia sono theo leao e maignan ben vengano annate stile manchester united","1893599838962409856","","JulzOa","it","Bagdad, Iraq","2","0","4","https://x.com/CiauEngioier/status/1893599838962409856","1783434166895353856","CiauEngioier"
"1893598380539982292","Sun Feb 23 09:46:49 +0000 2025","6","Siamo diventati il Manchester United italiano.","1893598380539982292","","","it","","0","6","1","https://x.com/Turinquarto/status/1893598380539982292","1858982397552857088","Turinquarto"
"1893377242983469237","Sun Feb 23 09:20:24 +0000 2025","0","@stevecounz siete letteralmente il manchester united d italia","1893591728709312900","","stevecounz","it","","0","0","0","https://x.com/megadiret/status/1893591728709312900","1774445295838834688","megadiret"
"1893579639882223730","Sun Feb 23 08:35:14 +0000 2025","2","@Emiliangiolo Si fanno gite interessanti in graziosi paesi d'Europa per trovarsi a sfidare il Manchester United in finale.","1893580364947275841","","Emiliangiolo","it","Primo in classifica","0","2","0","https://x.com/interfcrozzano/status/1893580364947275841","784921032","interfcrozzano"
"1893286570192453643","Sun Feb 23 08:20:08 +0000 2025","1","@Marckay04 @JezzaUtd Manchester United oga.","1893576564773621873","","Marckay04","it","In God's Heart","0","0","0","https://x.com/Kayclown/status/1893576564773621873","217030805","Kayclown"
"1893569446964289897","Sun Feb 23 07:59:31 +0000 2025","1","@OfficialPhiwah Ingcono ngisho Chelsea bafo kunezami Manchester united https://t.co/Wf9H69spde","1893571377438900563","https://pbs.twimg.com/media/GkdRIbNWgAADkfb.jpg","OfficialPhiwah","it","South Africa","0","1","0","https://x.com/Wandi_SA/status/1893571377438900563","627782313","Wandi_SA"
"1892649073095635143","Sat Feb 22 17:57:29 +0000 2025","1","@Erfaina1988 Per raggiungere la finale di Bilbao la Roma dovrà affrontare: Bilbao. Mourinho. Manchester United. Percorso da Champions League mentre dall'altra parte giocano la Conference League. https://t.co/ljCsUDqcTg","1893359469557342358","https://pbs.twimg.com/media/GkaQZqMXsAA7k1c.jpg","Erfaina1988","it","","0","0","0","https://x.com/StucchiPepy68/status/1893359469557342358","766166996","StucchiPepy68"
"1893359320428937370","Sat Feb 22 17:57:01 +0000 2025","0","6e Paul Pogba - Manchester United - 105 millions https://t.co/PRQmKv0YFm","1893359353316397424","https://pbs.twimg.com/media/GkaQTHWWUAAIjhO.jpg","nahil231","it","","0","1","0","https://x.com/nahil231/status/1893359353316397424","1713804396151046144","nahil231"
"1893353392031814117","Sat Feb 22 17:50:22 +0000 2025","1","@acmilan Grazie Pulisic. Ora fai sembrare il nostro club come il Manchester United.","1893357680867029222","","acmilan","it","","0","0","0","https://x.com/SpongenoobG/status/1893357680867029222","1543897117172940800","SpongenoobG"
"1893294247459123317","Sat Feb 22 17:39:55 +0000 2025","0","@giampdisan @EdoardoMecca1 Quindi saresti contento se facessimo la fine del Manchester United? Beh juventino di ferro.","1893355048551256188","","giampdisan","it","Italia","0","0","0","https://x.com/1c25dbfb95c9456/status/1893355048551256188","3135394546","1c25dbfb95c9456"
"1893354533411078356","Sat Feb 22 17:37:52 +0000 2025","0","Manchester United interessato a maignan Dirigenza conquistata dalle capacità di fare una cagata dietro l altra da parte del francese garantendo continuità alle prestazioni di onana dovesse partire a fine stagione","1893354533411078356","","","it","Panchina","0","0","0","https://x.com/UTD_Ayatollah/status/1893354533411078356","1827294772085592064","UTD_Ayatollah"
"1893347827155181729","Sat Feb 22 17:29:00 +0000 2025","4","@elle2039 Io ricordo solo che il me di 10 anni quando avevamo comprato VIDIC dal MANCHESTER UNITED era gasatissimo","1893352304209731630","","elle2039","it","Milano, Lombardia","0","0","0","https://x.com/gasa7oe7orna7o/status/1893352304209731630","1860339452230385664","gasa7oe7orna7o"
"1893239799156290018","Sat Feb 22 17:08:47 +0000 2025","0","@10InfoBlaugrana @fichajesnet 100 millones por Araujo JKsjsksksksksjsksjsjsjsjsjsjsjsjsjsj el mercado y los precios de ahora son una mierda el PSG tiene la culpa y el Manchester United está manejado por muchos mogolicos","1893347216292540657","","10InfoBlaugrana","it","","0","0","0","https://x.com/SamuelRang87793/status/1893347216292540657","1642201302305320960","SamuelRang87793"
"1893346806076981628","Sat Feb 22 17:07:09 +0000 2025","5","Quello che ha fatto (non fatto in realtà) la dirigenza dell Arsenal a gennaio è criminale. Società perdente nel DNA come nessuna in Europa. Speriamo torni presto il Manchester United vera nobile. #PremierLeague","1893346806076981628","","","it","Italia","0","3","0","https://x.com/numeroset7e/status/1893346806076981628","1695104521666445312","numeroset7e"
"1893296688250392869","Sat Feb 22 17:06:02 +0000 2025","1","@VaneJuice Hanno tagliato i fondi per il programma dei clown nei reparti pediatrici. Trasmetteranno H24 di highlights delle partite del Manchester United per fare sorridere i bambini malati","1893346522919543234","","VaneJuice","it","","0","0","0","https://x.com/Paolo_2223/status/1893346522919543234","1690340585507348480","Paolo_2223"
"1893294247459123317","Sat Feb 22 17:02:40 +0000 2025","53","@giampdisan Preferisco puntare il modello Arsenal piuttosto che diventare il Manchester United d Italia.","1893345674600628497","","giampdisan","it","Milano, Lombardia","0","15","0","https://x.com/EdoardoMecca1/status/1893345674600628497","945645446","EdoardoMecca1"
"1892666490026860897","Sat Feb 22 16:45:02 +0000 2025","0","@juanito92x Tolte le finali per me la top five del rosicometro è Real Bayern Manchester United 1999 Porto Ajax","1893341240428462531","","juanito92x","it","","0","1","0","https://x.com/giuseppe_carrus/status/1893341240428462531","755704794","giuseppe_carrus"
"1892860168691470718","Sat Feb 22 16:24:01 +0000 2025","0","@it_Rutie Davido Cristiano Manchester united","1893335950450663449","","it_Rutie","it","","0","0","0","https://x.com/LautaroCha54635/status/1893335950450663449","1713632027453345792","LautaroCha54635"
"1893333470228648302","Sat Feb 22 16:14:10 +0000 2025","1","Il mio pensiero è quello di #moyes non fa una piega un punto con il Manchester United un mese orsono sarebbe stato oro ora c'è rammarico la politica dei piccoli passi ma anche la consapevolezza adesso di poter fare male a chiunque. #EVEMUN. #coyb.","1893333470228648302","","","it","","0","0","0","https://x.com/deatoffees/status/1893333470228648302","703192063513403392","deatoffees"
"1892963702917202203","Sat Feb 22 16:12:43 +0000 2025","0","@XaviSol_ Madrid vs Bayern Lazio vs Manchester","1893333104409944186","","XaviSol_","it","","0","0","0","https://x.com/NewtonUnited99/status/1893333104409944186","1452653762376519692","NewtonUnited99"
"1893321851595608065","Sat Feb 22 15:28:00 +0000 2025","1","Zirkzee a Bologna Zirkzee al Manchester United Minuti giocati: 2942 Minuti giocati: 1124 Goal : 12 Assist: 7 Goal: 5 Assist: 2 1 g/a ogni 154 min. 1 g/a ogni 160 min. Il rendimento non è calato. https://t.co/lMLYpeet54","1893321851595608065","https://pbs.twimg.com/media/GkZpHNNXwAAALNi.png","","it","","0","0","1","https://x.com/GiancarloMazz18/status/1893321851595608065","1546950472933703680","GiancarloMazz18"
"1893313011793715404","Sat Feb 22 15:19:50 +0000 2025","1","@George_Ambangil Bruno anaipenda sana sana sana Manchester united sema basi tu","1893319795799392564","","George_Ambangil","it","Dodoma, Tanzania","0","0","0","https://x.com/Chuzo___/status/1893319795799392564","1548056087441448963","Chuzo___"
"1893310804625076311","Sat Feb 22 15:12:38 +0000 2025","4","@giuventinismo Se dovessimo cambiare allenatore prepariamoci ad essere messi come il Manchester United. Senza la disponibilità di cassa del Manchester United. Serve continuità di progetto","1893317985961402736","","giuventinismo","it","","0","3","0","https://x.com/belbag1/status/1893317985961402736","1136426493385592832","belbag1"
"1893315465188872657","Sat Feb 22 15:02:37 +0000 2025","9","Bruno. https://t.co/m7jzGbXvWf","1893315465188872657","https://pbs.twimg.com/media/GkZoYFeW8AAJRju.jpg","","it","Old Trafford","0","0","0","https://x.com/DevilsTurkiye/status/1893315465188872657","1542186857999618048","DevilsTurkiye"
"1893273423071092799","Sat Feb 22 14:58:23 +0000 2025","5","@Viridia21191369 @Massimo7313 @FabioLisci @pablito551905 @PaulLamanski @CaprettoPaul @niun68 @pattanna66 @nuvolacristallo Che c'è di bello a Manchester? A parte lo United e il City??","1893314401039470617","","Viridia21191369","it","Sud Sardegna❤️","0","2","0","https://x.com/frasianonimeper/status/1893314401039470617","1300327642722455553","frasianonimeper"
"1893310162481373295","Sat Feb 22 14:41:33 +0000 2025","0","Nna Manchester United haikhona.","1893310162481373295","","","it","","0","0","0","https://x.com/Dowsky26/status/1893310162481373295","1146026526","Dowsky26"
"1893310022395871494","Sat Feb 22 14:40:59 +0000 2025","0","Nel pomeriggio di Goodison Park Everton e Manchester United si dividono la posta in palio: rammarico per i Toffees che conducevano 2-0 gioia per i Red Devils che riprendono una partita che sembrava persa https://t.co/rhuPvUSzP3 https://t.co/rhuPvUSzP3","1893310022395871494","","","it","Italia","0","0","0","https://x.com/ukcalcio/status/1893310022395871494","245974414","ukcalcio"
"1893309453530783795","Sat Feb 22 14:38:44 +0000 2025","7","immagina non vincere contro il Manchester United @moyes https://t.co/uLzwI03K1i","1893309453530783795","https://pbs.twimg.com/media/GkZi6aJXoAEaymT.jpg","","it","(As) Roma (Merda)","0","0","0","https://x.com/FedericoDav_SSL/status/1893309453530783795","1280993188686282752","FedericoDav_SSL"
"1893309126731510146","Sat Feb 22 14:37:26 +0000 2025","0","EPL FT : Everton 2-2 Manchester United Beto 19' Doucouré 33' - Bruno 72' Ugarte 80' @Radioshimafm https://t.co/GkELrxABnm","1893309126731510146","https://pbs.twimg.com/media/GkZimjPbUAAcj0S.jpg","","it","Burundi ","0","0","0","https://x.com/BaranderekaFra1/status/1893309126731510146","1174360238998327296","BaranderekaFra1"
"1893308963430539680","Sat Feb 22 14:36:47 +0000 2025","43","#PremierLeague FT : Everton 2-2 Manchester United Beto 19' Doucouré 33' - Bruno 72' Ugarte 80' #SimplySports https://t.co/7fnsaYJBOV","1893308963430539680","https://pbs.twimg.com/media/GkZid37WoAA4Dsa.jpg","","it","Nyarutarama KIGALI","0","0","1","https://x.com/bbkigalifm/status/1893308963430539680","1314578849292865537","bbkigalifm"
"1893308616913859046","Sat Feb 22 14:35:24 +0000 2025","4","FT Everton 2-2 Manchester United ️ Bruno Fernandes &amp; Manuel Ugarte #mufc","1893308616913859046","","","it","","0","0","0","https://x.com/RedReveal/status/1893308616913859046","3013468463","RedReveal"
"1893308398143218118","Sat Feb 22 14:34:32 +0000 2025","1","Ho sbagliato solo il pronostico su Everton-Manchester United https://t.co/LY5inUp2Ak","1893308398143218118","","","it","Londra","0","0","0","https://x.com/jack_omalley/status/1893308398143218118","239928313","jack_omalley"
"1893306740642357710","Sat Feb 22 14:27:57 +0000 2025","0","o Manchester United é FASCINANTE","1893306740642357710","","","it","Bernô City","0","1","0","https://x.com/fabiotb/status/1893306740642357710","25783384","fabiotb"
"1893308151807594661","Sat Feb 22 14:33:34 +0000 2025","0","Questo era il Manchester United nella finale di Champions del 2008. Sì sono passati 17 anni quasi ma questi furono i 14 mostri in campo quella sera in cui John Terry scivolò sul dischetto del calcio di rigore. Hargreaves e questo Brown non me li ricordavo sono sincero. https://t.co/CrkOvZRL2A","1893308151807594661","https://pbs.twimg.com/media/GkZhuxMXsAAcHix.jpg","","it","Roccabascerana, Campania","1","1","0","https://x.com/gaetano_barbati/status/1893308151807594661","1204850273170206722","gaetano_barbati"
"1893306303226724418","Sat Feb 22 14:26:13 +0000 2025","0","La formazione del Manchester United 3-4-2-1 un pacco dal Bologna uno da Gasperini un bidone da Marotta un bidone da Perez un bidone universalmente notorio come De Ligt. Questo è lo schifo lo squallore senza vergogna che è oggi il Manchester United. Mi viene da vomitare. https://t.co/2I6bYOhF64","1893306303226724418","https://pbs.twimg.com/media/GkZgDHuXEAA_oRT.jpg","","it","Roccabascerana, Campania","1","0","0","https://x.com/gaetano_barbati/status/1893306303226724418","1204850273170206722","gaetano_barbati"
"1893305834928590916","Sat Feb 22 14:24:21 +0000 2025","7","Il fatto che il Manchester United abbia più tifosi nel mondo di noi e addirittura del Real è inspiegabile.","1893305834928590916","","","it","","0","2","0","https://x.com/Rosso3Nero/status/1893305834928590916","1539316615853985792","Rosso3Nero"
"1893305224929980524","Sat Feb 22 14:21:56 +0000 2025","0","Premier League * Leicester City - Brentford: 0-4 * Aston Villa - Liverpool: 2-2 * Tottenham - Manchester United: 1-0 Serie A * Fiorentina - Como: 0-2 * Monza - Lecce: 0-0 * Udinese - Empoli: 3-0 * Parma - Roma: 0-1 * Juventus - Inter: 1-0 Cosa ne pensate?","1893305224929980524","","","it","Taranto, Puglia","0","0","0","https://x.com/Newsdelpallone/status/1893305224929980524","1872220283618340864","Newsdelpallone"
"1893304057239867680","Sat Feb 22 14:17:17 +0000 2025","15","Kwani Manchester united fans hamuongei?","1893304057239867680","","","it","111","0","1","6","https://x.com/l_ng240/status/1893304057239867680","1516057277681254403","l_ng240"
"1893303675533083081","Sat Feb 22 14:15:46 +0000 2025","0","O MANCHESTER UNITED É GIGANTE","1893303675533083081","","","it","Belo Horizonte","0","0","0","https://x.com/srgucec_/status/1893303675533083081","1380240007","srgucec_"
"1893303666351726816","Sat Feb 22 14:15:44 +0000 2025","0","GOOOOOOOOOOOOOOOOOOOOOOOOOOOOOOOOOOOOOOOOOOOOOOOOOOOOOOOOOOOOOOOOOOOOOOOOOOOOOOOOOOOOOOOOOOOOOOOOOOOOOOOOOOL É DO MANCHESTER UNITED! Everton 2 x 2 Manchester United #EVEMUN #PremierLeague https://t.co/X7k9ZbUutM","1893303666351726816","https://pbs.twimg.com/media/GkZdhwbWYAA4jFp.png","","it","Minas Gerais, Brasil","0","0","0","https://x.com/maycom1981/status/1893303666351726816","2573623507","maycom1981"
"1893303597481308536","Sat Feb 22 14:15:28 +0000 2025","0","Empate do Manchester United e rumo a virada haha","1893303597481308536","","","it","Goiás, Brasil","0","0","0","https://x.com/Leopoldo07F/status/1893303597481308536","168855671","Leopoldo07F"
"1893303208740548919","Sat Feb 22 14:13:55 +0000 2025","2","80' - O Manchester United empata. 2-2 #EVEMUN","1893303208740548919","","","it","","1","0","0","https://x.com/Everton_PT/status/1893303208740548919","1302890415557877765","Everton_PT"
"1893301505219838297","Sat Feb 22 14:07:09 +0000 2025","0","GOOOOOOOOOOOOOOOOOOOOOOOOOOOOOOOOOOOOOOOOOOOOOOOOOOOOOOOOOOOOOOOOOOOOOOOOOOOOOOOOOOOOOOOOOOOOOOOOOOOOOOOOOOL É DO MANCHESTER UNITED! Everton 2 x 1 Manchester United #EVEMUN #PremierLeague https://t.co/ejKtdUhDN3","1893301505219838297","https://pbs.twimg.com/media/GkZbkLsXgAASyAX.png","","it","Minas Gerais, Brasil","0","0","0","https://x.com/maycom1981/status/1893301505219838297","2573623507","maycom1981"
"1893301285509615900","Sat Feb 22 14:06:16 +0000 2025","34","Gasperini sarebbe l inizio della nostra trasformazione totale in manchester united d italia. Ma in generale se la Juve bruciasse il miglior allenatore della scorsa serie a in una stagione fatico a vedere uno che non sia Pep Guardiola che possa resistere a questa squadra","1893301285509615900","","","it","","0","8","1","https://x.com/gabryhz/status/1893301285509615900","1212663725963956225","gabryhz"
"1893299924260860328","Sat Feb 22 14:00:52 +0000 2025","1","Manchester united la barzelletta del campionato inglese si prospetta un'altra sconfitta sta perdendo 2-0 con Everton","1893299924260860328","","","it","","0","0","0","https://x.com/PolverinoVince3/status/1893299924260860328","936928256330051584","PolverinoVince3"
"1893299216186818621","Sat Feb 22 13:58:03 +0000 2025","1","Non deve essere facile per Walker che è passato dal Manchester City allo United","1893299216186818621","","","it","Bergamo, Italy","0","0","0","https://x.com/ariolsz/status/1893299216186818621","999163467843108864","ariolsz"
"1893299182540108119","Sat Feb 22 13:57:55 +0000 2025","2","Il Manchester United è una comica","1893299182540108119","","","it","Siena, Toscana","1","1","0","https://x.com/ValeStruffi87/status/1893299182540108119","1965309420","ValeStruffi87"
"1893298071775203737","Sat Feb 22 13:53:30 +0000 2025","2","Mazzarri sulla.panchina del Manchester United non avrebbe fatto questo disastro. #Amorimout","1893298071775203737","","","it","","0","0","0","https://x.com/Grande__Jack80/status/1893298071775203737","2732757370","Grande__Jack80"
"1893296356556419428","Sat Feb 22 13:46:41 +0000 2025","1","@RickyTrevisani ma com era la storia? Questi due qui erano i problemi del Manchester United? https://t.co/kQjx8BS9O9","1893296356556419428","https://pbs.twimg.com/media/GkZW_-tXoAAHiGi.jpg","RickyTrevisani","it","","0","0","1","https://x.com/luca_mo_2/status/1893296356556419428","1890350678134124545","luca_mo_2"
"1893295993950535731","Sat Feb 22 13:45:15 +0000 2025","1","Ukifocus saaana na Manchester United unaweza chizi. Amorim ","1893295993950535731","","","it","","0","0","0","https://x.com/Leitich_/status/1893295993950535731","1829193266614423555","Leitich_"
"1893294026712809477","Sat Feb 22 13:37:26 +0000 2025","0","Manchester United ebikoze nera https://t.co/n8PsAH0Zgu","1893294026712809477","https://pbs.twimg.com/media/GkZU4PNXEAAISXe.jpg","","it","Kampala, Uganda","0","0","0","https://x.com/KKerrebu/status/1893294026712809477","1498994026611195913","KKerrebu"
"1893293182110122318","Sat Feb 22 13:34:04 +0000 2025","0","Manchester United *rire*","1893293182110122318","","","it","","0","0","0","https://x.com/21_Elkaa/status/1893293182110122318","1007054229834534912","21_Elkaa"
"1893292290426233323","Sat Feb 22 13:30:32 +0000 2025","0","HT: Everton 2-0 Manchester United AMORIM S MANCHESTER UNITED ARE ZERO TO ZERO https://t.co/pt4yKuTC5C","1893292290426233323","https://pbs.twimg.com/media/GkZTTOeWkAAok2v.jpg","","it","Anywhere head carry me reach ","0","0","0","https://x.com/Sagacityseyi/status/1893292290426233323","1211723839341613057","Sagacityseyi"
"1893292714554196166","Sat Feb 22 13:32:13 +0000 2025","0","Manchester United itaniulia marafiki https://t.co/Z8veV0v8JN","1893292714554196166","https://pbs.twimg.com/ext_tw_video_thumb/1893292681301753856/pu/img/cgghTWWpnQVEVtSW.jpg","","it","Kilifi, Kenya.","0","0","0","https://x.com/damonalleki/status/1893292714554196166","262107968","damonalleki"
"1893292220565868994","Sat Feb 22 13:30:15 +0000 2025","0","Il cielo è azzurro sopra Liverpool (sponda Everton) ma è nero sopra Manchester (United). ManUtd in questo momento potenzialmente 9 punti sopra la zona retrocessione (se l Ipswich vince). Punto più basso degli ultimi 30 anni per i Red Devils? #PremierLeague #ManUtd #Everton https://t.co/0HqPDGwHqc","1893292220565868994","https://pbs.twimg.com/media/GkZTPKTW8AEam5G.jpg","","it","","0","0","0","https://x.com/MonfasaniMatteo/status/1893292220565868994","1496016019743293445","MonfasaniMatteo"
"1893290884143219191","Sat Feb 22 13:24:57 +0000 2025","0","A quest'uomo dovrebbe essere vietato di assistere alle partite del Manchester United o un giorno avrà un infarto e morirà sugli spalti per quanto sia merda la loro squadra https://t.co/qrkeqgfMeU","1893290884143219191","https://pbs.twimg.com/media/GkZSBdsXUAAiXuQ.jpg","","it","Palermo, Sicilia","0","0","0","https://x.com/siamo_Aquile/status/1893290884143219191","4309387702","siamo_Aquile"
"1893290595667583107","Sat Feb 22 13:23:48 +0000 2025","1278","EPL HT : Everton 2-0 Manchester United Beto 19' Doucouré 33' Gimana-gimana jang? https://t.co/TZor56Kw6k","1893290595667583107","https://pbs.twimg.com/media/GkZRw3WacAAUVJ3.jpg","","it","","58","309","24","https://x.com/idextratime/status/1893290595667583107","1222927522033094656","idextratime"
"1893290214669402613","Sat Feb 22 13:22:17 +0000 2025","0","Pitipiti ti de ba Manchester united.","1893290214669402613","","","it","Lagos","0","0","0","https://x.com/Tobiadegboye/status/1893290214669402613","342090338","Tobiadegboye"
"1893289931251802134","Sat Feb 22 13:21:09 +0000 2025","0","#Milan #CardinaleOUT Se volete avere una idea di cosa capita alle squadre con proprietà USA (anche quelle che spendono tanto ma senza IDEE) guardate il Manchester United o il Chelsea https://t.co/Z29yTP8OOQ","1893289931251802134","https://pbs.twimg.com/media/GkZRC8iXUAAqdnX.png","","it","","0","1","0","https://x.com/cosedifranci/status/1893289931251802134","1195657541461663744","cosedifranci"
"1893289342086402194","Sat Feb 22 13:18:49 +0000 2025","1","Manchester United e ti shofo o","1893289342086402194","","","it","Earth","0","0","0","https://x.com/TinnyEmmanuel/status/1893289342086402194","1603692339880411137","TinnyEmmanuel"
"1893289144878612781","Sat Feb 22 13:18:02 +0000 2025","0","Mimi sioni Amorim akisaidia Manchester United ","1893289144878612781","","","it","","0","0","0","https://x.com/mtotosumbuua/status/1893289144878612781","1803719333530456064","mtotosumbuua"
"1893287800759275661","Sat Feb 22 13:12:41 +0000 2025","2","Mi piange il cuore nel vedere il Manchester United in queste condizioni. Un branco di scarsoni sopravvalutati e senza personalità iniziando da Bruno Fernandes per arrivare a Maguire.","1893287800759275661","","","it","Taranto, Puglia","0","0","0","https://x.com/Vink901/status/1893287800759275661","1017872670107553798","Vink901"
"1893286103366459790","Sat Feb 22 13:07:49 +0000 2025","0","@Osei_Feliciaa Hahahahah Manchester United","1893286574999175584","","Osei_Feliciaa","it","Ghana","0","0","0","https://x.com/OpareisaacA/status/1893286574999175584","1536699812007010304","OpareisaacA"
"1893286475061469268","Sat Feb 22 13:07:25 +0000 2025","0","Manchester United Finito.","1893286475061469268","","","it","","0","0","0","https://x.com/Iam_Biyi/status/1893286475061469268","112174338","Iam_Biyi"
"1893286424360747221","Sat Feb 22 13:07:13 +0000 2025","6","Fa male al ️vedere un Manchester United nelle tenebre. Il disastro causato da Ten Hag è senza fine. https://t.co/6shWEzszMc","1893286424360747221","https://pbs.twimg.com/media/GkZN9u7XcAA3J68.jpg","","it","","0","1","0","https://x.com/AntoTavolieri/status/1893286424360747221","2559910725","AntoTavolieri"
"1893286355523821614","Sat Feb 22 13:06:57 +0000 2025","0","Manchester United eh nooon ","1893286355523821614","","","it","Guadeloupe","0","0","0","https://x.com/levycoco/status/1893286355523821614","325859200","levycoco"
"1893286182026400217","Sat Feb 22 13:06:16 +0000 2025","1","Maguire is a terrible center back Zero pace Zero technicality Zero contest #manutd #EVEMUN Manchester United","1893286182026400217","","","it","Lagos, Nigeria","0","1","0","https://x.com/reachdrajibade/status/1893286182026400217","1302029069651935232","reachdrajibade"
"1893285834817740887","Sat Feb 22 13:04:53 +0000 2025","2","non importa quanto il city faccia pena lo united sarà sempre peggio perché manchester ha solo un colore","1893285834817740887","","","it","","0","1","0","https://x.com/takenbynatasha/status/1893285834817740887","1400891125544669186","takenbynatasha"
"1893286016007463087","Sat Feb 22 13:05:36 +0000 2025","4","Amorim ha fatto l errore più grande della sua vita accettando il ruolo al Manchester United Si è infilato in uno psicodramma infinito","1893286016007463087","","","it","Italia","0","1","0","https://x.com/stillejosaltato/status/1893286016007463087","1443970235002986500","stillejosaltato"
"1893286148451041347","Sat Feb 22 13:06:08 +0000 2025","1","GOAAAAAAL EVERTON 2-0 MANCHESTER UNITED AHAHAHAHAHAHHAHAAHAHAH","1893286148451041347","","","it","","0","0","0","https://x.com/yrnrgee/status/1893286148451041347","1577633892504313857","yrnrgee"
"1893285785857655193","Sat Feb 22 13:04:41 +0000 2025","0","ma il Manchester United potrebbe essere anche peggio del Palermo","1893285785857655193","","","it","Palermo, Sicilia","0","0","0","https://x.com/siamo_Aquile/status/1893285785857655193","4309387702","siamo_Aquile"
"1893285775279542446","Sat Feb 22 13:04:39 +0000 2025","0","Deiiii Manchester United....","1893285775279542446","","","it","Malaysia ","0","0","0","https://x.com/_gamechanger_08/status/1893285775279542446","1011813638133276677","_gamechanger_08"
"1893285772901392516","Sat Feb 22 13:04:38 +0000 2025","1","Manchester United hahaha","1893285772901392516","","","it","","0","0","0","https://x.com/TacticalArteta/status/1893285772901392516","1359247360161947652","TacticalArteta"
"1893285749983744502","Sat Feb 22 13:04:33 +0000 2025","1","Il Manchester United è una Roma all'ennesima potenza: ci andrebbe messa una bomba e rasa totalmente al suolo. Dopo di che appena esce mezza foglia un'altra bomba per essere sicuro che da quello che c'era ora non nasca nulla","1893285749983744502","","","it","Rome, Italy","0","0","0","https://x.com/Ward1mu5/status/1893285749983744502","184055793","Ward1mu5"
"1893285742236860648","Sat Feb 22 13:04:31 +0000 2025","0","Manchester United HAHAHAHAHAAHHA","1893285742236860648","","","it","","0","0","0","https://x.com/TeslaPotential/status/1893285742236860648","1287768003573174272","TeslaPotential"
"1893285735936970769","Sat Feb 22 13:04:29 +0000 2025","0","E o nosso Manchester United ein","1893285735936970769","","","it","Ji-Paraná, Brasil","0","0","0","https://x.com/matheust2901/status/1893285735936970769","705982106","matheust2901"
"1893285648838078614","Sat Feb 22 13:04:08 +0000 2025","0","Quelle catastrophe Manchester United #PremierLeague","1893285648838078614","","","it","Paris, France","0","1","0","https://x.com/XavierMartinage/status/1893285648838078614","345499819","XavierMartinage"
"1893285620878868550","Sat Feb 22 13:04:02 +0000 2025","0","O Manchester United é Impressionante","1893285620878868550","","","it","São Paulo, Brasil","0","0","0","https://x.com/SPFC_JoaoP/status/1893285620878868550","2881634038","SPFC_JoaoP"
"1893285518839857272","Sat Feb 22 13:03:37 +0000 2025","0","Manchester United hhahahahahaahhahaahahah","1893285518839857272","","","it","","0","0","0","https://x.com/americanFutbolo/status/1893285518839857272","1877524800786120704","americanFutbolo"
"1893285297330192538","Sat Feb 22 13:02:45 +0000 2025","1","Noi ci lamentiamo ma quando deve essere frustrante tifare Manchester United nell'ultimo decennio","1893285297330192538","","","it","Isshiki-cho, Aichi","0","0","0","https://x.com/exxxxedemon/status/1893285297330192538","804751446306594816","exxxxedemon"
"1893284632105250879","Sat Feb 22 13:00:06 +0000 2025","2","7️⃣ partite. 5️⃣ goals. Trafitti Leicester City ️️ Liverpool ️ Crystal Palace ️ e Manchester United ️. #Beto sotto la guida di #Moyes si sta rivelando devastante. Si vede la diversa convinzione che ora ha nello sguardo e la reattività nelle gambe.","1893284632105250879","","","it","London, Milan","0","0","0","https://x.com/marcogarghe/status/1893284632105250879","510727626","marcogarghe"
"1893284342928945201","Sat Feb 22 12:58:57 +0000 2025","0","Esse time do Manchester United é pavoroso","1893284342928945201","","","it","Piedade, Rio de Janeiro","0","0","0","https://x.com/B8Matheus/status/1893284342928945201","1588885856","B8Matheus"
"1893283672222027863","Sat Feb 22 12:56:17 +0000 2025","0","Mi sa che l anno prossimo c è una buona possibilità di vedere il derby di Manchester in Serie B Sembra assurdo solo a pensarlo ma se lo United continua così e il City viene penalizzato è tutt altro che fantascienza","1893283672222027863","","","it","","0","0","0","https://x.com/Cartaigenico97/status/1893283672222027863","1211728513016852480","Cartaigenico97"
"1893283633655410943","Sat Feb 22 12:56:08 +0000 2025","6","Nicola Roggero a commentare il Manchester United è una garanzia di risate.","1893283633655410943","","","it","Casærta, Italy","0","1","0","https://x.com/pepjumped/status/1893283633655410943","1431939147548315648","pepjumped"
"1893283486095601794","Sat Feb 22 12:55:33 +0000 2025","0","Manchester United Hahahaha!!!!","1893283486095601794","","","it","Liverpool, England","0","0","0","https://x.com/faroukAlabi/status/1893283486095601794","713730554","faroukAlabi"
"1893283476897509513","Sat Feb 22 12:55:31 +0000 2025","1","Chi gliel'ha fatto fare ad Amorim di andare a Manchester ad allenare questo United....Una roba imbarazzante","1893283476897509513","","","it","Misano Adriatico","0","1","0","https://x.com/NovareseVolante/status/1893283476897509513","378197352","NovareseVolante"
"1893283217588789347","Sat Feb 22 12:54:29 +0000 2025","0","HAHAHAHAHAAA! MANCHESTER UNITED! ","1893283217588789347","","","it","","0","0","0","https://x.com/_Edem/status/1893283217588789347","1493051007739310080","_Edem"
"1893283040807321883","Sat Feb 22 12:53:47 +0000 2025","0","Manchester United defensivamente.","1893283040807321883","","","it","SP/PI Brazil","0","1","0","https://x.com/RyanWeavile/status/1893283040807321883","1129446147603521536","RyanWeavile"
"1893281855824175249","Sat Feb 22 12:49:04 +0000 2025","0","Manchester united-everton partita di un tasso tecnico imbarazzante per fortuna c'è Patrick Dorgu che sta dominando","1893281855824175249","","","it","","0","2","0","https://x.com/eisemberg27/status/1893281855824175249","1507085137003044868","eisemberg27"
"1893277642536702386","Sat Feb 22 12:32:20 +0000 2025","0","PREMIER LEAGUE - Everton-Manchester United le formazioni ufficiali: Lindstrom titolare Garnacho va in panchina https://t.co/6FplBXvQon","1893277642536702386","","","it","Napoli","0","0","0","https://x.com/napolimagazine/status/1893277642536702386","27416420","napolimagazine"
"1893276615389467006","Sat Feb 22 12:28:15 +0000 2025","0","PREMIER LEAGUE - Everton-Manchester United le formazioni ufficiali: Lindstrom titolare Garnacho va in panchina https://t.co/au4mYsY6GL","1893276615389467006","","","it","Napoli","0","0","0","https://x.com/apetrazzuolo/status/1893276615389467006","42287898","apetrazzuolo"
"1892939166377185694","Sat Feb 22 12:25:51 +0000 2025","0","@LupettoX La Roma deve temere solo se stessa Manchester United a parte tutte le altre squadre della parte destra del tabellone sono alla sua portata","1893276011619324102","","LupettoX","it","","0","0","0","https://x.com/vannozzi_paolo/status/1893276011619324102","1487392798106075138","vannozzi_paolo"
"1893267715730645106","Sat Feb 22 12:15:12 +0000 2025","1","@TheOtherDelo_ Mbona sioni Manchester United . Kwani hatuchezi?","1893273331043828013","","TheOtherDelo_","it","Locale","0","0","0","https://x.com/K_dotk/status/1893273331043828013","1429797365075087370","K_dotk"
"1893273134612005238","Sat Feb 22 12:14:25 +0000 2025","4","Manchester United alimu odd 3 ","1893273134612005238","","","it","Uganda","0","0","1","https://x.com/GozanOrijabo/status/1893273134612005238","1809571792765480964","GozanOrijabo"
"1893269868402593880","Sat Feb 22 12:01:26 +0000 2025","579"," Lazio are favorites to win Europa League 20% - Lazio 13.2% - Atheltic Bilbao 13% - Tottenham 8.1% - Roma 7.3% - Manchester United OPTA https://t.co/Qi3R45wtqj","1893269868402593880","https://pbs.twimg.com/media/GkY-zxLXMAAnmOU.jpg","","it","New York, NY","10","48","31","https://x.com/IFTVofficial/status/1893269868402593880","749010535384055810","IFTVofficial"
"1893265732302954611","Sat Feb 22 11:58:58 +0000 2025","0","@Football__Tweet Arsenal Manchester United Orlando Pirate Sevilla","1893269248455098720","","Football__Tweet","it","","0","0","0","https://x.com/AmosOmozusi/status/1893269248455098720","1531295054136070146","AmosOmozusi"
"1893220142470885831","Sat Feb 22 09:27:21 +0000 2025","4","@idextratime @fmeetsdata UCL : PSG Barcelona Real Madrid UEL : Manchester United Lazio Lyon UECL : Copenhagen Fiorentina Real Betis","1893231092661944790","","idextratime","it","Old Trafford","0","0","1","https://x.com/TheAmorimHolic/status/1893231092661944790","1813778052259934211","TheAmorimHolic"
"1893229353091076412","Sat Feb 22 09:20:26 +0000 2025","3","Joe Jordan: «#McTominay ha lasciato un vuoto nel centrocampo del Manchester United che errore cederlo» A Sportweek: «La sua cessione fa capire la confusione che c è lì. Gilmour è un calciatore intelligente #Napoli per lui è una grande occasione». https://t.co/71Xqxl7PX9","1893229353091076412","","","it","Italia","0","0","0","https://x.com/napolista/status/1893229353091076412","141693730","napolista"
"1892931825716097139","Sat Feb 22 09:14:49 +0000 2025","1","@alesco75 Senza contare che il Manchester United è di gran lunga la squadra più scarsa di quella parte di tabellone mi sa che non li ha visti giocare sta stagione","1893227936485949693","","alesco75","it","","0","0","0","https://x.com/fuckoff29114673/status/1893227936485949693","1572364108174950400","fuckoff29114673"
"1893227427632972075","Sat Feb 22 09:12:47 +0000 2025","0","IL PARERE - Jordan: Il Napoli ha fatto benissimo a prendere McTominay ha lasciato un vuoto in mezzo al campo al Manchester United https://t.co/qqXKDb8rrq","1893227427632972075","","","it","Napoli","0","0","0","https://x.com/napolimagazine/status/1893227427632972075","27416420","napolimagazine"
"1893226726181773318","Sat Feb 22 09:12:03 +0000 2025","0","@UnitedStandMUFC bruno 10","1893227243544936501","","UnitedStandMUFC","it","","0","0","0","https://x.com/MOguhik/status/1893227243544936501","1545332232797159424","MOguhik"
"1893226430445572158","Sat Feb 22 09:08:50 +0000 2025","0","IL PARERE - Jordan: Il Napoli ha fatto benissimo a prendere McTominay ha lasciato un vuoto in mezzo al campo al Manchester United https://t.co/B85WUFAHZr","1893226430445572158","","","it","Napoli","0","0","0","https://x.com/apetrazzuolo/status/1893226430445572158","42287898","apetrazzuolo"
"1893225624187163028","Sat Feb 22 09:05:37 +0000 2025","0","Joe Jordan: Il Manchester United ha fatto malissimo a cedere McTominay che errore! https://t.co/zW7dij2Vrk via @Il Mio Napoli","1893225624187163028","","","it","Italia, Napoli","0","0","0","https://x.com/ilmionapoli/status/1893225624187163028","700877107","ilmionapoli"
"1892860168691470718","Sat Feb 22 08:41:06 +0000 2025","0","@it_Rutie Davido️ Messi️ Manchester united ️","1893219451547365671","","it_Rutie","it","Jalingo, Nigeria","0","0","0","https://x.com/owen_o79772801/status/1893219451547365671","1591855722731606017","owen_o79772801"
"1892996363509522648","Sat Feb 22 08:40:00 +0000 2025","1","@DoctorM77 Finirà in qualche scambio con Chelsea o psg magari o anche Manchester United","1893219175608242284","","DoctorM77","it","Sardinia, Italy","0","0","0","https://x.com/ice24man/status/1893219175608242284","2384895819","ice24man"
"1892939166377185694","Sat Feb 22 07:39:23 +0000 2025","0","@LupettoX E la successiva Supercoppa vinta contro il Manchester United di Ferguson? Chiedo.","1893203921260233082","","LupettoX","it","","0","0","0","https://x.com/jamriverlazio/status/1893203921260233082","1890251809018478593","jamriverlazio"
"1893020398687580327","Sat Feb 22 07:33:21 +0000 2025","2","@natainfastidita @alesco75 E poi la Supercoppa contro il Manchester United di Ferguson. Non si ricorda?","1893202404889203079","","natainfastidita","it","","0","0","0","https://x.com/jamriverlazio/status/1893202404889203079","1890251809018478593","jamriverlazio"
"1893199019058266319","Sat Feb 22 07:19:54 +0000 2025","114","Manchester United inacheza leo Dunia nzima ina furaha https://t.co/ZzcnZLQHnm","1893199019058266319","https://pbs.twimg.com/media/GkX-eU1XAAAK_Xl.jpg","","it","Dar es Salaam, Tanzania","5","22","13","https://x.com/_yourBoyli4/status/1893199019058266319","1463769071825080322","_yourBoyli4"
"1892860168691470718","Sat Feb 22 05:10:57 +0000 2025","0","@it_Rutie Davido Messi Manchester united","1893166567313088804","","it_Rutie","it","","0","0","0","https://x.com/ISAACMARV678850/status/1893166567313088804","1876141255840681984","ISAACMARV678850"
"1892963702917202203","Sat Feb 22 01:28:57 +0000 2025","0","@XaviSol_ UCL Liverpool vs Inter UEL Lazio vs Manchester united","1893110700211376600","","XaviSol_","it","","0","0","0","https://x.com/sebaibarra20/status/1893110700211376600","1065291028322811905","sebaibarra20"
"1893095647999365211","Sat Feb 22 00:29:09 +0000 2025","1","Davido Ronaldo Manchester United Missionary ","1893095647999365211","","","it","Nigeria","0","0","0","https://x.com/Chidinmaok39485/status/1893095647999365211","1877250900164796416","Chidinmaok39485"
"1892875758671945775","Sat Feb 22 00:26:24 +0000 2025","0","@IceSurgenO @MaNu90090 @BrawlStars Mandy + Chester = Manchester. Osea pura broma le dicen united xd","1893094957034160236","","IceSurgenO","it","","0","0","0","https://x.com/SixeroFox/status/1893094957034160236","1435001424174202883","SixeroFox"
"1893064356864086502","Fri Feb 21 22:30:56 +0000 2025","0","@GuillePintos12 Basta.","1893065900728676478","","GuillePintos12","it","Pidiendo a Garnacho para Qatar","0","1","0","https://x.com/mutdargentina/status/1893065900728676478","1437113730823868420","mutdargentina"
"1893065025977287027","Fri Feb 21 22:29:56 +0000 2025","0","Romelu Lukaku e Paul Pogba (Manchester United 2019): In una partita contro il Wolverhampton Lukaku e Pogba hanno discusso su chi dovesse battere un rigore con Pogba che dopo una lunga discussione ha sbagliato il tiro dal dischetto. https://t.co/B6AOOUxQax","1893065649301131699","https://pbs.twimg.com/media/GkWFLRgXcAAmmGX.jpg","aleverzinoo","it","","0","1","0","https://x.com/aleverzinoo/status/1893065649301131699","1877254933696643072","aleverzinoo"
"1893060316767854800","Fri Feb 21 22:11:04 +0000 2025","0","Champions League 1998/99. Caso più unico che raro perché sia il Manchester United che il Bayern Monaco avevano fatto visita al Barcellona al Camp Nou stadio della finale. A una avrebbe portato fortuna all'altra sfortuna. Fino al 90' il Bayern vince dominando poi... https://t.co/r1yEv3mvZn","1893060898920501251","https://pbs.twimg.com/media/GkWA2vbXoAArmxK.jpg","mar_aie","it","Catania","0","1","0","https://x.com/mar_aie/status/1893060898920501251","499917668","mar_aie"
"1893048919103341020","Fri Feb 21 21:23:28 +0000 2025","1","🇳🇱 FEYENOORD Robin van Persie è il nuovo allenatore del Feyenoord firmato un contratto fino al 2027. L'ex attaccante di Arsenal e Manchester United lascia l'Heerenveen dopo meno di un anno. @LaCasaDelloSport","1893048919103341020","","","it","Italia","0","0","0","https://x.com/XOfficialCDS/status/1893048919103341020","1879497429722320896","XOfficialCDS"
"1892912560124334223","Fri Feb 21 21:13:57 +0000 2025","0","@FabrizioRomano @ActuFoot_ Manchester United or Lazio","1893046523841118481","","FabrizioRomano","it","Manchester, England","0","0","0","https://x.com/KicauRowo/status/1893046523841118481","1719911492894748672","KicauRowo"
"1893033758674031015","Fri Feb 21 20:39:50 +0000 2025","7","@_Gr3zy_ @MauOrbez1887 Concordo apparte Conte e Allegri negli ultimi anni nessun allenatore ha avuto un secondo anno roba inconcepibile così facendo si rischia di fare la fine del Manchester United","1893037940487397880","","_Gr3zy_","it","","0","2","0","https://x.com/Jpat_95/status/1893037940487397880","1665108041388244993","Jpat_95"
"1893033572220412278","Fri Feb 21 20:22:29 +0000 2025","0","Al di là del discorso assurdo dove sminuisce l unica coppa uefa vinta dalla sua squadra qualcuno mi spiega in quale Champions League affronteresti Athletic Bilbao Fenerbahce e Manchester United perfavore","1893033572220412278","","","it","Roma, Lazio","0","0","0","https://x.com/Sappito6/status/1893033572220412278","1512881949349715968","Sappito6"
"1893030268396568710","Fri Feb 21 20:10:58 +0000 2025","33","@marifcinter La cessione di Onana al Manchester United è una delle migliori operazioni della storia del calciomercato in Italia.","1893030677005648051","","marifcinter","it","","0","1","0","https://x.com/Ang_2699/status/1893030677005648051","1674686365445791749","Ang_2699"
"1893028555937980735","Fri Feb 21 20:02:33 +0000 2025","2","Premier League Everton vs Manchester United Live di ORI777 #PremierLeague #ORI777 #ligainggris #Everton #ManchesterUnited https://t.co/V4g9Wk8kDr","1893028555937980735","https://pbs.twimg.com/media/GkVja3naoAEhebo.jpg","","it","Kalimantan, Indonesia","0","0","1","https://x.com/DewasaWajib/status/1893028555937980735","1252891758213529600","DewasaWajib"
"1892999199521718577","Fri Feb 21 18:05:54 +0000 2025","0","Manchester United vs Lazio","1892999199521718577","","","it","","0","0","0","https://x.com/VhoGubz/status/1892999199521718577","1234081707336310784","VhoGubz"
"1892919504834854913","Fri Feb 21 17:21:05 +0000 2025","10","@romanismo85 Lo hai detto tu arrivare secondo al Bilbao non ha garantito un cammino più semplice... Solo il non fare i sedicesimi Anche il Manchester United terzo ha preso il Real Sociedad... è solo CULO/SFIGA!","1892987921516425263","","romanismo85","it","","0","4","0","https://x.com/Clauzinho3/status/1892987921516425263","1397098077878722561","Clauzinho3"
"1892983286630158746","Fri Feb 21 17:02:40 +0000 2025","1","Tira Manchester United e Ajax e coloca city e Barcelona que fica certo","1892983286630158746","","","it","Minas Gerais, Brasil","0","0","0","https://x.com/GuilhermeAV21/status/1892983286630158746","788887569899675648","GuilhermeAV21"
"1892974685257695487","Fri Feb 21 16:28:29 +0000 2025","2","Cunha il Manchester United ci proverà questa estate nonostante una richiesta che supera i 60 milioni sterline","1892974685257695487","","","it","","0","0","0","https://x.com/AConan_Doyle/status/1892974685257695487","1379021719122419715","AConan_Doyle"
"1892971094912516204","Fri Feb 21 16:14:13 +0000 2025","0","Quindi Mourinho che non allena in Champions e non vince scudetti da anni il Manchester United sedicesimo in Premier è un percorso da Champions League ok Lorenzo","1892971094912516204","","","it","Italia","0","0","0","https://x.com/Dangone_/status/1892971094912516204","379804891","Dangone_"
"1892968941162565964","Fri Feb 21 16:09:45 +0000 2025","0","E sé Cristiano Ronaldo fosse andato al Manchester City nel 2021? Era tutto fatto poi Ferguson lo ha convinto a tornare allo United. Con Guardiola avrebbe vinto un'altra Champions? https://t.co/s5200NePUx","1892969972613132359","https://pbs.twimg.com/media/GkUuKJaWAAIqLhk.jpg","aleverzinoo","it","","0","1","0","https://x.com/aleverzinoo/status/1892969972613132359","1877254933696643072","aleverzinoo"
"1892920937948795010","Fri Feb 21 16:08:44 +0000 2025","0","@utdscope Casemiro gotta rot","1892969715774943326","","utdscope","it","","0","0","0","https://x.com/MUFC_American/status/1892969715774943326","1883922707076595712","MUFC_American"
"1892912560124334223","Fri Feb 21 16:01:18 +0000 2025","1","@FabrizioRomano @ActuFoot_ Final: Manchester united vs Lazio","1892967844746244411","","FabrizioRomano","it","","0","0","0","https://x.com/sc300261/status/1892967844746244411","1721604326668242944","sc300261"
"1892931825716097139","Fri Feb 21 16:00:49 +0000 2025","12","@alesco75 Conference league e poi sono eintracht ajax e tottenham Champions League e sono il Manchester United 15esimo in premier e altre squadre filler","1892967724411658330","","alesco75","it","Rome","0","1","0","https://x.com/thedeathoflazio/status/1892967724411658330","990583009194795008","thedeathoflazio"
"1892912819349184547","Fri Feb 21 15:50:51 +0000 2025","1","@asrsupporter Le due semifinali potrebbero essere Lazio - Tottenham e Roma - Manchester United....","1892965215899148690","","asrsupporter","it","Roma, Lazio","0","0","0","https://x.com/Marco3372/status/1892965215899148690","81350058","Marco3372"
"1892946189189820920","Fri Feb 21 15:02:23 +0000 2025","0","@konesessuale Concordo al 100% tolto il Manchester United che in campionato sta facendo schifo secondo me siamo i più forti sinceramente non vedo tutti questi squadroni Il Lione è tanta roba anche loro hanno delle ottime individualità","1892953017311199251","","konesessuale","it","ASR","0","1","0","https://x.com/_ASR715_/status/1892953017311199251","1346410028991975424","_ASR715_"
"1892951964100518192","Fri Feb 21 14:58:12 +0000 2025","0","Lazio vs Manchester united Final","1892951964100518192","","","it","Manila City, National Capital","0","0","0","https://x.com/Baash_Kano/status/1892951964100518192","1075477751287701509","Baash_Kano"
"1892948964678267244","Fri Feb 21 14:46:17 +0000 2025","1","Davido Messi Manchester United","1892948964678267244","","","it","The Side That print $$$","0","1","0","https://x.com/AjibolaExchange/status/1892948964678267244","1192019949612650496","AjibolaExchange"
"1892860168691470718","Fri Feb 21 14:43:32 +0000 2025","0","@it_Rutie Davido Messi Manchester United","1892948272370622511","","it_Rutie","it","Lagos, Nigeria","0","0","0","https://x.com/lexiecash001/status/1892948272370622511","1800923555946799106","lexiecash001"
"1892916578548662743","Fri Feb 21 14:42:53 +0000 2025","0","@asrsupporter Devo essermi perso qualcosa in queste 2 ore. Hanno già giocato Fenerbahce-Rangers Steaua Bucarest-Lione Real Sociedad-Manchester United e il quarto di finale tra le vincenti delle ultime 2 partite?","1892948110306926871","","asrsupporter","it","","0","0","0","https://x.com/BobbiMatteo/status/1892948110306926871","1158494999740395522","BobbiMatteo"
"1892945723794075814","Fri Feb 21 14:33:24 +0000 2025","0"," Il Manchester United sta considerando un potenziale scambio che coinvolge Aleksandar Pavlovic del Bayern Monaco e Marcus Rashford. #FCBayern #MUFC #Bundesliga #PremierLeague","1892945723794075814","","","it","","0","0","0","https://x.com/mercatofeed/status/1892945723794075814","1852033785421828096","mercatofeed"
"1892455555286839787","Fri Feb 21 14:32:24 +0000 2025","0","@Kino16K Dev'essere andato a ripetizioni a Manchester sponda United per imparare come strapagare i giocatori.","1892945472672661647","","Kino16K","it","","0","0","0","https://x.com/OrbiDiBotte/status/1892945472672661647","1721167452736806913","OrbiDiBotte"
"1892945154744426512","Fri Feb 21 14:31:08 +0000 2025","0","Il ventiseiesimo turno di Premier League regala sfide bellissime: occhi puntati sul doppio confronto tra le città di Liverpool e Manchester è il weekend di Everton-United e City-Liverpool https://t.co/B2IlAqocUu https://t.co/B2IlAqocUu","1892945154744426512","","","it","Italia","0","0","0","https://x.com/ukcalcio/status/1892945154744426512","245974414","ukcalcio"
"1892944970371187049","Fri Feb 21 14:30:24 +0000 2025","14","Porto Atletic Bilbao Fenerbache Manchester United Milan di Sacchi Brasile 70' Barcellona di Messi","1892944970371187049","","","it","Roma","0","1","2","https://x.com/_FDR_1/status/1892944970371187049","1853560139271614464","_FDR_1"
"1892939166377185694","Fri Feb 21 14:27:02 +0000 2025","4","@GhostCrime3 sta pur sicuro che se arrivavo primo io beccavo Manchester united Tottenham Real Madrid e Brasile del 70","1892944123495096486","","GhostCrime3","it","Roma","0","2","0","https://x.com/LupettoX/status/1892944123495096486","352654810","LupettoX"
"1892943524527591586","Fri Feb 21 14:24:40 +0000 2025","0","Everton-Manchester United il pronostico di Premier League: Amorim cerca una scossa #ASRoma https://t.co/tS5hILCHfa","1892943524527591586","","","it","Roma","0","0","0","https://x.com/SoloLaRoma_it/status/1892943524527591586","1828814917471719424","SoloLaRoma_it"
"1892925087239606577","Fri Feb 21 14:18:49 +0000 2025","1","@haywhyy09 Hahaha am Anti Manchester United","1892942053526368725","","haywhyy09","it","","0","0","0","https://x.com/me_ercy/status/1892942053526368725","1795183655783981057","me_ercy"
"1892939166377185694","Fri Feb 21 14:17:51 +0000 2025","7","@LupettoX Mi ricordi chi è arrivato 15esimo? Arrivo primo mi devo beccare Lione Manchester united fenerbahce e Bilbao...","1892941811036942372","","LupettoX","it","","0","1","0","https://x.com/GhostCrime3/status/1892941811036942372","1594246286802296832","GhostCrime3"
"1892941697417433248","Fri Feb 21 14:17:24 +0000 2025","0","Everton-Manchester United il pronostico di Premier League: Amorim cerca una scossa #pronostici #scommesse #SerieA https://t.co/yFw5KEZPqm","1892941697417433248","","","it","","0","0","0","https://x.com/PronosticiPP/status/1892941697417433248","1841888670527209473","PronosticiPP"
"1892941645345120344","Fri Feb 21 14:17:12 +0000 2025","0","Everton-Manchester United (sabato 22 febbraio 2025 ore 13:30): formazioni quote pronostici https://t.co/Jt9bPdfeBJ #scommesse #pronostici","1892941645345120344","","","it","","0","0","0","https://x.com/infobetting/status/1892941645345120344","338173750","infobetting"
"1892914387167436906","Fri Feb 21 14:14:48 +0000 2025","4","@Claudel_it Incredibile come tra queste solo il Manchester United abbia fatto la Champions negli ultimi 10 anni sarà sicuramente un caso; così come è un caso il fatto che sei un cazzaro","1892941041935802747","","Claudel_it","it","","0","0","0","https://x.com/ilducabianco77/status/1892941041935802747","1897393410","ilducabianco77"
"1892938678890008850","Fri Feb 21 14:06:27 +0000 2025","0","squadra con la finale in casa Mourinho Fonseca Manchester united bestia nera lazietta dall altra parte coi salmonari","1892938940442648622","","gabriel1919__","it","Texas, USA","0","0","0","https://x.com/gabriel1919__/status/1892938940442648622","1215959686106812416","gabriel1919__"
"1892915515909152862","Fri Feb 21 13:51:22 +0000 2025","1","@BighiTheKid Un percorso simile sarebbe l'apoteosi: Bilbao-Fenerbahce-Manchester United-Lazio. Ci sarebbero parecchie rivincite da prendersi. FORZA ROMA!!!","1892935145742532688","","BighiTheKid","it","","0","2","0","https://x.com/CPier78/status/1892935145742532688","1340061289872318464","CPier78"
"1892489186885644398","Fri Feb 21 13:44:53 +0000 2025","0","@utdkobi Manchester United UCL: 1968 1999 and 2008. UEL: 2016 Super Cup: 1991","1892933516062609614","","utdkobi","it","Delhi, India","0","0","0","https://x.com/IshiSenpai_/status/1892933516062609614","1725493932467904512","IshiSenpai_"
"1892932890079453658","Fri Feb 21 13:42:24 +0000 2025","0","Flamengo e Manchester United ️","1892932890079453658","","","it","Rj Z.O 021","0","0","0","https://x.com/gabrielcrf81/status/1892932890079453658","3233500497","gabrielcrf81"
"1892925799528829342","Fri Feb 21 13:14:14 +0000 2025","0","Vedo già l isteria e il panico generale nel dover affrontare il temutissimo Fenerbahçe SK di Mourinho e il grande Manchester United degli incubi. Ve lo dico io come finirà: usciranno entrambe e chi arriverà in finale? Nemmeno sto a dirvelo Yo ho ho hooo ","1892925799528829342","","","it","Roma, Lazio","0","1","0","https://x.com/ZeritanTV/status/1892925799528829342","2342927341","ZeritanTV"
"1892912560124334223","Fri Feb 21 13:11:06 +0000 2025","2","@FabrizioRomano @ActuFoot_ Semi final will be: Lazio x Tottenham y Roma x Manchester United","1892925014594228376","","FabrizioRomano","it","","0","1","0","https://x.com/rhuaan17/status/1892925014594228376","2996035799","rhuaan17"
"1892215381781348401","Fri Feb 21 13:07:22 +0000 2025","0","@owngooal Messi vs Manchester United 2009 ECL.","1892924073128149249","","owngooal","it","Namibia","0","0","0","https://x.com/Pele_pee/status/1892924073128149249","104745290","Pele_pee"
"1892920825935691947","Fri Feb 21 13:02:54 +0000 2025","0","@gratian_barbosa Ni Manchester ila sio united","1892922950870851786","","gratian_barbosa","it","Home Boy","0","1","0","https://x.com/Dume_Jeuri__/status/1892922950870851786","1670795268235710464","Dume_Jeuri__"
"1892915023816560891","Fri Feb 21 12:53:32 +0000 2025","1","@MattRini96 @CheccoCasano Sì ma hanno comunque un gran culo perché l'Athletic Bilbao che è arrivata seconda fa contro di noi e il Manchester United terzo fa contro il Real Sociedad ","1892920591646114147","","MattRini96","it","","0","2","0","https://x.com/Clauzinho3/status/1892920591646114147","1397098077878722561","Clauzinho3"
"1892914387167436906","Fri Feb 21 12:51:52 +0000 2025","2","@Claudel_it Manchester United se arriva in semi è un miracolo. Superato l'Athletic il percorso è in discesa.","1892920171729236465","","Claudel_it","it","Roma","0","0","0","https://x.com/yaledioma69/status/1892920171729236465","159093935","yaledioma69"
"1892914387167436906","Fri Feb 21 12:47:54 +0000 2025","0","@Claudel_it dai che il manchester sta retrocedendo su le prime due saranno forti ma lo united ha solo il nome","1892919175431029197","","Claudel_it","it","","0","0","0","https://x.com/lapojannis/status/1892919175431029197","1284471424401510400","lapojannis"
"1892918715496169807","Fri Feb 21 12:46:05 +0000 2025","6","Tutaendelea tulipoanziaga https://t.co/76lWyVT2dQ","1892918715496169807","https://pbs.twimg.com/media/GkT_hw0W8AAzy_i.jpg","","it","Dar es Salaam, Tanzania","0","0","0","https://x.com/Unitedtanzania1/status/1892918715496169807","1485848815714381829","Unitedtanzania1"
"1892917357992898741","Fri Feb 21 12:43:51 +0000 2025","0","@Football__Tweet Manchester United vs Lazio","1892918154247942377","","Football__Tweet","it","Enugu, Nigeria","0","0","0","https://x.com/DrchamsJ/status/1892918154247942377","1891958302592073730","DrchamsJ"
"1892903773174980969","Fri Feb 21 12:42:03 +0000 2025","1","@pietromichi una tra Atletico Madrid e Real Madrid va fuori se la Roma passa butta fuori un'altra spagnola (Atletico Bilabo) la Real Sociedad deve affrontare cmq il Manchester United.... vedremo.","1892917703570080016","","pietromichi","it","","0","1","0","https://x.com/tonynegro88/status/1892917703570080016","1213425787","tonynegro88"
"1892912560124334223","Fri Feb 21 12:41:34 +0000 2025","1","@FabrizioRomano @ActuFoot_ Lazio vs Manchester united final","1892917578839805976","","FabrizioRomano","it","","0","0","0","https://x.com/MusiliuHeir/status/1892917578839805976","1800142690765438976","MusiliuHeir"
"1892913183016301028","Fri Feb 21 12:36:36 +0000 2025","1","@chideraonunkwo2 Davido Messi Manchester United","1892916330577145986","","chideraonunkwo2","it","","0","1","0","https://x.com/Mickyy_Beast/status/1892916330577145986","1176485602323292160","Mickyy_Beast"
"1892916181461356564","Fri Feb 21 12:36:00 +0000 2025","2","Senza la qualificazione in Champions League potrebbe essere sacrificato #Yildiz per una cifra intorno ai 90Mln€. Manchester City Chelsea Liverpool e Manchester United osservano la situazione. [@Gazzetta_it]","1892916181461356564","","","it","","0","0","0","https://x.com/AlphonsoCats/status/1892916181461356564","1886394538832318464","AlphonsoCats"
"1892914565555290224","Fri Feb 21 12:35:16 +0000 2025","3","@GianfrancoFeeni noi ipoteticamente: ROMA ATLETICO BILBAO (ritorno fuori) ROMA FENERBAHCE (ritorno in casa) ROMA MANCHESTER UNITED (ritorno fuori) loro ipoteticamente: LAZIO VIKTORIA PLZEN (ritorno in casa) LAZIO BODO GLIMT (ritorno in casa) LAZIO TOTTENHAM (ritorno in casa) NON HO PAROLE!!","1892915993116090540","","GianfrancoFeeni","it","","0","4","0","https://x.com/StewolfX/status/1892915993116090540","1830650111887568896","StewolfX"
"1892915967216283917","Fri Feb 21 12:35:09 +0000 2025","5","Ricapitolando il possibile: - Ottavi contro la squadra che ospita la finale - Quarti Mourinho - Semifinale Manchester United - Finale Quelli Chi cazzo ha fatto la sceneggiatura? #sorteggi #UEFAEuropaLeague #Roma #ASRoma #asr Pure Giubileo e Papa?!?! https://t.co/wgITKDobXE","1892915967216283917","https://pbs.twimg.com/media/GkT9CcfXgAApA7y.jpg","","it","Roma, Lazio","0","1","0","https://x.com/LucaColla3/status/1892915967216283917","3456756437","LucaColla3"
"1892915080771059765","Fri Feb 21 12:34:28 +0000 2025","0","@ManUtdBR Manchester United x Lazio será a final","1892915794540892538","","ManUtdBR","it","Goiás, Brasil","0","0","0","https://x.com/rafamarquesffc/status/1892915794540892538","136491681","rafamarquesffc"
"1892912560124334223","Fri Feb 21 12:33:22 +0000 2025","0","@FabrizioRomano @ActuFoot_ Manchester United noni","1892915516722774108","","FabrizioRomano","it","Lagos, Nigeria","0","0","0","https://x.com/BetbiEbong/status/1892915516722774108","1591082274401001472","BetbiEbong"
"1892914096795795879","Fri Feb 21 12:30:58 +0000 2025","1","@433 Final Lazio vs Manchester United","1892914911484797278","","433","it","Dallas, TX","0","0","0","https://x.com/UTD_Uzi01/status/1892914911484797278","1324747977869676545","UTD_Uzi01"
"1892914814055248313","Fri Feb 21 12:30:34 +0000 2025","1","Definito anche il tabellone dell Europa League. In questo caso Tottenham e Manchester United sono stati sorteggiati nei due lati opposti. Esiste quindi la possibilità di un derby inglese in finale. #UEL 󠁧󠁢󠁥󠁮󠁧󠁿","1892914814055248313","","","it","London, Milan","0","0","0","https://x.com/marcogarghe/status/1892914814055248313","510727626","marcogarghe"
"1892914387167436906","Fri Feb 21 12:28:53 +0000 2025","745","Per raggiungere la finale di Bilbao la Roma dovrà affrontare: Bilbao. Mourinho. Manchester United. Percorso da Champions League mentre dall'altra parte giocano la Conference League. https://t.co/8p2Jilt1SW","1892914387167436906","https://pbs.twimg.com/media/GkT7mYpX0AAaNp4.jpg","","it","","41","256","28","https://x.com/Claudel_it/status/1892914387167436906","380536716","Claudel_it"
"1892912560124334223","Fri Feb 21 12:28:41 +0000 2025","0","@FabrizioRomano @ActuFoot_ Manchester United are strong Europa contenders.","1892914338752868806","","FabrizioRomano","it","","0","0","0","https://x.com/GoodHomes_/status/1892914338752868806","1853236216788865024","GoodHomes_"
"1892666490026860897","Fri Feb 21 12:05:00 +0000 2025","0","@juanito92x Bayern la più brutta secondo me. Ma anche la semifinale col Manchester United nel 99 non scherza","1892908377837015434","","juanito92x","it","Birmingham uk","0","0","0","https://x.com/FabioPantuso/status/1892908377837015434","995143176","FabioPantuso"
"1892894524432609734","Fri Feb 21 11:09:57 +0000 2025","0","Senza la qualificazione in Champions League potrebbe essere sacrificato #Yildiz per una cifra intorno ai 90Mln€. Manchester City Chelsea Liverpool e Manchester United osservano la situazione. [@Gazzetta_it]","1892894524432609734","","","it","Roma, Lazio","0","0","0","https://x.com/bsn_1897/status/1892894524432609734","1661366269587738626","bsn_1897"
"1892860168691470718","Fri Feb 21 11:06:21 +0000 2025","0","@it_Rutie Davido Messi Manchester United","1892893618395910228","","it_Rutie","it","My Landlord House","0","0","0","https://x.com/babyfaceodus/status/1892893618395910228","112146793","babyfaceodus"
"1892884651473027078","Fri Feb 21 10:57:49 +0000 2025","0","@capuanogio Per campagna acquisti e rendimento una stagione da Manchester United","1892891470819938343","","capuanogio","it","","0","0","0","https://x.com/MarioxtwtMario/status/1892891470819938343","4160599461","MarioxtwtMario"
"1892872181287104957","Fri Feb 21 10:29:10 +0000 2025","11","@soralhellas Non so se vi rendete conto della possibilità di trovare: Lazio Fenerbahce Lione Manchester United La Roma dovrebbe sponsorizzare le sedute gratis da UnoBravo","1892884260429672481","","soralhellas","it","Roma","0","0","0","https://x.com/JacSal93/status/1892884260429672481","796017274989801472","JacSal93"
"1892868589146853806","Fri Feb 21 09:26:54 +0000 2025","487","️️ Senza la qualificazione in Champions League potrebbe essere sacrificato #Yildiz per una cifra intorno ai 90Mln€. Manchester City Chelsea Liverpool e Manchester United osservano la situazione. [@Gazzetta_it]","1892868589146853806","","","it","Torino, Piemonte","51","154","15","https://x.com/MatthijsPog/status/1892868589146853806","1375539930169012225","MatthijsPog"
"1892867924932567299","Fri Feb 21 09:24:15 +0000 2025","0"," Il Manchester United punta sul portiere dell'Atalanta Juan Musso a causa delle preoccupazioni sulla forma di Andre Onana. #Atalanta #MUFC #SerieA #PremierLeague","1892867924932567299","","","it","","0","0","0","https://x.com/mercatofeed/status/1892867924932567299","1852033785421828096","mercatofeed"
"1892867585881911605","Fri Feb 21 09:22:54 +0000 2025","2","Ragazzi se ci escono dalla nostra parte Lazio Fenerbahce e Manchester United io mi impicco","1892867585881911605","","","it","Padova, Veneto","0","0","0","https://x.com/PaololXDSus/status/1892867585881911605","1493150164470611975","PaololXDSus"
"1891217605840552128","Fri Feb 21 00:59:24 +0000 2025","0","@kauthraMuFc256 Hahaha Manchester united ","1892740876314530035","","kauthraMuFc256","it","Kampala, Uganda","0","0","0","https://x.com/kakaEntertainer/status/1892740876314530035","1560355945020100609","kakaEntertainer"
"1892714291855290394","Thu Feb 20 23:13:46 +0000 2025","0","L'anno nero di Manchester: dopo lo United anche al City soffia il vento della crisi https://t.co/Mim4XTDAqU https://t.co/Gt7CUyntmP","1892714291855290394","","","it","","0","0","0","https://x.com/Today_it/status/1892714291855290394","521244220","Today_it"
"1892675354931675377","Thu Feb 20 22:37:21 +0000 2025","1","@Federic69760850 @fbmaarket Potresti avere un percorso con Plzen Olimpiakos e in semifinale Real Sociedad come Roma Fenerbache e in semifinale il Manchester United.","1892705127250727090","","Federic69760850","it","","0","1","0","https://x.com/mar48556/status/1892705127250727090","1869699271127105536","mar48556"
"1892702078029476328","Thu Feb 20 22:30:28 +0000 2025","0","@MrBeast Ronaldo vs Manchester United U14","1892703394780913857","","MrBeast","it","Nowhere","0","0","0","https://x.com/dujardinn_/status/1892703394780913857","1043953633631629313","dujardinn_"
"1892691949804482726","Thu Feb 20 21:45:00 +0000 2025","2","Lazio Roma Manchester United Tottenham Mourinho e pure Fonseca col Lione. Una #EuropaLeague che potrebbe avere sviluppi stuzzicanti.","1892691949804482726","","","it","","0","0","0","https://x.com/Grande__Jack80/status/1892691949804482726","2732757370","Grande__Jack80"
"1892675354931675377","Thu Feb 20 21:06:42 +0000 2025","0","@fbmaarket Guarda che sorteggiano pure quarti di finale e semifinale domani tutto si saprà domani capace che becchi il plzen e poi capiti nella parte del tabellone di Tottenham Fenerbache Manchester United Francoforte Lione Sociedad e AZ.","1892682313047171206","","fbmaarket","it","","0","3","0","https://x.com/Federic69760850/status/1892682313047171206","1674708652626673670","Federic69760850"
"1892682273411236028","Thu Feb 20 21:06:32 +0000 2025","45","Un amore infinito quello tra Robin #vanPersie e il #Feyenoord che sembra ormai destinato a proseguire. Dopo essersi lanciato in Olanda prima di tornare nell ultima stagione della sua carriera da calciatore l ex giocatore di Arsenal e Manchester United è pronto a tornare come https://t.co/o9oCo4FSyJ","1892682273411236028","https://pbs.twimg.com/media/GkQofgnXMAA-Dqu.jpg","","it","","2","0","2","https://x.com/CronacheTweet/status/1892682273411236028","841286128581955586","CronacheTweet"
"1892575709371199790","Thu Feb 20 17:41:06 +0000 2025","0","@Maxi_Gooner Per me sei scemo. Società che hanno fatto la storia del calcio in Europa come real Manchester United Bayer Monaco Barcellona non hanno niente a che fare con la Juve. Avete 36 scudetti e tutti sappiamo come rileggendo la storia 1 coppa( vedi foto mia profilo l altra dopati","1892630571999789086","","Maxi_Gooner","it","","0","1","0","https://x.com/makese80/status/1892630571999789086","1649416404863533064","makese80"
"1892500463804723236","Thu Feb 20 17:05:30 +0000 2025","0","@maliduck Purtroppo sì questa è la verità. Però io pretenderò da parte degli addetti ai lavori il rispetto per ciò che è ed è stata la Juventus in Italia e in Europa. Purtroppo la nostra dimensione è questa come il Manchester United. Un gigante in declino","1892621612337287325","","maliduck","it","Death Star","0","0","0","https://x.com/Potereaisith/status/1892621612337287325","1305110961343393797","Potereaisith"
"1892598171580199195","Thu Feb 20 15:32:21 +0000 2025","0","Manchester United crisi in campo e fuori. Ma i Glazer non vendono https://t.co/jj7WYm22AM","1892598171580199195","","","it","","0","0","0","https://x.com/SLN_Magazine/status/1892598171580199195","1298287545202233348","SLN_Magazine"
"1892536416548102532","Thu Feb 20 14:32:46 +0000 2025","1","@_Gr3zy_ @ValeStruffi87 @38BiancoNero Io ho già scritto che siamo la versione discount del Manchester United. Stiamo bruciando tutto e tutti e sarà difficile trovare una via d'uscita","1892583176221901216","","_Gr3zy_","it","?","0","1","0","https://x.com/MauOrbez1887/status/1892583176221901216","470625402","MauOrbez1887"
"1892536416548102532","Thu Feb 20 14:02:44 +0000 2025","1","@38BiancoNero @_Gr3zy_ @ValeStruffi87 Il blasone del club è intatto come quello del Manchester United altrimenti Kolo Muani non verrebbe da noi in prestito","1892575618644029704","","38BiancoNero","it","?","0","2","0","https://x.com/MauOrbez1887/status/1892575618644029704","470625402","MauOrbez1887"
"1892347841424576907","Thu Feb 20 13:16:28 +0000 2025","0","@Spriv0Zalp Quest'anno nel girone di Europa League c'erano fra le altre Manchester United Lazio Tottenham Atletico Bilbao Roma Ajax Lione Galatasaray Porto... non penso arebbe stata una passeggiata ","1892563973884575907","","Spriv0Zalp","it","Santa Maria di Sala, Veneto","0","1","0","https://x.com/nerditudine/status/1892563973884575907","1079800282832343041","nerditudine"
"1892342990821052576","Thu Feb 20 13:10:51 +0000 2025","0","@Luca_mr_10 @AlegherMaz Non voglio riprendere Allegri e non so quanto possano cambiare le cose mandando via Motta...sembriamo essere il Manchester United. Prendi giocatori forti? Non concludi un cazzo... Prendi un allenatore che l'anno precedente aveva fatto benissimo? Non concludi un cazzo...","1892562560823554458","","Luca_mr_10","it","","0","1","0","https://x.com/dan94re/status/1892562560823554458","1396620736106745858","dan94re"
"1892550382288609402","Thu Feb 20 12:22:27 +0000 2025","237","Wazza di Goodison Park. @WayneRooney #MUFC || #PL https://t.co/ksrvoTbYGg","1892550382288609402","https://pbs.twimg.com/ext_tw_video_thumb/1892550175429910528/pu/img/P6qk7wXCdRaSK69K.jpg","","it","Old Trafford","0","3","9","https://x.com/ManUtd_ID/status/1892550382288609402","1846234722","ManUtd_ID"
"1892533832256983337","Thu Feb 20 12:12:35 +0000 2025","1","@FrancescoR0mano @dialessandro5 È logico che da solo consigli. Allena non fa il ds in Italia la figura dell'allenatore manager non esiste. Non è Alex Ferguson al Manchester united dei tempi d'oro","1892547897180279224","","FrancescoR0mano","it","Somma Vesuviana","0","0","0","https://x.com/ONaddes/status/1892547897180279224","1527212671224926210","ONaddes"
"1892543788788158615","Thu Feb 20 11:58:29 +0000 2025","1","@ManUtd Peak manchester united era ","1892544350090936480","","ManUtd","it","Web3 india","0","0","0","https://x.com/0xStranger_nft/status/1892544350090936480","1464176183722008586","0xStranger_nft"
"1892540767723258240","Thu Feb 20 11:44:15 +0000 2025","0","Leggi il nostro nuovo articolo Manchester United crisi in campo e fuori. Ma i Glazer non vendono https://t.co/VPiQMpetxl","1892540767723258240","","","it","","0","0","0","https://x.com/infoimpresa_/status/1892540767723258240","1663137123900243969","infoimpresa_"
"1892535543033946449","Thu Feb 20 11:23:29 +0000 2025","0","Manchester United crisi in campo e fuori. Ma i Glazer non vendono https://t.co/X1qYGpp8Im","1892535543033946449","","","it","Italia","0","0","0","https://x.com/cagliarilivemag/status/1892535543033946449","968787097866862592","cagliarilivemag"
"1892534534299586623","Thu Feb 20 11:19:29 +0000 2025","0","Manchester United crisi in campo e fuori. Ma i Glazer non vendono https://t.co/rYbs0x6Yuk","1892534534299586623","","","it","Italia","0","0","0","https://x.com/vivereitalia/status/1892534534299586623","133312380","vivereitalia"
"1892523265106591946","Thu Feb 20 10:34:42 +0000 2025","0","Brisantes Transferziel: Manchester United an Ex-Barça-Star interessiert - #joaocancelo #manchesterunited https://t.co/EXk6yVHTgM","1892523265106591946","","","it","Deutschland","0","0","0","https://x.com/fussballeuropa/status/1892523265106591946","953966346","fussballeuropa"
"1892522661281939894","Thu Feb 20 10:32:18 +0000 2025","0","Madruzzo il castello trentino che l'ex bomber del Manchester United Hernández vuole trasformare in un hotel di lusso. Il Pd: «Speculazione» https://t.co/ZIyrA9qBCk","1892522661281939894","","","it","","0","0","0","https://x.com/corrieretrento/status/1892522661281939894","1646441881637724162","corrieretrento"
"1892247271510888901","Thu Feb 20 10:29:31 +0000 2025","0","@DeadlineDayLive Mauricio Pochettino will Manchester United","1892521962192125970","","DeadlineDayLive","it","anywhere jollof dey","0","0","0","https://x.com/wisdomgiveson/status/1892521962192125970","1420465803808415749","wisdomgiveson"
"1892500122128290111","Thu Feb 20 09:57:38 +0000 2025","1","@Marmittaaa Maldini stesso in un intervista ha sottolineato come questo aspetto sia sottovalutato nel calcio si pensa che buttare un giocatore nella mischia sia automatico ma non è cosi il Manchester United ne è l'esempio","1892513938312442248","","Marmittaaa","it","","0","1","0","https://x.com/herzoa/status/1892513938312442248","3311911474","herzoa"
"1892478907732873480","Thu Feb 20 08:59:45 +0000 2025","0","@utd_elius Hahaha Manchester United ","1892499371939262562","","utd_elius","it","Pakistan","0","0","0","https://x.com/Imran_185/status/1892499371939262562","913106431339110405","Imran_185"
"1892482638096593215","Thu Feb 20 07:53:16 +0000 2025","0","Siamo ufficialmente il Manchester United italiano banter era infinita","1892482638096593215","","","it","","0","0","0","https://x.com/AleMeister10/status/1892482638096593215","217488902","AleMeister10"
"1892424777156952169","Thu Feb 20 04:27:23 +0000 2025","5","@BrooklynGuyNBA Lakers é tipo o Manchester United...","1892430826333155797","","BrooklynGuyNBA","it","","0","1","1","https://x.com/faustoleonardoa/status/1892430826333155797","2752535095","faustoleonardoa"
"1892349383460499687","Thu Feb 20 01:41:46 +0000 2025","0","@DIABOLIK_7 L allenatore che bisognava prendere ad inizio stagione era Amorin. Capisco l obiezione riguardo i risultati che sta facendo con lo United ma a Manchester lui ha dovuto prendere una squadra già fatta da altri e con grossi problemi di gioco. Credimi è un grande allenatore","1892389148150882320","","DIABOLIK_7","it","","0","0","0","https://x.com/Matchpoint3040/status/1892389148150882320","1592642744308072449","Matchpoint3040"
"1892377744073265181","Thu Feb 20 00:56:27 +0000 2025","0","April 5 Manchester United 3 - Manchester City 1","1892377744073265181","","","it","Brooklyn, NY","0","0","0","https://x.com/mr_raay07/status/1892377744073265181","940734434092953600","mr_raay07"
"1892343663000224008","Wed Feb 19 22:59:48 +0000 2025","0","@robbSnow94 Io mi chiedo tutt'ora come il Milan che si è fottuto l'attaccante più forte del fayenord perda E la Juventus è il nuovo Manchester United","1892348388332482959","","robbSnow94","it","Rimini, Emilia Romagna","0","1","0","https://x.com/CrashLife22/status/1892348388332482959","616603779","CrashLife22"
"1892337770959397071","Wed Feb 19 22:57:51 +0000 2025","0","@ninersmessimale La Juve vale l'Udinese allo stato attuale ficcatevelo in testa. Anzi è l'attuale Manchester United ma povero","1892347897649246323","","ninersmessimale","it","","0","0","0","https://x.com/banterera95/status/1892347897649246323","610198298","banterera95"
"1892311708909072711","Wed Feb 19 20:34:03 +0000 2025","24","JSJSJSJSJSJSJSJS 2-0 EL REAL DE MADRID CLUB DE FÚTBOL. El Manchester City genuinamente defiende PEOR que el Manchester United.","1892311708909072711","","","it","","0","0","1","https://x.com/ElProfeUY/status/1892311708909072711","1811458333423075329","ElProfeUY"
"1892309859200094471","Wed Feb 19 20:26:42 +0000 2025","0","ini Manchester city atau Manchester united si","1892309859200094471","","","it","","0","0","0","https://x.com/toyayers/status/1892309859200094471","1491725424249884673","toyayers"
"1892247686323003491","Wed Feb 19 20:15:57 +0000 2025","4","@wlikewin Son match contre Manchester United jsjsjsjs Dieu merci y avait Neymar","1892307152078860414","","wlikewin","it","Konoha","0","0","0","https://x.com/ll243_fr/status/1892307152078860414","1662094588423684101","ll243_fr"
"1892259848110121211","Wed Feb 19 20:06:32 +0000 2025","2","@fraletizia Io aspetto anche le scuse da una dirigenza che a fine mercato invernale aveva venduto Theo per 40M al Como. Il tutto mentre l US Lecce si faceva corteggiare dal Manchester United alla stessa cifra per Dorgu!!!","1892304784725541215","","fraletizia","it","Milano, Lombardia","0","1","0","https://x.com/BensonGuitar/status/1892304784725541215","234146296","BensonGuitar"
"1892246144597496105","Wed Feb 19 19:10:54 +0000 2025","2","@T_a_t_e_n_d_a Real Madrid Manchester united Atletico PSG","1892290784407220578","","T_a_t_e_n_d_a","it","","0","0","0","https://x.com/GonoCassiegono/status/1892290784407220578","1465958363007696901","GonoCassiegono"
"1891823117846163880","Wed Feb 19 18:45:41 +0000 2025","2","@OnestriservaR @VaneJuice Io ancora mi domando quanti cazzo di cromosomi devi possedere per andare al Manchester United preferirei giocare per il San Marino almeno sanno che cosa vuol dire vincere","1892284437959672112","","OnestriservaR","it","Helping the weak","0","1","0","https://x.com/spygaming310/status/1892284437959672112","1436020194334461956","spygaming310"
"1892259693969506686","Wed Feb 19 17:07:22 +0000 2025","0","L'esonero si Ten Hag e del direttore sportivo è costato 17 milioni al Manchester United https://t.co/e3J5KAF9WU","1892259693969506686","","","it","","0","0","0","https://x.com/DDDderbyit/status/1892259693969506686","750270527562977282","DDDderbyit"
"1892252691138568309","Wed Feb 19 16:39:32 +0000 2025","11","Manchester United niente #Champions ed esonero di ten Hag: primo semestre in rosso di 32 milioni di euro https://t.co/pU0t7xiLKN","1892252691138568309","","","it","Milano","0","0","3","https://x.com/CalcioFinanza/status/1892252691138568309","1917311582","CalcioFinanza"
"1891947161421591016","Wed Feb 19 16:32:03 +0000 2025","0","@Mercado_Ingles JBAJAJAJAJAJAJAJSJAJAJSJSJAJAJSJSJSJS MANCHESTER UNITED JAJAJAJAJAJAJAJAJAJAJAJSJSJSJSJAJAJ MANCHESTER UNITED JAJAJAJAJAJAJAJAJAJAJAJSJAJAJJS MANCHESTER UNITED","1892250808592343406","","Mercado_Ingles","it","Barcelona","0","0","0","https://x.com/Scarfetzz/status/1892250808592343406","1601600090749247489","Scarfetzz"
"1892242133731430741","Wed Feb 19 16:08:02 +0000 2025","5","@Giodlc00 il Manchester united di turno lo trovi ma non dobbiamo fare l'errore di pensare che con la partenza di theo andranno via anche i nostri problemi","1892244762922533232","","Giodlc00","it","","0","0","0","https://x.com/fabrivismara/status/1892244762922533232","1360554163759947777","fabrivismara"
"1892241198057705956","Wed Feb 19 15:53:52 +0000 2025","0","PREMIER LEAGUE - Il Manchester United va in rosso persi milioni per l'esonero di ten Hag https://t.co/tTkytQAgEo","1892241198057705956","","","it","Napoli","0","0","0","https://x.com/apetrazzuolo/status/1892241198057705956","42287898","apetrazzuolo"
"1892240810512363862","Wed Feb 19 15:52:20 +0000 2025","0","PREMIER LEAGUE - Il Manchester United va in rosso persi milioni per l'esonero di ten Hag https://t.co/J7p5cwrnDG","1892240810512363862","","","it","Napoli","0","0","0","https://x.com/napolimagazine/status/1892240810512363862","27416420","napolimagazine"
"1892222402706174237","Wed Feb 19 15:37:27 +0000 2025","4","@LupettoX no ma il bello poi e' che si vantano della supercoppa europea perche' hanno battuto il manchester united quando poi vai a vedere che l'hanno vinta pure squadre mediocri come il Villareal si ok sara' un trofeo ma vantarsi come che sembra che hanno vinto la champions fa ridere","1892237067830038949","","LupettoX","it","Roma, Lazio","6","4","0","https://x.com/Margiac64/status/1892237067830038949","881810139589857282","Margiac64"
"1891965025062920241","Wed Feb 19 15:34:00 +0000 2025","0","@false9ii Barcelona Atletico de Madrid Inter PSG Manchester United Real Madrid ","1892236198438928592","","false9ii","it","","0","0","0","https://x.com/FrXc26/status/1892236198438928592","1788361267054272514","FrXc26"
"1892226815705469024","Wed Feb 19 14:56:43 +0000 2025","436","Guglielmo Vicario vs Manchester United (H) https://t.co/CmyoGXg75P","1892226815705469024","https://pbs.twimg.com/ext_tw_video_thumb/1892226470983962624/pu/img/2gWbABMcbsdjJkTE.jpg","","it","الحمد الله","2","5","29","https://x.com/untitledsnippet/status/1892226815705469024","1788758815036346368","untitledsnippet"
"1892226762714579331","Wed Feb 19 14:56:30 +0000 2025","11","Manchester United male anche i conti: 17 5 mln per esonerare Ten Haag. Debiti a 515 mln https://t.co/ZTbA3YfD61","1892226762714579331","","","it","Milano, Lombardia","0","2","0","https://x.com/fcin1908it/status/1892226762714579331","51723300","fcin1908it"
"1892178311490441501","Wed Feb 19 14:12:54 +0000 2025","0","@MilanNewsit È come il Manchester United","1892215787617665159","","MilanNewsit","it","Piedmont, Italy","0","0","0","https://x.com/yes_im_simo/status/1892215787617665159","1538168966991994882","yes_im_simo"
"1892191964482703802","Wed Feb 19 13:04:51 +0000 2025","7","@MrOnadde @Ris__20 Lookman sotto casa di Gasperini dopo Manchester united 0-1 Brentford https://t.co/tQk7tCAI6T","1892198665072124364","https://pbs.twimg.com/ext_tw_video_thumb/1892198656620560386/pu/img/J36MKtD4T2c7gDBM.jpg","MrOnadde","it","","0","1","0","https://x.com/OnestriservaR/status/1892198665072124364","1791210164164440064","OnestriservaR"
"1892172924385140766","Wed Feb 19 11:22:34 +0000 2025","241","Ambiente progetto e organizzazione: Varane spiega le principali differenze tra Real Madrid e Manchester United ️ 1/7 https://t.co/gcMRtSSlo2","1892172924385140766","https://pbs.twimg.com/media/GkJZPwFWsAAGo8q.jpg","","it","","5","3","3","https://x.com/CronacheTweet/status/1892172924385140766","841286128581955586","CronacheTweet"
"1892113686803710400","Wed Feb 19 09:20:06 +0000 2025","0","@UTDKlaus Isco vs Manchester United in a uefa super Cup final https://t.co/HfXKHADhAK","1892142105033920888","https://pbs.twimg.com/media/GkI9N41WEAAEsPV.jpg","UTDKlaus","it","Mariner Bay","0","0","0","https://x.com/shveteshh/status/1892142105033920888","1763835354153652224","shveteshh"
"1892133846818152952","Wed Feb 19 08:47:17 +0000 2025","0","CDM - Napoli Osimhen avrebbe riacceso l'interesse del Manchester United a suon di gol https://t.co/UCF3vaQpDs","1892133846818152952","","","it","Napoli","0","0","0","https://x.com/napolimagazine/status/1892133846818152952","27416420","napolimagazine"
"1892132959278211478","Wed Feb 19 08:43:46 +0000 2025","0","CDM - Napoli Osimhen avrebbe riacceso l'interesse del Manchester United a suon di gol https://t.co/iXSYOWrjvi","1892132959278211478","","","it","Napoli","0","0","0","https://x.com/apetrazzuolo/status/1892132959278211478","42287898","apetrazzuolo"
"1892127782718620050","Wed Feb 19 08:23:12 +0000 2025","109","#McTominay: «Quando ho scoperto che il Napoli si interessava a me ho sentito il fuoco dentro» Il Daily Star scrive che il calciatore scozzese ha rischiato quando ha deciso di lasciare il Manchester United per il #Napoli ma ora è diventato un idolo https://t.co/Zz9yeooWGk","1892127782718620050","","","it","Italia","1","4","11","https://x.com/napolista/status/1892127782718620050","141693730","napolista"
"1891864557372481578","Tue Feb 18 23:18:32 +0000 2025","2","@Masturbinho__ Godo È il mio pupillo da SEMPRE che bello vederli attribuiti i giusti meriti spesso insultato dai tifosi del Manchester United quindicesimo in classifica","1891990716609429842","","Masturbinho__","it","he/him","0","2","0","https://x.com/DDAdjustment/status/1891990716609429842","1465358752383647769","DDAdjustment"
"1891986756632814075","Tue Feb 18 23:06:10 +0000 2025","9","@statutos__ Occhio che diventiamo come il Manchester United dove fanno mille rivoluzioni e la merda è au vertici","1891987602586136714","","statutos__","it","","1","0","1","https://x.com/IamMad428413/status/1891987602586136714","1722037602730004480","IamMad428413"
"1891964709139599740","Tue Feb 18 21:35:28 +0000 2025","0","Lionel Messi vs Manchester United. https://t.co/0S9dPGt2Tu","1891964775833157828","","UTDKara","it","Manchester, England","0","1","0","https://x.com/UTDKara/status/1891964775833157828","780895075526139904","UTDKara"
"1891743511868792842","Tue Feb 18 21:17:10 +0000 2025","2","@Abr93697Olapade @owngooal @ChristianZiyu Manchester United hahahahahahahjahajajajajaj","1891960172953715144","","Abr93697Olapade","it","","0","0","0","https://x.com/Janemba22487190/status/1891960172953715144","1357782183063257090","Janemba22487190"
"1891959367315988712","Tue Feb 18 21:13:58 +0000 2025","0","Il Manchester United vuole Victor Osimhen a tutti i costi! https://t.co/GoZddYYK2I","1891959367315988712","","","it","Napoli, Campania","0","0","0","https://x.com/EsserPartenopei/status/1891959367315988712","1670784077744553985","EsserPartenopei"
"1891943681151611381","Tue Feb 18 20:11:38 +0000 2025","3","Post Champions ancora più pietoso: Arsenal Werder Manchester United Tottenham Arsenal Barcellona Barcellona Atletico Arsenal Stella Rossa Manchester United Tottenham Napoli Inter Rennes Slavia Praga Roma Feyenoord","1891943681151611381","","","it","","0","0","2","https://x.com/uGustatore/status/1891943681151611381","1751298397036777473","uGustatore"
"1891943057970307113","Tue Feb 18 20:09:10 +0000 2025","0","Siamo il Manchester United d'Italia","1891943057970307113","","","it","80030","0","0","0","https://x.com/fuck_nee/status/1891943057970307113","706395992342597632","fuck_nee"
"1891722181693829304","Tue Feb 18 19:59:47 +0000 2025","0","@sakazrael @lildaiyan JDJDJSJD","1891940699051888995","","sakazrael","it","Pidiendo a Garnacho para Qatar","0","0","0","https://x.com/mutdargentina/status/1891940699051888995","1437113730823868420","mutdargentina"
"1891940535243317571","Tue Feb 18 19:59:08 +0000 2025","30","Partite ad eliminazione diretta in Europa (post covid) Stella Rossa Manchester United Tottenham Napoli Inter Rennes Slavia Praga Roma Feyenoord","1891940535243317571","","","it","","3","1","2","https://x.com/uGustatore/status/1891940535243317571","1751298397036777473","uGustatore"
"1891936614953128007","Tue Feb 18 19:45:58 +0000 2025","2","@geglobo Manchester united italiano","1891937220451291288","","geglobo","it","","0","0","0","https://x.com/vitorhjklm/status/1891937220451291288","1796017846603894784","vitorhjklm"
"1891931891881681028","Tue Feb 18 19:43:49 +0000 2025","0","@hirayya5 Manchester united laneti gittigi gibi prime acti","1891936681348972980","","hirayya5","it","","0","1","0","https://x.com/kegrimdekegrim/status/1891936681348972980","1559539238319923200","kegrimdekegrim"
"1891911506943472020","Tue Feb 18 18:03:47 +0000 2025","0","Valencia Manchester United St. Pauli Verona Le Havre","1891911506943472020","","","it","🇺🇸 ","0","0","0","https://x.com/OBwontmiss/status/1891911506943472020","1823521305913626624","OBwontmiss"
"1891899696550924405","Tue Feb 18 17:16:52 +0000 2025","0","Victor Osimhen protagonista nel campionato Turco con goal e assist. Il Galatasaray viaggia in testa alla classifica seguito dal Fenerbahçe. Per il Napoli in arrivo 75 mln. della clausola che saranno pagati in Estate o dallo stesso Galatasaray o dal Manchester United. https://t.co/gdLeZ1s9St","1891899696550924405","https://pbs.twimg.com/media/GkFgvPGWIAAMV-P.jpg","","it","Roma","0","0","0","https://x.com/GinoDIRESTA/status/1891899696550924405","469522761","GinoDIRESTA"
"1891887885005004827","Tue Feb 18 17:07:48 +0000 2025","0","@NovaSixR6 @Alem4oR6 indo pro Manchester United do siege? brutal","1891897416833450036","","NovaSixR6","it","from undergrooud","0","0","0","https://x.com/trombecar/status/1891897416833450036","1888922530892988416","trombecar"
"1891894291640762701","Tue Feb 18 16:55:23 +0000 2025","0","Manchester United El Rufai.","1891894291640762701","","","it","London, England","0","0","0","https://x.com/chu_chu_ezekwem/status/1891894291640762701","199619648","chu_chu_ezekwem"
"1891887754746728890","Tue Feb 18 16:29:24 +0000 2025","6","󠁧󠁢󠁥󠁮󠁧󠁿 God Save The Premier #16 - Not big-six anymore L'irrequietezza del #Liverpool un inconcludente Manchester United un #Chelsea abulico e altro dalla settimana di Premier. ️ @PaoloBellini6 #PremierLeague https://t.co/jcDjrrxGL6","1891887754746728890","","","it","Italia","1","0","2","https://x.com/Sportellate_it/status/1891887754746728890","951754328","Sportellate_it"
"1891887004956111259","Tue Feb 18 16:26:26 +0000 2025","7","Manchester United are 15th HAHAHAHA ","1891887004956111259","","","it","","0","0","1","https://x.com/TheVillaWayyy/status/1891887004956111259","1659945493936603140","TheVillaWayyy"
"1891823117846163880","Tue Feb 18 14:16:11 +0000 2025","13","@VaneJuice il Manchester United non deve retrocedere se va in B salta il ragionamento per cui un dirigente europeo può rifilare il pacco a quegli incompetenti. Questi sarebbero capaci di spendere 90 milioni per Bastoni considerandolo uno affidabile da mettere come ultimo uomo ad Anfield.","1891854227569299503","","VaneJuice","it","","0","1","0","https://x.com/_AndreaPontone/status/1891854227569299503","749632361353052160","_AndreaPontone"
"1891836535596593269","Tue Feb 18 13:05:53 +0000 2025","0","Madonna le ladrate che abbiamo subito in Europa in questi anni (e qua sotto mancano Manchester United Atletico Madrid). Non ho visto editoriali e giornalisti scandalizzati h24 appena successe queste cose come succede per qualche altra squadra","1891836535596593269","","","it","","0","1","0","https://x.com/NunquamDeorsum/status/1891836535596593269","1085469962976837633","NunquamDeorsum"
"1891802062674857997","Tue Feb 18 12:16:58 +0000 2025","2","@Smoking_JoeFoja @MatthijsPog si aspettiamo altri 5 gol così poi arriva il manchester united di turno a offrire 70mln cash e giochiamo il mondiale senza punte","1891824223833801024","","Smoking_JoeFoja","it","Milano, Lombardia","0","0","0","https://x.com/alestopcrying/status/1891824223833801024","93059508","alestopcrying"
"1891453059428974967","Tue Feb 18 08:31:43 +0000 2025","0","@panditfootball Juan veron dari Lazio ke Manchester united","1891767541590032840","","panditfootball","it","Bandung, Indonesia","0","0","0","https://x.com/HILMANFZY_/status/1891767541590032840","1274189101","HILMANFZY_"
"1891763903043870892","Tue Feb 18 08:17:28 +0000 2025","5","Lionel Messi vs Manchester United. https://t.co/tBb9d5SaJX","1891763953065193687","https://pbs.twimg.com/ext_tw_video_thumb/1795453319441215488/pu/img/ZMfscfXM31bck_WC.jpg","FootbalIhub","it","footyhubbusiness@gmail.com","0","1","0","https://x.com/FootbalIhub/status/1891763953065193687","385056910","FootbalIhub"
"1891758811725135928","Tue Feb 18 07:57:02 +0000 2025","0","Conceiçao pronto a lanciare Musah dal 1 minuto Pulisic in panchina perché non è al 100% 🇺🇸 Il Milan sa come si rimonta anche in campo internazionale: dal Manchester United al Malmoe quante avventure #edicolarossonera ️ https://t.co/qvpboaT4ve","1891758811725135928","https://pbs.twimg.com/media/GkDgm49WcAA8TFP.jpg","","it","Castellabate, Campania","0","0","0","https://x.com/CilentoRossone1/status/1891758811725135928","1146141521323991041","CilentoRossone1"
"1891700245626519854","Tue Feb 18 04:04:19 +0000 2025","0","MANCHESTER UNITED - Eriksen non rinnova e andrà via a parametro zero https://t.co/jMp0KqhKZa","1891700245626519854","","","it","Napoli","0","0","0","https://x.com/apetrazzuolo/status/1891700245626519854","42287898","apetrazzuolo"
"1891700085693514094","Tue Feb 18 04:03:41 +0000 2025","0","MANCHESTER UNITED - Eriksen non rinnova e andrà via a parametro zero https://t.co/Tu95SJjtxR","1891700085693514094","","","it","Napoli","0","0","0","https://x.com/napolimagazine/status/1891700085693514094","27416420","napolimagazine"
"1891497550995128508","Mon Feb 17 22:24:47 +0000 2025","0","@buscemi_lillo @AlegherMaz Al Real al Bayern al Manchester united e Arsenal mancano un attaccante","1891614802146906444","","buscemi_lillo","it","","0","1","0","https://x.com/Allegricirovina/status/1891614802146906444","1769361281457258496","Allegricirovina"
"1891592040565055520","Mon Feb 17 20:54:21 +0000 2025","0","Inclusive esse time do rayo AMASSARIA o Manchester United seria uns 2-3x0 tranquilo","1891592040565055520","","","it","abeltemqueserfuzil@do","0","2","0","https://x.com/g0ld0veiga/status/1891592040565055520","1859301732959875072","g0ld0veiga"
"1891591327915114756","Mon Feb 17 20:51:34 +0000 2025","0","italiani che addirittura tifano il Manchester United ma un qualcosa che non si può spiegare se non lo si è vissuto. Io ho avuto questa fortuna quindi non posso lamentarmi ma è un peccato che questi ragazzi vedano il City che è una bella squadra ma è più direzione PSG che","1891591339655008388","","gaetano_barbati","it","Roccabascerana, Campania","0","1","0","https://x.com/gaetano_barbati/status/1891591339655008388","1204850273170206722","gaetano_barbati"
"1891591327915114756","Mon Feb 17 20:51:31 +0000 2025","0","Il Manchester United non è mai stato la Juventus di Inghilterra ma ha marcato pesantemente due decenni di storia del calcio con tanti calciatori iconici momenti incredibili Alex Ferguson l' Old Trafford e ha trascinato la Premier al vertice per me c'era solo lo United.","1891591327915114756","","","it","Roccabascerana, Campania","0","1","0","https://x.com/gaetano_barbati/status/1891591327915114756","1204850273170206722","gaetano_barbati"
"1891590608021585975","Mon Feb 17 20:48:39 +0000 2025","0","MANCHESTER UNITED - Casemiro: Mi piacerebbe rimanere ma voglio giocare di più https://t.co/IKC7jEmCuU","1891590608021585975","","","it","Napoli","0","0","0","https://x.com/apetrazzuolo/status/1891590608021585975","42287898","apetrazzuolo"
"1891590396091711756","Mon Feb 17 20:47:49 +0000 2025","0","MANCHESTER UNITED - Casemiro: Mi piacerebbe rimanere ma voglio giocare di più https://t.co/6L4bzJ5kgY","1891590396091711756","","","it","Napoli","0","0","0","https://x.com/napolimagazine/status/1891590396091711756","27416420","napolimagazine"
"1891406362296390058","Mon Feb 17 19:56:30 +0000 2025","0","@antonio_gaito Pure Antony sembrava un giocatore dilettantistico e irritante da loro e in Spagna sta facendo i buchi in terra. Quindi non fanno testo le prestazioni al Manchester United.","1891577484413460799","","antonio_gaito","it","","0","0","0","https://x.com/FrancescoDTO/status/1891577484413460799","1762033069454741504","FrancescoDTO"
"1891569145109451148","Mon Feb 17 19:23:22 +0000 2025","0","C era una volta il grande Manchester United: la crisi del colosso del calcio dal campo a licenziamenti e scelte scellerate https://t.co/CSZhoHsoF4 via @fattoquotidiano","1891569145109451148","","","it","Bergamo","0","0","0","https://x.com/Dome689/status/1891569145109451148","307278565","Dome689"
"1891565357065732458","Mon Feb 17 19:08:19 +0000 2025","1","Nel corso di SpzioNapoliTalk Paolo Del Genio ha risposto a una domanda su Garnacho paragonando l'argentino a Noah Okafor Ad oggi Okafor vale Garnacho ha detto analizzando il momento negativo dell'attaccante del Manchester United con il suo club in Premier League Il https://t.co/sMEf5Q9rxT","1891565357065732458","https://pbs.twimg.com/ext_tw_video_thumb/1891565224244682752/pu/img/muJxubVrL8s3XYZn.jpg","","it","Napoli","0","1","0","https://x.com/Spazio_Napoli/status/1891565357065732458","331861425","Spazio_Napoli"
"1891541562703712629","Mon Feb 17 17:33:46 +0000 2025","30","La panchina del Manchester United contro il Tottenham è tipo l ora di educazione fisica al liceo https://t.co/pg4V92Zw6I","1891541562703712629","https://pbs.twimg.com/media/GkAbBMkWsAAyTid.jpg","","it","","0","4","0","https://x.com/ada_cotugno/status/1891541562703712629","3137366125","ada_cotugno"
"1891521605890719832","Mon Feb 17 16:14:28 +0000 2025","0","Il mio muso lungo dopo Tottenham-Manchester United 1-0 di ieri. https://t.co/xPqCSQUeGE","1891521605890719832","https://pbs.twimg.com/media/GkAIypAWcAEa5tk.jpg","","it","Vicino ad un grosso vulcano","0","0","0","https://x.com/IvanoReiver/status/1891521605890719832","206136344","IvanoReiver"
"1891516080071295301","Mon Feb 17 15:52:30 +0000 2025","0"," Il Manchester United e il Manchester City stanno monitorando Charles de Ketelaere dell'Atalanta che ha impressionato con 11 gol e 11 assist in 37 presenze. #Atalanta #MUFC #SerieA #PremierLeague","1891516080071295301","","","it","","0","0","0","https://x.com/mercatofeed/status/1891516080071295301","1852033785421828096","mercatofeed"
"1891493242291560953","Mon Feb 17 14:24:05 +0000 2025","1","@TheEuropeanLad Francesco Farioli to Manchester United ","1891493827447337265","","TheEuropeanLad","it","📊 POLLS KINGDOM 👑🏰","0","3","0","https://x.com/mixtorious1/status/1891493827447337265","4100827096","mixtorious1"
"1891445376969773104","Mon Feb 17 14:02:33 +0000 2025","1","@intertristi1899 Loro invece per cosa perdevano? Milan di Sacchi Real Madrid di Di Stéfano Barcellona di Guardiola Bayern Monaco di Heynckes Brasile 1970 Olanda di Cruijff Manchester United di Ferguson Juventus di Lippi Francia 1998","1891488407915724999","","intertristi1899","it","","0","0","0","https://x.com/forno_elio/status/1891488407915724999","1311042036095692801","forno_elio"
"1891478089953120397","Mon Feb 17 13:21:33 +0000 2025","1","Johera mag tim mar Manchester United osolo remo mar reso jotuo e od thieth maduong ma Kisii | #RamogiTV https://t.co/I7Pq9uZqeZ","1891478089953120397","https://pbs.twimg.com/amplify_video_thumb/1891477281601683456/img/wqfp79WSaYy_3_fx.jpg","","it","","0","0","0","https://x.com/RamogiTVKe/status/1891478089953120397","1462778705625899029","RamogiTVKe"
"1891448152189784460","Mon Feb 17 11:22:35 +0000 2025","0"," Arsenal e Manchester United sono interessati a Youssef En Nesyri del Fenerbahçe che ha segnato 23 gol e fornito 4 assist in questa stagione come riportato da Takvim. #Fener #AFC #SuperLig #PremierLeague","1891448152189784460","","","it","","0","0","0","https://x.com/mercatofeed/status/1891448152189784460","1852033785421828096","mercatofeed"
"1891441204501307404","Mon Feb 17 10:54:59 +0000 2025","1","Incredibile come il Man United riesca ad annullare qualsiasi calciatore. Questo era un fenomeno all'Ajax e sta tornando a fenomeneggiare. Nel mezzo a Manchester pareva uno della Kings League.","1891441204501307404","","","it","Emilia Romagna, Italia","0","1","0","https://x.com/musetto_davanti/status/1891441204501307404","968839995124568064","musetto_davanti"
"1891406362296390058","Mon Feb 17 10:47:42 +0000 2025","2","@antonio_gaito Anche Antony era una pippa allo United ma al Betis segna. Il problema è proprio il Manchester.","1891439372680986977","","antonio_gaito","it","From the Universe","0","0","0","https://x.com/James_Senise/status/1891439372680986977","1087711463245008896","James_Senise"
"1891421129882960003","Mon Feb 17 10:33:34 +0000 2025","5","@Marmittaaa Roggero è il top come telecronista i perbenisti degli altri che osannano anche un retropassagio di un metro fanno ridere.Qui il problema non è solo lo United ma l'etichetta con il prezzo che metti a un giocatore appena arriva a Manchester di 100M quando ne vale al massimo 1/3","1891435818499100953","","Marmittaaa","it","","0","1","0","https://x.com/Hunt3rExe/status/1891435818499100953","1466082091863584781","Hunt3rExe"
"1891272262835208328","Mon Feb 17 10:27:02 +0000 2025","6","@Pirichello Infatti noi siamo il Manchester United d'Italia. Abbiamo buone/ottime individualità che però non sono compatibili tra di loro perché o mancano i giocatori che creano l'amalgama (regista o mediano difensivo) o perché sono giocatori da altri contesti tattici (moduli idea di calcio)","1891434172352287065","","Pirichello","it","","0","1","0","https://x.com/Jabber19061058/status/1891434172352287065","1397604309794279429","Jabber19061058"
"1891433107565224227","Mon Feb 17 10:22:48 +0000 2025","1","DALL'INGHILTERRA - Manchester United Amorim vuole Victor Osimhen per l'estate https://t.co/xLsHnFchs4","1891433107565224227","","","it","Napoli","0","1","0","https://x.com/napolimagazine/status/1891433107565224227","27416420","napolimagazine"
"1891431982145417643","Mon Feb 17 10:18:20 +0000 2025","1","DALL'INGHILTERRA - Manchester United Amorim vuole Victor Osimhen per l'estate https://t.co/GOT3kBWRfy","1891431982145417643","","","it","Napoli","0","0","0","https://x.com/apetrazzuolo/status/1891431982145417643","42287898","apetrazzuolo"
"1891421129882960003","Mon Feb 17 09:55:21 +0000 2025","20","@Marmittaaa Manchester United ormai club finito I milanisti che si lamentano di cardinale non hanno idea di cosa siano i glazer Di come hanno preso la squadra che all epoca era la più importante al mondo e l abbiano resa una barzelletta","1891426200670580988","","Marmittaaa","it","Panchina","0","1","1","https://x.com/UTD_Ayatollah/status/1891426200670580988","1827294772085592064","UTD_Ayatollah"
"1891415830937641380","Mon Feb 17 09:14:09 +0000 2025","0"," L'Everton cercherà di acquistare Maxime Esteve del Burnley se Jarrad Branthwaite si unirà al Manchester United riporta The Sun. #EFC #PremierLeague","1891415830937641380","","","it","","0","0","0","https://x.com/mercatofeed/status/1891415830937641380","1852033785421828096","mercatofeed"
"1891400208770068559","Mon Feb 17 08:12:04 +0000 2025","0","Manchester United itaniulia marafiki.","1891400208770068559","","","it","Eldoret, Kenya","0","0","0","https://x.com/itsKoech_/status/1891400208770068559","754723112","itsKoech_"
"1891394707764175038","Mon Feb 17 07:50:13 +0000 2025","1","️ Duelo Arsenal-Manchester United por un delantero italiano. https://t.co/XWn6FP6CM4","1891394707764175038","","","it","España","0","0","0","https://x.com/Fichajes_futbol/status/1891394707764175038","289344367","Fichajes_futbol"
"1891392016757436618","Mon Feb 17 07:39:31 +0000 2025","1","Il Manchester United è una società fallimentare peggio del Milan di Cardinale","1891392016757436618","","","it","","0","0","0","https://x.com/lmiao_10/status/1891392016757436618","1092877904449597440","lmiao_10"
"1891166799003091429","Mon Feb 17 07:04:13 +0000 2025","0","@kwadwosheldon Manchester United mpo na w)su yie na chelsea a","1891383131602584006","","kwadwosheldon","it","","0","0","0","https://x.com/bankuneshito00/status/1891383131602584006","1883298375329554432","bankuneshito00"
"1891382623718543427","Mon Feb 17 07:02:12 +0000 2025","5","Isco Alarcon - 5 UCL Manchester United - 3 UCL","1891382623718543427","","","it","","0","0","0","https://x.com/zarewa_jr/status/1891382623718543427","827673676497686528","zarewa_jr"
"1891354058809573404","Mon Feb 17 05:23:29 +0000 2025","1","@ommupundit Manchester uniteditanipea depression akh","1891357783599063058","","ommupundit","it","","0","1","0","https://x.com/Mwangijabe54783/status/1891357783599063058","1878837838718156800","Mwangijabe54783"
"1891353821919514980","Mon Feb 17 05:07:45 +0000 2025","2","https://t.co/f2cnOSGi8M Raila Ruto Baba Invite Amorim Djibouti Africa Garnacho Manchester United Uhuru Jason Air Force One Marco Rubio Carolina https://t.co/d07EHcPFJF","1891353821919514980","https://pbs.twimg.com/media/Gj9wRKLWMAA4a1m.jpg","","it","Nairobi","0","0","0","https://x.com/Vuma_news/status/1891353821919514980","1867268465754558464","Vuma_news"
"1891245419641831883","Mon Feb 17 04:27:49 +0000 2025","0","@FabrizioRomano Manchester united imaononga ma player ","1891343771557679211","","FabrizioRomano","it","Malawi","0","0","0","https://x.com/ElmonSinos3/status/1891343771557679211","1610689958414618651","ElmonSinos3"
"1891339912823132184","Mon Feb 17 04:12:29 +0000 2025","1","MERCATO - Gyokeres difficile per il Manchester United https://t.co/6eKf9xTEQq","1891339912823132184","","","it","Napoli","0","0","0","https://x.com/napolimagazine/status/1891339912823132184","27416420","napolimagazine"
"1891338943280365801","Mon Feb 17 04:08:38 +0000 2025","0","MERCATO - Gyokeres difficile per il Manchester United https://t.co/YEExH12GxP","1891338943280365801","","","it","Napoli","0","0","0","https://x.com/apetrazzuolo/status/1891338943280365801","42287898","apetrazzuolo"
"1891127202722517331","Mon Feb 17 01:44:12 +0000 2025","0","@Fla_69M @pisto_gol nel calcio i successi non sono sempre legati a quanto si spende le variabili sono molte.guardiamo ad esempio manchester united e totthenam.","1891302598180757991","","Fla_69M","it","","0","1","0","https://x.com/shinkansen___/status/1891302598180757991","1082205062175191040","shinkansen___"
"1891289144527093931","Mon Feb 17 00:50:45 +0000 2025","0","Quando lo accostavano a noi ho sempre detto che l avrei preso perché è forte ma rovinato dal contesto Manchester United ","1891289144527093931","","","it","Bergamo,Italy","0","0","0","https://x.com/FGoisis/status/1891289144527093931","440052613","FGoisis"
"1891282343203082295","Mon Feb 17 00:23:43 +0000 2025","67","Calciomercato #Napoli Manchester #United e #Psg pronte a pagare la clausola rescissoria per #Osimhen: i dettagli https://t.co/WP9j4ixQVd","1891282343203082295","","","it","Napoli, Campania","1","18","4","https://x.com/NapoliNetworkX/status/1891282343203082295","1584985097631137806","NapoliNetworkX"
"1891269194240479616","Sun Feb 16 23:37:25 +0000 2025","0","@Vince7up A Manchester ancora prima di arrivare era diventato un meme per la giravolta col pallone. Lui ha una testa particolare ma che ambiente tossico è lo United?","1891270690419941383","","Vince7up","it","Catania, Sicilia","0","0","0","https://x.com/MarkMirone/status/1891270690419941383","1256556200084332544","MarkMirone"
"1891265074137903462","Sun Feb 16 23:15:06 +0000 2025","0"," Il Manchester United sta monitorando Givairo Read del Feyenoord ma il giocatore preferisce apparentemente riunirsi con l'ex allenatore Arne Slot secondo quanto riportato da The Mirror. #Feyenoord #MUFC #Eredivisie #PremierLeague","1891265074137903462","","","it","","0","0","0","https://x.com/mercatofeed/status/1891265074137903462","1852033785421828096","mercatofeed"
"1891262761763545198","Sun Feb 16 23:05:55 +0000 2025","0","Manchester United vendo isso: ","1891262761763545198","","","it","Jaú, Brasil","0","0","0","https://x.com/alemickael/status/1891262761763545198","3120641547","alemickael"
"1891246089103180252","Sun Feb 16 22:39:34 +0000 2025","22","@LaLigaBR Saia do Manchester United e ","1891256130740826159","","LaLigaBR","it","","0","0","0","https://x.com/bragarafael1/status/1891256130740826159","2707301342","bragarafael1"
"1891253025030746507","Sun Feb 16 22:27:13 +0000 2025","0","MANCHESTER UNITED - Amorim peggio di ten Hag: Non sono preoccupato per me odio la sensazione della sconfitta https://t.co/v9FDtw8jrW","1891253025030746507","","","it","Napoli","0","0","0","https://x.com/napolimagazine/status/1891253025030746507","27416420","napolimagazine"
"1891252090783031671","Sun Feb 16 22:23:30 +0000 2025","0","MANCHESTER UNITED - Amorim peggio di ten Hag: Non sono preoccupato per me odio la sensazione della sconfitta https://t.co/cQkb0LIgJH","1891252090783031671","","","it","Napoli","0","0","0","https://x.com/apetrazzuolo/status/1891252090783031671","42287898","apetrazzuolo"
"1891238847989666092","Sun Feb 16 21:48:53 +0000 2025","2","@squiddy98 Il Manchester United è peggio di quanto pensassi dopo essere stato un meme per due anni da un giorno all'altro ha ribaltato la Liga","1891243376025944572","","squiddy98","it","Roma, Lazio","0","0","0","https://x.com/JoeVannee/status/1891243376025944572","1261991879740194816","JoeVannee"
"1891242519289041150","Sun Feb 16 21:45:28 +0000 2025","1"," 𝐎𝐅𝐅𝐈𝐂𝐈𝐀𝐋: Manchester United suna matsayi na 15 a Premier League baya da Crystal Palace da Everton. https://t.co/E7vhqxpMDf","1891242519289041150","https://pbs.twimg.com/media/Gj8LCm-XUAAX8S0.jpg","","it","","0","0","0","https://x.com/gwani334455/status/1891242519289041150","1819864191865356288","gwani334455"
"1891238030096150541","Sun Feb 16 21:27:38 +0000 2025","0","E O NOSSO MANCHESTER UNITED?","1891238030096150541","","","it","","0","0","0","https://x.com/sostenes_m14/status/1891238030096150541","1257121085264474112","sostenes_m14"
"1891237249783620013","Sun Feb 16 21:24:32 +0000 2025","1","A questo punto se anche Harry Maguire lascia il Manchester United diventa Sergio Ramos","1891237249783620013","","","it","Slap City (Anagni), Lazio","0","1","0","https://x.com/Lapresielapagai/status/1891237249783620013","784079483301134337","Lapresielapagai"
"1891236618037580128","Sun Feb 16 21:22:01 +0000 2025","1","Che pattumiera di squadra il Manchester United","1891236618037580128","","","it","","0","1","0","https://x.com/MaStep92_____/status/1891236618037580128","1852486173819867136","MaStep92_____"
"1891234834275598448","Sun Feb 16 21:14:56 +0000 2025","0","manchester united eh? https://t.co/wA8WrxN9p7","1891234834275598448","https://pbs.twimg.com/ext_tw_video_thumb/1891234017430646784/pu/img/5jAkVoDpeLW5Nu4G.jpg","","it","Bristol, England","0","0","0","https://x.com/alextalksall/status/1891234834275598448","1355991146003099653","alextalksall"
"1891224939434311831","Sun Feb 16 20:35:37 +0000 2025","13","Tatizo la Manchester united ni Manchester united","1891224939434311831","","","it","Panama","0","1","0","https://x.com/Calvertson1/status/1891224939434311831","1274570009688387585","Calvertson1"
"1891191024334123451","Sun Feb 16 20:10:21 +0000 2025","0","@CCalcistica Persino al Manchester United fanno danni figurati altrove","1891218582337380387","","CCalcistica","it","Evron ","0","0","0","https://x.com/IvoMirko/status/1891218582337380387","1631297210171154434","IvoMirko"
"1891206842333708291","Sun Feb 16 19:23:42 +0000 2025","1","Lo United deve ringraziare che quest'anno le 3 neopromosse torneranno subito giù altrimenti avrebbe seriamente rischiato di essere coinvolto nella lotta salvezza. Comunque Amorim ha fatto una scelta folle di andare a Manchester a metà stagione","1891206842333708291","","","it","","0","0","0","https://x.com/ACMLV89/status/1891206842333708291","1491840596763422729","ACMLV89"
"1891205082852573239","Sun Feb 16 19:22:40 +0000 2025","1","@AlegherMaz Feci un articolo mai pubblicato un mese e mezzo fa sull'avventura di Ten Hag a Manchester dove evidenziavo alcuni aspetti tattici e non della sua gestione ed effettivamente risultò che lo United aveva iniziato una timida ma netta ripresa Poi crollo","1891206579053043792","","AlegherMaz","it","Brescia, Lombardia","0","2","0","https://x.com/Iscoealtri10/status/1891206579053043792","1343283802379005952","Iscoealtri10"
"1891193364508193139","Sun Feb 16 19:07:48 +0000 2025","0","@EuroFute Manchester United é Tenso","1891202837750726712","","EuroFute","it","","0","0","0","https://x.com/Bryan10xz/status/1891202837750726712","1857895650416873472","Bryan10xz"
"1891202545655185571","Sun Feb 16 19:06:38 +0000 2025","12","Manchester United itaniulia marafiki bana ‍️","1891202545655185571","","","it","Nairobi, Kenya","0","1","4","https://x.com/MaxonAiro/status/1891202545655185571","296384911","MaxonAiro"
"1891201325007777907","Sun Feb 16 19:01:47 +0000 2025","2","Manchester United inanimalizia marafiki mentally","1891201325007777907","","","it","Kenya","0","0","0","https://x.com/is_Arego/status/1891201325007777907","1391061113450684416","is_Arego"
"1891200737775862048","Sun Feb 16 18:59:27 +0000 2025","0","@itsMJ_Ke unasema Amorim Must go ama vipi? Manchester United","1891200737775862048","","itsMJ_Ke","it","  Fataqu-Dunya Wataqu-Nisa!","0","0","0","https://x.com/AliAliz69/status/1891200737775862048","1394303565032742913","AliAliz69"
"1891200201605411004","Sun Feb 16 18:57:19 +0000 2025","9","Manchester United itaniulia marafiki","1891200201605411004","","","it","Mars","1","0","3","https://x.com/IamSohny/status/1891200201605411004","1611415920584318976","IamSohny"
"1891196538572923332","Sun Feb 16 18:42:46 +0000 2025","0","Promocode: MBA6 Paripesa link https://t.co/jsgAugvmFS Sack Manchester United Amorim https://t.co/9hfXMKtt00","1891196538572923332","https://pbs.twimg.com/media/Gj7hOeYXEAAo8e2.jpg","","it","Nairobi, Kenya","0","0","0","https://x.com/OmwambaKE_Tips/status/1891196538572923332","940838465968754688","OmwambaKE_Tips"
"1891191772836929670","Sun Feb 16 18:28:11 +0000 2025","1","@Donramonfc1 Manchester United ainda tem a UEL","1891192870213648482","","Donramonfc1","it","Rio de Janeiro, Brasil","0","0","0","https://x.com/CRVG_MUFC09/status/1891192870213648482","1649200528713293825","CRVG_MUFC09"
"1891192732158148896","Sun Feb 16 18:27:38 +0000 2025","1","E O NOSSO MANCHESTER UNITED?","1891192732158148896","","","it","Brazil","0","1","0","https://x.com/JoelStock17/status/1891192732158148896","1095040811828498432","JoelStock17"
"1891192350048649360","Sun Feb 16 18:26:07 +0000 2025","0","Il pomeriggio del Tottenham Hotspur Stadium torna a regalare un sorriso agli Spurs di Ange Postecoglou: a decidere il big match contro il Manchester United è il tap-in di James Maddison https://t.co/O9SyP5fRp7 https://t.co/O9SyP5fRp7","1891192350048649360","","","it","Italia","0","0","0","https://x.com/ukcalcio/status/1891192350048649360","245974414","ukcalcio"
"1891192282449080438","Sun Feb 16 18:25:51 +0000 2025","0","manchester united a sua freguesia é nossa alegria","1891192282449080438","","","it","sccp","0","0","0","https://x.com/evanbrckley/status/1891192282449080438","1316906590952456192","evanbrckley"
"1891191849001636300","Sun Feb 16 18:24:08 +0000 2025","5","Altra giornata disastrosa per il Manchester United di Amorim: in casa del Tottenham arriva la seconda sconfitta consecutiva in Premier League e la classifica si fa sempre più difficile. Dopo 25 giornate i Red Devils sono al 15° posto con 29 punti Torna a sorridere invece il https://t.co/Cy6xIu4ulv","1891191849001636300","https://pbs.twimg.com/media/Gj7c8NRXoAAijRh.jpg","","it","","0","0","0","https://x.com/CronacheTweet/status/1891191849001636300","841286128581955586","CronacheTweet"
"1891191292387840039","Sun Feb 16 18:21:55 +0000 2025","0","Let s all laugh at Manchester United ahaaahaaaaaaaaahaahaaaaaahahahaahaahahaaaahahahahaaahahahahaahahahahaahahaahaahahahaahahaaahaahahahaahahahaaahahaahahaahahahahaahahaaahahaahahahahaahaahahahahahaahahahaahahahahaahahahahahahahahahahaahahaha","1891191292387840039","","","it","Manchester, England","0","0","0","https://x.com/d7w_mci_/status/1891191292387840039","1825578884932247552","d7w_mci_"
"1891190996257390808","Sun Feb 16 18:20:50 +0000 2025","3","@TheEuropeanLad Manchester United Ego - Barcelona/RMadrid Ability- Mallorca","1891191019036610880","","TheEuropeanLad","it","","0","1","0","https://x.com/LMD10SSS/status/1891191019036610880","361454119","LMD10SSS"
"1891190852266918318","Sun Feb 16 18:20:10 +0000 2025","0","Non accadrà ma il Manchester United meriterebbe di retrocedere #TOTMUN","1891190852266918318","","","it","Napoli  🔁  SMCV","0","0","0","https://x.com/AndreCardi/status/1891190852266918318","161268878","AndreCardi"
"1891190583546237164","Sun Feb 16 18:19:06 +0000 2025","0","Manchester United ha e sale team... Ke stokvel!! Mxm!!!","1891190583546237164","","","it","Afrique du Sud ","0","0","0","https://x.com/Fweshfweezah/status/1891190583546237164","41713210","Fweshfweezah"
"1891189432822227420","Sun Feb 16 18:14:32 +0000 2025","5","Manchester united itanimalizia marafiki jameni ","1891189432822227420","","","it","","0","2","2","https://x.com/boizy25472265/status/1891189432822227420","1819482117526769665","boizy25472265"
"1891188872865849648","Sun Feb 16 18:12:18 +0000 2025","66","Messi vs Manchester United - UCL Final 2011. https://t.co/ONwRJsAUVz","1891188872865849648","https://pbs.twimg.com/amplify_video_thumb/1822585633090547712/img/nsB9Kyadt1wzkBbV.jpg","","it","FCB , NFC","0","24","8","https://x.com/_CuleM10/status/1891188872865849648","1325392737730965505","_CuleM10"
"1891188491276447746","Sun Feb 16 18:10:47 +0000 2025","0","Manchester United é constrangedor","1891188491276447746","","","it","","0","0","0","https://x.com/GabriellBayer/status/1891188491276447746","1741688342746443777","GabriellBayer"
"1890879876258795993","Sun Feb 16 18:07:48 +0000 2025","0","@dinhismo @SimoAmbrosetti @Spina14_acm E secondo tè sesko tra tutte Manchester United Liverpool Bayern e tutte quelle altre squadra ricche di merda veniva al Milan in 7 posto?","1891187742295347683","","dinhismo","it","","0","0","0","https://x.com/LFabian009/status/1891187742295347683","1881742625155522560","LFabian009"
"1891186322284380419","Sun Feb 16 18:03:49 +0000 2025","1","@correia_josue @MTips01 E o Manchester United??","1891186739751899528","","correia_josue","it","","0","1","0","https://x.com/svenancio003/status/1891186739751899528","1453558405705179140","svenancio003"
"1891186146941587469","Sun Feb 16 18:01:28 +0000 2025","8","PEGUELE CASEMIRO.","1891186146941587469","","","it","Medellín, Colombia","0","0","0","https://x.com/Vanisterror/status/1891186146941587469","1358494982","Vanisterror"
"1891185356675895397","Sun Feb 16 17:58:20 +0000 2025","0","Manchester United é triste","1891185356675895397","","","it","MUFC • ASR • CAR • NJD","0","0","0","https://x.com/mufcmath/status/1891185356675895397","1599908229043077120","mufcmath"
"1891182256863006959","Sun Feb 16 17:46:01 +0000 2025","2","Manchester United hizo ni pesa za this week.monday nitaanza bila pesa https://t.co/QJV7PxIh7C","1891182256863006959","https://pbs.twimg.com/media/Gj7UPWHXgAAHPB5.jpg","","it","Earth ","0","0","0","https://x.com/lskasurah1/status/1891182256863006959","1872198183457017856","lskasurah1"
"1891181522037690466","Sun Feb 16 17:43:05 +0000 2025","0","C'era una volta il Manchester United","1891181522037690466","","","it","Io sono ovunque.","0","0","0","https://x.com/VulcanoPichi23/status/1891181522037690466","1705548372101201920","VulcanoPichi23"
"1891168243164860705","Sun Feb 16 17:39:59 +0000 2025","0","@ManUnitedMedia None","1891180739044978703","","ManUnitedMedia","it","Namibia","0","0","0","https://x.com/Wendepunkt_7/status/1891180739044978703","893413042792386560","Wendepunkt_7"
"1891174337241116948","Sun Feb 16 17:14:32 +0000 2025","0","Situazione tranquilla a Manchester sponda United #TottenhamManchester https://t.co/GOTij68Rvm","1891174337241116948","https://pbs.twimg.com/media/Gj7NCSNWUAAB_7P.jpg","","it","","0","0","0","https://x.com/Sergio_1897/status/1891174337241116948","1752273210224087040","Sergio_1897"
"1891173452733616553","Sun Feb 16 17:11:02 +0000 2025","0","O Manchester United consegue ser pior que o Spurs hahahahahahahahahahahaha #PremierLeagueNaESPN","1891173452733616553","","","it","","0","0","0","https://x.com/GraziReis01/status/1891173452733616553","1110179869323919361","GraziReis01"
"1891167000124146069","Sun Feb 16 16:46:30 +0000 2025","1","@footballestate1 Hahaha Manchester United ","1891167282379829719","","footballestate1","it","Pakistan","0","1","0","https://x.com/Imran_185/status/1891167282379829719","913106431339110405","Imran_185"
"1891167189505298664","Sun Feb 16 16:46:08 +0000 2025","0","Vasco Manchester United","1891167189505298664","","","it","João Pessoa, Brasil","0","0","0","https://x.com/crvgwiill/status/1891167189505298664","4473107657","crvgwiill"
"1891166938220400739","Sun Feb 16 16:45:08 +0000 2025","0","Manchester United ndị eriri eri","1891166938220400739","","","it","Abuja, Nigeria","0","0","0","https://x.com/Delis_Fidel/status/1891166938220400739","1011654336802426884","Delis_Fidel"
"1891166829902508401","Sun Feb 16 16:44:43 +0000 2025","0","Manchester United omo","1891166829902508401","","","it","Lagos, Nigeria","0","0","0","https://x.com/iamktj25/status/1891166829902508401","339665557","iamktj25"
"1891166514809651352","Sun Feb 16 16:43:27 +0000 2025","41","Manchester United finito.","1891166514809651352","","","it","Kampala, Uganda","0","2","0","https://x.com/kirya_ug/status/1891166514809651352","965738997724205056","kirya_ug"
"1891164650399543497","Sun Feb 16 16:36:11 +0000 2025","0","4.Robin Van Persie (Arsenal → Manchester United 2012) https://t.co/BkgjBM1eYp","1891164683823993091","https://pbs.twimg.com/media/Gj7EQWhWoAAquG9.jpg","statisticofball","it","","0","1","0","https://x.com/statisticofball/status/1891164683823993091","1890803975336660992","statisticofball"
"1891164003310641499","Sun Feb 16 16:33:29 +0000 2025","0","Manchester United Hypersonic Panini 2025 Adrenalyn XL Marcus Rashford https://t.co/Fm4BHhtpmS via @YouTube","1891164003310641499","","","it","Ireland","0","0","0","https://x.com/ReggyGdi2/status/1891164003310641499","1538206242472173568","ReggyGdi2"
"1891162328357273881","Sun Feb 16 16:30:05 +0000 2025","0","@crfdydy A gente torce pro Manchester United dydy","1891163150130577740","","crfdydy","it","Vitória, Brasil","0","1","0","https://x.com/LucasDewilliam/status/1891163150130577740","386809675","LucasDewilliam"
"1891156988505014295","Sun Feb 16 16:05:36 +0000 2025","0","Tottenham Hotspur - Manchester United su https://t.co/4g783YGyQe @LoriListo oggi è una partita da seguire specialmente per chi vorrebbe sempre più giovani in campo perché nei campi dello Utd oltre a Lindelof c'è ampia scelta https://t.co/SXkWFFWk4v","1891156988505014295","https://pbs.twimg.com/media/Gj69QlEW4AAVblF.jpg","","it","","0","0","0","https://x.com/MichaoRossit/status/1891156988505014295","1190153832","MichaoRossit"
"1891091642704105892","Sun Feb 16 15:52:55 +0000 2025","0","@GambullsCasino Casemiro Manchester United","1891153793875599808","","GambullsCasino","it","Makhado, South Africa","0","0","0","https://x.com/ShongileThomo21/status/1891153793875599808","1859352377263837184","ShongileThomo21"
"1891128212614258919","Sun Feb 16 14:11:24 +0000 2025","1","Fiorentina 🇮🇹 vs 󠁧󠁢󠁥󠁮󠁧󠁿 Manchester United","1891128249654170070","","malta_ball","it","Windsor, Ontario","0","1","0","https://x.com/malta_ball/status/1891128249654170070","1576960474016522240","malta_ball"
"1891115747885080683","Sun Feb 16 13:38:21 +0000 2025","72","@softJumped Strano mi avevano assicurato che si dovesse solamente comprare da Manchester United Benfica e Dortmund..","1891119930621268213","","softJumped","it","Napoli","0","6","1","https://x.com/Meloslamela/status/1891119930621268213","1497554556020043776","Meloslamela"
"1891095998128103836","Sun Feb 16 13:12:21 +0000 2025","0","@Big_gracee Kenzo Ronaldo &amp; Manchester United","1891113387037253791","","Big_gracee","it","Hoima, Uganda","0","0","0","https://x.com/JacksonMRoyal/status/1891113387037253791","2730941003","JacksonMRoyal"
"1891079693014536209","Sun Feb 16 10:58:28 +0000 2025","0","MANCHESTER UNITED - Infortunio alla caviglia per Diallo https://t.co/EejMzchcQ2","1891079693014536209","","","it","Napoli","0","0","0","https://x.com/apetrazzuolo/status/1891079693014536209","42287898","apetrazzuolo"
"1891079518833553566","Sun Feb 16 10:57:46 +0000 2025","0","MANCHESTER UNITED - Infortunio alla caviglia per Diallo https://t.co/yMlry6hyuF","1891079518833553566","","","it","Napoli","0","0","0","https://x.com/napolimagazine/status/1891079518833553566","27416420","napolimagazine"
"1891076268902273433","Sun Feb 16 10:44:51 +0000 2025","97","Moti winawake akuona ngati Manchester united iluza lero??","1891076268902273433","","","it","Mpemba, Blantyre Malawi","2","12","16","https://x.com/JulioMulenga/status/1891076268902273433","1494311166667116548","JulioMulenga"
"1891073599374565648","Sun Feb 16 10:34:15 +0000 2025","0","Il pronostico di Tottenham-Manchester United: doppia combo da over #ASRoma https://t.co/0h55DkXOtL","1891073599374565648","","","it","Roma","0","0","0","https://x.com/SoloLaRoma_it/status/1891073599374565648","1828814917471719424","SoloLaRoma_it"
"1891073126965878901","Sun Feb 16 10:32:22 +0000 2025","0","Il pronostico di Tottenham-Manchester United: doppia combo da over #pronostici #scommesse #SerieA https://t.co/WjgNju2NwX","1891073126965878901","","","it","","0","0","0","https://x.com/PronosticiPP/status/1891073126965878901","1841888670527209473","PronosticiPP"
"1891054168128827450","Sun Feb 16 09:17:02 +0000 2025","0","Manchester United Sevilla Mourinho vs Montella https://t.co/9h5wkBEpjx","1891054168128827450","https://pbs.twimg.com/ext_tw_video_thumb/1891054131114024960/pu/img/LdEPFz-oD1dROfu_.jpg","","it","","0","0","0","https://x.com/uk8arsiv/status/1891054168128827450","1864407379443634177","uk8arsiv"
"1891050640161300775","Sun Feb 16 09:03:01 +0000 2025","0","Tottenham - Manchester United le ultime sulle formazioni https://t.co/49kj6DkquG https://t.co/3lzvZleicS","1891050640161300775","https://pbs.twimg.com/media/Gj5ciTdXgAAjNzI.jpg","","it","Italia","0","0","0","https://x.com/sportpaper/status/1891050640161300775","170319027","sportpaper"
"1891047626679717898","Sun Feb 16 08:51:02 +0000 2025","0","Tottenham-Manchester United: diretta live e risultato in tempo reale https://t.co/5WR1Qeg3bh https://t.co/h04rTVc31e","1891047626679717898","https://pbs.twimg.com/media/Gj5Zy1QX0AAYAzn.jpg","","it","Italia","0","0","0","https://x.com/Calciodiretta24/status/1891047626679717898","803981982183124994","Calciodiretta24"
"1891043120701211001","Sun Feb 16 08:45:48 +0000 2025","0","@Loki_Megaa Manchester united ipatseni","1891046308237959625","","Loki_Megaa","it","Malawi","0","1","0","https://x.com/Canalmw98/status/1891046308237959625","1251495688782872576","Canalmw98"
"1891022635825283502","Sun Feb 16 07:11:44 +0000 2025","0","Tottenham-Manchester United (domenica 16 febbraio 2025 ore 17:30): formazioni quote pronostici. Spurs da preferire nel duello del ciapa no! https://t.co/O5jRb9wzcF #scommesse #pronostici","1891022635825283502","","","it","","0","0","0","https://x.com/infobetting/status/1891022635825283502","338173750","infobetting"
"1890995748914745509","Sun Feb 16 05:24:54 +0000 2025","63","Manchester United inacheza leo Dunia nzima ina furaha https://t.co/1WeqMpok1s","1890995748914745509","https://pbs.twimg.com/media/Gj4qnKeXIAEjwsK.jpg","","it","Dar es Salaam, Tanzania","1","11","9","https://x.com/_yourBoyli4/status/1890995748914745509","1463769071825080322","_yourBoyli4"
"1890970282346553551","Sun Feb 16 03:43:42 +0000 2025","38","Lamentablemente HOY JUEGA EL MANCHESTER UNITED !! Y contra el Tottenham JSJSJSJSJSJSJSJSJSJSJS. Va ser el peor partido en la historia de la Premier League. https://t.co/7WX4SPmKuT","1890970282346553551","https://pbs.twimg.com/media/Gj4Tc1JXYAAaIpD.jpg","","it","","1","7","1","https://x.com/ElProfeUY/status/1890970282346553551","1811458333423075329","ElProfeUY"
"1890912081802592666","Sat Feb 15 23:52:26 +0000 2025","0","Manchester United 1-0 Inter 2-1 Fiorentina 3-0","1890912081802592666","","","it","Lagos, Nigeria","0","0","0","https://x.com/IsaacSeun310140/status/1890912081802592666","1824123003145465857","IsaacSeun310140"
"1890902983170220477","Sat Feb 15 23:16:17 +0000 2025","0","Pronostici di oggi 16 febbraio il derby d Italia Juve-Inter poi Roma Fiorentina Liverpool e Manchester United https://t.co/hImzCrTjyn #scommesse #pronostici","1890902983170220477","","","it","","0","0","0","https://x.com/infobetting/status/1890902983170220477","338173750","infobetting"
"1890866427516654005","Sat Feb 15 20:51:01 +0000 2025","0","Cosa sta succedendo al Manchester United? #ManchesterUnited #PremierLeague #ManUtd #OldTrafford #EPL #Football #PremierLeagueStats #MUFC https://t.co/83s2L0Xd6N","1890866427516654005","","","it","","0","0","0","https://x.com/CantoniStefano/status/1890866427516654005","326068208","CantoniStefano"
"1890861702628983114","Sat Feb 15 20:32:15 +0000 2025","0","Francesco Camarda to Manchester United @ManUtd @MUnitedEs https://t.co/fiNvw7PZJr","1890861702628983114","https://pbs.twimg.com/media/Gj2wfsMWIAE0GMU.jpg","","it","Montevideo, Uruguay","0","0","0","https://x.com/santiadib/status/1890861702628983114","954896804117704708","santiadib"
"1890849982753767678","Sat Feb 15 19:45:40 +0000 2025","10","In un solo mese ci ha portati momentaneamente sopra Manchester United e Tottenham. Il Mago Moyes ha fatto tornare l #Everton la squadra più divertente d Inghilterra. Ho di nuovo 16 anni è bellissimo! ️ https://t.co/t67M1l35zJ","1890849982753767678","https://pbs.twimg.com/media/Gj2mCWfWwAAlm6u.jpg","","it","Sant'Antimo, Campania","0","1","1","https://x.com/AtiPrince92/status/1890849982753767678","1040360639892529152","AtiPrince92"
"1890833174181134485","Sat Feb 15 18:40:20 +0000 2025","0","@WaruiJohn2 Manchester United kwani ilienda wapi ","1890833538888401368","","WaruiJohn2","it","Rio de Janeiro, Brazil","0","0","0","https://x.com/omondif189/status/1890833538888401368","1464585208490078211","omondif189"
"1890808805719412954","Sat Feb 15 17:02:03 +0000 2025","16","The greatest player of every club Real Madrid🇪🇸 Di Stefano🇦🇷 Barcelona🇪🇸 Lionel Messi🇦🇷 Manchester united󠁧󠁢󠁥󠁮󠁧󠁿 George best🇮🇪 Ac Milan🇮🇹 Paulo Maldini🇮🇹 Benfica🇵🇹 Eusebio🇵🇹 Liverpool󠁧󠁢󠁥󠁮󠁧󠁿 Kenny daglish󠁧󠁢󠁳󠁣󠁴󠁿 Juventus🇮🇹 platini🇫🇷 Inter🇮🇹 Gicano facchetti🇮🇹 Bayern München🇩🇪 Beckenbauer🇩🇪 https://t.co/4uBK6HMyAB","1890808805719412954","https://pbs.twimg.com/media/Gj2AlnMW4AA8ERW.jpg","","it","","1","5","2","https://x.com/AbsoluteMaldini/status/1890808805719412954","1880240689822257152","AbsoluteMaldini"
"1890799780185407765","Sat Feb 15 16:26:11 +0000 2025","0","Ecco un riepilogo rapido dei risultati: Premier League: Leicester City 0-2 Arsenal Manchester City 3-1 Newcastle United Serie A: Atalanta 0-0 Cagliari Lazio vs. Napoli (da giocare) Bundesliga: Bayer Leverkusen vs. Bayern Monaco (da giocare)","1890799780185407765","","","it","Taranto, Puglia","0","0","0","https://x.com/Newsdelpallone/status/1890799780185407765","1872220283618340864","Newsdelpallone"
"1890707670513934550","Sat Feb 15 16:17:36 +0000 2025","0","@tanyarlfes Menghina Manchester United","1890797621238718612","","tanyarlfes","it","","0","0","0","https://x.com/haris_patsy/status/1890797621238718612","266366794","haris_patsy"
"1890358380142727273","Sat Feb 15 13:43:49 +0000 2025","0","@ECLazio1900 beh si al Manchester United di Ferguson importava tanto un amichevole di agosto Siete fermi a 25 anni fa da li il nulla vediamo quest anno dato che secondo voi siete tutti fenomeni.","1890758918009188515","","ECLazio1900","it","Roma","0","1","0","https://x.com/LupettoX/status/1890758918009188515","352654810","LupettoX"
"1890709739975168407","Sat Feb 15 10:28:24 +0000 2025","0","https://t.co/1cRIjy6VjU Verso Tottenham-Manchester United: le probabili formazioni","1890709739975168407","","","it","","0","0","0","https://x.com/DDDderbyit/status/1890709739975168407","750270527562977282","DDDderbyit"
"1890695349615968487","Sat Feb 15 09:31:13 +0000 2025","0","Tra complimenti e frecciatine Rúben Amorim introduce la sfida tra le due grandi deluse della Premier League: domenica si gioca un interessantissimo Tottenham-Manchester United https://t.co/hWlBLjJe7A https://t.co/hWlBLjJe7A","1890695349615968487","","","it","Italia","0","0","0","https://x.com/ukcalcio/status/1890695349615968487","245974414","ukcalcio"
"1890688532840128716","Sat Feb 15 09:04:08 +0000 2025","0","Manchester United olowo ana?? ","1890688532840128716","","","it","06`45'N 03`39'E","0","0","0","https://x.com/opexvi/status/1890688532840128716","294888799","opexvi"
"1890553810109489450","Sat Feb 15 00:08:47 +0000 2025","0","Manchester United UCL Final 2009 &amp; 2011","1890553810109489450","","","it","East Java, Indonesia","0","0","0","https://x.com/mikhail_ventura/status/1890553810109489450","2156719488","mikhail_ventura"
"1890139015485305000","Sat Feb 15 00:02:55 +0000 2025","0","@Milluo0 @juegosimple__ manchester united jsjsjsjs","1890552332766638485","","Milluo0","it","Quilmes","0","0","0","https://x.com/Martinmssanchez/status/1890552332766638485","877332561227284480","Martinmssanchez"
"1890490566586097955","Fri Feb 14 21:56:48 +0000 2025","1","@Jim_Bottone Se la sinistra è questa la Meloni rimarrà al governo più di Alex ferguson con il Manchester United","1890520595902640190","","Jim_Bottone","it","","0","0","0","https://x.com/bonko89/status/1890520595902640190","170703328","bonko89"
"1890520508996661612","Fri Feb 14 21:56:28 +0000 2025","0","Tottenham-Manchester United (domenica 16 febbraio 2025 ore 17:30): formazioni quote pronostici https://t.co/rhW6AVBlSs #scommesse #pronostici","1890520508996661612","","","it","","0","0","0","https://x.com/infobetting/status/1890520508996661612","338173750","infobetting"
"1890211253202874630","Fri Feb 14 20:25:05 +0000 2025","56","@futnostalgico Vodafone no Manchester United https://t.co/dtv0uNrvwh","1890497511422333048","https://pbs.twimg.com/media/GjxldymXcAAn0PX.jpg","futnostalgico","it","Manchester","0","2","0","https://x.com/Thyiago17/status/1890497511422333048","295171100","Thyiago17"
"1890408391907897623","Fri Feb 14 19:06:09 +0000 2025","0","@sambis93 @NGomesP_ Il ira a Manchester United","1890477650520547391","","sambis93","it","Achères, France","0","0","0","https://x.com/Escanor78/status/1890477650520547391","937083411159756800","Escanor78"
"1890211253202874630","Fri Feb 14 17:01:56 +0000 2025","0","@futnostalgico Faltou a Vodafone/AIG do Manchester United e o O2 do Arsenal.","1890446387902361964","","futnostalgico","it","Fortaleza, Brasil","0","0","0","https://x.com/yuriONLY_10/status/1890446387902361964","196298137","yuriONLY_10"
"1890438742239818170","Fri Feb 14 16:31:33 +0000 2025","0","Dopo le emozioni del Merseyside Derby la Premier League torna di nuovo in campo con lo spettacolo della venticinquesima giornata: ad aprire il turno di gare la sfida tra Brighton e Chelsea mentre spicca il confronto tra Tottenham e Manchester United... https://t.co/NnMRrpEw9M","1890438742239818170","","","it","Italia","0","0","0","https://x.com/ukcalcio/status/1890438742239818170","245974414","ukcalcio"
"1890434269966696892","Fri Feb 14 16:13:47 +0000 2025","1","MANCHESTER UNITED - Amorim: Per fare qualcosa dobbiamo vendere giocatori ma ora pensiamo al Tottenham https://t.co/c9mM85UA3K","1890434269966696892","","","it","Napoli","0","0","0","https://x.com/apetrazzuolo/status/1890434269966696892","42287898","apetrazzuolo"
"1890433890566737982","Fri Feb 14 16:12:16 +0000 2025","0","MANCHESTER UNITED - Amorim: Per fare qualcosa dobbiamo vendere giocatori ma ora pensiamo al Tottenham https://t.co/bIj0lVylUb","1890433890566737982","","","it","Napoli","0","0","0","https://x.com/napolimagazine/status/1890433890566737982","27416420","napolimagazine"
"1890370489853382693","Fri Feb 14 14:32:45 +0000 2025","3","@Roberto65211285 @Sonikku_348 Manchester united mato a mi familia ","1890408843760328768","","Roberto65211285","it","","0","0","0","https://x.com/haroldlopez_18/status/1890408843760328768","1447566347915960323","haroldlopez_18"
"1890393957516943494","Fri Feb 14 13:35:51 +0000 2025","0","@FabrizioRomano Fabrizio chi sarà l'allenatore del Manchester United l'anno prossimo?","1890394525501206725","","FabrizioRomano","it","","0","1","0","https://x.com/PasaporteRecoba/status/1890394525501206725","1397967068700581888","PasaporteRecoba"
"1890329684598026540","Fri Feb 14 09:18:12 +0000 2025","0"," È questo il peggior Manchester United dell era moderna? #ManchesterUnited #PremierLeague #Crisis #OldTrafford #Football #MUFC https://t.co/pq94XfGkHe","1890329684598026540","","","it","","0","0","0","https://x.com/CantoniStefano/status/1890329684598026540","326068208","CantoniStefano"
"1890321832412135578","Fri Feb 14 08:46:59 +0000 2025","2","Nick Nurse potrebbe quindi tornare ad allenare in una partita nella città dove vinse un titolo nazionale con i Manchester Giants squadra che negli anni '80 era la sezione cestistica del Manchester United","1890321832412135578","","","it","Venezia, Veneto","0","0","0","https://x.com/GValenzasca/status/1890321832412135578","1260922287454408712","GValenzasca"
"1890300584336531762","Fri Feb 14 07:22:34 +0000 2025","0","MERCATO - Schira: Il Chelsea e il Manchester United pensano ad Osimhen per l'estate https://t.co/7BdiZbBlBb","1890300584336531762","","","it","Napoli","0","0","0","https://x.com/napolimagazine/status/1890300584336531762","27416420","napolimagazine"
"1890299605033623998","Fri Feb 14 07:18:40 +0000 2025","0","MERCATO - Schira: Il Chelsea e il Manchester United pensano ad Osimhen per l'estate https://t.co/hLqde3jgQ7","1890299605033623998","","","it","Napoli","0","0","0","https://x.com/apetrazzuolo/status/1890299605033623998","42287898","apetrazzuolo"
"1890159477900689816","Fri Feb 14 05:28:41 +0000 2025","0","@Besiktas_Neferi İlk 16 da manchester united'a domalmasi daha da sarardi","1890271927165694460","","Besiktas_Neferi","it","Burundi","0","0","0","https://x.com/sigmababa31/status/1890271927165694460","1763545807289012224","sigmababa31"
"1890157568456085749","Thu Feb 13 21:54:16 +0000 2025","18","3 partite lontane da Manchester e #Antony sta già mostrando gli sprazzi di talento che 2 anni e mezzo fa avevano convinto lo United a investire 95 milioni di euro Impatto clamoroso con la maglia del Betis Siviglia: non entra nel tabellino all'esordio contro l'Athletic Club ma https://t.co/RKFruyrWdW","1890157568456085749","https://pbs.twimg.com/media/GjswSCFWEAArPTW.jpg","","it","","0","0","1","https://x.com/CronacheTweet/status/1890157568456085749","841286128581955586","CronacheTweet"
"1890146443434029262","Thu Feb 13 21:10:03 +0000 2025","2","Il Manchester United è un buco nero","1890146443434029262","","","it","","0","1","0","https://x.com/EnricoSN23/status/1890146443434029262","704427562529849344","EnricoSN23"
"1890134143461138839","Thu Feb 13 20:21:11 +0000 2025","0","Manchester United and Arsenal monitoring Atalanta striker Mateo Retegui https://t.co/1KrSJ5ByVI","1890134143461138839","","","it","England, United Kingdom","0","0","0","https://x.com/bingefootball24/status/1890134143461138839","1279834909327208449","bingefootball24"
"1890128418328674402","Thu Feb 13 19:58:26 +0000 2025","0","ASSICURAZIONE CORVINO La cessione di Dorgu al Manchester United è l'ultimo capolavoro di Pantaleo Corvino #calciomercato #uslecce1908 #PantaleoCorvino #SerieA #dorgu #manchesterunited https://t.co/KJrQmRkvNS","1890128418328674402","https://pbs.twimg.com/ext_tw_video_thumb/1890128332886343680/pu/img/KXDO2RDN9YHnJp7D.jpg","","it","","0","0","0","https://x.com/Guidacampionato/status/1890128418328674402","1753642286947106816","Guidacampionato"
"1890106958549590243","Thu Feb 13 18:33:10 +0000 2025","0"," Il Manchester United sta considerando di ingaggiare Jamie Vardy dal Leicester City come soluzione a breve termine per l'attacco. #LCFC #MUFC #PremierLeague","1890106958549590243","","","it","","0","0","0","https://x.com/mercatofeed/status/1890106958549590243","1852033785421828096","mercatofeed"
"1890026878188335489","Thu Feb 13 15:11:53 +0000 2025","0","@Somhiseremfcb Quiero a la Roma Manchester United Liverpool Juventus PSG Frankfurt","1890056304519262242","","Somhiseremfcb","it","","0","2","0","https://x.com/fernandojd2002/status/1890056304519262242","1975431049","fernandojd2002"
"1890053752360771722","Thu Feb 13 15:01:44 +0000 2025","0","#Osimhen Manchester United pressing per la chiusura dell affare: nel mezzo uno scambio che porterebbe quel giocatore a Napoli https://t.co/VJBTm43C68","1890053752360771722","","","it","Italy","0","0","0","https://x.com/CalcioNews24/status/1890053752360771722","47070346","CalcioNews24"
"1890037909014884552","Thu Feb 13 14:50:07 +0000 2025","2","@DucaAndrea85 A sta cosa (che è una cazzata in sé) sta facendo fumare perché sta venendo fuori come nell'area marketing facciamo le cose a cazzo di cane. Squadra top 4 europa eh. Nel frattempo il Manchester united con le sole magliette copre due volte il nostro bilancio.","1890050829903945813","","DucaAndrea85","it","","0","0","0","https://x.com/fede_cec_1981/status/1890050829903945813","74837043","fede_cec_1981"
"1890040463677366766","Thu Feb 13 14:08:56 +0000 2025","2","VTFF A. Carole ‍‍","1890040463677366766","","","it","Lyon, France","0","1","0","https://x.com/BHD0601/status/1890040463677366766","1200236304203730944","BHD0601"
"1890002237814104225","Thu Feb 13 13:44:17 +0000 2025","1","@Tannhauser007 con me quei due non guardavavano il Manchester United manco in tv","1890034260691857905","","Tannhauser007","it","","0","1","0","https://x.com/NunquamDeorsum/status/1890034260691857905","1085469962976837633","NunquamDeorsum"
"1890033154767081609","Thu Feb 13 13:39:53 +0000 2025","0","Siamo diventati il Manchester United d Italia mi sa la non qualificazione in Champions è assai probabile rivoluzioni cambi di allenatore gente che non prende seriamente nessuna partita l ambiente è più tossico e marcio che mai","1890033154767081609","","","it","","0","0","0","https://x.com/marcodippi10/status/1890033154767081609","1275806298714578944","marcodippi10"
"1890025892526887051","Thu Feb 13 13:11:02 +0000 2025","2","ma i pigiami sono del manchester united?","1890025892526887051","","","it","","0","0","0","https://x.com/wooyocatboyy/status/1890025892526887051","465448402","wooyocatboyy"
"1890011907773628519","Thu Feb 13 12:15:28 +0000 2025","0","Dalla nascita della Champions League solo 5 volte il Milan si è trovato nella situazione di dover rimontare al ritorno. Solo 1 volta ci è riuscito. Milan Manchester United 3-0 semifinale di Champions League 2007 #","1890011907773628519","","","it","","0","0","0","https://x.com/OndaCalcistica/status/1890011907773628519","1795136872143892481","OndaCalcistica"
"1890009629675164045","Thu Feb 13 12:06:25 +0000 2025","0","Sono Crystal Palace Manchester United e Brentford le squadre con il miglior calendario per la difesa in base agli xG dei prossimi avversari. Le Eagles hanno anche blank in GW29 terrete comunque Henderson o Munoz fino in fondo? https://t.co/h0ElVofQbh","1890009629675164045","https://pbs.twimg.com/media/GjqpvV0XMAAwbER.jpg","","it","Italia","0","1","0","https://x.com/FPLItalia/status/1890009629675164045","1035423684503187456","FPLItalia"
"1889971276426698913","Thu Feb 13 09:34:00 +0000 2025","0","Sono Bournemouth Brighton e Manchester United le squadre con il miglior calendario per l attacco in base agli xGC delle prossime avversarie. https://t.co/PZdSvqqfIZ","1889971276426698913","https://pbs.twimg.com/media/GjqG2wQXUAAfvro.jpg","","it","Italia","0","1","0","https://x.com/FPLItalia/status/1889971276426698913","1035423684503187456","FPLItalia"
"1889947266229895236","Thu Feb 13 08:15:38 +0000 2025","45","1. Cristiano Ronaldo 🇵🇹 140 goals Manchester United Real Madrid Juventus https://t.co/tw7x1m04Rg","1889951552271740959","https://pbs.twimg.com/amplify_video_thumb/1828375177777774592/img/DT1Np1RCqSYMPFbf.jpg","Coin_Archaic","it","𝘖𝘎, 𝘪 𝘥𝘦 𝘦𝘷𝘳𝘺𝘸𝘩𝘳","0","3","12","https://x.com/Coin_Archaic/status/1889951552271740959","1829442401791782912","Coin_Archaic"
"1889947287624827274","Thu Feb 13 07:58:41 +0000 2025","0","BOLOGNA - Beukema: Juventus e Inter su di me? Io guardo sempre il Manchester United https://t.co/kS2A9Gjbma","1889947287624827274","","","it","Napoli","0","0","0","https://x.com/apetrazzuolo/status/1889947287624827274","42287898","apetrazzuolo"
"1889947069164536157","Thu Feb 13 07:57:49 +0000 2025","1","BOLOGNA - Beukema: Juventus e Inter su di me? Io guardo sempre il Manchester United https://t.co/l2m9MWYoZe","1889947069164536157","","","it","Napoli","0","0","0","https://x.com/napolimagazine/status/1889947069164536157","27416420","napolimagazine"
"1889930962873528659","Thu Feb 13 06:53:49 +0000 2025","0","MERCATO - Manchester United in pole per il giovane talento Quenda https://t.co/zMRAaO0S2v","1889930962873528659","","","it","Napoli","0","0","0","https://x.com/apetrazzuolo/status/1889930962873528659","42287898","apetrazzuolo"
"1889930712003879235","Thu Feb 13 06:52:49 +0000 2025","0","MERCATO - Manchester United in pole per il giovane talento Quenda https://t.co/tpqEb3WVJv","1889930712003879235","","","it","Napoli","0","0","0","https://x.com/napolimagazine/status/1889930712003879235","27416420","napolimagazine"
"1889809419153641491","Thu Feb 13 02:26:53 +0000 2025","0","@lacoltacarp Real Madrid Manchester United Fiorentina Arsenal Juventus Torino https://t.co/QBQrpaWnbx","1889863785802092901","https://pbs.twimg.com/media/Gjok3IAXwAESeRK.jpg","lacoltacarp","it","","0","0","0","https://x.com/gabo83132/status/1889863785802092901","1523473448558907393","gabo83132"
"1889832702813282323","Thu Feb 13 00:23:22 +0000 2025","60"," Cristiano Ronaldo ️ Park ️ Rooney ️ Cristiano Ronaldo. Arsenal x Manchester United Semifinal da Champions League 2008-09. https://t.co/QcD5p3GS3p","1889832702813282323","https://pbs.twimg.com/ext_tw_video_thumb/1088725749824147456/pu/img/CcnS7ib2s3DlVDP0.jpg","","it","","0","0","5","https://x.com/futnostalgico/status/1889832702813282323","1334872317328039936","futnostalgico"
"1889797415013867818","Wed Feb 12 23:13:04 +0000 2025","1","@acmilan Il mio compleanno è pieno di perdite. Solo poche vittorie. Incoerenza. Che peccato. Ecco perché non abbiamo bisogno di un fottuto allenatore portoghese. Ci piace il Manchester United quando è allenato da Amorim. Vaffanculo.","1889815012409221480","","SpongenoobG","it","","0","0","0","https://x.com/SpongenoobG/status/1889815012409221480","1543897117172940800","SpongenoobG"
"1889802505732890783","Wed Feb 12 22:23:22 +0000 2025","43","Il #Milan non passa un turno dopo aver perso la gara di andata in tutte le competizioni dalla semifinale di Champions League 2007 18 anni fa: Manchester United-Milan 3-2 Milan-Manchester United 3-0. #FeyenoordMilan","1889802505732890783","","","it","Roma","4","3","8","https://x.com/MatteoDG93/status/1889802505732890783","190443088","MatteoDG93"
"1889799813816000684","Wed Feb 12 22:14:49 +0000 2025","0","@Jiimmy_SZN @FabrizioRomano @imago_images Manchester United &amp; Aston Villa fan?","1889800353472041200","","Jiimmy_SZN","it","","0","0","0","https://x.com/FergiesRolex/status/1889800353472041200","1708619755748216832","FergiesRolex"
"1889791708088389694","Wed Feb 12 21:40:28 +0000 2025","6601","Money spent during managerial career: Guardiola: €2.34B Mourinho: €1.96B Ancelotti: €1.69B Allegri: €1.4B Simeone: €1.21B Pellegrini: €1.2B Tuchel: €1.19B Conte: €1.17B Pochettino: €1.15B Klopp: €1.13B 18 Sir Alex €789.95m GOAT #MUFC https://t.co/WgtpPIGKAZ","1889791708088389694","https://pbs.twimg.com/media/GjnjimaXQAAkGpI.jpg","","it","","75","275","552","https://x.com/Utd_Forever7/status/1889791708088389694","1533604675244670978","Utd_Forever7"
"1889781263298416918","Wed Feb 12 20:58:58 +0000 2025","1"," Secondo indiscrezioni che arrivano dall'Inghilterra il #Manchester United sarebbe pronto all'assalto per Victor #Osimhen. Sul piatto addirittura i nomi di due giocatori. https://t.co/FyTAaA8F1C","1889781263298416918","","","it","Napoli","0","0","0","https://x.com/areanapoliit/status/1889781263298416918","168614673","areanapoliit"
"1889768499901329803","Wed Feb 12 20:21:20 +0000 2025","0","@GxldeArdaGuler_ Osasuna Real Madrid Villarreal Valencia Tottenham Manchester United Leverkusen Bayern Lazio Napoli Juve Inter","1889771792119533722","","GxldeArdaGuler_","it","España","0","0","0","https://x.com/jesusfrost79/status/1889771792119533722","933024461921640448","jesusfrost79"
"1874586243276939364","Wed Feb 12 19:26:46 +0000 2025","1","70. Manchester United 2-1 Leicester City Zirkzee y Maguire Decordova-Reid ⭐ Alejandro Garnacho Dieciseisavos FA Cup","1889758062207987739","","ral_mar","it","Estadio La Victoria-Jaén","0","1","0","https://x.com/ral_mar/status/1889758062207987739","1702641378","ral_mar"
"1889737389221748884","Wed Feb 12 18:16:53 +0000 2025","0","@Utd_zari Manchester united Aura","1889740474094698907","","Utd_zari","it","Somewhere unknown ","0","0","0","https://x.com/bamwinejr/status/1889740474094698907","1623430238154768385","bamwinejr"
"1889700892242272405","Wed Feb 12 15:39:38 +0000 2025","3","Ma non è finita qui: anche Aston Villa Newcastle e Manchester United vorrebbero Osimhen In particolare i 'Red Devils' starebbero pensando alla doppia contropartita Garnacho-Hojlund per arrivare al bomber nigeriano #ManchesterUnited #Garnacho #Hojlund https://t.co/EYyEAA9F1f","1889700901549421049","https://pbs.twimg.com/media/GjmQ8-MXQAAYOi7.jpg","Spazio_Napoli","it","Napoli","0","0","0","https://x.com/Spazio_Napoli/status/1889700901549421049","331861425","Spazio_Napoli"
"1889680238612816028","Wed Feb 12 14:17:32 +0000 2025","11","Modugno a TeleVomero: Il Manchester United per Garnacho aveva fatto il seguente prezzo: 60 milioni di euro+5 milioni di bonus+ 10% di percentuale sull eventuale futura rivendita https://t.co/UP2Kezj5ny","1889680238612816028","https://pbs.twimg.com/media/Gjl-KSZXsAApN0K.jpg","","it","Napoli, Campania","0","5","0","https://x.com/Guidolino8/status/1889680238612816028","1078699478683738112","Guidolino8"
"1889645712582877558","Wed Feb 12 12:00:20 +0000 2025","0","Il Manchester United licenzierà altri 200 dipendenti nell'ottica di un ridimensionamento dei costi che coinvolge anche il parco giocatori. #ManchesterUnited #PremierLeague #calcioinglese #ukcalcio https://t.co/17t1ynMUix","1889645712582877558","https://pbs.twimg.com/media/GjlevmYWcAAT49o.jpg","","it","","0","0","0","https://x.com/premiercorner92/status/1889645712582877558","1887943108236582912","premiercorner92"
"1889439525560012902","Wed Feb 12 09:37:25 +0000 2025","0","@wamangituka95 Ufficiale il passaggio del difensore del Lecce al Manchester United: ai salentini 30 milioni di euro che potrebbero diventare 35 compresi tutti i bonus. Per il Lecce è la più grande plusvalenza della sua storia avendo pagato il giocatore solo 200mila euro. ","1889609745268412666","","wamangituka95","it","giffoni valle piana","0","2","0","https://x.com/bwforever73/status/1889609745268412666","473110076","bwforever73"
"1889609090780868789","Wed Feb 12 09:36:02 +0000 2025","1","@Edob0 Perché al Manchester United c'è Amorim","1889609399263453429","","Edob0","it","Livorno caput mundi","0","1","0","https://x.com/anteismo/status/1889609399263453429","1584945111850524674","anteismo"
"1889336092270157831","Wed Feb 12 06:18:23 +0000 2025","0","@andrepseudo Manchester United de 2021/22 com Cristiano Pogba Sancho Varane etc","1889559659461136691","","andrepseudo","it","","0","0","0","https://x.com/savi_derrath/status/1889559659461136691","1204887361756311552","savi_derrath"
"1889551625095881049","Wed Feb 12 05:46:28 +0000 2025","2","Asal-usul 'Fergie Time' di Manchester United https://t.co/TMCWH1oBC0","1889551625095881049","","","it","Sleman, DIY","0","0","0","https://x.com/FandomID_/status/1889551625095881049","1175357460468490251","FandomID_"
"1889441238631281059","Tue Feb 11 22:30:48 +0000 2025","4","@CrewsMat10 @UTDTrey Ratard pessi fan","1889441985972543786","","CrewsMat10","it","","0","0","0","https://x.com/Jpaul0011/status/1889441985972543786","1821280360614744064","Jpaul0011"
"1889436150009405908","Tue Feb 11 22:07:36 +0000 2025","0","Godo Manchester city e solo una squadra fondata sui soldi e gli sceicchi senza storia Gloria al Manchester united e hala Madrid","1889436150009405908","","","it","Como, Lombardia","0","0","0","https://x.com/ChxccoKb/status/1889436150009405908","1839014970446553088","ChxccoKb"
"1889432621236486182","Tue Feb 11 21:59:53 +0000 2025","1","@Lebalwa_Jr Mpaka usikie final whistle sisi sio manchester united","1889434206587293897","","Lebalwa_Jr","it","","0","1","0","https://x.com/ElitesniperTz/status/1889434206587293897","1785218710333992960","ElitesniperTz"
"1889425335210381429","Tue Feb 11 21:24:38 +0000 2025","1","Te amo mbappe","1889425335210381429","","","it","","0","0","0","https://x.com/ManchesterU_ARG/status/1889425335210381429","1655731225519169541","ManchesterU_ARG"
"1889415240741191831","Tue Feb 11 20:44:31 +0000 2025","0","DON MANCHESTER CITY PARERA (viva el united)","1889415240741191831","","","it","A Coruña 🍍","0","0","0","https://x.com/ruloxx5/status/1889415240741191831","785152959650881536","ruloxx5"
"1889375864934027753","Tue Feb 11 18:49:08 +0000 2025","4","@chaseecornfield @ChelseaFC @OfficialSSLazio Io dopo aver visto il Manchester United pagare quasi 140 mln di euro per Hojlund e Zitkzee penso che a certe squadre inglesi gli puoi chiedere qualsiasi cifra.","1889386203457396995","","chaseecornfield","it","","0","0","0","https://x.com/GVeltro/status/1889386203457396995","769008403","GVeltro"
"1889380689503559764","Tue Feb 11 18:27:14 +0000 2025","0","IN INGHILTERRA - Manchester United ad Old Trafford l'ultimo saluto a Denis Law https://t.co/5n8pzb9n4A","1889380689503559764","","","it","Napoli","0","0","0","https://x.com/napolimagazine/status/1889380689503559764","27416420","napolimagazine"
"1889379797840613612","Tue Feb 11 18:23:41 +0000 2025","0","IN INGHILTERRA - Manchester United ad Old Trafford l'ultimo saluto a Denis Law https://t.co/CgGLwXCnCY","1889379797840613612","","","it","Napoli","0","0","0","https://x.com/apetrazzuolo/status/1889379797840613612","42287898","apetrazzuolo"
"1889340470901277044","Tue Feb 11 16:04:24 +0000 2025","1","@senia65 Io mi gioco il Real Madrid oppure il Manchester United.","1889344744796430742","","senia65","it","Lecce, Apulia","0","2","0","https://x.com/Euclide73/status/1889344744796430742","1039828781438050305","Euclide73"
"1889328211781189717","Tue Feb 11 14:58:42 +0000 2025","143","Pale Manchester united anaanza haanzi? https://t.co/ir1iaZ3KRW","1889328211781189717","https://pbs.twimg.com/media/Gjg96veW0AAC9xE.jpg","","it","Bamahas","1","22","11","https://x.com/Sukayotz/status/1889328211781189717","1587695152230957056","Sukayotz"
"1889315724931281251","Tue Feb 11 14:55:29 +0000 2025","1","@anasko__sheka Inason Barcelona amman dai ni dan Manchester united ne ","1889327401240252608","","anasko__sheka","it","Katsina, Nigeria","0","0","0","https://x.com/marwan_abba/status/1889327401240252608","1516538490669916163","marwan_abba"
"1889316775608689072","Tue Feb 11 14:13:30 +0000 2025","13","Lionel Messi 🆚 Manchester United 2009. https://t.co/hVfTs8dQ4j","1889316836648305147","https://pbs.twimg.com/ext_tw_video_thumb/1795453319441215488/pu/img/ZMfscfXM31bck_WC.jpg","F_Jorgensen1","it","London, England","0","1","0","https://x.com/F_Jorgensen1/status/1889316836648305147","1804235868015636480","F_Jorgensen1"
"1889278776049295505","Tue Feb 11 12:32:08 +0000 2025","0","@Mrds8163 Manchester United X Manchester City yaoi","1889291328493687066","","Mrds8163","it","under your bed","0","0","0","https://x.com/64ofVader/status/1889291328493687066","1735280637559656448","64ofVader"
"1889259484855337206","Tue Feb 11 10:25:36 +0000 2025","0"," Il Manchester United ha chiesto 60 mln più il 10% sulla futura rivendita. Inoltre Garnacho per giocare a Napoli ha chiesto circa 10 milioni euro lordi di ingaggio E un rene di Conte no?","1889259484855337206","","","it","napoli","0","0","0","https://x.com/tifoso_perfetto/status/1889259484855337206","830463602","tifoso_perfetto"
"1889070401881600190","Mon Feb 10 21:54:15 +0000 2025","0","EDERSON PRICE SET! CASEMIRO TO FLAMENGO! Manchester United Transfer News https://t.co/tGhM3RaZqz via @YouTube","1889070401881600190","","","it","Texas ","0","0","1","https://x.com/JVRDUSA/status/1889070401881600190","1824873615944192000","JVRDUSA"
"1889069923705475433","Mon Feb 10 21:52:21 +0000 2025","0","EDERSON PRICE SET! CASEMIRO TO FLAMENGO! Manchester United Transfer News https://t.co/hEJtGQ5Krm via @YouTube","1889069923705475433","","","it","","0","0","0","https://x.com/jvrdusa2/status/1889069923705475433","1749556929725149184","jvrdusa2"
"1889062227174711683","Mon Feb 10 21:21:46 +0000 2025","112","Ange Postecoglou espera ter Destiny Udogie James Maddison e Guglielmo Vicario para o jogo contra o Manchester United [Tom Allnutt] https://t.co/U7B2XUZG4h","1889062227174711683","https://pbs.twimg.com/media/GjdMFR3XYAADBtl.jpg","","it","","1","4","1","https://x.com/papodetottenham/status/1889062227174711683","1400717570341232640","papodetottenham"
"1889031836803760151","Mon Feb 10 19:21:01 +0000 2025","0","@THFC_Himothy No Guglielmo Vicario for Manchester United?","1889031836803760151","","THFC_Himothy","it","","0","2","0","https://x.com/InsightsofCL_/status/1889031836803760151","1674439522581348355","InsightsofCL_"
"1889028814467993788","Mon Feb 10 19:09:00 +0000 2025","5","Sull'attaccante del Bournemouth Antoine Semenyo si sta muovendo il Manchester United","1889028814467993788","","","it","","0","1","0","https://x.com/AConan_Doyle/status/1889028814467993788","1379021719122419715","AConan_Doyle"
"1889024912007848150","Mon Feb 10 18:53:30 +0000 2025","0"," Secondo i rapporti il Manchester United è interessato a Joao Cancelo per rafforzare la loro difesa. #MUFC #دوري_روشن_السعودي #PremierLeague #FutebolPortuguês","1889024912007848150","","","it","","0","0","0","https://x.com/mercatofeed/status/1889024912007848150","1852033785421828096","mercatofeed"
"1889019390437228652","Mon Feb 10 18:31:37 +0000 2025","12","Casemiro - Manchester United Vs Leicester City 5:2 https://t.co/ftravIAFg2","1889019407789121665","https://pbs.twimg.com/media/GbY0K6uXQAAoAMS.jpg","cfcwelmer","it","classified ","0","1","0","https://x.com/cfcwelmer/status/1889019407789121665","1800564427206295553","cfcwelmer"
"1888963283752767919","Mon Feb 10 14:52:58 +0000 2025","2","@_Gr3zy_ Sì beh oddio non è che avesse proprio tanta scelta ahah. Lo United non ha accettato il diritto il Chelsea è arrivato con l obbligo e si è fatto ingolosire. Anche perché penso che a Manchester per lui fosse diventato un incubo","1888964381876117691","","_Gr3zy_","it","Thiago Mottismo ","0","1","0","https://x.com/thomas_novello9/status/1888964381876117691","887287031067549697","thomas_novello9"
"1888952001964241263","Mon Feb 10 14:32:23 +0000 2025","0","@soccer_central1 Imagine Andrea Pirlo in Manchester United.","1888959201940029871","","soccer_central1","it","Secret Loci","0","0","0","https://x.com/KeepCoreEdge003/status/1888959201940029871","1478442570766331905","KeepCoreEdge003"
"1888950103269875976","Mon Feb 10 13:56:14 +0000 2025","2","FA Cup: Liverpool eliminato dal Plymouth il Manchester United avanti con Maguire https://t.co/K8b370ZSbH https://t.co/UAvHTyM8yZ","1888950103269875976","https://pbs.twimg.com/media/GjbmG5gXUAA6Ehr.jpg","","it","Milano- Italia","0","0","0","https://x.com/OggiSportNotiz2/status/1888950103269875976","1496119657639682054","OggiSportNotiz2"
"1888901010686652842","Mon Feb 10 13:45:27 +0000 2025","1","@utdfocusid MANCHESTER UNITED ITU SENDIRI","1888947389093872109","","utdfocusid","it","Indonesia","0","0","0","https://x.com/swanfck/status/1888947389093872109","952614171559919616","swanfck"
"1888937183324656081","Mon Feb 10 13:04:53 +0000 2025","2"," Il Flamengo rimane un obiettivo per Casemiro che potrebbe ancora lasciare il Manchester United questo inverno. #MUFC #PremierLeague","1888937183324656081","","","it","","0","0","1","https://x.com/mercatofeed/status/1888937183324656081","1852033785421828096","mercatofeed"
"1888926662525350078","Mon Feb 10 12:23:05 +0000 2025","2"," Il Manchester United sta considerando un'offerta sostanziosa per l'attaccante ghanese del Bournemouth Antoine Semenyo dopo la sua stagione impressionante. #AFCB #MUFC #PremierLeague","1888926662525350078","","","it","","0","0","0","https://x.com/mercatofeed/status/1888926662525350078","1852033785421828096","mercatofeed"
"1888898830453584106","Mon Feb 10 10:32:29 +0000 2025","0"," Il Chelsea ha inserito nella lista dei candidati Leny Yoro del Manchester United ma l'allenatore Ruben Amorim non ha intenzione di vendere il giocatore. #MUFC #CFC #PremierLeague","1888898830453584106","","","it","","0","0","0","https://x.com/mercatofeed/status/1888898830453584106","1852033785421828096","mercatofeed"
"1888883415660761401","Mon Feb 10 09:31:14 +0000 2025","27","La nuova vita di Marcus #Rashford è iniziata ufficialmente al 66 di Aston Villa-Tottenham quando ha debuttato con la maglia dei Villans subentrando in campo al posto di Donyell Malen. 426 presenze e 138 gol per l attaccante inglese con il Manchester United che lo ha scaricato https://t.co/vxQy3O8B2M","1888883415660761401","https://pbs.twimg.com/media/GjapaAzWUAE6dFt.jpg","","it","","1","0","1","https://x.com/CronacheTweet/status/1888883415660761401","841286128581955586","CronacheTweet"
"1888868276664410569","Mon Feb 10 08:31:05 +0000 2025","0","Nel 16º turno di Premier League Under 18 il Manchester United è stato fermato dal Liverpool con il risultato di 2-2 https://t.co/SqrXjyXMOG https://t.co/SqrXjyXMOG","1888868276664410569","","","it","Italia","0","0","1","https://x.com/ukcalcio/status/1888868276664410569","245974414","ukcalcio"
"1888695515165929797","Mon Feb 10 07:49:33 +0000 2025","1","@bereng53681652 Graham Potter ke mo batla team e kholo Manchester United ","1888857827055177965","","bereng53681652","it","","0","1","0","https://x.com/MolapoLeft/status/1888857827055177965","1297581816799535104","MolapoLeft"
"1888819526722113789","Mon Feb 10 05:17:22 +0000 2025","24","PSG and Manchester United are monitoring Mateo Retegui. @Ekremkonur https://t.co/Cf5FEzhHjG","1888819526722113789","https://pbs.twimg.com/media/GjZvVS6XEAAn-iF.png","","it","","0","1","0","https://x.com/ScoreUniversal/status/1888819526722113789","1864249103846453248","ScoreUniversal"
"1888812447974219964","Mon Feb 10 04:49:14 +0000 2025","2","Ma gentilissimo Paolo noi giochiamo in un momento cruciale con Juan Jesus e Mazzocchi? Dorgu si poteva prendere come ha fatto il Manchester United e qualcuno meglio in avanti? l'Udinese prende quel Soule' con quel fisico non era buono per noi? No meglio mazzocchi..","1888812447974219964","","","it","","0","0","0","https://x.com/PietroBali62240/status/1888812447974219964","1664985709533360128","PietroBali62240"
"1888811330787770710","Mon Feb 10 04:44:48 +0000 2025","1","Appunto Enrico noi con mazzocchi e J Jesus ma Dorgu come lo ha preso il Manchester United non lo potevano prendere noi? E questo Soule' dell'Udinese che fisicità..","1888811330787770710","","","it","","0","0","0","https://x.com/PietroBali62240/status/1888811330787770710","1664985709533360128","PietroBali62240"
"1888702547202035715","Mon Feb 10 04:40:30 +0000 2025","0","@annatrieste Gentilissima Anna ma noi possiamo lottare per lo scudetto in un momento cruciale con Mazzocchi e J.Jesus? Ma Dorgu? Non si poteva prendere come ha fatto il Manchester United a 30+5 ? Non avevamo i soldi?","1888810247998865646","","annatrieste","it","","0","1","0","https://x.com/PietroBali62240/status/1888810247998865646","1664985709533360128","PietroBali62240"
"1888750526017237140","Mon Feb 10 00:48:56 +0000 2025","2594","@UTDTrey Messi UCL:4 Manchester United: 0 ","1888751972708147386","","UTDTrey","it","DM 4 N4N🔔","1","17","25","https://x.com/Shadygize/status/1888751972708147386","1212444503858016257","Shadygize"
"1888528475813773381","Sun Feb 09 15:03:39 +0000 2025","0","@ruuds_foxes FA Cup: Manchester United UCL: Real Madrid Europa League: Manchester United ","1888604680583835981","","ruuds_foxes","it","Nigeria","0","0","0","https://x.com/rikodonself07/status/1888604680583835981","1850997255433494528","rikodonself07"
"1888579367682334746","Sun Feb 09 13:23:04 +0000 2025","0"," Il Manchester United mostra interesse per Mateo Retegui dell'Atalanta in mezzo alle incertezze su Rasmus Højlund. #Atalanta #MUFC #SerieA #PremierLeague","1888579367682334746","","","it","","0","0","0","https://x.com/mercatofeed/status/1888579367682334746","1852033785421828096","mercatofeed"
"1888571406385885278","Sun Feb 09 12:51:25 +0000 2025","1","Assurdo come i giocatori del Manchester United di oggi non appena vanno via inizino (o riprendano) a fare i fenomeni. Una società più tossica dei Red Devils post Alex Ferguson non credo sia mai esistita. Persino la Juventus a confronto è il paradiso terrestre.","1888571406385885278","","","it","","0","0","0","https://x.com/giacomo1994_/status/1888571406385885278","1358359514576281603","giacomo1994_"
"1888547270104133821","Sun Feb 09 11:15:31 +0000 2025","174","Scopro dall'editoriale di stamattina di @romeoagresti che il Manchester United si è interessato a Douglas Luiz nelle ultime ore di mercato. Se le cose con Douglas dovessero rimanere così per me l'unica soluzione sensata per la Juventus è fare uno scambio per arrivare a Zirkzee. https://t.co/YFff0EgRGP","1888547270104133821","https://pbs.twimg.com/media/GjV3u0PW8AAsTJ6.jpg","","it","","1","20","3","https://x.com/Laudantes/status/1888547270104133821","2941195096","Laudantes"
"1888362172729704581","Sun Feb 09 08:41:32 +0000 2025","36","@Atalanta_BC E facciamo la Biasinata: Manchester City Manchester United PSG Liverpool Shaktar Barcellona BIG GAME PLAYER (ti prego non ghostare più)","1888508520502382958","","Atalanta_BC","it","Berghem","0","0","0","https://x.com/erbeste998/status/1888508520502382958","1006632899754545152","erbeste998"
"1888358835112251682","Sat Feb 08 22:46:44 +0000 2025","0","MANCHESTER UNITED - HARRY MAGUIRE (fojfe) #SomosPorto #TodosPeloPorto @ZePedro1522","1888358835112251682","","","it","","0","0","0","https://x.com/IAuaAUyaTYATayA/status/1888358835112251682","1834983799408451584","IAuaAUyaTYATayA"
"1888353480470872211","Sat Feb 08 22:25:28 +0000 2025","1774","Se non esistessero Real Madrid Milan Liverpool Bayern Barcellona Ajax e Manchester United l'inter sarebbe la squadra con più Coppe Campioni/Champions in Europa. https://t.co/Qmzj2lIrEY","1888353480470872211","https://pbs.twimg.com/media/GjTHeJwW0AA3Fvz.jpg","","it","Italia","5","41","91","https://x.com/AirFede7/status/1888353480470872211","1479048073724805123","AirFede7"
"1874316667045740849","Sat Feb 08 22:02:28 +0000 2025","0","96. Manchester United 2-1 Leicester City FA Cup - Cuarta Ronda https://t.co/nAObGjApkl","1888347694965645525","https://pbs.twimg.com/media/GjTCOLUX0AAg-UC.jpg","ICesar1109","it","","0","1","0","https://x.com/ICesar1109/status/1888347694965645525","1264559923410714624","ICesar1109"
"1888326394234765335","Sat Feb 08 20:37:50 +0000 2025","1","Tchoumeni è pronto per il Manchester United.","1888326394234765335","","","it","Italy","0","0","0","https://x.com/astutill0/status/1888326394234765335","2763812155","astutill0"
"1888307359534993915","Sat Feb 08 19:22:12 +0000 2025","2","Nitt dina supporter Manchester United ak Tico ?","1888307359534993915","","","it","Nowhere ??","0","2","0","https://x.com/helovesad/status/1888307359534993915","1745910400393101312","helovesad"
"1888278465960697867","Sat Feb 08 17:27:23 +0000 2025","0","BRAVO BRAVO MANCHESTER UNITED!!!","1888278465960697867","","","it","","0","0","0","https://x.com/HabiebRR/status/1888278465960697867","559190218","HabiebRR"
"1888265444600983776","Sat Feb 08 16:35:38 +0000 2025","1","Io quando andremo in finale di Europa League col Manchester United e saremo sorteggiati come squadra ospite...‍️","1888265444600983776","","","it","","0","0","0","https://x.com/paoloasr81/status/1888265444600983776","426630667","paoloasr81"
"1874546146930274622","Sat Feb 08 16:18:05 +0000 2025","0","3⃣2⃣ | 󠁧󠁢󠁥󠁮󠁧󠁿 Manchester United 2x1 Leicester 󠁧󠁢󠁥󠁮󠁧󠁿 FA Cup 󠁧󠁢󠁥󠁮󠁧󠁿 ️ Old Trafford Manchester 󠁧󠁢󠁥󠁮󠁧󠁿 ️ Zirkzee Maguire (MUN); Decordova-Reid (LEI) ️ 7 de fevereiro de 2025 https://t.co/xcEI224wyT","1888261024140100026","https://pbs.twimg.com/media/GjRzYftWkAAxRwk.jpg","vinni_pereira","it","The Fields of Anfield Road","0","1","0","https://x.com/vinni_pereira/status/1888261024140100026","1385031272297336832","vinni_pereira"
"1888146901146403194","Sat Feb 08 16:13:08 +0000 2025","11","@ada_cotugno Che il Manchester United è tornato quello dell era Ferguson Chi vuole capire capisce","1888259781044949271","","ada_cotugno","it","Torino, Piemonte || L4","0","2","0","https://x.com/liveforevfraaa/status/1888259781044949271","1261425566449836033","liveforevfraaa"
"1888249208093716625","Sat Feb 08 15:31:07 +0000 2025","2"," Tyler Martin e Josh Sonni-Lambie marcam e o Liverpool busca o empate diante o Manchester United na Premier League Sub-18. #LFCU18s #U18PL https://t.co/W6VBNJZT27","1888249208093716625","https://pbs.twimg.com/media/GjRopc5WYAApyEk.jpg","","it","","0","0","0","https://x.com/CaminhantesLFC/status/1888249208093716625","1107265542346469381","CaminhantesLFC"
"1888240218639085966","Sat Feb 08 14:55:24 +0000 2025","0","Ilikia lazima tutajwe Manchester United","1888240218639085966","","","it","Tanzania","0","0","0","https://x.com/hilary_js/status/1888240218639085966","830707387367559168","hilary_js"
"1888222809819685139","Sat Feb 08 14:03:12 +0000 2025","5","@Laudantes C'è da dire che ha giocato anche in un contesto tossico. Tanti come lui sono passati da Manchester (united) e ne sono usciti maledetti","1888227081747628533","","Laudantes","it","San Marino ","0","0","0","https://x.com/andre_bernaz/status/1888227081747628533","118648603","andre_bernaz"
"1888175702379274502","Sat Feb 08 13:21:15 +0000 2025","0","@ManuInter88 @giovannibrenteg @IlCasti80 @Gazzetta_it Magari sì se li fai giocare in prima squadra come fanno Ajax Barcellona Bayern Monaco Manchester United etc Zaniolo è stato ceduto da sano all'epoca di una scelta sciagurata.","1888216525137400176","","ManuInter88","it","","0","2","0","https://x.com/valkeasusi/status/1888216525137400176","1410360850179842048","valkeasusi"
"1888215925649740162","Sat Feb 08 13:18:52 +0000 2025","2","Anche lui sarebbe stato decoroso i meme lo hanno distrutto ma come ogni giocatore del Manchester United fuori da quel contesto è molto più forte.","1888215925649740162","","","it","","0","0","0","https://x.com/eaulamadonna1/status/1888215925649740162","1005760631633563648","eaulamadonna1"
"1888201583357526048","Sat Feb 08 12:36:47 +0000 2025","1","@Aleky88_ @Meloslamela È promesso sposo del Manchester United in estate per 60 milioni","1888205333539049652","","Aleky88_","it","","0","0","0","https://x.com/nada_mqn/status/1888205333539049652","1420355259222929413","nada_mqn"
"1888187665213804832","Sat Feb 08 12:11:28 +0000 2025","0","@Zenli_1 Il portiere in questione è stato capitano del Manchester United però.","1888198962890387880","","Zenli_1","it","","0","1","0","https://x.com/Jesuisalbi/status/1888198962890387880","3845011473","Jesuisalbi"
"1888190566967480523","Sat Feb 08 11:41:58 +0000 2025","2","@ildumba Il Manchester United? Capiamo.","1888191540931026967","","ildumba","it","Madison Square Garden","0","0","2","https://x.com/hoodiesa7va/status/1888191540931026967","573028817","hoodiesa7va"
"1888184180107845886","Sat Feb 08 11:24:16 +0000 2025","0","@iamdeidei_05 Wewe Manchester United inavyocheza unafurahia??","1888187083514368282","","iamdeidei_05","it","Morogoro,Kilakala,🇹🇿 Bongo","0","1","0","https://x.com/thenameis_Andro/status/1888187083514368282","896436422","thenameis_Andro"
"1888182187582742787","Sat Feb 08 11:04:48 +0000 2025","4"," Non è tramontata la pista #Zirkzee per la #Juventus Secondo Tuttosport i bianconeri a giugno potrebbero tornare alla carica proponendo al Manchester United Douglas Luiz come contropartita. Il brasiliano è una pedina molto gradita ai Red Devils https://t.co/LZZj2tdsTx","1888182187582742787","https://pbs.twimg.com/media/GjQrsNvXgAAQ_2r.jpg","","it","Torino, Piemonte","0","0","1","https://x.com/junews24com/status/1888182187582742787","827165425968488453","junews24com"
"1888169262042296524","Sat Feb 08 10:13:27 +0000 2025","5","Concordo al 100%. Immaginate al contrario un buon difensore italiano buttato in campo in premier league al 45 esimo dopo 2 allenamenti con il Manchester United in crisi. Kelly ieri sera MENTALMENTE è stato un gigante. Forza ragazzo.","1888169262042296524","","","it","","0","1","0","https://x.com/propofol_/status/1888169262042296524","1146885970886832129","propofol_"
"1888165312329125937","Sat Feb 08 09:57:45 +0000 2025","2","@leleadani Buongiorno Lele sono il Goat ti volevo chiedere io amo la premier league da adolescente il mio club preferito e il Manchester united è il tuo invece !? Facciamo calcio viva el futbol ️","1888165312329125937","","leleadani","it","Secondigliano ","0","0","0","https://x.com/Giosue38964236/status/1888165312329125937","1358086494897008648","Giosue38964236"
"1888151281975296160","Sat Feb 08 09:43:12 +0000 2025","1","@500Casino manchester united 5890c33b2056313300e722b4","1888161651968397609","","500Casino","it","","0","0","0","https://x.com/atomwasright/status/1888161651968397609","4726623399","atomwasright"
"1888151687224840477","Sat Feb 08 09:03:37 +0000 2025","0","MANCHESTER UNITED - HARRY MAGUIRE (HgdQv) #SomosPorto #TodosPeloPorto @ricardojorgecs","1888151687224840477","","","it","","0","0","0","https://x.com/IauauYAbnasyASG/status/1888151687224840477","1834639818711535616","IauauYAbnasyASG"
"1888146901146403194","Sat Feb 08 08:44:35 +0000 2025","383","Ieri il Manchester United ha superato il turno in rimonta contro il Leicester con un gol di Maguire al 93 . Che cosa notate? https://t.co/H0FZ7DCU0s","1888146901146403194","https://pbs.twimg.com/media/GjN25oOXAAAlhk6.jpg","","it","","2","33","6","https://x.com/ada_cotugno/status/1888146901146403194","3137366125","ada_cotugno"
"1888127402829611121","Sat Feb 08 07:27:07 +0000 2025","0","MANCHESTER UNITED - Amorim: Garnacho? Siamo molto contenti di lui vogliamo giocatori così https://t.co/kMwLiY8722","1888127402829611121","","","it","Napoli","0","0","0","https://x.com/napolimagazine/status/1888127402829611121","27416420","napolimagazine"
"1888126484901978357","Sat Feb 08 07:23:28 +0000 2025","0","MANCHESTER UNITED - Amorim: Garnacho? Siamo molto contenti di lui vogliamo giocatori così https://t.co/q9q2O3hGFL","1888126484901978357","","","it","Napoli","0","0","0","https://x.com/apetrazzuolo/status/1888126484901978357","42287898","apetrazzuolo"
"1888114577759445307","Sat Feb 08 06:36:09 +0000 2025","0","Manchester United Leicester City'yi son dakikalarda eledi https://t.co/Lnb2vBV6bg","1888114577759445307","","","it","Türkiye","0","0","0","https://x.com/iscihaber/status/1888114577759445307","1088860374416412672","iscihaber"
"1887621824680280130","Sat Feb 08 04:46:36 +0000 2025","0","@stevevicrn Bastava vedere come gli Americani hanno ridotto il Manchester United e i cabaret che spacciano per eventi sportivi per capire a cosa sono interessati ma da Marotta mi aspetto che glielo spieghi.","1888087006716068056","","stevevicrn","it","","0","0","0","https://x.com/VadoDritto/status/1888087006716068056","1335303464570720257","VadoDritto"
"1888066589414633709","Sat Feb 08 03:25:28 +0000 2025","0","Manchester United Leicester City'yi son anlarda eledi https://t.co/SzhgI5qM9u","1888066589414633709","https://pbs.twimg.com/media/GjPCjn3WQAALjjl.jpg","","it","Turkey","0","0","0","https://x.com/tanzhaber/status/1888066589414633709","1365684500483743750","tanzhaber"
"1888066583827726650","Sat Feb 08 03:25:26 +0000 2025","0","Manchester United Leicester City'yi son anlarda eledi","1888066583827726650","","","it","Turkey","0","0","0","https://x.com/tanzhaber/status/1888066583827726650","1365684500483743750","tanzhaber"
"1888040156302651436","Sat Feb 08 01:40:26 +0000 2025","0","Comunque la Juventus is new Manchester United","1888040156302651436","","","it","","0","0","0","https://x.com/Aberama0gold/status/1888040156302651436","1677229392622235648","Aberama0gold"
"1888020973221449966","Sat Feb 08 00:24:12 +0000 2025","0","Piala FA Manchester united 2 - 1 Leicester City #facup #ManchesterUnited #Leicestercity https://t.co/a7t9xlSDyL","1888020973221449966","https://pbs.twimg.com/media/GjOZENYaQAYIhzx.jpg","","it","","0","0","0","https://x.com/fcbalmon/status/1888020973221449966","1887505889265152000","fcbalmon"
"1888002787843133776","Fri Feb 07 23:11:56 +0000 2025","0","FT | Manchester United 2-1 Leicester ️Bobby Decordova-Reid ️Joshua Zirkzee ️Harry Maguire El Manchester United avanza a la siguiente ronda de la FA Cup https://t.co/4CI99i9uEO","1888002787843133776","https://pbs.twimg.com/media/GjOIh69XIAARcZF.jpg","","it","","0","0","0","https://x.com/BalonByN/status/1888002787843133776","1179912251035340800","BalonByN"
"1887994062520627556","Fri Feb 07 22:37:16 +0000 2025","0","FA CUP - Manchester United-Leicester 2-1: a segno anche Zirkzee https://t.co/zE5IFtdB3i","1887994062520627556","","","it","Napoli","0","0","0","https://x.com/napolimagazine/status/1887994062520627556","27416420","napolimagazine"
"1887993151543030183","Fri Feb 07 22:33:39 +0000 2025","0","FA CUP - Manchester United-Leicester 2-1: a segno anche Zirkzee https://t.co/8eNZHo3MuQ","1887993151543030183","","","it","Napoli","0","0","0","https://x.com/apetrazzuolo/status/1887993151543030183","42287898","apetrazzuolo"
"1887989743205392748","Fri Feb 07 22:20:06 +0000 2025","0","Una bellissima rete allo scadere del difensore Harry Maguire regala la vittoria al Manchester United che ha la meglio sul Leicester ed accede al quinto turno di FA Cup https://t.co/0ROnULzGdl https://t.co/0ROnULzGdl","1887989743205392748","","","it","Italia","0","0","0","https://x.com/ukcalcio/status/1887989743205392748","245974414","ukcalcio"
"1887989570144219343","Fri Feb 07 22:19:25 +0000 2025","0","FA Cup : André Onana impeccable Manchester United s offre Leicester https://t.co/ZX7u7qSksD https://t.co/DRzd0TMf0L","1887989570144219343","https://pbs.twimg.com/media/GjN8gkgWoAEUrF-.jpg","","it","Cameroun","0","0","0","https://x.com/CamfootCom/status/1887989570144219343","200961739","CamfootCom"
"1887989295421735182","Fri Feb 07 22:18:19 +0000 2025","1","Chelsea vs Manchester United. Fernando Torres vs Nemanja Vidić. Duelo de lendas na Premier League! https://t.co/5g74V7R1kK","1887989295421735182","https://pbs.twimg.com/media/GjN8QeiXIAAsXeM.jpg","","it","","0","0","1","https://x.com/10futebolarte_/status/1887989295421735182","1398737526119145473","10futebolarte_"
"1887987427119350007","Fri Feb 07 22:10:54 +0000 2025","2","Manchester United avanza en la FA Cup https://t.co/ldvAYbL0Fh","1887987427119350007","https://pbs.twimg.com/media/GjN6a2LWMAANgmZ.jpg","","it","Buenos Aires, Argentina","0","0","0","https://x.com/florbernas/status/1887987427119350007","2501866735","florbernas"
"1887982855315185994","Fri Feb 07 21:52:44 +0000 2025","0","GOOOOOOOOOOOOOOOOOOOOOOOOOOOOOOOOOOOOOOOOOOOOOOOOOOOOOOOOOOOOOOOOOOOOOOOOOOOOOOOOOOOOOOOOOOOOOOOOOOOOL É DO MANCHESTER UNITED! Manchester United 2 x 1 Leicester City #MUNLEI #EmiratesFACup https://t.co/4KYClMv9N2","1887982855315185994","https://pbs.twimg.com/media/GjN2S42XsAAvvnE.png","","it","Minas Gerais, Brasil","0","0","0","https://x.com/maycom1981/status/1887982855315185994","2573623507","maycom1981"
"1887982073484321253","Fri Feb 07 21:49:37 +0000 2025","5","Manchester united itaua mafans","1887982073484321253","","","it","111","2","0","4","https://x.com/l_ng240/status/1887982073484321253","1516057277681254403","l_ng240"
"1887980303861305352","Fri Feb 07 21:42:36 +0000 2025","0"," Il Manchester United pianifica un trasferimento permanente per Bryan Zaragoza dal Bayern Monaco dopo il suo prestito all'Osasuna secondo fonti vicine a Zaragoza. #FCBayern #MUFC #Bundesliga #PremierLeague","1887980303861305352","","","it","","0","0","0","https://x.com/mercatofeed/status/1887980303861305352","1852033785421828096","mercatofeed"
"1887978509953294440","Fri Feb 07 21:35:28 +0000 2025","1","GOOOOOOOOOOOOOOOOOOOOOOOOOOOOOOOOOOOOOOOOOOOOOOOOOOOOOOOOOOOOOOOOOOOOOOOOOOOOOOOOOOOOOOOOOOOOOOOOOOOOOOOOL É DO MANCHESTER UNITED! Manchester United 1 x 1 Leicester City #MUNLEI #EmiratesFACup https://t.co/0ANT0E128g","1887978509953294440","https://pbs.twimg.com/media/GjNyVCVXgAAiY8l.png","","it","Minas Gerais, Brasil","0","0","0","https://x.com/maycom1981/status/1887978509953294440","2573623507","maycom1981"
"1887968884399161745","Fri Feb 07 21:24:37 +0000 2025","0","@kafangi Manchester United ni ile ile","1887975780128379073","","kafangi","it","Thika","0","0","0","https://x.com/BensonMunga8/status/1887975780128379073","1574752285820948481","BensonMunga8"
"1887975255760637964","Fri Feb 07 21:22:32 +0000 2025","0","FA CUP - Manchester United-Leicester Dorgu subito titolare https://t.co/eswdokGCWQ","1887975255760637964","","","it","Napoli","0","0","0","https://x.com/napolimagazine/status/1887975255760637964","27416420","napolimagazine"
"1887974238847430744","Fri Feb 07 21:18:30 +0000 2025","0","FA CUP - Manchester United-Leicester Dorgu subito titolare https://t.co/V3urYoCe82","1887974238847430744","","","it","Napoli","0","0","0","https://x.com/apetrazzuolo/status/1887974238847430744","42287898","apetrazzuolo"
"1887972011214790953","Fri Feb 07 21:09:38 +0000 2025","1","Manchester united itaniulia marafiki","1887972011214790953","","","it","a phone call away","0","0","1","https://x.com/its_kalulu/status/1887972011214790953","1497632918864338944","its_kalulu"
"1887966783430078622","Fri Feb 07 20:48:52 +0000 2025","0","INTERVALO DE JOGO! Manchester United 0 x 1 Leicester City #MUNLEI #FACup https://t.co/xByx4V6A2R","1887966783430078622","https://pbs.twimg.com/media/GjNnsMOWEAADUxk.jpg","","it","Minas Gerais, Brasil","0","0","0","https://x.com/maycom1981/status/1887966783430078622","2573623507","maycom1981"
"1887966653826191448","Fri Feb 07 20:48:21 +0000 2025","0","Manchester United Affa https://t.co/q5YBTA9xs8","1887966653826191448","https://pbs.twimg.com/media/GjNnqDkXMAAaOvY.jpg","","it","Ibada, Nigeria","0","0","0","https://x.com/ImToluene/status/1887966653826191448","1461067211599134720","ImToluene"
"1887966364482289856","Fri Feb 07 20:47:12 +0000 2025","0","Intervalo na FA Cup: Manchester United 0x1 Leicester City","1887966364482289856","","","it","Brazil","0","0","0","https://x.com/PLInfoBR/status/1887966364482289856","1678901918645514241","PLInfoBR"
"1887965936394657902","Fri Feb 07 20:45:30 +0000 2025","0","GOOOOOOOOOOOOOOOOOOOOOOOOOOOOOOOOOOOOOOOOOOOOOOOOOOOOOOOOOOOOOOOOOOOOOOOOOOOOOOOOOOOOOOOOOOOOOOOOOOOOOOOOOOOOOOL É DO LEICESTER CITY! Manchester United 0 x 1 Leicester City #MUNLEI #FACup https://t.co/6dGakMCNqV","1887965936394657902","https://pbs.twimg.com/media/GjNm6DKWEAAw9kL.png","","it","Minas Gerais, Brasil","0","0","0","https://x.com/maycom1981/status/1887965936394657902","2573623507","maycom1981"
"1887965591845183579","Fri Feb 07 20:44:08 +0000 2025","1","'42 De Cordova Reid scores Manchester United 0-1 Leicester City #mufc #ManchesterUnited #MUNLEI https://t.co/sXhP4F58RQ","1887965591845183579","","","it","","0","0","0","https://x.com/Muncom254/status/1887965591845183579","1246428365546020864","Muncom254"
"1887965310616993979","Fri Feb 07 20:43:01 +0000 2025","1","Manchester United 0-1 Leicester Decordova-Reid ️ #MUNLEI https://t.co/OUDdpoexrG","1887965310616993979","","","it","Visé, Belgique","0","0","1","https://x.com/BelgesPL/status/1887965310616993979","1516522197124362256","BelgesPL"
"1887965250445582392","Fri Feb 07 20:42:47 +0000 2025","0","FA CUP - QUARTA RODADA GOL DO LEICESTER CITY Bobby Decordova-Reid ⏰ 42' Manchester United 0x1 Leicester City https://t.co/tplBycX0N5","1887965250445582392","https://pbs.twimg.com/media/GjNmY5vWAAA53Fq.jpg","","it","Brazil","0","0","0","https://x.com/PLInfoBR/status/1887965250445582392","1678901918645514241","PLInfoBR"
"1887952604010795040","Fri Feb 07 19:52:31 +0000 2025","10376","BRUNO BRUNO BRUNO! ©️ #MUFC || #FACup https://t.co/24JrCjpKos","1887952604010795040","https://pbs.twimg.com/media/GjNaaPDXMAA1qGe.jpg","","it","United Store 🛍️➡️","13","156","514","https://x.com/ManUtd/status/1887952604010795040","558797310","ManUtd"
"1887919900825452667","Fri Feb 07 17:42:34 +0000 2025","0","#Zirkzee l attaccante del Manchester United è pronto a ritornare in Italia: ecco il grande scambio per l estate https://t.co/bac7LeAiQs","1887919900825452667","","","it","Italy","0","0","0","https://x.com/CalcioNews24/status/1887919900825452667","47070346","CalcioNews24"
"1887845124853387703","Fri Feb 07 14:11:59 +0000 2025","0","@EdoardoMecca1 E perchè proprio il Manchester United ? ","1887866904997396967","","EdoardoMecca1","it","","0","0","0","https://x.com/AgelloMarco/status/1887866904997396967","3067590659","AgelloMarco"
"1887831448507326931","Fri Feb 07 13:23:28 +0000 2025","0","@FBiasin Secondo me è arrivata a fine ciclo l'Inter ma è fisiologico ci sono stati i cicli di Juventus Milan Manchester united Manchester city Real Barcellona.","1887854692853543226","","FBiasin","it","","0","0","0","https://x.com/ChristianP69526/status/1887854692853543226","1731556365338861568","ChristianP69526"
"1887845124853387703","Fri Feb 07 12:53:39 +0000 2025","0","@EdoardoMecca1 Conte andrebbe solo al Manchester united. Hanno soldi storia ed ambizione di vincere.","1887847191365955990","","EdoardoMecca1","it","","0","0","0","https://x.com/nanoassassino/status/1887847191365955990","1325564857404551168","nanoassassino"
"1887820841167065310","Fri Feb 07 11:08:57 +0000 2025","19","Manchester United Barcelona e Arsenal già da adesso stanno muovendosi per Gyokeres","1887820841167065310","","","it","","0","1","3","https://x.com/AConan_Doyle/status/1887820841167065310","1379021719122419715","AConan_Doyle"
"1887785913809277259","Fri Feb 07 08:50:09 +0000 2025","0","MANCHESTER UNITED - HARRY MAGUIRE (GGmDn) #SomosPorto #TodosPeloPorto @OAntiLampiao","1887785913809277259","","","it","","0","0","0","https://x.com/IauauYAbnasyASG/status/1887785913809277259","1834639818711535616","IauauYAbnasyASG"
"1887770652926439565","Fri Feb 07 07:49:31 +0000 2025","1","Stamattina un dirigente vero esonerava #Inzaghi e non averlo fatto è la conferma che l'Inter è finita. Siamo diventati il Manchester United. #Inzaghiout","1887770652926439565","","","it","Monza e della Brianza, Lombard","0","0","0","https://x.com/ilverstappiano/status/1887770652926439565","1517827613137506305","ilverstappiano"
"1887702838542790691","Fri Feb 07 03:20:03 +0000 2025","0","Tridente del Manchester united . . . #futbol #Deporte #informacionparati #tridente #ManchesterUnited https://t.co/dlst7YMB4U","1887702838542790691","https://pbs.twimg.com/ext_tw_video_thumb/1887702554378686464/pu/img/JtVFgWybR7CbkzBN.jpg","","it","","0","0","0","https://x.com/FutbolBri10/status/1887702838542790691","1857100614271971329","FutbolBri10"
"1887680926928302348","Fri Feb 07 01:52:59 +0000 2025","0"," Si dice che l'Al Ahli stia considerando di ingaggiare Harry Kane tra l'interesse di diversi club tra cui Tottenham e Manchester United. #FCBayern #AlAhli #Bundesliga #دوري_روشن_السعودي","1887680926928302348","","","it","","0","0","0","https://x.com/mercatofeed/status/1887680926928302348","1852033785421828096","mercatofeed"
"1887606859571384462","Thu Feb 06 23:52:43 +0000 2025","4","@PGabri88 @AzzurraBarbuto Immagino tu le conosca le prassi invece uomini e donne a calcio tutti insieme ho sentito che il Manchester United sfiderà la femminile dell albinoleffe per la coppa wokeloprendeinculo","1887650663598842307","","PGabri88","it","","0","0","0","https://x.com/nft_scar/status/1887650663598842307","1483154048975085572","nft_scar"
"1887647468591956028","Thu Feb 06 23:40:01 +0000 2025","10","Manchester United 64 anni fa la tragedia aerea di Monaco: Il club inglese ricorda le vittime dell'incidente aereo che il 6 febbraio 58 spezzò la leggenda dei Busby Babes la squadra arrivata in semifinale di Champions. A Monaco persero la vita 11 membri del club e 8 giocatori. https://t.co/lBt63ZOrWH","1887647468591956028","https://pbs.twimg.com/media/GjJFXfuW0AAuMgm.jpg","","it","se a Torino ci fosse il mare..","0","1","0","https://x.com/testa_to/status/1887647468591956028","1272141949","testa_to"
"1887644101501149244","Thu Feb 06 23:26:39 +0000 2025","0","Pronostici di oggi 7 febbraio in campo Juve Psg Bayern Monaco e Manchester United https://t.co/AnoYa97uV7 #scommesse #pronostici","1887644101501149244","","","it","","0","0","0","https://x.com/infobetting/status/1887644101501149244","338173750","infobetting"
"1887613048791400574","Thu Feb 06 21:40:32 +0000 2025","2","@Essere_Ignoto @Toccoditacco10 Siamo diventati il Manchester United d'Italia","1887617398729286013","","Essere_Ignoto","it","","0","0","0","https://x.com/GScalandra5954/status/1887617398729286013","1809155996935487489","GScalandra5954"
"1887613729413734408","Thu Feb 06 21:25:57 +0000 2025","0","Fiorentina-Manchester United Batistuta..... #FiorentinaInter","1887613729413734408","","","it","","0","0","0","https://x.com/SeguiBalleri/status/1887613729413734408","2303218766","SeguiBalleri"
"1887572220517531791","Thu Feb 06 20:49:43 +0000 2025","0","@Vasco1906_ @tsportinguist @rodrigooo1906 vai para o united of manchester","1887604610363252996","","kobaprop_","it","kfc do forum barreiro","0","0","0","https://x.com/triincao/status/1887604610363252996","1133786143990996993","triincao"
"1887602010561913076","Thu Feb 06 20:39:23 +0000 2025","0","06/02/1958 Otto calciatori del Manchester United rimangono uccisi nel Disastro aereo di Monaco di Baviera","1887602010561913076","","","it","in qualche parte del pianeta","0","0","0","https://x.com/squoqualchecosa/status/1887602010561913076","1665723642976632839","squoqualchecosa"
"1887429737405895039","Thu Feb 06 19:41:32 +0000 2025","0","@connectwithtola @nwabishop Manchester United 2:3 Leicester Como 0:4 Juventus","1887587449448149163","","connectwithtola","it","","0","0","0","https://x.com/BiodunHQ/status/1887587449448149163","1881849355805552640","BiodunHQ"
"1887429737405895039","Thu Feb 06 19:35:49 +0000 2025","0","@connectwithtola @nwabishop Manchester United 2 Leicester city 0 Como 0 Juventus 2","1887586011946819667","","connectwithtola","it","","0","0","0","https://x.com/LawalDare557385/status/1887586011946819667","1686603733986123776","LawalDare557385"
"1887429737405895039","Thu Feb 06 19:15:37 +0000 2025","1","@connectwithtola @nwabishop Manchester United 3 vs Leicester City 1 Como 1 vs Juventus 1","1887580930182684964","","connectwithtola","it","Lagos, Nigeria","0","0","0","https://x.com/MusphyAdeola/status/1887580930182684964","3503545034","MusphyAdeola"
"1887429737405895039","Thu Feb 06 19:12:19 +0000 2025","0","@connectwithtola @nwabishop Manchester United 2:1 Leicester City Como 0: 2 Juventus","1887580098150154519","","connectwithtola","it","","0","0","0","https://x.com/SmartBenny41515/status/1887580098150154519","1850085033198952448","SmartBenny41515"
"1887429737405895039","Thu Feb 06 19:07:25 +0000 2025","0","@connectwithtola @nwabishop Manchester United 4 Vs Leicester 2 Como 1 Vs juventus 2","1887578866526388364","","connectwithtola","it","Ibadan, Nigeria","0","0","0","https://x.com/OgunsolaTolu/status/1887578866526388364","966576821289529344","OgunsolaTolu"
"1887429737405895039","Thu Feb 06 18:58:49 +0000 2025","0","@connectwithtola @nwabishop 1. Manchester United 3-1 Leicester city 2. Como 0- 1 Juventus","1887576701351117048","","connectwithtola","it","Anambra, Nigeria","0","0","0","https://x.com/ChukwuebukaX002/status/1887576701351117048","1771114369193050113","ChukwuebukaX002"
"1887429737405895039","Thu Feb 06 18:56:21 +0000 2025","1","@connectwithtola @nwabishop Manchester United 2 - 2 Leicester City Como 2 - 2 Juventus","1887576080027934792","","connectwithtola","it","Ibadan and Lagos","0","0","0","https://x.com/OkanlawonAyo/status/1887576080027934792","240614525","OkanlawonAyo"
"1887429737405895039","Thu Feb 06 18:46:06 +0000 2025","0","@connectwithtola @nwabishop Manchester United 4-2 Leicester Como 2-2 Juventus","1887573498811322848","","connectwithtola","it","","0","0","0","https://x.com/MartinsUch51622/status/1887573498811322848","1700544587566030848","MartinsUch51622"
"1887429737405895039","Thu Feb 06 18:41:11 +0000 2025","0","@connectwithtola @nwabishop Manchester United 2 vs 1 Leicester City. Como 0 vs 2 Juventus","1887572264406950286","","connectwithtola","it","Coal City State","0","0","0","https://x.com/Jennifer_Ezepue/status/1887572264406950286","1165567548718555136","Jennifer_Ezepue"
"1887429737405895039","Thu Feb 06 18:00:34 +0000 2025","0","@connectwithtola @nwabishop Manchester United 3-0 Leicester city Como 1-2 Juventus","1887562039612096837","","connectwithtola","it","","0","0","0","https://x.com/_babatsuntsu/status/1887562039612096837","1822217926977409024","_babatsuntsu"
