"conversation_id_str","created_at","favorite_count","full_text","id_str","image_url","in_reply_to_screen_name","lang","location","quote_count","reply_count","retweet_count","tweet_url","user_id_str","username"
"1893722819000742213","Sun Feb 23 18:01:18 +0000 2025","0","Quand tu sors de Manchester United t es destiné à un grand avenir","1893722819000742213","","","fr","","0","0","0","https://x.com/kenzo1_2/status/1893722819000742213","896438157545267200","kenzo1_2"
"1893721833968374163","Sun Feb 23 17:57:23 +0000 2025","0","Wesh mais depuis que Antony est parti de Manchester United il est devenu le meilleur joueur du monde ou c'est comment https://t.co/g8ZrShYCWz","1893721833968374163","https://pbs.twimg.com/tweet_video_thumb/GkfZ-BIX0AEPNzH.jpg","","fr","","0","0","0","https://x.com/Zola243_/status/1893721833968374163","1582162760800124928","Zola243_"
"1893720072708845880","Sun Feb 23 17:50:23 +0000 2025","0","Joyeux anniversaire à l infatigable Casemiro. 33 ans aujourd hui ️🇧🇷https://t.co/2QahNJ0DV2","1893720072708845880","https://pbs.twimg.com/amplify_video_thumb/1630131079595298816/img/JoO7pspiZqv6fvdA.jpg","","fr","","0","0","0","https://x.com/senegal_mu/status/1893720072708845880","1160685392074596352","senegal_mu"
"1893720986039574934","Sun Feb 23 17:54:01 +0000 2025","1","Continue sur cette lancée p tit. Content pour toi.","1893720986039574934","","","fr","Lyon, France","0","0","0","https://x.com/BHD0601/status/1893720986039574934","1200236304203730944","BHD0601"
"1893719895386292727","Sun Feb 23 17:49:41 +0000 2025","0","C est quoi ce cirque ? https://t.co/T8LhzfxhZk","1893719895386292727","https://pbs.twimg.com/amplify_video_thumb/1893648819016916992/img/kWhL8COeN30fFGiX.jpg","","fr","","0","0","0","https://x.com/senegal_mu/status/1893719895386292727","1160685392074596352","senegal_mu"
"1893719658944991312","Sun Feb 23 17:48:44 +0000 2025","0","Slot ce mauvais perdant est tellement drôle il a le toupet de critiquer ses adversaires (de seconde zone) car ils jouent bloc bas + transition/jeu long mais son LiVARpool face un City à la rue peut se le permettre. Ça passe crème et TOUT va bien. Enfoiré de m*** avec son CRÂNE","1893719658944991312","","","fr","Lyon, France","0","0","0","https://x.com/BHD0601/status/1893719658944991312","1200236304203730944","BHD0601"
"1893719452518080824","Sun Feb 23 17:47:55 +0000 2025","5","La mère de Lisandro Martinez est un amour ️https://t.co/zZjPcuAfu8","1893719452518080824","https://pbs.twimg.com/amplify_video_thumb/1893703911149629440/img/Hvx6RS0QD8n-HP9L.jpg","","fr","","0","0","1","https://x.com/senegal_mu/status/1893719452518080824","1160685392074596352","senegal_mu"
"1893702329381040481","Sun Feb 23 17:37:19 +0000 2025","0","@SylvainGin_ C'est écrit quelque part ça de ma part ? Je ne crois pas...","1893716785859359190","","SylvainGin_","fr","","0","0","0","https://x.com/ManUtd_Histoire/status/1893716785859359190","1326217094271299586","ManUtd_Histoire"
"1893660667317563467","Sun Feb 23 17:36:38 +0000 2025","0","@ItuBeam @Andyharvel Oui tu as raison son rôle était de regarder le joueur avancer sans broncher dans son propre camp. Le simple fait d'harceler/gêner le porteur de balle est considéré comme du pressing.","1893716611460210752","","ItuBeam","fr","","0","0","0","https://x.com/ManUtd_Histoire/status/1893716611460210752","1326217094271299586","ManUtd_Histoire"
"1893713166594449812","Sun Feb 23 17:22:57 +0000 2025","2","Manchester city a de la chance que les autres équipes soient des chokers ou irréguliers car ce truc là ne doit pas sentir l odeur du TOP 4 cette saison. Chelsea Tottenham(mort) united (mort)","1893713166594449812","","","fr","","0","0","0","https://x.com/erenxitachi/status/1893713166594449812","1429190226233135108","erenxitachi"
"1893709367981039715","Sun Feb 23 17:07:51 +0000 2025","33","Le joueur FC dans toute sa splendeur le fléau du football actuel. Rashford n'avait aucun reproche à se faire vous avez raison...","1893709367981039715","","","fr","","1","0","3","https://x.com/ManUtd_Histoire/status/1893709367981039715","1326217094271299586","ManUtd_Histoire"
"1893708884491051128","Sun Feb 23 17:05:56 +0000 2025","1","Fait voir les passes camikase de Casemiro Seigneur","1893708884491051128","","","fr","Lyon, France","0","0","0","https://x.com/BHD0601/status/1893708884491051128","1200236304203730944","BHD0601"
"1893660667317563467","Sun Feb 23 17:03:39 +0000 2025","0","@ItuBeam @Andyharvel Ici Un exemple parmi tant d'autres et dans le rôle de 9 premier acteur du pressing... On parle d'une attitude/caractère qui est primordial dans une équipe. Et à 28 ans c'est à lui de montrer la voie. https://t.co/wJnl5BH1JN","1893708312455078248","","ItuBeam","fr","","0","1","0","https://x.com/ManUtd_Histoire/status/1893708312455078248","1326217094271299586","ManUtd_Histoire"
"1893314251634118731","Sun Feb 23 17:02:07 +0000 2025","0","@GregHammouti @FRBlueMoon @PepTeam Ça reste le club ayant dépenser moins que Arsenal Chelsea psg Manchester United Newcastle et j'en passe ton excuse ne tient pas ","1893707925002010643","","GregHammouti","fr","","0","1","0","https://x.com/malooo____/status/1893707925002010643","1622368362859831298","malooo____"
"1893707871323336956","Sun Feb 23 17:01:54 +0000 2025","0","Manchester United regrette déjà Marcus Rashford Source : Foot Mercato https://t.co/Kt8nKAPCjb","1893707871323336956","","","fr","Alpes-Maritimes, Provence-Alpe","0","0","0","https://x.com/ZizouPremier/status/1893707871323336956","1554173119069306881","ZizouPremier"
"1893695979515236766","Sun Feb 23 17:00:04 +0000 2025","1","@T4Zz7 @noointwitt vouloir juger un joueur qui joue à manchester united sur ce qu il a gagné https://t.co/tfIcRrN0Pn","1893707409719255545","https://pbs.twimg.com/tweet_video_thumb/GkfM2XJXYAEF97r.jpg","T4Zz7","fr","Old Trafford","0","2","0","https://x.com/wales_utd/status/1893707409719255545","1771569778215239680","wales_utd"
"1893706336031961229","Sun Feb 23 16:55:48 +0000 2025","0","Le foot quand je voit pas manchester united du week end https://t.co/9PSq2HZTqh","1893706336031961229","https://pbs.twimg.com/tweet_video_thumb/GkfL32wWIAAaoZI.jpg","","fr","","0","0","0","https://x.com/nicomufc/status/1893706336031961229","2188250916","nicomufc"
"1893702329381040481","Sun Feb 23 16:42:39 +0000 2025","0","@SylvainGin_ Non non il y a suffisamment que pour lui en vouloir pour si peu...","1893703028416377063","","SylvainGin_","fr","","0","1","0","https://x.com/ManUtd_Histoire/status/1893703028416377063","1326217094271299586","ManUtd_Histoire"
"1893660667317563467","Sun Feb 23 16:40:34 +0000 2025","1","@ItuBeam @Andyharvel Votre poussé vers la sortie si on en croit que les médias est vite risible aussi. ETH a toujours compté sur lui tout comme Amorim dès son arrivée. Des vidéos de mauvaise attitude de Rashford sur le terrain il y en a un paquet aussi. Même Ruud a fini par le bencher.","1893702502513603039","","ItuBeam","fr","","0","1","0","https://x.com/ManUtd_Histoire/status/1893702502513603039","1326217094271299586","ManUtd_Histoire"
"1893660667317563467","Sun Feb 23 16:36:16 +0000 2025","0","@AContador7 Au-delà du talent qui est indéniable il y a l'attitude et l'état d'esprit qui doit coller avec celle du groupe et de ce que veux proner l'entraîneur. Et ça c'est au-dessus de tout","1893701421775679666","","AContador7","fr","","0","0","0","https://x.com/ManUtd_Histoire/status/1893701421775679666","1326217094271299586","ManUtd_Histoire"
"1893697410888515856","Sun Feb 23 16:20:20 +0000 2025","1","️ Le nouveau patron de Manchester United en a marre de vivre... dans le passé ! ⬇️ https://t.co/Gl6GVj0ZFP","1893697410888515856","","","fr","Paris","0","1","0","https://x.com/OnzeMondial/status/1893697410888515856","262593360","OnzeMondial"
"1893589992124924072","Sun Feb 23 16:17:27 +0000 2025","5","@TristanHomy Ils ont sucré la prime de Noël (150€) des salariés de Manchester United.","1893696684481221062","","TristanHomy","fr","","0","1","0","https://x.com/AloYaGniZock/status/1893696684481221062","46216970","AloYaGniZock"
"1893694179097633163","Sun Feb 23 16:07:30 +0000 2025","0","Le but de modric m a renvoyé à son but face à Manchester United https://t.co/agIear7TXa","1893694179097633163","https://pbs.twimg.com/tweet_video_thumb/GkfA0OxXgAASAK6.jpg","","fr","Paris, France","0","0","0","https://x.com/sagno_levis/status/1893694179097633163","3033118083","sagno_levis"
"1893692689998135580","Sun Feb 23 16:01:35 +0000 2025","17"," Petit souvenir de ce but de Rafael Da Silva en ce jour de 2013 au Loftus Road. #MUFC https://t.co/bvfWeIEvPs","1893692689998135580","https://pbs.twimg.com/amplify_video_thumb/1239858219390033921/img/YCGOMC8spiNoOb1O.jpg","","fr","","0","0","2","https://x.com/ManUtd_Histoire/status/1893692689998135580","1326217094271299586","ManUtd_Histoire"
"1893650352324346094","Sun Feb 23 15:55:05 +0000 2025","2","@Moroccanfoot94 PEC Zwolle Manchester United Voilà la différence","1893691054416654722","","Moroccanfoot94","fr","'07","0","2","0","https://x.com/MG_9140/status/1893691054416654722","1590767199001743367","MG_9140"
"1893685431985721480","Sun Feb 23 15:32:44 +0000 2025","203","Noussair Mazraoui doit passer des examens aujourd'hui avant qu'une décision ne soit prise sur sa participation au match de mercredi. [@RobDawsonESPN] #MUFC https://t.co/txHDMwSLTQ","1893685431985721480","https://pbs.twimg.com/media/Gke4y8tWgAAhGPj.jpg","","fr","","2","3","3","https://x.com/MUnitedFR/status/1893685431985721480","832304691581161475","MUnitedFR"
"1893650372637384739","Sun Feb 23 15:28:37 +0000 2025","0","@PierreMenes Le Milan AC et Manchester United sont deux clubs qui ont changé de coach en cours de saison mais la mayonnaise ne prend toujours pas comment expliquer cela étant donné que les effectifs ne sont pas si immondes que ça ?","1893684397066322209","","PierreMenes","fr","Saint-Martin-Boulogne, France","0","0","0","https://x.com/ClemLcrvn/status/1893684397066322209","821531726505771008","ClemLcrvn"
"1893685339975242111","Sun Feb 23 15:32:22 +0000 2025","0","Pour 1 pt pitié le pressing negreira on vous le sort tous LES JOURS (même quand vous vous faisiez mater en Europa league par Manchester United)","1893685339975242111","","","fr","Manchester, England","0","1","0","https://x.com/fatimawdv/status/1893685339975242111","1139289379531382790","fatimawdv"
"1893683179317293448","Sun Feb 23 15:23:47 +0000 2025","2","vous avez jugé le joueur sur une compet d un mois pour le faire passer pour un joueur world class alors qu il est juste boff mdrrr loin de manchester united","1893683179317293448","","","fr","","0","2","1","https://x.com/Zonarista/status/1893683179317293448","1715076081273696256","Zonarista"
"1893002421942550621","Sun Feb 23 15:18:09 +0000 2025","0","@Jony10911 @SinbadBoi_ pas a son vrai prix dit moi une equipe de mileu de tableau de ligue francais qui gagne 60m en sponsoring ( lyon c'était à peu pres une 20è de millions et ils sortait de leur prime manchester united 50m en 2018 (supérieur a ceux de 2012) avec chevrolet","1893681759742476554","","Jony10911","fr","","0","1","0","https://x.com/SilvioDiGrande1/status/1893681759742476554","1466534965391331334","SilvioDiGrande1"
"1893681341302034762","Sun Feb 23 15:16:29 +0000 2025","0","Manchester United serait prêt à investir 25 millions d'euros pour recruter Godwill Yogusuk le gardien de but sud-soudanais de 20 ans. https://t.co/FR5ZaeRsN1","1893681341302034762","https://pbs.twimg.com/media/Gke1I4WWgAEQ_la.jpg","","fr","","0","0","0","https://x.com/ryaninio01/status/1893681341302034762","1892556474481598466","ryaninio01"
"1893660667317563467","Sun Feb 23 15:09:32 +0000 2025","2","@Andyharvel Quand ton nouvel entraîneur arrive et que tu lâches dans une interview publique que tu es prêt à passer à autre chose le choix d'Amorim est totalement compréhensible. Arrêtons aussi de penser que Rashford était le gars parfait sinon il n'en serait pas là.","1893679591815860617","","Andyharvel","fr","","0","2","0","https://x.com/ManUtd_Histoire/status/1893679591815860617","1326217094271299586","ManUtd_Histoire"
"1893679497859289143","Sun Feb 23 15:09:09 +0000 2025","71","Ça me fait rire les gens qui se mettent à regretter les Fred Martial McTominay De Gea et compagnie.. on a beau faire pire sans eux que jamais je regretterai des types qui n avaient déjà pas le niveau pour être à Manchester United.","1893679497859289143","","","fr","Le Mans, France","2","6","9","https://x.com/BaptV_Utd/status/1893679497859289143","800450581","BaptV_Utd"
"1893300952548991456","Sun Feb 23 15:07:23 +0000 2025","0","@ArobaseRashy @encorebeni Neymar est plus grand que le PSG et Manchester United réuni et t'oses croire que c'est pas une légende mdrrr","1893679050935161128","","ArobaseRashy","fr","Bronx, NY","0","0","0","https://x.com/pikawasaki/status/1893679050935161128","968248534750367745","pikawasaki"
"1893678706847056006","Sun Feb 23 15:06:01 +0000 2025","0","André Onana sur la sellette : Manchester United cible Juan Musso pour le remplacer #Afropages https://t.co/mgf5i9iDQ2","1893678706847056006","","","fr","France","0","0","0","https://x.com/Afropages/status/1893678706847056006","69290737","Afropages"
"1893531874615521325","Sun Feb 23 14:56:50 +0000 2025","0","@Iam_kristians J attends de voir cette suite peut le faire Même l UEFA sera dépassé du cas Manchester United Scénario: On en championship et en remporte la C1 Ça sera le graal","1893676395215061464","","Iam_kristians","fr","Côte d'Ivoire 🇨🇮","0","1","0","https://x.com/ulrichelie/status/1893676395215061464","2641461364","ulrichelie"
"1893660667317563467","Sun Feb 23 14:55:19 +0000 2025","0","@TJmtf5 Je pense que tu n'as pas compris mon tweet. À aucun moment je dis le contraire","1893676013533397181","","TJmtf5","fr","","0","0","0","https://x.com/ManUtd_Histoire/status/1893676013533397181","1326217094271299586","ManUtd_Histoire"
"1893300952548991456","Sun Feb 23 14:48:24 +0000 2025","0","@pikawasaki @encorebeni Je suis fan de Manchester united je m'en blc du psg qu'est ce tu raconte frerot ?","1893674274327507388","","pikawasaki","fr","Old Trafford","0","1","0","https://x.com/ArobaseRashy/status/1893674274327507388","1527165146916864001","ArobaseRashy"
"1893660667317563467","Sun Feb 23 14:31:51 +0000 2025","0","@ManUtd_Histoire Tu sais bien que c'est pour son attitude le club voulait le vendre bien avant tout cela ton compte c'est Manchester United tu devrais être au courant des choses comme ça","1893670109849203034","","ManUtd_Histoire","fr","none","0","1","0","https://x.com/TJmtf5/status/1893670109849203034","490175833","TJmtf5"
"1893664739948958033","Sun Feb 23 14:10:31 +0000 2025","190"," Robin Van Persi est le nouvel entraîneur de Feyenoord ! L ancienne légende d Arsenal et de Manchester United s occupera de Ramiz Zerrouki et de Anis Hadj Moussa 🇩🇿 https://t.co/T7AcepwDF6","1893664739948958033","https://pbs.twimg.com/media/GkemCyYWkAAnOsc.jpg","","fr","Paris, France","1","0","6","https://x.com/DZFOOTBALLDZ/status/1893664739948958033","1483797647567773696","DZFOOTBALLDZ"
"1893652726396895654","Sun Feb 23 13:59:25 +0000 2025","0","@mfd2125 @immorteltyran ZÉRO rap al Hamdoulilah","1893661947897233789","","mfd2125","fr","Lyon, France","0","1","0","https://x.com/BHD0601/status/1893661947897233789","1200236304203730944","BHD0601"
"1893652726396895654","Sun Feb 23 13:57:25 +0000 2025","0","@mfd2125 @immorteltyran Souma guissé incha ALLAH tkt","1893661443595087985","","mfd2125","fr","Lyon, France","0","0","0","https://x.com/BHD0601/status/1893661443595087985","1200236304203730944","BHD0601"
"1893660667317563467","Sun Feb 23 13:57:17 +0000 2025","1","@ManUtd_Histoire Le club va se reconstruire avec ou sans lui. Des cas comme ça Manchester United a sûrement déjà connu ça et rien ne changera. Le Club &gt; Rashford","1893661412540477713","","ManUtd_Histoire","fr","","0","1","0","https://x.com/TheSilverBring/status/1893661412540477713","1496131666691207168","TheSilverBring"
"1893660667317563467","Sun Feb 23 13:55:44 +0000 2025","2","@TheSilverBring Exactement","1893661019525824977","","TheSilverBring","fr","","0","1","0","https://x.com/ManUtd_Histoire/status/1893661019525824977","1326217094271299586","ManUtd_Histoire"
"1893660667317563467","Sun Feb 23 13:54:20 +0000 2025","80"," Rashford n'aurait pas fait pire que notre attaque Oui mais si il a été prêté c'est une pour une raison : son attitude. Sans oublier que son manque de régularité l'a plongé encore plus dans cette situation. Et pour bcp vous étiez les premiers à l'insulter... Aucun regret.","1893660667317563467","","","fr","","4","16","10","https://x.com/ManUtd_Histoire/status/1893660667317563467","1326217094271299586","ManUtd_Histoire"
"1893652726396895654","Sun Feb 23 13:41:48 +0000 2025","0","@immorteltyran Le jour où tu feras pareil avec moi rk ","1893657512609468815","","immorteltyran","fr","Lyon, France","0","1","0","https://x.com/BHD0601/status/1893657512609468815","1200236304203730944","BHD0601"
"1893650372637384739","Sun Feb 23 13:40:51 +0000 2025","1","@PierreMenes Bonjour Pierrot Après ten hag cette Année Ruben Amorim est il encore l entraîneur de la situation à Manchester united ou vu le déclin du sporting et de united on assiste à un véritable gâchis pour ces 3 acteurs ?","1893657274620547133","","PierreMenes","fr","Ile-de-France, France","0","0","0","https://x.com/sebm7777/status/1893657274620547133","752887958227841027","sebm7777"
"1893650126494695476","Sun Feb 23 13:12:27 +0000 2025","0","Soit il est Catalan soit il est de Manchester United.","1893650126494695476","","","fr","Konoha","0","1","0","https://x.com/foplacide/status/1893650126494695476","813729701839638528","foplacide"
"1893648959911972974","Sun Feb 23 13:07:48 +0000 2025","0","Le club de Rotterdam a annoncé ce dimanche l arrivée de l ancien de Manchester United. ️ https://t.co/s5Gxwl9uQ1 https://t.co/s5Gxwl9uQ1","1893648959911972974","","","fr","Paris","0","0","0","https://x.com/Sport24Team/status/1893648959911972974","85862615","Sport24Team"
"1893642051477995575","Sun Feb 23 12:40:21 +0000 2025","8"," En ce jour de 1963 Pat Crerand effectuait ses grands débuts pour Manchester United. La première de ses 397 apparitions avec le club pour ce grand nom du football écossais. #MUFC https://t.co/2kFwmXwOJt","1893642051477995575","https://pbs.twimg.com/media/GkeRaRmWcAAOvnm.jpg","","fr","","0","1","0","https://x.com/ManUtd_Histoire/status/1893642051477995575","1326217094271299586","ManUtd_Histoire"
"1893342661983002798","Sun Feb 23 12:37:41 +0000 2025","2","@Alexvnder21 @TheBestBusby C est pas des tweets qui feront revenir Ten Hag il est parti il a plus rien à voir avec Manchester United aujourd hui. Les Glazers l ont bien plombé mais lui aussi par son attitude avec les joueurs et ses choix. Les vrais problèmes sont les Glazers et personne d autre","1893641378615226446","","Alexvnder21","fr","France","0","2","0","https://x.com/UtdYvs/status/1893641378615226446","733754546854473728","UtdYvs"
"1893640172299813026","Sun Feb 23 12:32:53 +0000 2025","54","Manchester United regrette déjà Marcus Rashford ! https://t.co/flHJXUsJJP","1893640172299813026","","","fr","Paris","2","4","3","https://x.com/footmercato/status/1893640172299813026","229178711","footmercato"
"1893632614562484584","Sun Feb 23 12:28:50 +0000 2025","1","@UtdNino La vérité prendra tjrs l escalier ","1893639151867584544","","UtdNino","fr","Lyon, France","0","1","0","https://x.com/BHD0601/status/1893639151867584544","1200236304203730944","BHD0601"
"1893638039445885269","Sun Feb 23 12:24:25 +0000 2025","1","Si Manchester United est relégué et gagne l Europa League vont ils jouer la LDC en étant en Championship ??? https://t.co/wyI71ewYvh","1893638039445885269","https://pbs.twimg.com/tweet_video_thumb/GkeNwXyW0AAN4RR.jpg","","fr","","0","1","0","https://x.com/ixha_f/status/1893638039445885269","1614944583921582081","ixha_f"
"1893628020247683557","Sun Feb 23 12:21:24 +0000 2025","0","@Jim91130_ Bah personnellement après les match contre Manchester united ou encore Barcelone y avais pas que Twitter","1893637280960569543","","Jim91130_","fr","","0","0","0","https://x.com/aconeofficiel/status/1893637280960569543","1300547764795961344","aconeofficiel"
"1893637203240145151","Sun Feb 23 12:21:05 +0000 2025","0"," Statistiques marquantes du week-end ! ️ ️ Marco Asensio a inscrit un doublé en championnat une première depuis 2021 avec le Real Madrid. 🅰️ Marcus Rashford a délivré deux passes décisives en championnat une première depuis 2020 avec Manchester United. Les nouvelles https://t.co/5q24DPCtXV","1893637203240145151","https://pbs.twimg.com/media/GkeM_g8XwAAVJZd.jpg","","fr","France","0","0","0","https://x.com/SebasMadrilene/status/1893637203240145151","1830265737568559104","SebasMadrilene"
"1893636644512657436","Sun Feb 23 12:18:52 +0000 2025","2","Michael Olise vs Manchester United ~ {06/05/24} @MichaelOlise10 https://t.co/BtnMdJ3DBk","1893636644512657436","https://pbs.twimg.com/amplify_video_thumb/1893636497477103616/img/9RMurJCaNcymh0IC.jpg","","fr","","0","0","0","https://x.com/Zachary_1000/status/1893636644512657436","1268850879668670464","Zachary_1000"
"1893633602862125486","Sun Feb 23 12:06:47 +0000 2025","0","C'est MANCHESTER UNITED qui est maudit ou quoi ?","1893633602862125486","","","fr","","0","0","0","https://x.com/FloraNdongmo/status/1893633602862125486","275187893","FloraNdongmo"
"1893633523627536496","Sun Feb 23 12:06:28 +0000 2025","4","c est un supporter de MANCHESTER UNITED https://t.co/ScoC5FJIuZ","1893633523627536496","https://pbs.twimg.com/ext_tw_video_thumb/1893633489754279936/pu/img/Lr2FquKdBm4H5h2P.jpg","","fr","Ile-de-France, France","0","2","0","https://x.com/Emrick_9/status/1893633523627536496","1557589836466475008","Emrick_9"
"1893631229108371654","Sun Feb 23 11:57:21 +0000 2025","406","️ Blessé Iliman Ndiaye🇸🇳 était hier dans le stade d'Everton pour soutenir ses coéquipiers qui ont tenu en échec Manchester United (2-2). https://t.co/WM8kwgKrSR","1893631229108371654","https://pbs.twimg.com/media/GkeHj2cWwAAHpCY.jpg","","fr","Dakar/Sénégal","0","0","11","https://x.com/footsen221/status/1893631229108371654","1513990978184663046","footsen221"
"1893626664287949062","Sun Feb 23 11:55:07 +0000 2025","1","@loolo061 @ogcnice Manchester United n en joue pas une l année prochaine (ce qui est fort probable).","1893630666929053892","","actus_ogcn","fr","","0","0","0","https://x.com/actus_ogcn/status/1893630666929053892","1453802869526876168","actus_ogcn"
"1893422494188470535","Sun Feb 23 11:52:57 +0000 2025","0","@CFC_Janty Free scoring Barça Yet Manchester United has scored 30 goals in last 39 matches","1893630119215772089","","CFC_Janty","fr","Football & Politics","0","0","0","https://x.com/keystanoel/status/1893630119215772089","933272019776483328","keystanoel"
"1893581480829276225","Sun Feb 23 11:48:00 +0000 2025","1","@CrazyAnthon @PLFrance_ Faux depuis qu'il est à City il y a eu Chelsea et Manchester United qui ont dépensé plus que lui.","1893628876913307677","","CrazyAnthon","fr","","0","0","0","https://x.com/BimoPepito/status/1893628876913307677","1381940053761531905","BimoPepito"
"1893581480829276225","Sun Feb 23 11:44:27 +0000 2025","1","@GarreauNicolas2 @PLFrance_ C'est vrai qu'à Chelsea Manchester United Arsenal Liverpool (pour ne citer que c'est 4 là) il n'y a pas les moyens Lol","1893627980536000725","","GarreauNicolas2","fr","","0","1","0","https://x.com/BimoPepito/status/1893627980536000725","1381940053761531905","BimoPepito"
"1893627136503652769","Sun Feb 23 11:41:05 +0000 2025","4","Joyeux anniversaire à Alan Foggon qui fête ses 75 ans ! #MUFC https://t.co/dvRzjQCnHu","1893627136503652769","https://pbs.twimg.com/media/GkeD2JaXQAAcvkS.jpg","","fr","","0","1","0","https://x.com/ManUtd_Histoire/status/1893627136503652769","1326217094271299586","ManUtd_Histoire"
"1893627086004158626","Sun Feb 23 11:40:53 +0000 2025","0","SPORT Le nouvel entraîneur de Feyenoord est une ancienne star d Arsenal et de Manchester United Lire l'article : https://t.co/W1RTh0ErpG https://t.co/Nrcp7Yplx1","1893627086004158626","https://pbs.twimg.com/media/GkeDzGKWAAAt9b5.png","","fr","France","0","0","0","https://x.com/ShangoFoot/status/1893627086004158626","1547676638145437696","ShangoFoot"
"1893626391469437328","Sun Feb 23 11:38:08 +0000 2025","496","️ A bientôt 36 ans Idrissa Gana Gueye🇸🇳 continue de briller dans le plus grand championnat au monde. Hier encore face à Manchester United Gana a réussi 11 tacles soit le plus grand nombre dans un match de Premier League cette saison. https://t.co/PjakgHpd70","1893626391469437328","https://pbs.twimg.com/media/GkeDKTyWgAA2mrp.jpg","","fr","Dakar/Sénégal","0","0","28","https://x.com/footsen221/status/1893626391469437328","1513990978184663046","footsen221"
"1893623440675930517","Sun Feb 23 11:26:24 +0000 2025","0","Je veux bien debattre avec brighton aston villa fulham et tout mais pas manchester united perte de temps matinale qu'est ce que je vais gagner dans ça ya rien a faire je suis 6 eme il est 15 eme tu veux echanger de quoi avec des boudeurs PERTE DE TEMPS vraiment https://t.co/XHWN5KAujH","1893623440675930517","https://pbs.twimg.com/tweet_video_thumb/GkeAevgXAAAAa_4.jpg","","fr","","0","0","0","https://x.com/Mazoukan/status/1893623440675930517","1587010612307103745","Mazoukan"
"1893604683249319984","Sun Feb 23 11:20:26 +0000 2025","0","@ZinhoUtd Mais réveillez vous la vie c est pas football manager allez en ldc va pas te régler tout les problèmes et même financièrement j ai aucun doute pour Manchester United l argent n est même pas le problème pour eux le football c est pas que des grands noms t es incapable de","1893621938553012313","","ZinhoUtd","fr","93","0","1","0","https://x.com/SIRBAYO_/status/1893621938553012313","2540137352","SIRBAYO_"
"1893621648638492972","Sun Feb 23 11:19:17 +0000 2025","1","ABDOULAYE DOUCOURÉ DOUBLED EVERTON'S LEAD OVER MANCHESTER UNITED!!! https://t.co/CJhE8Bp9Cb","1893621648638492972","https://pbs.twimg.com/amplify_video_thumb/1893364677851099136/img/64ZARGh3Yw5MNWbH.jpg","","fr","🏳️‍🌈 Backup: @FootballReprt2","0","1","0","https://x.com/FootballReprt/status/1893621648638492972","1435683763741147140","FootballReprt"
"1893611005248143378","Sun Feb 23 11:17:27 +0000 2025","2","@gprive_y Vous pensez trop qu on est le Manchester United des années 2000 réveillez vous les frères.","1893621185553817682","","SIRBAYO_","fr","93","0","1","0","https://x.com/SIRBAYO_/status/1893621185553817682","2540137352","SIRBAYO_"
"1893423018073866529","Sun Feb 23 11:15:51 +0000 2025","0","@MassiliaZone Waaa le football ça rend fou ! On aurait le temps de faire ça nous","1893620784523813297","","MassiliaZone","fr","","0","0","0","https://x.com/Manchesterfra/status/1893620784523813297","1872364951920316416","Manchesterfra"
"1893618961863860435","Sun Feb 23 11:12:01 +0000 2025","1","@MAGIX_NiCo T inquiète tu viendras braquer avec nous la prochaine fois.","1893619819343220952","","MAGIX_NiCo","fr","","0","0","0","https://x.com/Manchesterfra/status/1893619819343220952","1872364951920316416","Manchesterfra"
"1893619600836657356","Sun Feb 23 11:11:09 +0000 2025","0","15 EME DE PREMIER LEAGUE 0 EVOLUTION DEPUIS TODD boehly meme c'est un dieu a manchester united https://t.co/6VRkPrdHMQ","1893619600836657356","https://pbs.twimg.com/ext_tw_video_thumb/1893619411837128708/pu/img/W_JbOMANaHoQhVaH.jpg","","fr","","0","0","0","https://x.com/Mazoukan/status/1893619600836657356","1587010612307103745","Mazoukan"
"1893619158824124574","Sun Feb 23 11:09:23 +0000 2025","9","J espère qu ils vont pas le rendre nul d ici la fin de saison","1893619158824124574","","","fr","Lyon, France","0","0","0","https://x.com/BHD0601/status/1893619158824124574","1200236304203730944","BHD0601"
"1893616444882989094","Sun Feb 23 11:08:59 +0000 2025","1","@PapinMatador Il est rentré dans un match brouillon ce qui n est pas la meilleure façon de commencer mais son placement est intéressant.","1893619058324467987","","PapinMatador","fr","","0","1","0","https://x.com/Manchesterfra/status/1893619058324467987","1872364951920316416","Manchesterfra"
"1893618973251366917","Sun Feb 23 11:08:39 +0000 2025","9","Pour tout fans de Manchester United je vous conseille leur podcast très bien ! Pourquoi pas un feat avec @Lacademieyt un jour ça pourrais être cool","1893618973251366917","","","fr","Colomiers, France","0","1","2","https://x.com/Wixer31770/status/1893618973251366917","2941265073","Wixer31770"
"1893282374521118871","Sun Feb 23 11:04:58 +0000 2025","1","@LeZett21 @medina9_2 @malserj1509 @MUnitedFR Je vais clairement te dire qui a le niveau pour RÉÉLEMENT jouer le top 6 à Manchester United : Mainoo (Blessé) Diallo (Blessé) Lisandro (Blessé) Mazraoui Dorgu Yoro Garnacho Ugarte c'est tout. Et dans ces joueurs t'en as encore qui ont malgré eux pas la maturité.","1893618044171100254","","LeZett21","fr","","0","2","0","https://x.com/_Lucas_V_Off/status/1893618044171100254","1499459395582930955","_Lucas_V_Off"
"1893617857348391351","Sun Feb 23 11:04:13 +0000 2025","3","Lui là j espère que y a un monde où ils vont décider de pas lever cette option. (Apparemment ils l ont levé)‍️","1893617857348391351","","","fr","Lyon, France","0","2","0","https://x.com/BHD0601/status/1893617857348391351","1200236304203730944","BHD0601"
"1893617842932560037","Sun Feb 23 11:04:10 +0000 2025","2","Le nouvel entraîneur de Feyenoord est une ancienne star d Arsenal et de Manchester United https://t.co/lDwswgJqAj #sport #sports #SportFr #actualité #infos #alerte","1893617842932560037","","","fr","France","0","0","0","https://x.com/FilSport/status/1893617842932560037","348443515","FilSport"
"1893617251032404336","Sun Feb 23 11:01:49 +0000 2025","0","Qui a fait ça ","1893617251032404336","","","fr","Lyon, France","0","0","0","https://x.com/BHD0601/status/1893617251032404336","1200236304203730944","BHD0601"
"1893581480829276225","Sun Feb 23 10:57:18 +0000 2025","0","@Jonathanngongo8 @PLFrance_ Si Manchester United est mal classé. C'est un problème dans le recrutement. Des joueurs sur payés qui ne rentrent pas dans un projet pour être devant. Armorin va sans doute faire le ménage et il est grand temps.","1893616114426360068","","Jonathanngongo8","fr","Nantes, France","0","1","0","https://x.com/GarreauNicolas2/status/1893616114426360068","703710934712360961","GarreauNicolas2"
"1893599641423249767","Sun Feb 23 10:45:26 +0000 2025","2","@ActuFoot_ @Feyenoord Fin de saison il rejoint Manchester United","1893613131441586300","","ActuFoot_","fr","Gelsenkirchen, Germany","0","0","0","https://x.com/19_leyy/status/1893613131441586300","1424471810289061892","19_leyy"
"1893615737732038736","Sun Feb 23 10:55:48 +0000 2025","1","Ah oe le mec pensait gagner une pl avec ce Manchester united https://t.co/FnpCqUXlsb","1893615737732038736","https://pbs.twimg.com/tweet_video_thumb/Gkd5eOrW8AAqz8z.jpg","","fr","","0","1","0","https://x.com/__Arizuka__/status/1893615737732038736","1426433049961586688","__Arizuka__"
"1893612767329849488","Sun Feb 23 10:44:00 +0000 2025","2","Résumé de la journée de hier : - Côté foot : Manchester United n en finis plus de s enfoncer dans la crise .. La #TeamOm malgré notre non match on subit les conséquences d un arbitrage catastrophique.. Bournemouth et Arsenal perdent à la maison Lille fait une bonne opération","1893612767329849488","","","fr","","0","4","0","https://x.com/AnonymesSportif/status/1893612767329849488","2422200743","AnonymesSportif"
"1893063080159948968","Sun Feb 23 10:39:20 +0000 2025","3","@ZaleUTD Meilleurs joueurs de Manchester United meilleur joueur britannique meilleur joueur de première league","1893611592912109749","","ZaleUTD","fr","","0","0","0","https://x.com/Chbaniachraf1/status/1893611592912109749","1423457038512832512","Chbaniachraf1"
"1893610385510367271","Sun Feb 23 10:36:27 +0000 2025","1","@Pento38760 Idem pour Manchester United. Idem pour Liverpool. Idem pour l'inter de Milan. L'OM qui investit massivement dans les transferts depuis 2 ans Coïncidence ?","1893610870434914356","","Pento38760","fr","","0","0","0","https://x.com/CohFran/status/1893610870434914356","1503450076232007681","CohFran"
"1893287502917578805","Sun Feb 23 10:13:37 +0000 2025","0","@oo_latino @vista_213 Ça reste moins pire que Manchester United","1893605122690744732","","oo_latino","fr","✈️","0","0","0","https://x.com/Sesealg240/status/1893605122690744732","1432687518600867841","Sesealg240"
"1893599540529307781","Sun Feb 23 10:11:34 +0000 2025","0","@MarckUnited Je te les dit incroyable","1893604605319143893","","MarckUnited","fr","","0","1","0","https://x.com/Manchesterfra/status/1893604605319143893","1872364951920316416","Manchesterfra"
"1893602581605163511","Sun Feb 23 10:05:43 +0000 2025","0","Vazy jvoulais tellement Russo pour mon équipe full Manchester (elle a joué à United ça compte) Au moins Lyon ira plus loin en LDC donc au final Egurrola aura une meilleure carte mais vazy j'ai pas envie de la jouer","1893603136276738478","","PaillaDzeko","fr","he/him","0","1","0","https://x.com/PaillaDzeko/status/1893603136276738478","768920839517536256","PaillaDzeko"
"1893602668398174663","Sun Feb 23 10:03:52 +0000 2025","1","Detail lelang #betis2 Minggu 23 Februari 2025 Manchester United home 2021 Size L 77 x 54 cm (-) 5 titik hole some bobles n puls noda minor Fair conditions https://t.co/crsb5aAygF","1893602668398174663","https://pbs.twimg.com/media/Gkdtiv_bsAA1EIU.jpg","","fr","attack city - Serangnesia ","1","1","1","https://x.com/Pagarbetisfs/status/1893602668398174663","1253395810923843585","Pagarbetisfs"
"1893593297165099391","Sun Feb 23 09:26:37 +0000 2025","3","Les Numéros 7 de Manchester United https://t.co/whtqN72jew","1893593297165099391","https://pbs.twimg.com/media/GkdlD9wXwAEM-xC.jpg","","fr","","0","1","0","https://x.com/7Kyks93/status/1893593297165099391","1416690427177152514","7Kyks93"
"1893592991488467437","Sun Feb 23 09:25:25 +0000 2025","0"," Iannis tu veux regarder Lille prendre une branlée par Manchester United ? Les premières années j'étais heureux mdr","1893592991488467437","","","fr","","0","1","0","https://x.com/ianniss_/status/1893592991488467437","3089409743","ianniss_"
"1893589992124924072","Sun Feb 23 09:13:31 +0000 2025","56","l'un après l'autre jusqu'à ce qu'ils finissent par ne plus rien avoir en 2015. Jim Ratcliffe et INEOS ont également acheté une part importante de Manchester United en février dernier alors il est possible qu'il réduise ses dépenses ailleurs pour les financer.","1893589998084988983","","TristanHomy","fr","France","0","3","0","https://x.com/TristanHomy/status/1893589998084988983","1593898566698897408","TristanHomy"
"1893430727577870550","Sun Feb 23 09:08:45 +0000 2025","1","@sachatavolieri Enfin bref... les fans de Manchester United qui veulent qu'il change encore son système pour encore des résultats à Court-Termes comme ses prédécesseurs vous êtes des ennemis du club... et vous le savez. Vous êtes fatiguants.","1893588799310922210","","_Lucas_V_Off","fr","","0","1","0","https://x.com/_Lucas_V_Off/status/1893588799310922210","1499459395582930955","_Lucas_V_Off"
"1893384613201887423","Sun Feb 23 09:06:54 +0000 2025","0","@ActuFoot_ À cette allure il est clair que c est Manchester United le problème","1893588332363346071","","ActuFoot_","fr","Cameroon 🇨🇲","0","0","0","https://x.com/raptorx44/status/1893588332363346071","1034976508895473664","raptorx44"
"1893586731485594043","Sun Feb 23 09:00:32 +0000 2025","0","#mercato Manchester United : Marcus Rashford retrouve le sourire et attire un géant européen #football https://t.co/vUb52lIfEP","1893586731485594043","","","fr","Paris, France","0","0","0","https://x.com/TopMercato/status/1893586731485594043","23755763","TopMercato"
"1893584500111622518","Sun Feb 23 08:51:40 +0000 2025","1","Bruno Fernandes a touché le ballon VINGT fois plus que n'importe quel autre joueur alors que Man Utd est revenu de l'arrière pour obtenir un match nul 2-2 contre Everton ! @Oracle #MUFCS https://t.co/i6kNAmtLd8","1893584500111622518","https://pbs.twimg.com/media/GkddEDyXYAAk64v.jpg","","fr","Sénégal","0","0","0","https://x.com/mufsenegal2018/status/1893584500111622518","1277576005683752962","mufsenegal2018"
"1893582410572300756","Sun Feb 23 08:43:22 +0000 2025","1","Ashley Young utilise la célèbre citation de Jose Mourinho après un incident de pénalité controversé Manchester United a le dernier rire https://t.co/KXaXK9riQT","1893582410572300756","","","fr","Angleterre ","0","0","0","https://x.com/The24hNews/status/1893582410572300756","1646834507733950468","The24hNews"
"1893581406581710871","Sun Feb 23 08:39:23 +0000 2025","309","Joyeux anniversaire à Casemiro 33 ans aujourd'hui #MUFC https://t.co/hA3GuF1euR","1893581406581710871","https://pbs.twimg.com/media/GbL1rtcakAEHRWL.jpg","","fr","","0","9","8","https://x.com/MUnitedFR/status/1893581406581710871","832304691581161475","MUnitedFR"
"1893577150365671437","Sun Feb 23 08:22:28 +0000 2025","1","« SURVIVRE » .","1893577150365671437","","","fr","Lyon, France","0","0","0","https://x.com/BHD0601/status/1893577150365671437","1200236304203730944","BHD0601"
"1893576017790263520","Sun Feb 23 08:17:58 +0000 2025","3","Alors @ParfaitFTangamo on dit toujours merci Manchester United ? ","1893576017790263520","","","fr","","0","1","0","https://x.com/twittozairois/status/1893576017790263520","1324460872664813569","twittozairois"
"1893575921031913508","Sun Feb 23 08:17:35 +0000 2025","3","INEOS annoncera lundi une nouvelle série de licenciements à Manchester United tandis que Sir Jim Ratcliffe et Sir Dave Brailsford souhaitent oublier les réalisations passées du club.","1893575921031913508","","","fr","paris","0","0","0","https://x.com/haribo162/status/1893575921031913508","440160014","haribo162"
"1893575012289749093","Sun Feb 23 08:13:58 +0000 2025","118"," Il y a 2 ans aujourd'hui face au Barca Antony inscrivait notre but de la saison 2022-2023. #MUFC https://t.co/EGYgz1tPEr","1893575012289749093","https://pbs.twimg.com/media/FpvtHTeagAArTZ_.jpg","","fr","","1","1","6","https://x.com/ManUtd_Histoire/status/1893575012289749093","1326217094271299586","ManUtd_Histoire"
"1893562314160296150","Sun Feb 23 07:23:31 +0000 2025","10","Joyeux anniversaire à Casemiro qui fête ses 33 ans ! #MUFC https://t.co/Wdogiw4W8Q","1893562314160296150","https://pbs.twimg.com/media/GkdI47bXMAASQS-.jpg","","fr","","0","0","0","https://x.com/ManUtd_Histoire/status/1893562314160296150","1326217094271299586","ManUtd_Histoire"
"1893557553050853498","Sun Feb 23 07:04:35 +0000 2025","0","Devenez millionnaire avec seulement 300 CDF ! Ne manquez pas les plus grands matchs de la Premier League La Liga et Ligue 1 ! Misez sur des équipes emblématiques comme Manchester United Arsenal Barcelone l OM et bien d autres. Découvrez les cotes sur https://t.co/4tdEupS6BM","1893557553050853498","https://pbs.twimg.com/media/GkdEjZBXQAAXwTt.jpg","","fr","République Démocratique Du Con","0","0","0","https://x.com/Mulasport_RDC/status/1893557553050853498","1770064245058617344","Mulasport_RDC"
"1893497628643488185","Sun Feb 23 07:03:51 +0000 2025","0","@mkainerugaba Manchester United Afande sir.","1893557365372322172","","mkainerugaba","fr","Mbarara, Uganda","0","0","0","https://x.com/NzeireJ/status/1893557365372322172","1658065617159692289","NzeireJ"
"1893449816195076128","Sun Feb 23 06:52:08 +0000 2025","3","@Nico_Yvelines @SportsZone__ @laprovence Vu le manipulateur qu'il est et la relation qu'il a avec Nasser. (J'ai pas oublié la triche Manchester united et psg sur le tirage au sort.) je pense que l'om sera le club français préféré pour y rentrer après le Psg.","1893554417971998945","","Nico_Yvelines","fr","","0","0","0","https://x.com/stratospherik69/status/1893554417971998945","1112267488488767489","stratospherik69"
"1893554103902441564","Sun Feb 23 06:50:53 +0000 2025","0","André Onana sur la sellette : Manchester United cible Juan Musso pour le remplacer #André_Onana https://t.co/pRtgaQcHdR","1893554103902441564","","","fr","Cameroun","0","0","0","https://x.com/actucameroun/status/1893554103902441564","4909374243","actucameroun"
"1893430727577870550","Sun Feb 23 06:49:20 +0000 2025","0","@sachatavolieri En même temps tema l'effectif ok il est bon mais on parle de Manchester United bordel","1893553713131798690","","sachatavolieri","fr","","0","0","0","https://x.com/DaveluySimon/status/1893553713131798690","1192802608727154689","DaveluySimon"
"1893518555976458616","Sun Feb 23 04:29:38 +0000 2025","2","28 buts 12 assist dans ce MANCHESTER united ptdrrr les gens sur ce réseaux ne t on pas assez respecter @B_Fernandes8","1893518555976458616","","","fr","","0","1","0","https://x.com/nicomufc/status/1893518555976458616","2188250916","nicomufc"
"1893295753314894095","Sun Feb 23 04:21:12 +0000 2025","3","@NGomesP_ Le mec a 19 ans et après une saison vous avez déjà résumé son passage à Manchester United . Ce club qui est venu vous taper chez vous en ldc ","1893516434401009946","","NGomesP_","fr","Côte d'Ivoire","0","0","0","https://x.com/Smosmo2626/status/1893516434401009946","1027807250226798592","Smosmo2626"
"1893508805159190787","Sun Feb 23 03:50:53 +0000 2025","0","SPORT Manchester City rêve de l héritier de De Bruyne mais United entre dans la danse ! Lire l'article : https://t.co/etdHZQPXgV https://t.co/2MPlT4amGs","1893508805159190787","https://pbs.twimg.com/media/GkcYOSpXMAAHfre.png","","fr","France","0","0","0","https://x.com/ShangoFoot/status/1893508805159190787","1547676638145437696","ShangoFoot"
"1893499527799230666","Sun Feb 23 03:14:01 +0000 2025","1","Marcus Rashford - 26 ans - Manchester United - Cadre et titulaire indiscutable 9 ans qu il porte ce maillot. Mais certains accepte qu ils fassent 1 ou 2 bonne occasion dans un match. Le talent mais quelqu un qui ne mouille pas le maillot c est OUT. Vos comp a 2 balles stop","1893499527799230666","","","fr","","0","0","0","https://x.com/Kayden252/status/1893499527799230666","1432741445321035778","Kayden252"
"1893493730977493124","Sun Feb 23 02:50:59 +0000 2025","1","FOOT MERCATO Premier League : accroché à Everton Manchester United ne s en sort pas ! Lire l'article : https://t.co/WRrTD4nkQQ https://t.co/FV6MsG7Jlp","1893493730977493124","https://pbs.twimg.com/media/GkcKg2aXUAAhaV0.jpg","","fr","France","0","3","0","https://x.com/ShangoFoot/status/1893493730977493124","1547676638145437696","ShangoFoot"
"1893482132942549166","Sun Feb 23 02:04:54 +0000 2025","0","Comment ça m'énerve des gens qui disent que ronaldo n'était pas le meilleur jusqu'à Manchester united alors que si il serais partit à city il aurais dis l'inverse tout simplement prck il aurais pu encore + performer la bas","1893482132942549166","","","fr","","0","0","0","https://x.com/Ladversairee/status/1893482132942549166","1859626799350915072","Ladversairee"
"1893481837843910897","Sun Feb 23 02:03:43 +0000 2025","0","Manchester City rêve de l héritier de De Bruyne mais United entre dans la danse ! https://t.co/BTrTDB4Iol #sport #sports #SportFr #actualité #infos #alerte","1893481837843910897","","","fr","France","0","0","0","https://x.com/FilSport/status/1893481837843910897","348443515","FilSport"
"1893433774962286686","Sun Feb 23 01:55:22 +0000 2025","2","@ActuFoot_ Les arbitres est là var cest une grosse blagues ce sport est le plus rentable de tous ont parle en millards est ils sont pas foutu d organiser un truck correctement c une honte elle est là la vraie corruption","1893479735063126026","","ActuFoot_","fr","","0","0","0","https://x.com/PLlebot31/status/1893479735063126026","1546798388892631040","PLlebot31"
"1893209072989606127","Sun Feb 23 01:52:28 +0000 2025","0","@Leziiinc93 @_BeFootball @AVFCOfficial Pour qu il arrive en confiance à united est qu il en donne à ses partenaires","1893479005258465458","","Leziiinc93","fr","","0","1","0","https://x.com/PLlebot31/status/1893479005258465458","1546798388892631040","PLlebot31"
"1893444329378582792","Sat Feb 22 23:39:55 +0000 2025","1","@Paulooo76 Mdr c est une dinguerie","1893445646373269735","","Paulooo76","fr","","0","0","0","https://x.com/manU_huit/status/1893445646373269735","444912743","manU_huit"
"1893420272977432945","Sat Feb 22 23:37:41 +0000 2025","0","@punisherpaname Alors que les parisiens criaient au complot d'arbitrage contre Manchester United le Real et Barcelone ","1893445086614065203","","punisherpaname","fr","","0","0","0","https://x.com/Mikaduch2/status/1893445086614065203","1368688512585904131","Mikaduch2"
"1893433774962286686","Sat Feb 22 23:27:01 +0000 2025","0","@BoYZ_in2_hood @encorePann @ActuFoot_ Car dans ce cas là on prend Manchester united qui ont énormément de supporters mais le niveau est très faible. De même pour Bologne la saison dernière avec pas une grande quantité de supporters mais une qualification historique en ldc.","1893442400573403578","","PPromail","fr","Ville du club honteux","0","0","0","https://x.com/PPromail/status/1893442400573403578","1621825282834403333","PPromail"
"1893267416047591608","Sat Feb 22 23:30:48 +0000 2025","0","@Louka_fcm @ArobaseGiovanny @Eugneporter21 Impérial à Riyad Après son bref retour à Manchester United Ronaldo signe avec Al Nassr en 2022. Durant la finale de la Coupe des Champions Arabe contre Al Hilal il a inscrit les deux buts de son équipe lors de la prolongation et accumule un total de 87 (buts) en 95 matchs.","1893443352676225095","","Louka_fcm","fr","","0","1","0","https://x.com/Nada0Rien/status/1893443352676225095","1467534031344578575","Nada0Rien"
"1893444329378582792","Sat Feb 22 23:34:41 +0000 2025","1","@Paulooo76 tout pareil","1893444329378582792","","Paulooo76","fr","","0","1","0","https://x.com/manU_huit/status/1893444329378582792","444912743","manU_huit"
"1893426935906398392","Sat Feb 22 23:24:50 +0000 2025","0","@Flooforce @ActuFoot_ @DAZN_FR Pourtant vous avez bien chialé contre le barça le Real sur donarruma y avait rien chialer aussi contre Manchester United","1893441851337711931","","Flooforce","fr","","0","0","0","https://x.com/Mikaduch2/status/1893441851337711931","1368688512585904131","Mikaduch2"
"1893422343801692530","Sat Feb 22 23:22:54 +0000 2025","1","@SergeRoche16 @LMDPSG Tu as la mémoire courte qui a pleuré contre Manchester United contre Real contre barça ?","1893441364433518961","","SergeRoche16","fr","","0","0","0","https://x.com/Mikaduch2/status/1893441364433518961","1368688512585904131","Mikaduch2"
"1893439076851708348","Sat Feb 22 23:13:48 +0000 2025","14","Un championnat avec : Barca Real Madrid Bayern Munich Juventus Ac Milan Inter Milan Naples Dortmund Manchester United Manchester City Liverpool Chelsea Arsenal Athletico Madrid L Olympique de Marseille Sah le rêve","1893439076851708348","","","fr","","1","7","2","https://x.com/_Onueve7/status/1893439076851708348","1091285075147272192","_Onueve7"
"1893437849183178847","Sat Feb 22 23:08:56 +0000 2025","3","SUPER LEAGUE : le Real Madrid CF le FC Barcelone l'Atlético de Madrid le Manchester United FC le Manchester City FC le Chelsea FC l'Arsenal FC le Tottenham Hotspur FC le Liverpool FC la Juventus FC l'Inter Milan et l'AC Milan OM Ça fini en 24 raclée #TeamOM","1893437849183178847","","","fr","Marseille","0","1","0","https://x.com/pai_taopaipai/status/1893437849183178847","999225108148482049","pai_taopaipai"
"1893436966521192772","Sat Feb 22 23:05:25 +0000 2025","1","Le fait que Manchester United n a pas gagné de match d affilée cette saison m empêche de dormir","1893436966521192772","","","fr","","0","0","0","https://x.com/Edm_010/status/1893436966521192772","1209806229461176320","Edm_010"
"1893395241232933251","Sat Feb 22 23:03:31 +0000 2025","0","@footmercato Seulement ces joueurs n'assument vraiment pas la responsabilité qu'on leurs a confié . Manchester United ne souss estime personne vu la valeur de ta signature en faveur du respect des normes de l'institution mancunienne ..... Qu'ils assument leur responsabilité","1893436487045161186","","footmercato","fr","Guinea","0","0","0","https://x.com/MansaMussaKante/status/1893436487045161186","1308884128457281538","MansaMussaKante"
"1893435491569078705","Sat Feb 22 22:59:34 +0000 2025","0",".Prévenez vos enfants ! #TheVoice #attentat Philippe de Villiers - Mohamed Amra - Olylmpique de Marseille - Manchester United - DOGE #SixNationsRugby La Défense - La CAQ","1893435491569078705","","","fr","Au Tribunal Populaire","0","0","0","https://x.com/ConspiracyWash/status/1893435491569078705","1774082332422467584","ConspiracyWash"
"1893432782505841078","Sat Feb 22 22:51:40 +0000 2025","22","@Livaiackeermann Manchester United* ils paient plus cher","1893433504567869669","","Livaiackeermann","fr","Neverland , Pays Imaginaire ","0","1","0","https://x.com/Em225_/status/1893433504567869669","905568257767350273","Em225_"
"1893432664377401516","Sat Feb 22 22:48:20 +0000 2025","1","Comment y a pas eu penalty là ??? @yessinebejita Manchester united aidé par l arbitrage ???","1893432664377401516","","","fr","","0","1","0","https://x.com/LaKukuderie/status/1893432664377401516","310460772","LaKukuderie"
"1893381612714283269","Sat Feb 22 22:42:27 +0000 2025","1","@UnitedArmy42 @elito227098641 @MUnitedFR mais qui est au niveau à part bruno depuis 2 ans ??? quel joueur offensif performe a manchester united depuis 2 ans dis moi ? il est dans une équipe malade mais c est seul à qui on a demandé de faire des saisons à la salah haaland ou mbappe","1893431186124423413","","UnitedArmy42","fr","","0","1","0","https://x.com/jehcim/status/1893431186124423413","1234279021850038277","jehcim"
"1893430727577870550","Sat Feb 22 22:40:38 +0000 2025","152"," Manchester United a quand même réussi à envoyer dans le mur le coach portugais le plus doué de sa génération. Faut le dire! Ce n est plus une question de qualité. Ce club est dans un environnement nauséabond au sein d une structure malsaine à l identité absente. INEOS n y https://t.co/7RwMdma15U","1893430727577870550","https://pbs.twimg.com/media/GkbRNgTWEAExxE5.jpg","","fr","","4","27","16","https://x.com/sachatavolieri/status/1893430727577870550","539410830","sachatavolieri"
"1893427687684743526","Sat Feb 22 22:28:33 +0000 2025","0","Chelsea et Manchester United c est comme SOKH et Bebe Saloum ","1893427687684743526","","","fr","Mbecteland","0","0","0","https://x.com/LamzoSoles/status/1893427687684743526","828364330219556864","LamzoSoles"
"1893424836019433820","Sat Feb 22 22:17:13 +0000 2025","1","Cette Manchester United est pathetic apathique faible sans volonté un body language de looser Amorim « eh toi « https://t.co/vmO9Xv57vv","1893424836019433820","https://pbs.twimg.com/amplify_video_thumb/1842309338158841856/img/D1dzFxPRM17EHGhv.jpg","","fr","Vpn ","0","0","0","https://x.com/falisco5/status/1893424836019433820","996890772522897409","falisco5"
"1893347009009991720","Sat Feb 22 21:54:33 +0000 2025","0","@BruceGrannec Ta pas vue ceux de everton contre United","1893419130906186094","","BruceGrannec","fr","","0","0","0","https://x.com/PLlebot31/status/1893419130906186094","1546798388892631040","PLlebot31"
"1893421871766335860","Sat Feb 22 22:05:26 +0000 2025","0","Défaite d Arsenal défaite de Marseille nul de Manchester United..","1893421871766335860","","","fr","#FreeCongo","0","0","0","https://x.com/JFromKi/status/1893421871766335860","1308305068928782337","JFromKi"
"1893420688993636831","Sat Feb 22 22:00:44 +0000 2025","0","Pickford aime trop ce manger des drill de fou par Manchester united ","1893420688993636831","","","fr","Royaume de Qin","0","0","0","https://x.com/YoroGang225/status/1893420688993636831","1260291775865987072","YoroGang225"
"1893424512739266569","Sat Feb 22 22:15:56 +0000 2025","0","Manchester United doit s activer sur le mercato : - Kudus - Damsgaard - Osimhen C est le minimum !","1893424512739266569","","","fr","Square Leon Blum ","0","0","0","https://x.com/gabe0_/status/1893424512739266569","1012117733796974596","gabe0_"
"1893022473018323423","Sat Feb 22 21:52:22 +0000 2025","0","@lenasituations T es trop gênante meuf vraiment .","1893418583041987065","","lenasituations","fr","","0","0","0","https://x.com/PLlebot31/status/1893418583041987065","1546798388892631040","PLlebot31"
"1892877380907045359","Sat Feb 22 21:49:28 +0000 2025","1","@_BeFootball @destinationcine pour moi maintenant si y a pas un avatar gladiator 2 ( par exemple ) marvel/DC ou un de Christopher Nolan je vais pas au cinéma je vais le choper en streaming ou j attend qu il sorte en plus je suis fumeur sa me fait chier de pas pouvoir m en griller une pendant le film","1893417850112536797","","_BeFootball","fr","","0","0","0","https://x.com/PLlebot31/status/1893417850112536797","1546798388892631040","PLlebot31"
"1893245646087328130","Sat Feb 22 21:49:04 +0000 2025","0","@Ocampos13_ @mdrrrrr26 D accord Ocampos 13 ( qui a éliminé le terrible Manchester United d ailleurs )","1893417749617029421","","Ocampos13_","fr","","0","1","0","https://x.com/akrapolak/status/1893417749617029421","1182718211927744512","akrapolak"
"1893287560476020770","Sat Feb 22 21:30:57 +0000 2025","0","@BaptV_Utd La liste qui doivent ABSOLUMENT PARTIR PROCHAIN MERCATO POUR LAISSEZ UNE CHANCE À AMORIM : eriksen Casemiro Shaw lindelof dalot mount maguire HOJLUND ONANA","1893413190597329027","","BaptV_Utd","fr","","0","5","0","https://x.com/PLlebot31/status/1893413190597329027","1546798388892631040","PLlebot31"
"1893364014509330826","Sat Feb 22 21:29:16 +0000 2025","2","@FansdeFUT Sa peut être pas mal de le mettre sur un défenseur central qui a déjà beaucoup en vitesse défense physique non ????","1893412767173849221","","FansdeFUT","fr","","0","0","0","https://x.com/PLlebot31/status/1893412767173849221","1546798388892631040","PLlebot31"
"1893402622234599582","Sat Feb 22 21:28:14 +0000 2025","0","@OM_mediaa Je le jure a manchester united jamais il la rate","1893412510226694393","","OM_mediaa","fr","Martinique","0","0","0","https://x.com/Mada972OM/status/1893412510226694393","1591639369462464512","Mada972OM"
"1893412256014020953","Sat Feb 22 21:27:14 +0000 2025","0","Paul Pogba snobe Marseille pour rejoindre Manchester United ! https://t.co/OzqHwinKjj #OM #OlympiquedeMarseille #Marseille #TeamOM #AllezLOM #OMnation #Vélodrome #OMforever #OMfamily #DroitauBut","1893412256014020953","","","fr","","0","0","0","https://x.com/OM_filnews/status/1893412256014020953","1590677264085262337","OM_filnews"
"1893209072989606127","Sat Feb 22 21:27:07 +0000 2025","0","@_BeFootball @AVFCOfficial Il et prêter juste donc chauffe toi bien pour ton retour à united","1893412227266330731","","_BeFootball","fr","","0","1","0","https://x.com/PLlebot31/status/1893412227266330731","1546798388892631040","PLlebot31"
"1893300836198924461","Sat Feb 22 21:24:25 +0000 2025","1","@MUnitedFR @BBCSport En faite je me rend compte que même zirkzee et plus fort que lui il faut le vendre à tout prix avec mount shaw lindelof maguire eriksen Casemiro et la Amorim pourra faire quelques chose mais faut pas en vouloir au coach","1893411546849566864","","MUnitedFR","fr","","0","0","0","https://x.com/PLlebot31/status/1893411546849566864","1546798388892631040","PLlebot31"
"1893411332784791939","Sat Feb 22 21:23:34 +0000 2025","0","Paul Pogba snobe Marseille pour rejoindre Manchester United ! https://t.co/4kWUHGzV4p #sport #sports #SportFr #actualité #infos #alerte","1893411332784791939","","","fr","France","0","0","0","https://x.com/FilSport/status/1893411332784791939","348443515","FilSport"
"1893410384482119725","Sat Feb 22 21:19:48 +0000 2025","0","Ce mec a joué pour Manchester United ","1893410384482119725","","","fr","Lolcalhost","0","0","0","https://x.com/A2_ISSA/status/1893410384482119725","228458170","A2_ISSA"
"1893409793106137128","Sat Feb 22 21:17:27 +0000 2025","0","Premier League (J26) : La série noire de Manchester United en première mi-temps se poursuit ! [Africa Foot United] #Afropages https://t.co/jOdX1pC5z0","1893409793106137128","","","fr","France","0","0","0","https://x.com/Afropages/status/1893409793106137128","69290737","Afropages"
"1893409542618104267","Sat Feb 22 21:16:27 +0000 2025","0","Luis Henrique je le prend tous les jours à Manchester United Tout ce qu il fait c est bien fait","1893409542618104267","","","fr","","0","0","0","https://x.com/AmeMauvaise/status/1893409542618104267","1266035002770415617","AmeMauvaise"
"1892958296807465027","Sat Feb 22 21:03:48 +0000 2025","0","@Marmoushinho13 @Elbubutch le fan de city moyen c'est jusqu'a a 2013 : manchester united àprès 2013 : manchester city me parle pas de footix stp","1893406360173265060","","Marmoushinho13","fr","encore loins de mes objectifs","0","1","0","https://x.com/DrieschNic65545/status/1893406360173265060","1649500904687542272","DrieschNic65545"
"1893405697338966182","Sat Feb 22 21:01:10 +0000 2025","0","J ai trop envie de dire qu il mérite. Tu quittes un club dont tu étais l élu le capitaine le meilleur joueur en plus de ça bien entouré pour rejoindre Manchester United. Des fois vous gâchez vos carrières pour rien.","1893405697338966182","","","fr","Signal Iduna Park, Dortmund","0","0","0","https://x.com/p_c_keita/status/1893405697338966182","2986404021","p_c_keita"
"1893405394367648012","Sat Feb 22 20:59:58 +0000 2025","108","Sancho il dit qu il s est libéré de prison en quittant Manchester United alors que le gars il a juste quitté Fox River pour se retrouver à Sona","1893405394367648012","","","fr","Paris, France","1","2","7","https://x.com/Elh_Momar/status/1893405394367648012","1010991444679647233","Elh_Momar"
"1893402158436942217","Sat Feb 22 20:47:06 +0000 2025","0","Nous avons besoin d'investissements dans l'éducation la santé et l'emploi pas dans des armes pour un conflit lointain. #Mulhouse #Arnaud Garcia #Manchester United #La Mouche #Chelsea #ATEEZinParis #Maignan https://t.co/Yrpxvvg56E","1893402158436942217","https://pbs.twimg.com/media/Gka3L85WgAAgf1w.jpg","","fr","","0","0","0","https://x.com/AudreyLemo3334/status/1893402158436942217","1890803899575291905","AudreyLemo3334"
"1893385649962557527","Sat Feb 22 20:42:47 +0000 2025","0","@noointwitt @Goose091998 @TheBestBusby Je soupçonne balbu d être un fan de rash et nom de Manchester United ","1893401071684354294","","noointwitt","fr","Colomiers, France","0","2","2","https://x.com/Wixer31770/status/1893401071684354294","2941265073","Wixer31770"
"1893401195437252784","Sat Feb 22 20:43:17 +0000 2025","1","C est à cause de Manchester peut être ? ","1893401195437252784","","","fr","","0","0","0","https://x.com/Tillerfranckii1/status/1893401195437252784","998352339219214338","Tillerfranckii1"
"1893381612714283269","Sat Feb 22 20:37:56 +0000 2025","1","@MUnitedFR Oui mais d'après les commentaires ici le problème à Manchester United c'est les joueurs et les entraineurs...","1893399848696652176","","MUnitedFR","fr","Toulouse","0","0","0","https://x.com/yanuaBniamoR/status/1893399848696652176","3453388821","yanuaBniamoR"
"1893399170112794995","Sat Feb 22 20:35:14 +0000 2025","1","Tout le monde vit en dehors de Manchester United j suis cuit","1893399170112794995","","","fr","","0","0","0","https://x.com/hrdadinho/status/1893399170112794995","1161237886085283841","hrdadinho"
"1893397223741796694","Sat Feb 22 20:27:30 +0000 2025","0","Everton FC 2-2 Manchester United Beto 19' Abdoulaye Doucouré 33' Bruno Fernandes 72' Manuel Ugarte 80' #EVEMUN #PremierLeague","1893397223741796694","","","fr","","0","5","0","https://x.com/FutGol_X/status/1893397223741796694","1841979957440086020","FutGol_X"
"1893396307651281056","Sat Feb 22 20:23:52 +0000 2025","0","L'OL ira à Bucarest pour défier le FCSB et pourrait croiser Manchester United en quarts : le tirage au sort complet des 8es de finale de la C3 https://t.co/VdaC0x3S7q","1893396307651281056","","","fr","Paris area, France","0","0","1","https://x.com/valentin10/status/1893396307651281056","6468102","valentin10"
"1893396108321095849","Sat Feb 22 20:23:04 +0000 2025","2","Manchester United était déjà mort depuis le départ de Ferguson . Ne mets pas la faute sur CR 7 .","1893396108321095849","","","fr","G  R  A  T  I  T  U  D  E","0","0","0","https://x.com/hilvassi/status/1893396108321095849","1454223442685931526","hilvassi"
"1893395241232933251","Sat Feb 22 20:22:50 +0000 2025","23","@footmercato Parce que Manchester United est devenu un véritable enfer. Comprenez désormais que le mal être du club est beaucoup plus profond que ce que les gens peuvent penser.","1893396051144380608","","footmercato","fr","Stadium football","0","4","0","https://x.com/BroncaFoot/status/1893396051144380608","1668153046721765376","BroncaFoot"
"1893395241232933251","Sat Feb 22 20:19:37 +0000 2025","707","Comment expliquer que beaucoup de joueurs retrouvent leur niveau dès qu'ils quittent Manchester United ⁉️ 𝗠𝗮𝗿𝗰𝘂𝘀 𝗥𝗮𝘀𝗵𝗳𝗼𝗿𝗱 : débuts prometteurs à Aston Villa 𝗔𝗻𝘁𝗼𝗻𝘆 : déjà trois fois 𝗛𝗢𝗠𝗠𝗘 𝗗𝗨 𝗠𝗔𝗧𝗖𝗛 en Liga Et si on remonte un peu plus loin : https://t.co/Nb7Pm69y91","1893395241232933251","https://pbs.twimg.com/media/Gkaw25FXcAI6Dyc.jpg","","fr","Paris","9","17","34","https://x.com/footmercato/status/1893395241232933251","229178711","footmercato"
"1893392922415956248","Sat Feb 22 20:10:24 +0000 2025","0","Manchester United rejoint Inter et Barcelone dans la lutte pour recruter Franco Mastantuono le prodige de 17 ans de River Plate. Une compétition féroce s annonce pour ce jeune talent argentin ! https://t.co/Vt3CHJu1Bx","1893392922415956248","https://pbs.twimg.com/media/Gkau0pSW8AEj9Bn.jpg","","fr","","0","0","0","https://x.com/Karimteame/status/1893392922415956248","1891601630782464000","Karimteame"
"1893391512844607530","Sat Feb 22 20:04:48 +0000 2025","0","Je viens de voir Stambouli avec Metz il joue tjrs donc","1893391512844607530","","","fr","Lyon, France","0","0","0","https://x.com/BHD0601/status/1893391512844607530","1200236304203730944","BHD0601"
"1893391269876916352","Sat Feb 22 20:03:50 +0000 2025","0","Manchester United a rejoint l'Inter et Barcelone dans la course pour recruter Franco Mastantuono le prodige de River Plate. (Source: Inter Live) https://t.co/5i5xmN9ryR","1893391269876916352","https://pbs.twimg.com/media/GkatUoAXYAASFC-.jpg","","fr","","0","0","0","https://x.com/footexclu_/status/1893391269876916352","1742620218373906432","footexclu_"
"1893285836017353176","Sat Feb 22 19:59:28 +0000 2025","0","@papy_LZZ Un beau jour dans ta vie tu t es réveillé tu t es dit tiens je vais supporter l horrible club qu est Manchester united. Wallah c est mérité","1893390167898988726","","papy_LZZ","fr","","0","1","0","https://x.com/MounsRs/status/1893390167898988726","1197309073957511168","MounsRs"
"1893381604246008208","Sat Feb 22 19:48:48 +0000 2025","0","@AirNeuf_ @Soso_Hzz Mdrrr palmer depuis deux saisons a plus de buts que Manchester United ","1893387483586400619","","AirNeuf_","fr","Stamford Bridge, England","0","1","0","https://x.com/blueraider93/status/1893387483586400619","2338281369","blueraider93"
"1893383091747442990","Sat Feb 22 19:44:38 +0000 2025","6","@ActuFoot_ Rashford qui revient à son apogée j ai hâte de voir Aston Villa vs Manchester United il va tellement les massacrer https://t.co/SYvH4CcKFf","1893386434993689015","https://pbs.twimg.com/tweet_video_thumb/Gkao7RHW8AA17do.jpg","ActuFoot_","fr","Chez moi","0","6","0","https://x.com/yare_amadou/status/1893386434993689015","1509165731769946112","yare_amadou"
"1893386188901290337","Sat Feb 22 19:43:39 +0000 2025","1","T es un jeune prometteur et tu te dis je vais à Manchester united ??? C est vraiment dingue","1893386188901290337","","","fr","Montréal, Québec","0","4","0","https://x.com/og_biggucci/status/1893386188901290337","1852555357798768640","og_biggucci"
"1893384613201887423","Sat Feb 22 19:39:47 +0000 2025","10","@ActuFoot_ Rashford est à lui tout seul meilleur que tout Manchester United.","1893385214224736603","","ActuFoot_","fr","Stadium football","0","1","0","https://x.com/BroncaFoot/status/1893385214224736603","1668153046721765376","BroncaFoot"
"1893384613201887423","Sat Feb 22 19:38:30 +0000 2025","0","@ActuFoot_ Manchester United c'est une prison ou quoi ?","1893384893070991723","","ActuFoot_","fr","Palestine","0","1","0","https://x.com/Galaxies_Home/status/1893384893070991723","1578567265708134401","Galaxies_Home"
"1893384729581203752","Sat Feb 22 19:37:51 +0000 2025","0","Tu quittes le PSG et Manchester united t exploseras ailleurs enfaite","1893384729581203752","","","fr","","0","0","0","https://x.com/tiimooun/status/1893384729581203752","1675079152842448896","tiimooun"
"1893312468220317877","Sat Feb 22 19:36:06 +0000 2025","66","@WildHearted47 @Baswa_ Oui il y avait eu la diffusion d un match de Manchester United à Old Trafford c comme s ils étaient dans le coin derrière les cages","1893384289628082372","","WildHearted47","fr","92 / 13 ","0","0","0","https://x.com/Pogba92_/status/1893384289628082372","1248697999494184971","Pogba92_"
"1893384206748700712","Sat Feb 22 19:35:46 +0000 2025","0","Aujourd'hui en Premier League 󠁧󠁢󠁥󠁮󠁧󠁿 : Manchester United arrache le nul face à Everton(2-2) Arsenal perd à la maison face à West Ham(0-1) Tottenham remporte facilement son match à l'extérieur face à Ipswich(1-4) Aston Villa remporte le match face à Chelsea à la 89ème minute (2-1)","1893384206748700712","","","fr","","0","2","0","https://x.com/GoalDunksNews/status/1893384206748700712","1874570456797159424","GoalDunksNews"
"1893383628366688366","Sat Feb 22 19:33:29 +0000 2025","5","Arsenal défaite Chelsea défaite Manchester United match nul. Finalement c est United qui a fait la bonne opération en PL jusqu ici.","1893383628366688366","","","fr","USA","0","0","1","https://x.com/Thiawjuniorr7/status/1893383628366688366","1478078659978317832","Thiawjuniorr7"
"1893383579968659840","Sat Feb 22 19:33:17 +0000 2025","520","La passe décisive de Marcus Rashford pour le but de la victoire ! (@CanalplusFoot) https://t.co/7ie2QpAVI5","1893383579968659840","https://pbs.twimg.com/media/GkamCEaWgAA2dvr.jpg","","fr","","5","13","28","https://x.com/MUnitedFR/status/1893383579968659840","832304691581161475","MUnitedFR"
"1893383507088486868","Sat Feb 22 19:33:00 +0000 2025","4","Marcus Rashford est double passeur lors de la victoire d Aston Villa [2-1]. ️ #LoanWatch https://t.co/uc3zPfepmB","1893383507088486868","https://pbs.twimg.com/media/GkamQzVW4AAoSkM.jpg","","fr","","0","0","0","https://x.com/senegal_mu/status/1893383507088486868","1160685392074596352","senegal_mu"
"1893383330881573208","Sat Feb 22 19:32:18 +0000 2025","337","Être un jeune joueur et signer à Manchester United c est signe de manque d ambition ou d un entourage qui te déteste et t envoie à l abattoir pour de l argent C est tout","1893383330881573208","","","fr","Marié","5","9","58","https://x.com/fukxumean/status/1893383330881573208","1678574250976747520","fukxumean"
"1893383091747442990","Sat Feb 22 19:31:57 +0000 2025","370","@ActuFoot_ J ai hâte Manchester United vs Aston villa Rashford va les allumer et taper sa célébration","1893383245770703300","","ActuFoot_","fr","Pas chez toi","0","4","4","https://x.com/el_maliano_/status/1893383245770703300","1291033202749038599","el_maliano_"
"1893295753314894095","Sat Feb 22 19:28:41 +0000 2025","0","@Foxy2466 @NGomesP_ Ba Manchester united était le pire choix ptdrrr y a pas de débat hein quand tu vois comment tourne le psg et le réal","1893382421724160036","","Foxy2466","fr","","0","2","0","https://x.com/Krath80106577/status/1893382421724160036","1289292230109401091","Krath80106577"
"1893382364841058710","Sat Feb 22 19:28:27 +0000 2025","0","McTominay Rashford Antony tous retrouvent des jambes loin de Manchester United. https://t.co/F1rnqeQkLP","1893382364841058710","https://pbs.twimg.com/tweet_video_thumb/GkalOKfWgAAOEa8.jpg","","fr","","0","0","0","https://x.com/LePrince198/status/1893382364841058710","489910614","LePrince198"
"1893382135483904338","Sat Feb 22 19:27:33 +0000 2025","0","Manchester United est foutu ce soir avec les médias et les supporters de Rashford. #MUFC","1893382135483904338","","","fr","","0","0","0","https://x.com/KatinaCOULIBAL2/status/1893382135483904338","1578135226408214528","KatinaCOULIBAL2"
"1893346616083390596","Sat Feb 22 19:26:33 +0000 2025","0","@Sergeolivier27 Ah bon? Avant qu'ils engueulent le Real et Manchester United partout sur le net?","1893381884203130933","","Sergeolivier27","fr","Africa","0","1","0","https://x.com/kenfack19/status/1893381884203130933","3336189074","kenfack19"
"1893381612714283269","Sat Feb 22 19:25:28 +0000 2025","666","Marcus Rashford double passeur décisif face à Chelsea 🅰️🅰️ #LoanWatch https://t.co/TKmoujLNN1","1893381612714283269","https://pbs.twimg.com/media/GkafEozWoAAkCBU.jpg","","fr","","11","19","40","https://x.com/MUnitedFR/status/1893381612714283269","832304691581161475","MUnitedFR"
"1893381518266863837","Sat Feb 22 19:25:07 +0000 2025","2","NTB : Si Jamel pouvait trouver une porte de sortie pour TOUS LES JOUEURS de Manchester United je serai l homme le plus heureux du monde . (3/3)","1893381525284044823","","nathmamba","fr","Paris, France","0","1","0","https://x.com/nathmamba/status/1893381525284044823","788115798963417088","nathmamba"
"1893381508037071300","Sat Feb 22 19:25:03 +0000 2025","0","Mon p tit con a fait 2 passes déc","1893381508037071300","","","fr","Lyon, France","0","0","0","https://x.com/BHD0601/status/1893381508037071300","1200236304203730944","BHD0601"
"1893381207410241842","Sat Feb 22 19:23:51 +0000 2025","0","Ils ont un vrai problème de gardien eux","1893381207410241842","","","fr","Lyon, France","0","0","1","https://x.com/BHD0601/status/1893381207410241842","1200236304203730944","BHD0601"
"1892339825589494021","Sat Feb 22 19:17:38 +0000 2025","1","@RedDevils944 @MUnitedFR Non c'est faux il est propriétaire fin de la blague quelque soit le pays tu es propriétaire tu fais ce que tu veux quelque soit les manif et spoiler il y en a eu c'etait à manchester united de lui barrer le chemin au moment d'acquérir et dire non mais ils ont dit oui","1893379640447668600","","RedDevils944","fr","KRYPTON","0","1","0","https://x.com/mehdidekrypton/status/1893379640447668600","91975432","mehdidekrypton"
"1893295753314894095","Sat Feb 22 19:16:22 +0000 2025","0","@NGomesP_ Signer à Manchester United c est l équivalent de Everton","1893379323500859789","","NGomesP_","fr","Vitry-sur-Seine, France","0","0","0","https://x.com/Weezyinho/status/1893379323500859789","429332322","Weezyinho"
"1893378526620836225","Sat Feb 22 19:13:12 +0000 2025","1","Marcus Rashford passeur décisif avec Aston Villa 🅰️ #LoanWatch #MUFCS https://t.co/NTrejVSxXv","1893378526620836225","https://pbs.twimg.com/media/GkahuocWQAAGY4T.jpg","","fr","Sénégal","0","0","0","https://x.com/mufsenegal2018/status/1893378526620836225","1277576005683752962","mufsenegal2018"
"1893378330528776229","Sat Feb 22 19:12:25 +0000 2025","0","Update : Sacha et mon p tit con sont rentrés en seconde MT","1893378330528776229","","","fr","Lyon, France","0","1","0","https://x.com/BHD0601/status/1893378330528776229","1200236304203730944","BHD0601"
"1893373687656595529","Sat Feb 22 19:11:54 +0000 2025","0","@MarckUnited Pas faux mais pour tous les matchs ça vaut le coup.","1893378199800705169","","MarckUnited","fr","","0","1","0","https://x.com/Manchesterfra/status/1893378199800705169","1872364951920316416","Manchesterfra"
"1893299066898919785","Sat Feb 22 19:11:11 +0000 2025","0","@FrenchPL_YT Je pense que le coach n est pas entièrement fautif dans cette situation","1893378020162863508","","FrenchPL_YT","fr","","0","0","0","https://x.com/Manchesterfra/status/1893378020162863508","1872364951920316416","Manchesterfra"
"1893373687656595529","Sat Feb 22 19:09:17 +0000 2025","1","@MarckUnited C est clair mais après deux ans je ne regrette pas surtout pour les films","1893377539747319870","","MarckUnited","fr","","0","1","0","https://x.com/Manchesterfra/status/1893377539747319870","1872364951920316416","Manchesterfra"
"1893373687656595529","Sat Feb 22 19:05:58 +0000 2025","0","@MarckUnited Bienvenue dans la lumière","1893376707320480128","","MarckUnited","fr","","0","1","0","https://x.com/Manchesterfra/status/1893376707320480128","1872364951920316416","Manchesterfra"
"1893376330072215643","Sat Feb 22 19:04:28 +0000 2025","0","Premier League - Manchester United revient de justesse à Everton (2-2) https://t.co/cABq99xrQ3","1893376330072215643","","","fr","Biarritz, France","0","0","0","https://x.com/predator64tina/status/1893376330072215643","101871553","predator64tina"
"1893376283175694695","Sat Feb 22 19:04:17 +0000 2025","19","- défaite de Leicester - défaite de Southampton - défaite de Ispwich Manchester United est à 13 points de la relégation https://t.co/8VmAKu3Zjp","1893376283175694695","https://pbs.twimg.com/amplify_video_thumb/1893376226791747584/img/jGawEFsxWAHEnbIX.jpg","","fr","Enfer","0","0","5","https://x.com/AL_mansour___/status/1893376283175694695","1393582142051995660","AL_mansour___"
"1893373685446185389","Sat Feb 22 19:03:27 +0000 2025","13","@ActuFoot_ AC qui rejoint Manchester United dans la team finito https://t.co/pcdM72CHLR","1893376073292775852","https://pbs.twimg.com/media/GkaffpPWAAAmHeX.jpg","ActuFoot_","fr","Chez moi","0","0","0","https://x.com/yare_amadou/status/1893376073292775852","1509165731769946112","yare_amadou"
"1893375365109682534","Sat Feb 22 19:00:38 +0000 2025","0","La France ne peut pas se permettre d'être le gendarme du monde. Nous avons nos propres problèmes à régler. #OQTF #OQTF #Arsenal #Mercosur #Manchester United https://t.co/lNWFdLtVSg","1893375365109682534","https://pbs.twimg.com/media/Gkae26FXoAA3cxH.jpg","","fr","","0","0","0","https://x.com/salmon76949/status/1893375365109682534","1891369328735350784","salmon76949"
"1893374905325912301","Sat Feb 22 18:58:49 +0000 2025","0","Premier League 26ème journée - Everton 2 vs Manchester United 2 ! Les Red Devils jouent avec 5 défenseurs mais encaissent. Une défense très indélicate et un milieu de terrain faible 15ème/20 ! Côté Everton pickford impressionne très fort ce goalkeeper toujours égal à lui-même.","1893374905325912301","","","fr","","0","0","0","https://x.com/EricSotsinda/status/1893374905325912301","1283845636144672770","EricSotsinda"
"1893374110241075575","Sat Feb 22 18:55:39 +0000 2025","2","Quand je vois Rashford Antony AWB maintenant dans leurs clubs respectifs ....Je me dis que Manchester United est une équipe maudite https://t.co/CGFdUJpVcz","1893374110241075575","https://pbs.twimg.com/tweet_video_thumb/GkadtwxXIAABVdS.jpg","","fr","Toulouse","0","0","1","https://x.com/__psd___/status/1893374110241075575","1424425050199973889","__psd___"
"1893372413833871444","Sat Feb 22 18:48:55 +0000 2025","19","Le jour où Bruno Fernandes va quitter Manchester United je vais tomber en dépression","1893372413833871444","","","fr","Normandie & Old Trafford ","0","1","1","https://x.com/MarckUnited/status/1893372413833871444","1667922746322436101","MarckUnited"
"1893300836198924461","Sat Feb 22 18:42:55 +0000 2025","2","@ProfessorVroom @MUnitedFR @BBCSport Il a jouer en premiere league à tothenam n'est pas manchester united et encore moins avec les attentes d'aujourd'hui ou tout le monde attend une stabilité après attention manchester united fais de la merde mais ne pas oublier que c'est aussi la conséquence du championnat anglais","1893370903297249731","","ProfessorVroom","fr","KRYPTON","0","0","0","https://x.com/mehdidekrypton/status/1893370903297249731","91975432","mehdidekrypton"
"1893369741495955636","Sat Feb 22 18:38:18 +0000 2025","0","Bilan avant les matchs de ce soir ! Tennis on valide les deux pronos 3 sets rublev et victoire de Andreeva Football: Everton-Manchester United Deux équipes marquent Lille ou nul et +1 5 Arsenal a dit adieu au titre pas valide Je vais donner mes prono sur twitter","1893369741495955636","","","fr","","0","0","0","https://x.com/R_C_PRONOS/status/1893369741495955636","1891181002002714624","R_C_PRONOS"
"1893369317825085947","Sat Feb 22 18:36:37 +0000 2025","0","Manchester United Everton Clash mène à deux déclarations de Premier League https://t.co/Vl0MVfacmC","1893369317825085947","","","fr","Angleterre ","0","0","0","https://x.com/The24hNews/status/1893369317825085947","1646834507733950468","The24hNews"
"1893365359735918686","Sat Feb 22 18:20:53 +0000 2025","0","Manchester united est le pire club de Premier League","1893365359735918686","","","fr","","0","0","0","https://x.com/Pavage7127/status/1893365359735918686","1614361442035159041","Pavage7127"
"1893353981830640033","Sat Feb 22 18:18:51 +0000 2025","2","@Alex359418 @ROUGEmemoire Avec grand plaisir ! Merci à toi ! ","1893364850111266922","","Alex359418","fr","","0","0","0","https://x.com/ManUtd_Histoire/status/1893364850111266922","1326217094271299586","ManUtd_Histoire"
"1892907850218762577","Sat Feb 22 18:17:33 +0000 2025","3","@cosmic_blue @GhamZoo_ @ousty0 @LMDPSG Le Real juste parce qu'il ont battu un city malade ? Et arsenal stp m'en parle pas ils ont perdu contre Manchester United en début d'année ou encore West ham aujourd'hui mais bref ","1893364519583252972","","cosmic_blue","fr","Jungholtz, France","0","2","0","https://x.com/FGlflf93525/status/1893364519583252972","1739242388151734273","FGlflf93525"
"1893363799169565181","Sat Feb 22 18:14:41 +0000 2025","0","Jamais de la vie Manchester United ira en Championship ceux qui veulent sa aller vous faire foutre","1893363799169565181","","","fr","95","0","0","0","https://x.com/Wdoflamingo/status/1893363799169565181","1401771468","Wdoflamingo"
"1893361260491678110","Sat Feb 22 18:12:14 +0000 2025","0","@ImSebCass Ba non puisqu'il voulait pas de Manchester united il la pris par défaut","1893363182187536563","","ImSebCass","fr","","0","1","0","https://x.com/Hijidrip/status/1893363182187536563","1381118022354624513","Hijidrip"
"1893362440269689024","Sat Feb 22 18:09:17 +0000 2025","169","Le premier but pro d'Ethan Williams qui est impliqué sur 3 buts lors de ses deux dernières titularisations. ️ #LoanWatch https://t.co/Dg5kWGzol3","1893362440269689024","https://pbs.twimg.com/ext_tw_video_thumb/1893354836835336192/pu/img/nfh0RqTjBn04t5YN.jpg","","fr","","1","2","9","https://x.com/MUnitedFR/status/1893362440269689024","832304691581161475","MUnitedFR"
"1893361260491678110","Sat Feb 22 18:04:36 +0000 2025","1","Il a surtout respecté son club formateur en acceptant une grosse offre de Manchester United contrairement au PSG &amp; le Real qui proposait vraiment une bouchée de pain.","1893361260491678110","","","fr","Je viens de Lille Gros Débile.","0","1","0","https://x.com/ImSebCass/status/1893361260491678110","779289592918859776","ImSebCass"
"1893360769024061859","Sat Feb 22 18:02:38 +0000 2025","0","🇵🇹 Beto et Bruno Fernandes buteurs lors du match nul entre Everton et Manchester United en Premier League ! ️ Les Portugais encore à l honneur en Angleterre. #PremierLeague #MUFC #EFC https://t.co/0aGj48pTrg","1893360769024061859","https://pbs.twimg.com/media/GkaRlS1WwAERBtr.jpg","","fr","France","0","0","0","https://x.com/ActuFootPT/status/1893360769024061859","1551803469656358913","ActuFootPT"
"1893359251751395638","Sat Feb 22 17:56:37 +0000 2025","0","Premier League : Manchester United reste en difficulté face à Everton https://t.co/bfhAVsW2av","1893359251751395638","","","fr","Paris, France","0","0","0","https://x.com/goalfootactus/status/1893359251751395638","1890526134686601216","goalfootactus"
"1893355219737608429","Sat Feb 22 17:40:35 +0000 2025","0","De l autre côté y a Sacha sur le BANC aussi","1893355219737608429","","","fr","Lyon, France","1","1","0","https://x.com/BHD0601/status/1893355219737608429","1200236304203730944","BHD0601"
"1893270220917088608","Sat Feb 22 17:40:16 +0000 2025","1","@BloCr7 Yagui Nara . Dire qu on attend tous le fameux tweet Manchester United est maintenu en PL . https://t.co/hKZqhUiANJ","1893355139936780749","https://pbs.twimg.com/tweet_video_thumb/GkaMdRHX0AAwdNy.jpg","BloCr7","fr","","0","1","0","https://x.com/Brontonsall/status/1893355139936780749","1649828955354955779","Brontonsall"
"1893354966162587800","Sat Feb 22 17:39:35 +0000 2025","1","Très bonne entrée de Garnacho cet après-midi face à Everton. Manchester United était mené 2-0 avant son entrée en jeu résultat du match : 2-2. https://t.co/ABWdl4Dz6O","1893354966162587800","https://pbs.twimg.com/media/GkaMTfqWwAAGQu_.jpg","","fr","","0","0","1","https://x.com/GarnachoFR/status/1893354966162587800","1849350788545409024","GarnachoFR"
"1893346771855696070","Sat Feb 22 17:30:43 +0000 2025","1","@AC_MilanFR Moi j'ai une question entre Manchester United et Ac Milan qui est le plus nulle ","1893352736025989313","","AC_MilanFR","fr","","0","0","0","https://x.com/alphaba87157773/status/1893352736025989313","1592867908656537601","alphaba87157773"
"1893353774468452775","Sat Feb 22 17:34:51 +0000 2025","0","Manchester United c est ce pote en soirée qui tient debout uniquement parce que ses amis le ramènent à chaque fois qu il vacille.","1893353774468452775","","","fr","","0","0","0","https://x.com/SanGoalku/status/1893353774468452775","1551374364867796996","SanGoalku"
"1893354353655775513","Sat Feb 22 17:37:09 +0000 2025","1","Donc RASHFORD aka mon p tit con est sur le BANC ","1893354353655775513","","","fr","Lyon, France","1","0","0","https://x.com/BHD0601/status/1893354353655775513","1200236304203730944","BHD0601"
"1893351780546752745","Sat Feb 22 17:26:55 +0000 2025","1","#PremierLeague 󠁧󠁢󠁥󠁮󠁧󠁿: Tous les résultats de l'après-midi ! ▪️Everton 2-2 Manchester United ▪️Arsenal 0-1 West Ham ▪️Bournemouth 0-1 Wolves ▪️Fulham 0-2 Crystal Palace ▪️Ipswich Town 1-4 Tottenham ▪️Southampton 0-4 Brighton Arsenal dit adieu au titre. https://t.co/Tie5P231Hm","1893351780546752745","https://pbs.twimg.com/media/GkaJaHNXMAAq7p3.jpg","","fr","France","0","0","0","https://x.com/Footballdayy10/status/1893351780546752745","1443152340140371972","Footballdayy10"
"1893347713678286903","Sat Feb 22 17:26:17 +0000 2025","0","@AC_MilanFR Moi j'ai une question entre Manchester United et Ac Milan qui est le plus nulle ","1893351619460206771","","AC_MilanFR","fr","","0","0","0","https://x.com/alphaba87157773/status/1893351619460206771","1592867908656537601","alphaba87157773"
"1893344365889704346","Sat Feb 22 17:25:49 +0000 2025","1","@ActuFoot_ VEUILLEZ DEMANDER À SIR ALEX FERGUSON COMMENT SE FAIT T-IL APRÈS SON DÉPART COMME ENTRAÎNEUR DE MANCHESTER UNITED TOUS LES BONS ENTRAÎNEURS QUI SONT VÉNUS APRÈS LUI N'ARRIVENT PAS À RELEVER LE NIVEAU DE L'EQUIPE? IL DOIT EXPLIQUER CLAIREMENT CE QU'IL A FAIT À L' ÉQUIPE.","1893351503265398969","","ActuFoot_","fr","République Démocratique Du Con","0","0","0","https://x.com/LeonardNkita/status/1893351503265398969","1265998760330625026","LeonardNkita"
"1893351151740834162","Sat Feb 22 17:24:25 +0000 2025","0","En plus ils sont pas loin de Championship imaginez seulement en 2025 Manchester United en Championship ","1893351151740834162","","","fr","Paris, suisse. ","0","0","0","https://x.com/Platinium0/status/1893351151740834162","1834337939628720128","Platinium0"
"1893349906707783827","Sat Feb 22 17:19:29 +0000 2025","0","Par contre y a Manchester united la ? ça ne fait pas partie des clubs de LDC ","1893349906707783827","","","fr","","0","0","0","https://x.com/LaKukuderie/status/1893349906707783827","310460772","LaKukuderie"
"1893348049683886441","Sat Feb 22 17:12:06 +0000 2025","1","Manchester United mdrrrrrrrr que des nuls","1893348049683886441","","","fr",", France","0","0","0","https://x.com/mnaharam/status/1893348049683886441","1249368476218724354","mnaharam"
"1893285851573969047","Sat Feb 22 17:11:35 +0000 2025","0","@ActuFoot_ Même les scientifiques ne connaissent pas le problème de Manchester united","1893347920918851620","","ActuFoot_","fr","","0","0","0","https://x.com/Kizolamak/status/1893347920918851620","1466509332460232707","Kizolamak"
"1893344717036736812","Sat Feb 22 17:09:19 +0000 2025","0","@ismaelcr7208 En vrai entre Manchester united et psg je serais allé au psg après rien garanti il aurait réussi au psg","1893347347746242822","","ismaelcr7208","fr","","0","1","0","https://x.com/tiimooun/status/1893347347746242822","1675079152842448896","tiimooun"
"1893346659691544970","Sat Feb 22 17:06:35 +0000 2025","19","Merci pour le follow @fredpiqoff ! Petit souvenir d'un Portsmouth- Manchester United de 2009 et de cette faute sur Ryan Giggs qui nous offre un penalty ! #MUFC https://t.co/G5q7kxGpJC","1893346659691544970","https://pbs.twimg.com/media/GkaEwLfWcAAGMzd.jpg","","fr","","0","3","0","https://x.com/ManUtd_Histoire/status/1893346659691544970","1326217094271299586","ManUtd_Histoire"
"1893295753314894095","Sat Feb 22 16:59:58 +0000 2025","0","@NGomesP_ @Jalil_932 Manchester united était aussi le seul club à vouloir payer la somme que réclamer Lille","1893344995395916190","","NGomesP_","fr","","0","0","0","https://x.com/evan59539893/status/1893344995395916190","1579873205791215616","evan59539893"
"1893344872259596352","Sat Feb 22 16:59:28 +0000 2025","2","Il est clair que Macron tente de masquer ses erreurs en attisant la peur d'une agression russe mais les Français ne sont pas dupes et aspirent à un retour à des relations apaisées avec la Russie. #Malheureusement #IWD2025 #Zirkzee #Manchester United #Amorim https://t.co/xFspGAJHlV","1893344872259596352","https://pbs.twimg.com/media/GkaDH7kW4AAftis.jpg","","fr","","2","0","2","https://x.com/FranoiseLu91064/status/1893344872259596352","1889110983924432896","FranoiseLu91064"
"1893314392000794731","Sat Feb 22 16:57:57 +0000 2025","0","@MUnitedFR Dit leurs à l entraînement qu il faut mettre le ballon dans le but stp","1893344487633563944","","MUnitedFR","fr","","0","0","0","https://x.com/Manchesterfra/status/1893344487633563944","1872364951920316416","Manchesterfra"
"1893308006672277931","Sat Feb 22 16:57:18 +0000 2025","3","@lnstantFoot Je crois qu'on se rend pas compte comment Bruno Fernandes apporte beaucoup à Manchester United","1893344325452366034","","lnstantFoot","fr","","0","0","0","https://x.com/Souley811882939/status/1893344325452366034","1789603393918431232","Souley811882939"
"1893344257219371306","Sat Feb 22 16:57:02 +0000 2025","0","Mais Raya est rapide hein ","1893344257219371306","","","fr","Lyon, France","0","0","0","https://x.com/BHD0601/status/1893344257219371306","1200236304203730944","BHD0601"
"1893344418012266711","Sat Feb 22 16:57:40 +0000 2025","0","Thread #ManchesterUnited : Les Problèmes de United Manchester United l'un des clubs les plus emblématiques du football mondial fait face à des défis internes. Plongeons nous dans les problèmes qui affectent le club. https://t.co/asUr3D6tWG","1893344418012266711","https://pbs.twimg.com/media/GkZ28J8WMAMzbhm.jpg","","fr","Paris (75) / Viana","0","1","0","https://x.com/MigueliNinho/status/1893344418012266711","1102344704065179648","MigueliNinho"
"1893314828350943411","Sat Feb 22 16:57:22 +0000 2025","0","@MUnitedFR Je suis en mode hardcore là","1893344343055802590","","MUnitedFR","fr","","0","0","0","https://x.com/Manchesterfra/status/1893344343055802590","1872364951920316416","Manchesterfra"
"1893344023504355738","Sat Feb 22 16:56:06 +0000 2025","2","MU prend un point grâce à Ugarte Manchester United n a pu faire mieux que match nul (2-2) samedi sur la pelouse d Everton pour le compte de la 26e journée de Premier League. Et encore l issue aurait... https://t.co/nhxiTcgBnT","1893344023504355738","","","fr","London","0","0","0","https://x.com/Nisport_Staff/status/1893344023504355738","1548673075113230338","Nisport_Staff"
"1893342843873149381","Sat Feb 22 16:51:25 +0000 2025","0","@CanalplusFoot c'est quand ça vous arrange. Quand il manque des titulaires à Arsenal il faut comprendre que ça n'aille pas. Quand c'était Manchester United la saison passée là pas d'excuses !","1893342843873149381","","CanalplusFoot","fr","","0","0","0","https://x.com/UnitedMan27/status/1893342843873149381","1866647310110720000","UnitedMan27"
"1893342537500266833","Sat Feb 22 16:50:12 +0000 2025","19","RIONS DE MANCHESTER UNITED ET ARSENAL https://t.co/s5MISJdELk","1893342537500266833","https://pbs.twimg.com/amplify_video_thumb/1893342479614685184/img/F2PETi6HkjDIek1R.jpg","","fr","","1","0","3","https://x.com/Riaaade/status/1893342537500266833","1157386669567483904","Riaaade"
"1893342186005037138","Sat Feb 22 16:48:48 +0000 2025","0","Manchester United tout est pourri dans ce club mais niveau déception West Ham c est bien bien haut","1893342186005037138","","","fr","","0","1","0","https://x.com/MOTM_14/status/1893342186005037138","1163106053850062850","MOTM_14"
"1893336544301273404","Sat Feb 22 16:46:01 +0000 2025","0","@daajnr Amna fouma lire « Franc Tégoul khékh bi si yone » ","1893341485090689228","","daajnr","fr","Lyon, France","0","1","0","https://x.com/BHD0601/status/1893341485090689228","1200236304203730944","BHD0601"
"1893341455562707413","Sat Feb 22 16:45:54 +0000 2025","2","Bado point 21 tu Southampton amfikie Manchester United https://t.co/4B7LP8s6MO","1893341455562707413","https://pbs.twimg.com/media/GkaAAz8XAAElDGp.jpg","","fr","Tanzania","0","0","0","https://x.com/balozi123/status/1893341455562707413","1326024445039960070","balozi123"
"1893341060669067315","Sat Feb 22 16:44:20 +0000 2025","2","M. Kudus est tellement FORT et PUISSANT","1893341060669067315","","","fr","Lyon, France","0","1","0","https://x.com/BHD0601/status/1893341060669067315","1200236304203730944","BHD0601"
"1893340173234016389","Sat Feb 22 16:40:48 +0000 2025","2","West Ham et Wolverampton qui gagnent c est pas bon pour nous https://t.co/znePYmMWpt","1893340173234016389","https://pbs.twimg.com/amplify_video_thumb/1893340093932331008/img/Gd7gSeTQZGRSGBzw.jpg","","fr","Lyon, France","0","0","0","https://x.com/BHD0601/status/1893340173234016389","1200236304203730944","BHD0601"
"1893334787089133894","Sat Feb 22 16:37:38 +0000 2025","1","@ImmigreParisien @jamssrx @standiop On souffle déjà assez je retiens un truc c est que Manchester United gagnera une 4 Ldc avant le psg","1893339375007683041","","ImmigreParisien","fr","Strasbourg, France","0","3","0","https://x.com/Mahamed744/status/1893339375007683041","1282744933565202435","Mahamed744"
"1893337492109029690","Sat Feb 22 16:37:23 +0000 2025","0","@yarategraa Tkt arsenal ils font ça pour que Manchester United descende encore plus bas c est des bons","1893339314492239950","","yarategraa","fr","Montpellier, France","0","0","0","https://x.com/FadedFlwerStory/status/1893339314492239950","1574537343800954914","FadedFlwerStory"
"1893339286059061575","Sat Feb 22 16:37:16 +0000 2025","1","Il l a allumé comme du n importe quoi ","1893339286059061575","","","fr","Lyon, France","0","0","0","https://x.com/BHD0601/status/1893339286059061575","1200236304203730944","BHD0601"
"1893295753314894095","Sat Feb 22 16:34:07 +0000 2025","6","@Tisam92 Mais ce n est même pas du joueur en lui même dont je parle j évoque juste son choix de signer à Manchester alors que le Real Madrid ainsi que le PSG étaient intéressés. Deux équipes où l environnement est BEAUCOUP plus sain qu à United !","1893338491355848833","","Tisam92","fr","","0","1","0","https://x.com/NGomesP_/status/1893338491355848833","1487541777787764736","NGomesP_"
"1893338486805008486","Sat Feb 22 16:34:06 +0000 2025","1","Manchester united quel club de merde ptn","1893338486805008486","","","fr","","0","0","1","https://x.com/PasDeRalentir27/status/1893338486805008486","1619095451981996032","PasDeRalentir27"
"1893337706853261475","Sat Feb 22 16:31:00 +0000 2025","5","Doucoure et beto qui font la celebration de Rashford contre Manchester united. L INFLUENCE https://t.co/GJNrfaLZjg","1893337706853261475","https://pbs.twimg.com/media/GkZ8nF6XQAElL9l.jpg","","fr","Old Trafford","0","0","0","https://x.com/ArobaseRashy/status/1893337706853261475","1527165146916864001","ArobaseRashy"
"1893337380372857014","Sat Feb 22 16:29:42 +0000 2025","0","Dans quel le boy Skelly prend pas ROUGE","1893337380372857014","","","fr","Lyon, France","1","0","0","https://x.com/BHD0601/status/1893337380372857014","1200236304203730944","BHD0601"
"1893335852702392663","Sat Feb 22 16:23:38 +0000 2025","274","Manchester United n y arrive plus en Premier League Depuis le départ de Sir Alex Ferguson en 2013 le club n a plus remporté de Premier League. Mais qu est-ce qui ne va pas dans ce club selon vous ? https://t.co/EMnT9sY8ky","1893335852702392663","https://pbs.twimg.com/media/GkZ667GWAAA4q8z.jpg","","fr","Paris, France","10","21","18","https://x.com/lnstantFoot/status/1893335852702392663","2333988375","lnstantFoot"
"1893334517579915385","Sat Feb 22 16:18:20 +0000 2025","0","Royaume-Uni : Bruno Fernandes critique la performance de Manchester United contre Everton https://t.co/5YYRiGcn3O","1893334517579915385","","","fr","Sénégal","0","0","0","https://x.com/matchafrique/status/1893334517579915385","1578003994919768066","matchafrique"
"1893333867995505095","Sat Feb 22 16:15:45 +0000 2025","4","Personne va te toucher. Avant son retour Manchester United était deuxième de PL.","1893333867995505095","","","fr","","0","2","1","https://x.com/Modoundiaye001/status/1893333867995505095","1435501009925705730","Modoundiaye001"
"1893333805924053442","Sat Feb 22 16:15:30 +0000 2025","0","A l heure actuelle je suis pas sur que l on batte Manchester United. On est tellement faible. WAKE UP ARSENAL!!!","1893333805924053442","","","fr","","0","0","0","https://x.com/FedTheGoat37/status/1893333805924053442","1253649424477229057","FedTheGoat37"
"1893331879702548941","Sat Feb 22 16:07:51 +0000 2025","4"," Joe Riley effectuait ses débuts en ce jour de 2016 lors d'une victoire 3-0 face à Shrewsbury Town en FA Cup. Il évolue aujourd'hui à l'AFC Flyde en National League. #MUFC https://t.co/Oijfl29iQf","1893331879702548941","https://pbs.twimg.com/media/GkZ3T3nWoAAnhFT.jpg","","fr","","0","0","0","https://x.com/ManUtd_Histoire/status/1893331879702548941","1326217094271299586","ManUtd_Histoire"
"1893330002176889234","Sat Feb 22 16:00:23 +0000 2025","0","Moi je coupe tout avec Manchester United je regarde plus aucun match ça y est","1893330002176889234","","","fr","","0","0","1","https://x.com/Oxld951/status/1893330002176889234","2252929515","Oxld951"
"1893320876109549588","Sat Feb 22 15:59:10 +0000 2025","0","@JaphetMalick J attends cet été avec IMPATIENCE aladji. Je peux plus me les voir","1893329695145329014","","JaphetMalick","fr","Lyon, France","0","0","0","https://x.com/BHD0601/status/1893329695145329014","1200236304203730944","BHD0601"
"1893329317356060825","Sat Feb 22 15:57:40 +0000 2025","0","Premier League : Manchester United accroché à Everton de Gana Gueye https://t.co/z6SbbM7XgI","1893329317356060825","","","fr","Senegal, Dakar","0","0","0","https://x.com/sunusport/status/1893329317356060825","2255497760","sunusport"
"1893329443231310033","Sat Feb 22 15:58:10 +0000 2025","1","Tout est question de QUALITÉ dans le foot. Tu peux apprendre à des pros comment doser une passe comment orienter son corps en cas de pressing.","1893329443231310033","","","fr","Lyon, France","0","0","0","https://x.com/BHD0601/status/1893329443231310033","1200236304203730944","BHD0601"
"1893329572814315861","Sat Feb 22 15:58:41 +0000 2025","0","Wllh le problème de Manchester United c est Manchester United pas les joueurs","1893329572814315861","","","fr","Dakar","0","0","0","https://x.com/Eusseune/status/1893329572814315861","955789471567503361","Eusseune"
"1893329043988050412","Sat Feb 22 15:56:35 +0000 2025","0","C est un SUPER SUB.","1893329043988050412","","","fr","Lyon, France","0","0","0","https://x.com/BHD0601/status/1893329043988050412","1200236304203730944","BHD0601"
"1893296453113590017","Sat Feb 22 15:55:46 +0000 2025","0","@_avantinissa J ai ri Par contre quand je cherche l intérêt de la multi propriété chez nous On envoie plus personne à Lausanne et on récupère personne en prêt de United. Et quand des joueurs deviennent trop forts chez nous la logique serait qu ils aillent à Manchester mais non","1893328838299369866","","_avantinissa","fr","Nice","0","1","0","https://x.com/RemissaNissa/status/1893328838299369866","877944728725184513","RemissaNissa"
"1893328308512698543","Sat Feb 22 15:53:39 +0000 2025","1","Oui il a ses défauts mais Bagn bagn bëgg","1893328308512698543","","","fr","Lyon, France","0","0","0","https://x.com/BHD0601/status/1893328308512698543","1200236304203730944","BHD0601"
"1893020501460623826","Sat Feb 22 15:53:39 +0000 2025","0","@mufcMPB @Danny_Rust10 @DeanJonesSoccer Mdrr mais les dirigeants sont sous ketamine ?? Qui va vouloir venir s enterrer dans une equipe de zgeg pareille ? Ils ont tuer le club on est mort dans le film c est finis le grand Manchester United on va jouer la 14/9eme place maintenant les temps ont changé la roue a tourner","1893328305664737480","","mufcMPB","fr","Odessa. UA","0","0","0","https://x.com/Remisterio93/status/1893328305664737480","1860000930713759744","Remisterio93"
"1893328264992587960","Sat Feb 22 15:53:29 +0000 2025","0","MANCHESTER UNITED GARDE LA TÊTE HORS DE L'EAU SUR LA PELOUSE D'EVERTON GRÂCE À UN ANDRÉ ONANA PERFORMANT LES REDS DEVILS CONSERVENT LEUR QUINZIÈME PLACE. #TesDansLeMood https://t.co/Yr8VJciWWa","1893328264992587960","https://pbs.twimg.com/media/GkZ0BU4WYAAViI0.jpg","","fr","","0","0","0","https://x.com/237mood_/status/1893328264992587960","1444577124476768256","237mood_"
"1893327626783092909","Sat Feb 22 15:50:57 +0000 2025","0","Je me demande comment les supporters de Manchester United se sentent quand ils voient leur club dans cet état pitoyable. Avec tout l argent que ce club a ils n achètent que des joueurs de merde.","1893327626783092909","","","fr","","0","0","0","https://x.com/aficionadosonel/status/1893327626783092909","870949013675270145","aficionadosonel"
"1893327519023067458","Sat Feb 22 15:50:31 +0000 2025","0","Right Mais meme avec un autre DP ils sont pas bon Non c'est le Nom Manchester United qui doit être change","1893327519023067458","","","fr","Senegal","0","0","0","https://x.com/Mouhamethka2/status/1893327519023067458","1103666790645854208","Mouhamethka2"
"1893327255406870776","Sat Feb 22 15:49:28 +0000 2025","0"," Le bilan à migraine de Manchester United sous Ruben Amorim en Premier League pour l instant : ️ 15 matchs 4 victoires 3 nuls 8 défaites #RubenAmorim #ManchesterUnited #EvertonvsManchesterUnited https://t.co/WYBSByZGlN","1893327255406870776","https://pbs.twimg.com/media/GkZzGTxXMAAURjX.jpg","","fr","Côte d'Ivoire","0","0","0","https://x.com/consultant225/status/1893327255406870776","1271043107346362369","consultant225"
"1893326928150466833","Sat Feb 22 15:48:10 +0000 2025","2","Même un retour de Sir Alex Ferguson ne sauvera pas Manchester United ️ https://t.co/FCD1Py2Ce4 https://t.co/9VQGqxCrBR","1893326928150466833","https://pbs.twimg.com/media/GkZyzomWYAAm7hQ.jpg","","fr","Paris","0","0","0","https://x.com/foot365/status/1893326928150466833","248729321","foot365"
"1893326912165958066","Sat Feb 22 15:48:06 +0000 2025","0"," Antony prend la parole : ️ J ai très peu joué à Manchester United mais je suis très reconnaissant pour tout (..)J ai gagné deux titres avec United et j en suis très heureux. Mais au Real Betis je me suis retrouvé. C est comme au Brésil. Le soleil aide beaucoup. ... https://t.co/FeXWOyWcj8","1893326912165958066","https://pbs.twimg.com/media/GkZyyuhX0AEaoqn.jpg","","fr","Orléans, France","0","0","0","https://x.com/AllFootballfans/status/1893326912165958066","1533791473375883264","AllFootballfans"
"1893326218256068669","Sat Feb 22 15:45:21 +0000 2025","0","J ai jamais vu Wan Bissaka réussir un centre levé en 5 ans à Manchester United et là il claque une galette pour Bowen azyy","1893326218256068669","","","fr","","0","0","0","https://x.com/AmeMauvaise/status/1893326218256068669","1266035002770415617","AmeMauvaise"
"1893313165212938304","Sat Feb 22 15:44:29 +0000 2025","0","@Zepequenomaluco @Blueganga_13 @EspoirsduFoot A vous entendre parler vous êtes Manchester united arrêtez un peu","1893325998885614046","","Zepequenomaluco","fr","","0","1","0","https://x.com/abt7100/status/1893325998885614046","1618219603976388608","abt7100"
"1893295753314894095","Sat Feb 22 15:35:59 +0000 2025","1","@SorosGeorges @NGomesP_ Il est à Manchester comme si tu parlais de United 2007 Ils jouent le maintien en 2025 mais bon t es pour marseille toujours dans le passé bande de ringards","1893323859434095040","","SorosGeorges","fr","Califat Al-Azeub de Venissieux","0","1","0","https://x.com/Diaz212ww/status/1893323859434095040","1678404346483023874","Diaz212ww"
"1893323207777644909","Sat Feb 22 15:33:23 +0000 2025","1","Entrée de Leny Yoro égalisation de Manchester United dans les 10 minutes. Pas de hasard. #EVEMUN https://t.co/sCNARQqkSA","1893323207777644909","https://pbs.twimg.com/media/GkZva0mXoAAZ63e.jpg","","fr","Angers, France","0","0","0","https://x.com/as_49191/status/1893323207777644909","1744997317","as_49191"
"1893323020464234897","Sat Feb 22 15:32:38 +0000 2025","0","le renouveau de manchester united passera d'abord par comprendre que Bruno Fernandes est un joueur de merde","1893323020464234897","","","fr","","0","0","0","https://x.com/ArthurM67518119/status/1893323020464234897","1674874476385673218","ArthurM67518119"
"1893322720122658968","Sat Feb 22 15:31:27 +0000 2025","1","Manchester United est à un Bruno Fernandes de finir en championship !","1893322720122658968","","","fr"," Belgique","0","0","2","https://x.com/Liojoro17/status/1893322720122658968","611737883","Liojoro17"
"1893322505084895298","Sat Feb 22 15:30:36 +0000 2025","0","Manchester united vient de faire perdre à un proche 95k sur Betclic en égalisant ptdr heu","1893322505084895298","","","fr","","0","0","0","https://x.com/pestiiiicool/status/1893322505084895298","4026570261","pestiiiicool"
"1893322146224414801","Sat Feb 22 15:29:10 +0000 2025","1","️ Angleterre : Abdoulaye Doucouré n'a pas suffi. Malgré une passe décisive (19') et un but à la 33ème minute du milieu de terrain international malien Everton s'est fait accrocher à domicile par Manchester United (2-2) cet après-midi dans le cadre de la 26ème journée... https://t.co/MPLbLPO7DI","1893322146224414801","https://pbs.twimg.com/media/GkZudFqWkAEtCvI.jpg","","fr","Dakar, Sénégal 🇸🇳","0","0","0","https://x.com/Ibradiaki/status/1893322146224414801","981995259197558784","Ibradiaki"
"1893321730690629820","Sat Feb 22 15:27:31 +0000 2025","200","Manchester United a évité la défaite dans un match de Premier League après avoir été mené d'au moins 2 buts pour la première fois depuis une victoire 3-2 contre Aston Villa en décembre 2023 et pour la première fois à l'extérieur dans la compétition depuis novembre 2020 à https://t.co/OTqi7ZRntG","1893321730690629820","https://pbs.twimg.com/media/GkZt-rUWEAAsXqO.jpg","","fr","","0","1","7","https://x.com/MUnitedFR/status/1893321730690629820","832304691581161475","MUnitedFR"
"1892913731044020416","Sat Feb 22 15:25:58 +0000 2025","1","@aouarjsp @17del___ @PARlSIEN Ouai ouai Manchester united u17 Dortmund l année dernière gros d Europe","1893321341182370263","","aouarjsp","fr","Goblin town ","0","2","0","https://x.com/LetsTTT_/status/1893321341182370263","1386669162211184641","LetsTTT_"
"1893320929574273194","Sat Feb 22 15:24:20 +0000 2025","0","Angleterre : Manchester United arrache le nul face à Everton à Goodison Park https://t.co/gNZga1gouN","1893320929574273194","","","fr","Sénégal","0","0","0","https://x.com/matchafrique/status/1893320929574273194","1578003994919768066","matchafrique"
"1893320876109549588","Sat Feb 22 15:24:07 +0000 2025","2","Il a COMPRIS je pense Impossible d améliorer des moutons ","1893320876109549588","","","fr","Lyon, France","0","1","0","https://x.com/BHD0601/status/1893320876109549588","1200236304203730944","BHD0601"
"1893320653064867983","Sat Feb 22 15:23:14 +0000 2025","2","On y CROIT https://t.co/VmGU6c6ckg","1893320653064867983","https://pbs.twimg.com/media/GkZtGMVXoAE3RC3.jpg","","fr","Lyon, France","0","0","0","https://x.com/BHD0601/status/1893320653064867983","1200236304203730944","BHD0601"
"1893320642914562497","Sat Feb 22 15:23:12 +0000 2025","26","Match nul 2-2 en ce début d après midi entre Everton et le Manchester United d André Onana à Goodison Park. Malgré les deux buts encaissés le gardien camerounais a effectué 6 arrêts dont 5 dans la surface. https://t.co/XVKBrgbzvE","1893320642914562497","https://pbs.twimg.com/media/GkZtFrDXcAA7aWH.jpg","","fr","","0","0","6","https://x.com/JoueursCMR/status/1893320642914562497","1427055691634728961","JoueursCMR"
"1893320563008971105","Sat Feb 22 15:22:53 +0000 2025","23","Le but sur coup franc de Bruno Fernandes face à Everton ️ https://t.co/PAQUGZMefM","1893320563008971105","https://pbs.twimg.com/amplify_video_thumb/1893302010591563776/img/fPMQ_8Zn9JM1ZOUR.jpg","","fr","","0","1","2","https://x.com/senegal_mu/status/1893320563008971105","1160685392074596352","senegal_mu"
"1893320063077220730","Sat Feb 22 15:20:53 +0000 2025","1","SPORT Manchester United limite la casse à Everton avec un nul 2-2 Lire l'article : https://t.co/tDU471IYJ5 https://t.co/ngY7DSK6gh","1893320063077220730","https://pbs.twimg.com/media/GkZskC_XsAALmk2.png","","fr","France","0","0","0","https://x.com/ShangoFoot/status/1893320063077220730","1547676638145437696","ShangoFoot"
"1893319833820828046","Sat Feb 22 15:19:59 +0000 2025","1","Manchester United avait aujourd'hui sur le banc : -Sekou Koné 19 ans 🇲🇱 -Chido Obi 17 ans 🇩🇰 -Ayden Heaven 18 ans 󠁧󠁢󠁥󠁮󠁧󠁿 Le futur arrive doucement mais sûrement à United ️ https://t.co/d0Ses3u76M","1893319833820828046","https://pbs.twimg.com/media/GkZr2IKWUAA2sV6.png","","fr","Le terrain","0","0","0","https://x.com/LeXIdesPepites/status/1893319833820828046","1854021786452873216","LeXIdesPepites"
"1893319737867661483","Sat Feb 22 15:19:36 +0000 2025","0","Cette obsession de Macron pour une invasion russe imaginaire est un aveu de son impuissance et de son échec à maintenir une posture crédible sur la scène internationale. #North Korea #Conference League #Drogen #Zirkzee #Manchester United https://t.co/BHsJ4nxTKP","1893319737867661483","https://pbs.twimg.com/media/GkZsRBWXsAAQJtC.jpg","","fr","","0","0","0","https://x.com/salmon32482/status/1893319737867661483","1892192783634739200","salmon32482"
"1893319523748512088","Sat Feb 22 15:18:45 +0000 2025","166","Amorim : Décevant. On doit jouer les deux mi-temps pour avoir une chance de gagner. Message à la mi-temps ? Qu'on devait continuer à jouer de la même manière parce qu'on a travaillé dessus cette semaine. Je n'ai rien changé. C'est le même style de jeu mais avec une meilleure https://t.co/5hSwoQHyNW","1893319523748512088","https://pbs.twimg.com/media/GkZr3FIW0AAXRKw.png","","fr","","0","4","6","https://x.com/MUnitedFR/status/1893319523748512088","832304691581161475","MUnitedFR"
"1893319416558846331","Sat Feb 22 15:18:19 +0000 2025","0","Explication de la décision de non-pénalité pour Manchester United face à Everton https://t.co/hhhNCf4EEd","1893319416558846331","","","fr","Sénégal","0","0","0","https://x.com/matchafrique/status/1893319416558846331","1578003994919768066","matchafrique"
"1893318850357100648","Sat Feb 22 15:16:04 +0000 2025","7","⏱️TERMINÉ ! Manchester United parvient à obtenir 1 point [2-2] après être mené 2-0 par Everton. Bruno Fernandes (CF) ️ Manuel Ugarte ️ #MUFC https://t.co/rIX6D9D7qO","1893318850357100648","https://pbs.twimg.com/media/GkZrcmzX0AABXYQ.jpg","","fr","","0","0","0","https://x.com/senegal_mu/status/1893318850357100648","1160685392074596352","senegal_mu"
"1893318821420642441","Sat Feb 22 15:15:57 +0000 2025","0","Pour des animations qui vous feront fondre abonnez-vous à la chaîne Youtube: https://t.co/8jnMMfCDmf #Amour #Couple #Animation #Humour Manchester United https://t.co/1vz9e4ovFs","1893318821420642441","https://pbs.twimg.com/ext_tw_video_thumb/1893318704294711297/pu/img/EjtiADRIr0MbFr7A.jpg","","fr","Valenciennes","0","0","0","https://x.com/patricketManu/status/1893318821420642441","1486630930823405570","patricketManu"
"1893318526108098938","Sat Feb 22 15:14:47 +0000 2025","226","Amorim : Pour moi chaque stade est difficile en ce moment surtout le nôtre avec nos fans qui nous soutiennent tout le temps. Mon objectif est de gagner le prochain match pour donner du plaisir à nos fans parce qu'ils le méritent. #MUFC https://t.co/hrkxw36P4Z","1893318526108098938","https://pbs.twimg.com/media/GkZq9cbXcAET-zt.jpg","","fr","","0","3","7","https://x.com/MUnitedFR/status/1893318526108098938","832304691581161475","MUnitedFR"
"1893318232192295228","Sat Feb 22 15:13:37 +0000 2025","2","Manchester United n'a plus sa place en @premierleague. J'ai vraiment de la peine pour les supporters de ce club.","1893318232192295228","","","fr","Douala","0","0","0","https://x.com/YannBassi11/status/1893318232192295228","1855744877037838336","YannBassi11"
"1893318043452707310","Sat Feb 22 15:12:52 +0000 2025","0","Nos pensions et salaires sont rognés pour payer des armes à l'Ukraine c'est une honte. #Moyes #Barbara Lefebvre #Zirkzee #Manchester United https://t.co/1K3KaXcuUd","1893318043452707310","https://pbs.twimg.com/media/GkZqr3lXcAAQAuQ.jpg","","fr","","0","0","0","https://x.com/MediciLivi17021/status/1893318043452707310","1886191618405068800","MediciLivi17021"
"1893318021495545947","Sat Feb 22 15:12:47 +0000 2025","223","Amorim : L'équipe s'est sentie plus confiante peut-être parce qu'il n'y avait rien à perdre [à 2-0] je ne sais pas mais on doit mieux performer surtout en première mi-temps. #MUFC https://t.co/WIHeedKbD6","1893318021495545947","https://pbs.twimg.com/media/GkZqnQ-WwAEX9Zc.jpg","","fr","","0","2","9","https://x.com/MUnitedFR/status/1893318021495545947","832304691581161475","MUnitedFR"
"1893300210589196542","Sat Feb 22 15:11:22 +0000 2025","1","@Ibrhma_D Et but de Manchester united ","1893317667534029028","","Ibrhma_D","fr","","0","1","0","https://x.com/WayenRooney6/status/1893317667534029028","1561663853175476226","WayenRooney6"
"1893317556896776340","Sat Feb 22 15:10:56 +0000 2025","162","Amorim sur Garnacho sur le banc : Les matchs sont différents et parfois on veut quelque chose de différent à la même position. C'est une bonne chose d'être déçu. Il y a beaucoup de matchs et dans le football d'aujourd'hui il n'y a pas de XI type. On a un groupe qu'on doit https://t.co/ZVFKtG9SYn","1893317556896776340","https://pbs.twimg.com/media/GkZpvSkXgAMFWsq.jpg","","fr","","1","1","5","https://x.com/MUnitedFR/status/1893317556896776340","832304691581161475","MUnitedFR"
"1893316873199972485","Sat Feb 22 15:08:13 +0000 2025","149","Amorim : J'ai senti qu'on a commencé différemment en seconde période. On gagnait les seconds ballons on faisait reculer l'adversaire on n'a pas laissé Beto contrôler le ballon. Puis Bruno [Fernandes] a marqué un coup franc et on était la meilleure équipe. #MUFC https://t.co/m4wcNGPlu1","1893316873199972485","https://pbs.twimg.com/media/GkZparIWgAE2Aiq.jpg","","fr","","1","0","6","https://x.com/MUnitedFR/status/1893316873199972485","832304691581161475","MUnitedFR"
"1893316530693169475","Sat Feb 22 15:06:51 +0000 2025","0","#PremierLeague 󠁧󠁢󠁥󠁮󠁧󠁿: 𝐌𝐀𝐓𝐂𝐇 𝐍𝐔𝐋 ! Everton et Manchester United se quittent dos à dos. Malgré qu'Everton menait 2 buts à 0 les Red Devils ont su réagir pour égaliser. Everton 2-2 Manchester United. https://t.co/bKvOy5ke2A","1893316530693169475","https://pbs.twimg.com/media/GkZpWTFXQAAl04O.jpg","","fr","Paris, France","0","0","0","https://x.com/coup2tetefoot/status/1893316530693169475","1866110688340344832","coup2tetefoot"
"1893314386007064783","Sat Feb 22 14:58:20 +0000 2025","1222","30 points en 26 journées Manchester United n a jamais connu un total de points aussi faible dans son histoire à ce stade de la saison. https://t.co/YtbMBuwItP","1893314386007064783","https://pbs.twimg.com/media/GkZnZeKWsAAV_BF.jpg","","fr","Paris, France","5","3","35","https://x.com/lnstantFoot/status/1893314386007064783","2333988375","lnstantFoot"
"1893314339492225099","Sat Feb 22 14:58:09 +0000 2025","0","Premier League : Everton - Manchester United en direct #Football #News #Infos #PremierLeague #MatchEnDirect https://t.co/QR6bPdiwSk","1893314339492225099","","","fr","France","0","0","0","https://x.com/GXmercato/status/1893314339492225099","1689671936937271304","GXmercato"
"1893314082100379807","Sat Feb 22 14:57:07 +0000 2025","0","Premier League : Manchester United arrache le nul à Goodison Park https://t.co/2AjD2NTnow","1893314082100379807","","","fr","Côte d'Ivoire","0","0","0","https://x.com/MondialSportci/status/1893314082100379807","1973213528","MondialSportci"
"1893313980367593884","Sat Feb 22 14:56:43 +0000 2025","1","Match nul frustrant pour Manchester United face à Everton (2-2) : après une première mi-temps dominée par les Toffees les Red Devils ont su réagir en seconde période. Un point arraché grâce à une combativité retrouvée mais qui laisse des regrets vu le scénario du match ! https://t.co/NUhobJ9iit","1893313980367593884","https://pbs.twimg.com/media/GkZnBrmXEAAwoZl.jpg","","fr","","0","0","1","https://x.com/Karimteame/status/1893313980367593884","1891601630782464000","Karimteame"
"1893313855725383874","Sat Feb 22 14:56:13 +0000 2025","80","Mené 2-0 à la mi-temps contre Everton Manchester United a réussi à obtenir le match nul en seconde période. Vos avis sur la rencontre ? https://t.co/zZ4EK8uHMg","1893313855725383874","https://pbs.twimg.com/media/GkZm6sTWAAIKTMs.jpg","","fr","Lyon","0","2","2","https://x.com/PLFrance_/status/1893313855725383874","864639395806228480","PLFrance_"
"1893313779540041853","Sat Feb 22 14:55:55 +0000 2025","1","Manchester United qui quitte la 15e place pour la 15e place. https://t.co/1hZGaGTXzc","1893313779540041853","https://pbs.twimg.com/amplify_video_thumb/1892974991810895873/img/ezxYjctN7FI3RdL_.jpg","","fr","Senegal","0","1","0","https://x.com/MbayBabacarSARR/status/1893313779540041853","1426290347911651329","MbayBabacarSARR"
"1893313754189767047","Sat Feb 22 14:55:49 +0000 2025","30","Rúben Amorim 40 ans a l aube d une saison historique avec le Sporting Clube De Portugal quitte le club en Novembre pour rejoindre Manchester United et casser des télévisions á Old Trafford. Triste. https://t.co/WoJAHVQAS6","1893313754189767047","https://pbs.twimg.com/amplify_video_thumb/1893313696484495360/img/-9oLcUeHFOKXyDIJ.jpg","","fr","Lisboa, Portugal ","0","2","7","https://x.com/P_FC28/status/1893313754189767047","1424219322117984257","P_FC28"
"1893313634551398475","Sat Feb 22 14:55:21 +0000 2025","4","La simulation de Young était flagrante à la chute. La renaissance de Manchester United dérange le système. Amorim seul !","1893313634551398475","","","fr","Dakar","0","1","0","https://x.com/cheikhmatarF/status/1893313634551398475","903043534877593603","cheikhmatarF"
"1893313625294598232","Sat Feb 22 14:55:18 +0000 2025","2","Avant dernier journée de pl si manchester united perd il sont relégué rashford éliminé dalot et l'envoie manger des pastal de nada but de rashford a la 90eme minute manchester united va joué la championship la saison prochaine https://t.co/RufRJR2vkb","1893313625294598232","https://pbs.twimg.com/tweet_video_thumb/GkZmtDlWoAAPibm.jpg","","fr","Paris, France","0","0","0","https://x.com/nasirmo39845126/status/1893313625294598232","1584574041704259584","nasirmo39845126"
"1893313533749637627","Sat Feb 22 14:54:57 +0000 2025","0"," L'enfer ce sont les joeurs de Manchester United D'après les fans de Manchester United","1893313533749637627","","","fr","Burkina Faso","0","0","0","https://x.com/YanzMasy/status/1893313533749637627","244623237","YanzMasy"
"1893313409589846249","Sat Feb 22 14:54:27 +0000 2025","86","Manuel Ugarte a inscrit son premier but avec Manchester United et est devenu le 3e 🇺🇾 à scoree pour le club. #MUFC https://t.co/NXOsNxHfjm","1893313409589846249","https://pbs.twimg.com/media/GkZmgzrWQAAWRMJ.jpg","","fr","","0","2","2","https://x.com/ManUtd_Histoire/status/1893313409589846249","1326217094271299586","ManUtd_Histoire"
"1893313124054208962","Sat Feb 22 14:53:19 +0000 2025","1","Manchester United a renversé la situation en seulement huit minutes face à Everton ","1893313124054208962","","","fr","","0","0","1","https://x.com/Karimteame/status/1893313124054208962","1891601630782464000","Karimteame"
"1893312979367497963","Sat Feb 22 14:52:44 +0000 2025","36","Lundi dernier sur @HorsJeuTwitch à l heure de faire le bilan sur Manchester United et sa situation. Quand Ronaldo Rangnick et Mourinho tirent le même constat y a pas de hasard. https://t.co/IRBfERpMXu","1893312979367497963","https://pbs.twimg.com/amplify_video_thumb/1893311673148055552/img/jsXL0Qjkif0TBTeo.jpg","","fr","","1","1","6","https://x.com/SinbadBoi_/status/1893312979367497963","1349472450812268547","SinbadBoi_"
"1893312862849773669","Sat Feb 22 14:52:17 +0000 2025","6","Patrick Dorgu c est le Tweet Merci Captain BF8","1893312862849773669","","","fr","Lyon, France","0","0","0","https://x.com/BHD0601/status/1893312862849773669","1200236304203730944","BHD0601"
"1893312736957767995","Sat Feb 22 14:51:47 +0000 2025","260","Amorim : D'après ce que j'ai vu c'était léger pour siffler penalty. #MUFC https://t.co/0I6nrYpGEf","1893312736957767995","https://pbs.twimg.com/media/GkZl3nqXcAIi7An.png","","fr","","1","3","2","https://x.com/MUnitedFR/status/1893312736957767995","832304691581161475","MUnitedFR"
"1893308006672277931","Sat Feb 22 14:51:38 +0000 2025","3","@lnstantFoot C est pas si mal pour Manchester United en soit","1893312700786040863","","lnstantFoot","fr","","0","0","0","https://x.com/SimphalA10/status/1893312700786040863","1818662503116648448","SimphalA10"
"1893312696365281305","Sat Feb 22 14:51:37 +0000 2025","1","Manchester United obtient le match nul après être mené par Everton par (2-0) https://t.co/rBoKAHK28K","1893312696365281305","https://pbs.twimg.com/media/GkZl3RaWwAAbTgZ.jpg","","fr","","0","0","0","https://x.com/KoneM53069/status/1893312696365281305","1876547484362899456","KoneM53069"
"1893312435412426922","Sat Feb 22 14:50:35 +0000 2025","0","Wsh Manchester united remontada ?? Le club n est pas mort !!!!!!!","1893312435412426922","","","fr","Villiers-sur-Marne, France","0","0","0","https://x.com/othi_lcb/status/1893312435412426922","1340335689745969152","othi_lcb"
"1893312389807833121","Sat Feb 22 14:50:24 +0000 2025","1","#mercato Manchester United : un plan astucieux en préparation pour signer un crack du Bayern Munich à 50 M€ #football https://t.co/CHj81EAcH9","1893312389807833121","","","fr","Paris, France","0","0","0","https://x.com/TopMercato/status/1893312389807833121","23755763","TopMercato"
"1893312336921817551","Sat Feb 22 14:50:11 +0000 2025","16"," André Onana et Manchester United arrachent le nul (2-2) face à Everton lors de la 26eme journée de Premier League. Les Red Devils occupent une surprenante 15ème place en championnat. 🇨🇲 https://t.co/YJ2anAjgcT","1893312336921817551","https://pbs.twimg.com/media/GkZlhbuW4AAg7O0.jpg","","fr","Cameroon","0","3","0","https://x.com/AllezLesLions/status/1893312336921817551","967578876372312065","AllezLesLions"
"1893308098019815842","Sat Feb 22 14:49:51 +0000 2025","0","@NiaNia46044846 Une victoire d'Ipswich les ramènerait à 10 points. A 12 journées de la fin et quand on voit notre calendrier tout est possible.","1893312252863828118","","NiaNia46044846","fr","","0","1","0","https://x.com/MUFR_/status/1893312252863828118","1636007774","MUFR_"
"1893312100648308822","Sat Feb 22 14:49:15 +0000 2025","4","Manchester United était en déplacement cet après-midi sur la pelouse d'Everton pour le compte de la 26e journée de Premier League. Les hommes d'Amorim ont échappé à la défaite et contraignent les Toffies au nul 2-2. https://t.co/Qw4USO6Ipe","1893312100648308822","","","fr","Benin","0","0","0","https://x.com/Globalfoot24/status/1893312100648308822","1822978853360332800","Globalfoot24"
"1893312062224236580","Sat Feb 22 14:49:06 +0000 2025","2","FULL-TIME Everton 2-2 Manchester United. Premier League 26/38. Goodison Park Liverpool. ️ Beto 19' - 🅰️ Abdoulaye Doucouré ️ Abdoulaye Doucouré 33' --- ️ Bruno Fernandes 72' ️ Manuel Ugarte 80' #MUFC || #MUNEVE https://t.co/A7tcRMgJSz","1893312062224236580","https://pbs.twimg.com/media/GkZlQkxWkAAUHR2.jpg","","fr","Manchester - Indonesia","0","2","0","https://x.com/UtdWays/status/1893312062224236580","2313146012","UtdWays"
"1893312038824185862","Sat Feb 22 14:49:00 +0000 2025","1","Il a prit le temps d aller sur Google télécharger une de Amorim venir la poster et faire deux mensonges sur 4 ligne T aurai pu vérifié aussi quel club il a laissé pr venir ici (Sporting) Quand on vs dit que ça parle de Manchester United juste pr parler et faire des state","1893312038824185862","","","fr","📍","0","1","1","https://x.com/MouctarJalloh7/status/1893312038824185862","853999946571427840","MouctarJalloh7"
"1893311958998282266","Sat Feb 22 14:48:41 +0000 2025","2","Un bon point de pris dans ma course au maintien Manchester United ","1893311958998282266","","","fr","Senegal","0","0","0","https://x.com/NdiayeGaindeSn1/status/1893311958998282266","1178598618204381185","NdiayeGaindeSn1"
"1893311944800477184","Sat Feb 22 14:48:38 +0000 2025","0","Obi-Martin est plus fort que Hojlund et je ne veux rien savoir","1893311944800477184","","","fr","","0","0","0","https://x.com/DialloJordi/status/1893311944800477184","1533096007147393024","DialloJordi"
"1893310604841980138","Sat Feb 22 14:48:13 +0000 2025","0","@anthonytrh77 @lnstantFoot @FabrizioRomano Ça fait plus de 13 ans Manchester United est nul mais le PSG n'a toujours pas plus de la moitié de nos championnats (en jouant en ligue 1) N'a toujours pas diminué l'écart de LDC avec United et s'est même fait éliminé par l'équipe 3 de United Reste digne vieux","1893311842602082652","","anthonytrh77","fr","","0","1","0","https://x.com/piesixte/status/1893311842602082652","1386649605497032707","piesixte"
"1893309250966831550","Sat Feb 22 14:48:03 +0000 2025","3","@ElhadjiKandji1 Que ce que deviennent le grand Manchester united https://t.co/Ie9zXtfhEy","1893311797723099434","https://pbs.twimg.com/tweet_video_thumb/GkZlCc2WcAAxEDh.jpg","ElhadjiKandji1","fr","","0","0","0","https://x.com/Mamadou__ndiay/status/1893311797723099434","907575445771649024","Mamadou__ndiay"
"1893311787975549334","Sat Feb 22 14:48:00 +0000 2025","5","Manchester United compte 30 points après ses 26 premiers matchs d'une saison de Premier League. Son plus faible total dans l'élite à ce stade de la compétition depuis l'exercice 2019/20 sous Ole Gunnar Solskjær (38). #EVEMUN https://t.co/yLIdLG1mVJ","1893311787975549334","https://pbs.twimg.com/media/GkZjQ9LXEAIAaEV.jpg","","fr","","0","0","0","https://x.com/Actufoot_stats/status/1893311787975549334","1197612772160344064","Actufoot_stats"
"1893311740902883738","Sat Feb 22 14:47:49 +0000 2025","0","Seul ces hommes peuvent relancer Manchester United Mais ils sont chez nous https://t.co/iRhQVwKZgJ","1893311740902883738","https://pbs.twimg.com/media/GkZk_SSWYAAe8Ju.jpg","","fr","Marseille, France","0","0","0","https://x.com/sitotresrapid/status/1893311740902883738","1462381125804904455","sitotresrapid"
"1893311738575024164","Sat Feb 22 14:47:49 +0000 2025","0","Manchester United: Un malentendu le mea culpa d Amorim sur la santé d Eriksen #Football #Mercato #RMCSport #News https://t.co/ymal9cUuXs","1893311738575024164","","","fr","France","0","0","0","https://x.com/GXmercato/status/1893311738575024164","1689671936937271304","GXmercato"
"1893308414316450063","Sat Feb 22 14:47:49 +0000 2025","2","@MUnitedFR Faudrait avoir de l'énergie des le début beaucoup de guignols dans cette équipe qui se voit trop beau car joue à Manchester united mais n'est pas à la hauteur du club desa culture et son histoire","1893311738151321611","","MUnitedFR","fr","KRYPTON","0","0","0","https://x.com/mehdidekrypton/status/1893311738151321611","91975432","mehdidekrypton"
"1893304075665424641","Sat Feb 22 14:47:12 +0000 2025","0","@luca_varan Manchester United a désormais un niveau de jeu comparable à celui de Marseille. Ils ne parviennent pas à suivre le rythme effréné de Manchester City.","1893311585516404954","","luca_varan","fr","Ivory Coast","0","0","0","https://x.com/morykamate99/status/1893311585516404954","983980174797656066","morykamate99"
"1893311274525552687","Sat Feb 22 14:45:58 +0000 2025","0","il a fait du bon taff avec braga il a fait du bon taff avec sporting mais il ne pourrait pas faire du bon taff avec manchester united ?","1893311274525552687","","","fr","","0","1","0","https://x.com/_nuno99/status/1893311274525552687","1163793626","_nuno99"
"1893311272470421723","Sat Feb 22 14:45:58 +0000 2025","1","Mais là bas (Manchester United) tu pourras mettre qui tu veux ça changera rien ! Le mal est bien plus profond ! La gestion et j en passe a l intérieur des instances du club est chaotique","1893311272470421723","","","fr","","0","0","1","https://x.com/DGS7791/status/1893311272470421723","1556235538314792960","DGS7791"
"1893311221908099475","Sat Feb 22 14:45:45 +0000 2025","31","Il est venu ruiner Manchester united sans aucun scrupule et est parti en Arabie saoudite après avoir réussi son coup Quand on vous dit de plus vous remettre avec votre ex vous pensez les gens rigolent mdrrrrr ‍️‍️‍️ https://t.co/RnUZKpN9Ds","1893311221908099475","https://pbs.twimg.com/media/GkZkhOWXUAEn5hQ.jpg","","fr","Barcelone, Espagne","6","9","4","https://x.com/Momo_sow08/status/1893311221908099475","1824989142918242305","Momo_sow08"
"1893311110196965467","Sat Feb 22 14:45:19 +0000 2025","0","#PremierLeague 󠁧󠁢󠁥󠁮󠁧󠁿: 𝐌𝐀𝐓𝐂𝐇 𝐍𝐔𝐋 ! Everton et Manchester United se quittent dos à dos. Malgré qu'Everton menait 2 buts à 0 les Red Devils ont su réagir pour égaliser. Everton 2-2 Manchester United. https://t.co/D8rcTsPvya","1893311110196965467","https://pbs.twimg.com/media/GkZkY2ZXkAAIJvd.jpg","","fr","France","0","0","0","https://x.com/Footballdayy10/status/1893311110196965467","1443152340140371972","Footballdayy10"
"1893311001983918310","Sat Feb 22 14:44:53 +0000 2025","171","Bruno Fernandes : Ce sont les résultats qui comptent dans ce club. Nous devons être conscients de notre situation et devons faire beaucoup plus. Tout le monde doit essayer de se pousser les uns les autres pour terminer la saison de la meilleure façon possible. #MUFC https://t.co/Te2aRvgMU4","1893311001983918310","https://pbs.twimg.com/media/GkZkKE-XIAEtdd2.png","","fr","","0","1","5","https://x.com/MUnitedFR/status/1893311001983918310","832304691581161475","MUnitedFR"
"1893310477448446064","Sat Feb 22 14:42:48 +0000 2025","8","Juste un mec chill qu adore parier un smic sur Manchester United #Teamparieur https://t.co/zhNxcOEWak","1893310477448446064","https://pbs.twimg.com/media/GkZj13-XkAA-3mF.jpg","","fr","","0","1","4","https://x.com/BourasMahel/status/1893310477448446064","1565044607200657410","BourasMahel"
"1893310420124909972","Sat Feb 22 14:42:34 +0000 2025","469","Bruno Fernandes : En deuxième mi-temps nous avons joué avec beaucoup plus de liberté et de mouvement. #MUFC https://t.co/EzFD3sBS3o","1893310420124909972","https://pbs.twimg.com/media/GkZjyBSWsAE6BXB.png","","fr","","4","8","13","https://x.com/MUnitedFR/status/1893310420124909972","832304691581161475","MUnitedFR"
"1893310357294194979","Sat Feb 22 14:42:19 +0000 2025","2","Manchester United qui conserve la belle place qu elle mérite 15e ","1893310357294194979","","","fr","#FreeCongo","0","0","0","https://x.com/JFromKi/status/1893310357294194979","1308305068928782337","JFromKi"
"1893310352403698041","Sat Feb 22 14:42:18 +0000 2025","0","Ugarte sauve Manchester United face à Everton https://t.co/Rj48RzyDwo","1893310352403698041","","","fr","France","0","0","0","https://x.com/Foot01_com/status/1893310352403698041","71220639","Foot01_com"
"1893310275844968617","Sat Feb 22 14:42:00 +0000 2025","26","2025 : Manchester United joue le maintien xptdrrrrrrrrrrr Et les dirigeants sont toujours en place La folie folie","1893310275844968617","","","fr","Parc Des Princes / Guadeloupe","0","1","4","https://x.com/CyranoKelevra/status/1893310275844968617","750672454444519424","CyranoKelevra"
"1893310183666823180","Sat Feb 22 14:41:38 +0000 2025","48","Remplaçant inutilisé Sékou KONE a assisté depuis le banc au match entre Manchester United &amp; Everton. 🇲🇱 Menés une grande partie de la rencontre les Red Devils ont arraché l égalisation en toute fin de match. Score final : 2-2. #MUFC #PremierLeague #Mali https://t.co/6doZE1j90n","1893310183666823180","https://pbs.twimg.com/media/GkZjktdXAAAPx51.jpg","","fr","Sénou, Bamako (Mali)","0","1","1","https://x.com/BERTHEDjack17/status/1893310183666823180","1425242898216493057","BERTHEDjack17"
"1893310135520342501","Sat Feb 22 14:41:26 +0000 2025","147","Bruno Fernandes : Nous avons eu des occasions en deuxième mi-temps mais nous avons commencé tardivement. Nous devons mieux commencer les matchs. Chaque fois que nous encaissons un but et que nous sommes menés c'est là que nous commençons à jouer et à prendre des risques. https://t.co/FPKCHxA9oC","1893310135520342501","https://pbs.twimg.com/media/GkZjcs2WAAAcn-b.png","","fr","","1","2","3","https://x.com/MUnitedFR/status/1893310135520342501","832304691581161475","MUnitedFR"
"1893310097192898946","Sat Feb 22 14:41:17 +0000 2025","1","Premier League󠁧󠁢󠁥󠁮󠁧󠁿 Manchester United revient des enfers en remontant 02buts des toffees pour finalement arracher le point du nul: 2-2. A noter une excellente prestation de l international malien Abdoulaye Doucoure auteur du 2e but d Everton https://t.co/dGiMyYWPda","1893310097192898946","https://pbs.twimg.com/media/GkZjfqWXwAApsMT.jpg","","fr","","0","0","0","https://x.com/NDolanSport/status/1893310097192898946","1752152218453590016","NDolanSport"
"1893310088074404025","Sat Feb 22 14:41:15 +0000 2025","0","Everton 2 - 2 Manchester United ️19' Beto ️33' Abdoulaye Doucoure ️72' Bruno Fernandes ️80' Manuel Ugarte https://t.co/n9fF81PEDb","1893310088074404025","https://pbs.twimg.com/media/GkZjfc-WUAEJRIf.jpg","","fr","","0","0","0","https://x.com/zankaspor/status/1893310088074404025","1146747513690632192","zankaspor"
"1893310080956743914","Sat Feb 22 14:41:13 +0000 2025","27"," Bruno Fernandes est le premier joueur de MU à inscrire un coup franc depuis Cristiano Ronaldo contre Norwich City. (avril 2022) #MUFC https://t.co/tHYXLCQ2Pf","1893310080956743914","https://pbs.twimg.com/media/GkZjfAXXsAA88--.jpg","","fr","","0","1","0","https://x.com/ManUtd_Histoire/status/1893310080956743914","1326217094271299586","ManUtd_Histoire"
"1893309929202573782","Sat Feb 22 14:40:37 +0000 2025","0","Manchester United est 15e au classement de Premier League. Pardon faites revenir Sir Alex Ferguson. Le pire n'est pas loin","1893309929202573782","","","fr","","0","1","0","https://x.com/gamebreaker1/status/1893309929202573782","26462699","gamebreaker1"
"1893309861036720569","Sat Feb 22 14:40:21 +0000 2025","0","TERMINÉ ⏱️ ! Manchester United arrache le match nul sur la pelouse d Everton Les Reds Devils était menés 2-0 jusqu à la 71 eme minute avant des buts de Bruno Fernandes et Ugarte ️. Les Reds Devils sont 15 eme Everton est 12 eme. https://t.co/D74qOnbwQ4","1893309861036720569","https://pbs.twimg.com/media/GkZjRwzXQAAu7qR.jpg","","fr","Amiens, France","0","1","0","https://x.com/football_actufr/status/1893309861036720569","1523331962294968321","football_actufr"
"1893309787665752407","Sat Feb 22 14:40:04 +0000 2025","316","#PL 󠁧󠁢󠁥󠁮󠁧󠁿 : Everton et Manchester United se neutralisent après une action litigieuse qui voit Everton se faire refuser un penalty. Comprenez-vous la décision ? https://t.co/ZMAfD4GWcq","1893309787665752407","https://pbs.twimg.com/media/GkZjLmGX0AENZ3I.jpg","","fr","","7","11","10","https://x.com/cplussportafr/status/1893309787665752407","1062292964003717121","cplussportafr"
"1893309741360730381","Sat Feb 22 14:39:52 +0000 2025","1517"," Le bilan de Manchester United sous Ruben Amorim en PL pour l instant : ️ 15 matchs 4 victoires 3 nuls 8 défaites https://t.co/HQJxEK8kNQ","1893309741360730381","https://pbs.twimg.com/media/GkZjLH8XAAA_9Xx.jpg","","fr","France","16","14","42","https://x.com/VibesFoot/status/1893309741360730381","2370161756","VibesFoot"
"1893309693017125277","Sat Feb 22 14:39:41 +0000 2025","1","Ce que je déteste le plus chez lui jamais de la vie il faut la passe à celui qui dédouble ou celui qui fait l appel dans le demi-espace gauche. On dirait qu on l a programmé « repique frappe ».","1893309693017125277","","","fr","Lyon, France","0","0","0","https://x.com/BHD0601/status/1893309693017125277","1200236304203730944","BHD0601"
"1876409518978146366","Sat Feb 22 14:39:31 +0000 2025","0","38. Everton vs Manchester United. J26 Premier League. https://t.co/vNkGkogvGQ","1893309651858416037","https://pbs.twimg.com/media/GkZjGHFWAAAlzMR.jpg","Fidallingham","fr","","0","1","0","https://x.com/Fidallingham/status/1893309651858416037","1029804868654059520","Fidallingham"
"1893309465853595783","Sat Feb 22 14:38:47 +0000 2025","1","Ruben Amorim faut qu il essaie autre chose que 3-4-3 il n a pas les joueurs qu il faut pour jouer dans ce système nous sommes 15ème de PL un club comme Manchester United même pas dans le top 10 c est une honte même les nudes à Fababy n était pas aussi violent","1893309465853595783","","","fr","France","0","0","0","https://x.com/Biggiepac_244/status/1893309465853595783","306292939","Biggiepac_244"
"1893309351277854809","Sat Feb 22 14:38:19 +0000 2025","0","MS| Everton 2-2 Manchester United ️ 19' Beto ️ 33' Abdoulaye Doucoure ️ 72' Bruno Fernandes ️ 80' Manuel Ugarte https://t.co/57illtmuhz","1893309351277854809","https://pbs.twimg.com/media/GkZi0ZJWkAAmni2.jpg","","fr","","0","0","0","https://x.com/Tksportsss/status/1893309351277854809","1877372907094933505","Tksportsss"
"1893309317870203331","Sat Feb 22 14:38:12 +0000 2025","23","Faut vraiment débile de chez débile pour quitter le Sporting en milieu de saison équipe que tu as bâti qui fait une saison mémorable pour ce Manchester United. Franchement t es con. Et tu peux t en prendre qu à toi même. https://t.co/7z3i4Q0mEY","1893309317870203331","https://pbs.twimg.com/media/GkZiye_XEAA_8NJ.jpg","","fr","USA","0","1","2","https://x.com/Thiawjuniorr7/status/1893309317870203331","1478078659978317832","Thiawjuniorr7"
"1893308975535280160","Sat Feb 22 14:36:50 +0000 2025","86","Manchester United se 𝗦𝗔𝗨𝗩𝗘 d'une 𝗘́𝗡𝗜𝗘̀𝗠𝗘 𝗗𝗘́𝗙𝗔𝗜𝗧𝗘 en Premier League mais reste à 3 places de la relégation. Les Red Devils repartent avec un point au goût de victoire après être revenus de 2-0 à 2-2. &gt; Le résumé du match est ici : https://t.co/tdAYjfNjgL https://t.co/Ul2LKSGqYi","1893308975535280160","https://pbs.twimg.com/media/GkZid_iXIAESBhK.jpg","","fr","Paris","0","4","5","https://x.com/footmercato/status/1893308975535280160","229178711","footmercato"
"1893308972964127063","Sat Feb 22 14:36:49 +0000 2025","1","⏱️FIN DU MATCH !! Ce score de parité n'arrange aucune des deux équipes mais Manchester United aurait clairement pu perdre ce match. Les hommes de Ruben Amorim et Ruben Amorim Lui même doivent se remettre en question. https://t.co/lG8TLIVfEU","1893308972964127063","https://pbs.twimg.com/media/GkZidyPWcAAstNV.jpg","","fr","","0","0","0","https://x.com/JR_Football9/status/1893308972964127063","1892245275764252672","JR_Football9"
"1893308045020565672","Sat Feb 22 14:36:39 +0000 2025","1","@CanalplusFoot Monsieur Touriol. Amorim sera toujours le coach de Manchester United. Un entraîneur n'est pas un magicien sinon ça serait https://t.co/zIfjbWbdAn","1893308929376927939","https://pbs.twimg.com/tweet_video_thumb/GkZibtOWkAAeEGc.jpg","CanalplusFoot","fr","Nantes, France","0","0","0","https://x.com/GarreauNicolas2/status/1893308929376927939","703710934712360961","GarreauNicolas2"
"1893308867531936035","Sat Feb 22 14:36:24 +0000 2025","0","#PremierLeague Fecha 26 Everton 2 (Beto 19' Doucouré 33') 2 Manchester United (Bruno Fernandes 72' Ugarte 80') #EVEMUN https://t.co/85PoKkm949","1893308867531936035","https://pbs.twimg.com/media/GkZiX0FW0AEJtQR.jpg","","fr","","0","0","0","https://x.com/La5tadelfutbol/status/1893308867531936035","139942292","La5tadelfutbol"
"1893308806714511624","Sat Feb 22 14:36:10 +0000 2025","1","FT: Everton vs Manchester United Beto 19' Abdoulaye Doucoure 33' Bruno Fernandes 72' Manuel Ugarte 80' https://t.co/tkj1SyvtJy","1893308806714511624","https://pbs.twimg.com/media/GkZiUbAW8AEVduF.jpg","","fr","","0","1","0","https://x.com/sirkings97715/status/1893308806714511624","1692659175753437184","sirkings97715"
"1893308600392523950","Sat Feb 22 14:35:42 +0000 2025","1","J aime pas ce que fait Manchester United.","1893308691153137953","","SIRBAYO_","fr","93","0","0","0","https://x.com/SIRBAYO_/status/1893308691153137953","2540137352","SIRBAYO_"
"1893308745876193469","Sat Feb 22 14:35:55 +0000 2025","0","MERCI","1893308745876193469","","","fr","Lyon, France","0","0","0","https://x.com/BHD0601/status/1893308745876193469","1200236304203730944","BHD0601"
"1893308690880438597","Sat Feb 22 14:35:42 +0000 2025","0","Everton et Manchester United se séparent sur un match nul 2 partout. #EVEMUN","1893308690880438597","","","fr","Sur Seine","0","0","0","https://x.com/g6k_dell/status/1893308690880438597","705293106","g6k_dell"
"1893308651282047045","Sat Feb 22 14:35:33 +0000 2025","0","⏹️ FULL-TIME 󠁧󠁢󠁥󠁮󠁧󠁿 Premier League Everton 22 Manchester United 17' Beto 33' Doucouré Fernandes 72' Ugarte 80' https://t.co/AhwjRKg6ns","1893308651282047045","https://pbs.twimg.com/media/GkZiLzWWUAESKWR.jpg","","fr","tdb","0","0","0","https://x.com/Zportt/status/1893308651282047045","121157272","Zportt"
"1893308630729887977","Sat Feb 22 14:35:28 +0000 2025","0","Mené 2-0 à la première mi-temps United égalise et revient à 2 buts partout Score final Everton 2-2 Manchester United https://t.co/CSoXVa2Wm0","1893308630729887977","https://pbs.twimg.com/media/GkZiKmsXcAA6rPZ.jpg","","fr","","0","0","0","https://x.com/mjculture1/status/1893308630729887977","1892590347198291968","mjculture1"
"1893308577797808272","Sat Feb 22 14:35:15 +0000 2025","0","On en reparlera dans un avenir TRÈS proche. Peut-être aura - t-il raison","1893308577797808272","","","fr","Lyon, France","0","0","1","https://x.com/BHD0601/status/1893308577797808272","1200236304203730944","BHD0601"
"1893308530368684422","Sat Feb 22 14:35:04 +0000 2025","205","Manchester United à Everton. https://t.co/Vhq75YiA0p","1893308530368684422","https://pbs.twimg.com/ext_tw_video_thumb/1445451072554762242/pu/img/f1RFHkg16onO54kG.jpg","","fr","Paris","0","4","14","https://x.com/WinamaxSport/status/1893308530368684422","2834176185","WinamaxSport"
"1893308523972329649","Sat Feb 22 14:35:02 +0000 2025","1","Terminé. 2-2 à Goodison Park ! United est revenu d'entre les morts après les entrées de Garnacho Obi &amp; Yoro. Encore une fois absent pendant plus d'une heure les Mancuniens ramènent un point précieux de Goodison park dans la course au maintien ! #MUFCS https://t.co/ZXjoWwRGc0","1893308523972329649","https://pbs.twimg.com/media/GkZiD9gXsAABGp0.jpg","","fr","Sénégal","0","0","0","https://x.com/mufsenegal2018/status/1893308523972329649","1277576005683752962","mufsenegal2018"
"1893308512542876049","Sat Feb 22 14:35:00 +0000 2025","17","Manchester United compte 30 points après 26 matchs de @premierleague ne faisant pire qu'à une seule reprise dans l'élite à ce stade de la compétition sur les 50 dernières années (29 en 1989/90). #EVEMUN","1893308512542876049","","","fr","Paris, France","0","0","5","https://x.com/Statsdufoot/status/1893308512542876049","778118551","Statsdufoot"
"1893308489457393852","Sat Feb 22 14:34:54 +0000 2025","0","Match nul 2-2 entre Everton et Manchester United ! #EVEMUN https://t.co/1ZU8hGnNQc","1893308489457393852","https://pbs.twimg.com/media/GkZiCUlX0AAQUWt.jpg","","fr","Visé, Belgique","0","0","0","https://x.com/BelgesPL/status/1893308489457393852","1516522197124362256","BelgesPL"
"1893308414316450063","Sat Feb 22 14:34:36 +0000 2025","226","FM | Everton 2 x 2 Manchester United Après 70 minutes catastrophiques United a eu un sursaut d'orgueil grâce à son capitaine pour finalement arracher un match nul au caractère ! Ça fait du bien d'avoir vu un peu d'énergie. Bruno Ugarte #MUFC","1893308414316450063","","","fr","","5","43","12","https://x.com/MUnitedFR/status/1893308414316450063","832304691581161475","MUnitedFR"
"1893308355021595049","Sat Feb 22 14:34:22 +0000 2025","41","Accroché à Everton Manchester United ne s en sort pas ! https://t.co/TbYOq2g2qt","1893308355021595049","","","fr","Paris","0","2","0","https://x.com/footmercato/status/1893308355021595049","229178711","footmercato"
"1893308310457077829","Sat Feb 22 14:34:11 +0000 2025","10","Premier League : Idrissa Gueye et Everton laissent filer la victoire face à Manchester United ️ https://t.co/6l3OW7W47s https://t.co/5VhGLbHry9","1893308310457077829","https://pbs.twimg.com/media/GkZh39GW0AES8lX.jpg","","fr","","0","0","0","https://x.com/wiwsport/status/1893308310457077829","319827399","wiwsport"
"1893308307688841305","Sat Feb 22 14:34:11 +0000 2025","1","Manchester United: Un malentendu le mea culpa d Amorim sur la santé d Eriksen https://t.co/qEc2tmJBo3 https://t.co/H1bbb8MNVv","1893308307688841305","https://pbs.twimg.com/media/GkZh36bWMAEuJ-0.jpg","","fr","","0","0","0","https://x.com/SoccertimeNew/status/1893308307688841305","1592456429864161281","SoccertimeNew"
"1893308009117331663","Sat Feb 22 14:34:01 +0000 2025","0","@ActuFoot_ Très belle réaction de la part de Manchester United !","1893308268115525737","","ActuFoot_","fr","Paris, France","0","1","0","https://x.com/JuL2675/status/1893308268115525737","1033683838818508801","JuL2675"
"1893308255272665494","Sat Feb 22 14:33:58 +0000 2025","2","Manchester united sauvé par l arbitrage #EVEMUN","1893308255272665494","","","fr","","0","0","0","https://x.com/fabien13000/status/1893308255272665494","313251804","fabien13000"
"1893308009117331663","Sat Feb 22 14:33:44 +0000 2025","0","@ActuFoot_ Manchester United peut dire merci à l arbitre","1893308195910676878","","ActuFoot_","fr","Genève, Suisse","0","0","0","https://x.com/YayaTamba11/status/1893308195910676878","1130290556960157697","YayaTamba11"
"1893308179829715216","Sat Feb 22 14:33:40 +0000 2025","0","Manchester United qui s en sort avec un point alors qu'ils méritent absolument rien mdr","1893308179829715216","","","fr","Dreux","0","0","0","https://x.com/TheBeardedMan06/status/1893308179829715216","2286946460","TheBeardedMan06"
"1893308176981717405","Sat Feb 22 14:33:40 +0000 2025","3","1 point très important pour le MAINTIEN","1893308176981717405","","","fr","Lyon, France","0","0","2","https://x.com/BHD0601/status/1893308176981717405","1200236304203730944","BHD0601"
"1893308152378007995","Sat Feb 22 14:33:34 +0000 2025","0","Manchester United azy baf cons eux","1893308152378007995","","","fr","Paris saint germain","0","0","0","https://x.com/octaavinhoo/status/1893308152378007995","1000079383942623232","octaavinhoo"
"1893308098019815842","Sat Feb 22 14:33:21 +0000 2025","41","Terminé. 2-2 à Goodison Park ! United est revenu d'entre les morts après les entrées de Garnacho Obi &amp; Yoro. Encore une fois absent pendant plus d'une heure les Mancuniens ramènent un point précieux de Goodison park dans la course au maintien ! #MUFC https://t.co/yjFd7ip5xa","1893308098019815842","https://pbs.twimg.com/media/GkZhqLZWcAAyii_.jpg","","fr","","1","2","3","https://x.com/MUFR_/status/1893308098019815842","1636007774","MUFR_"
"1893308033075147016","Sat Feb 22 14:33:05 +0000 2025","25"," Premier Lig MS | Everton 2-2 Manchester United ️ 19' Beto ️ 33' Doucoure ️ 72' Bruno Fernandes ️ 80' Ugarte https://t.co/KwihgriNfK","1893308033075147016","https://pbs.twimg.com/media/GkZhE9SWIAA7GEv.jpg","","fr","iOS & Android","0","1","0","https://x.com/mackolik/status/1893308033075147016","212137481","mackolik"
"1893308011092869536","Sat Feb 22 14:33:00 +0000 2025","1","PUREEE JE VAIS ARRETE DE PARLER BORDEL A DEUX DOIGTS D'AVOIR PENALTY POUR EVERTON BORDEL C'EST QUOI CETTE EQUIPE QUI SERT A RIEN. Si on m'avait dit que je compterais sur cette équipe de Manchester United contre EVERTON POUR une victoire d'Arsenal j'aurais jamais cru.. #EVEMUN","1893308011092869536","","","fr","Kabuki District EDO | 🇳🇬","0","0","0","https://x.com/SGiinn/status/1893308011092869536","1307071315904532480","SGiinn"
"1893308009117331663","Sat Feb 22 14:32:59 +0000 2025","2000"," 𝗠𝗔𝗡𝗖𝗛𝗘𝗦𝗧𝗘𝗥 𝗨𝗡𝗜𝗧𝗘𝗗 𝗔𝗥𝗥𝗔𝗖𝗛𝗘 𝗟𝗘 𝗡𝗨𝗟 𝗙𝗔𝗖𝗘 𝗔̀ 𝗘𝗩𝗘𝗥𝗧𝗢𝗡. Les Red Devils étaient mené 0-2 jusqu'à la 71ème minute. Manchester United reste à la 15ème place. Everton est 12ème. https://t.co/QB9WAwQ8yE","1893308009117331663","https://pbs.twimg.com/media/GkZfVIOXUAE38xd.jpg","","fr","","8","46","104","https://x.com/ActuFoot_/status/1893308009117331663","771606164","ActuFoot_"
"1893307993581654155","Sat Feb 22 14:32:56 +0000 2025","32","Un homme qui supporte Manchester United peut s'en sortir dans n'importe quelle relation.","1893307993581654155","","","fr","Sadi, SALIGNY, Boutique i-1-4","8","7","12","https://x.com/LBM237/status/1893307993581654155","1161651132269285376","LBM237"
"1893307685983941061","Sat Feb 22 14:31:42 +0000 2025","1","encore une décision avantageuse pour Manchester United :)","1893307685983941061","","","fr","Tottenham Hotspur Stadium","0","0","0","https://x.com/TombstoneThree/status/1893307685983941061","1652740560766074881","TombstoneThree"
"1893307599677727063","Sat Feb 22 14:31:22 +0000 2025","0","Manchester United est décédé le jour où Sir Alex Ferguson a quitté le club #EVEMUN https://t.co/UqxFVpZSJY","1893307599677727063","https://pbs.twimg.com/tweet_video_thumb/GkZhOTpXIAA-rCc.jpg","","fr","","0","0","0","https://x.com/kozakk94/status/1893307599677727063","1553174339398270977","kozakk94"
"1893307540605120898","Sat Feb 22 14:31:08 +0000 2025","0","Y a 1000 penalty sur cette action wshh Manchester United s en sort bien hein","1893307540605120898","","","fr","","0","0","0","https://x.com/Oussou_Bb06/status/1893307540605120898","1847299508415438848","Oussou_Bb06"
"1893307482090467585","Sat Feb 22 14:30:54 +0000 2025","0","OUF de soulagement MDr","1893307482090467585","","","fr","Lyon, France","0","0","0","https://x.com/BHD0601/status/1893307482090467585","1200236304203730944","BHD0601"
"1893307462435901632","Sat Feb 22 14:30:49 +0000 2025","289","90' + 6' Le peno n'est pas accordé. Excellent job de monsieur l'arbitre. Félicitations monsieur. Il faut savoir le reconnaître ","1893307462435901632","","","fr","","4","19","15","https://x.com/MUnitedFR/status/1893307462435901632","832304691581161475","MUnitedFR"
"1893012446492676260","Sat Feb 22 14:30:47 +0000 2025","0","@WydadTime Notre équipe est en reconstruction. Alex Ferguson a pris six saisons complètes avant de remporter son premier titre de Premier League avec Manchester United","1893307451543351599","","WydadTime","fr","","0","0","0","https://x.com/Aminemat3niit/status/1893307451543351599","1503248349843136512","Aminemat3niit"
"1893307192129814735","Sat Feb 22 14:29:45 +0000 2025","0","GOOOOOOOOOOOL DO EVERTON! doucouré Everton 2x0 Manchester United #EVEMUN #PremierLeagueNaESPN #PremierLeague #EFC #COYB #UTFT https://t.co/iB0QVKqrSF","1893307192129814735","https://pbs.twimg.com/media/GkZg21_XYAA0Ffv.jpg","","fr","Goodison Park","0","0","0","https://x.com/EFCNEWSBR/status/1893307192129814735","1737983544520007680","EFCNEWSBR"
"1893307191857164555","Sat Feb 22 14:29:45 +0000 2025","2","Manchester United égalise les deux buts face à Everton... Everton##Manunited (2-2)","1893307191857164555","","","fr","","0","0","0","https://x.com/KoneM53069/status/1893307191857164555","1876547484362899456","KoneM53069"
"1893307175784583245","Sat Feb 22 14:29:41 +0000 2025","1","Jolie plongeon d ashley young. Je comprends mieux pourquoi Maguire plonge souvent mais le problème est nous sommes Manchester United","1893307175784583245","","","fr","","0","0","1","https://x.com/Kayden252/status/1893307175784583245","1432741445321035778","Kayden252"
"1893307142053965966","Sat Feb 22 14:29:33 +0000 2025","1","93' ET PÉNALTY POUR EVERTON SUR UNE FAUTE DE DELIGT !! Ah c'est dommage pour Manchester United.","1893307142053965966","","","fr","","0","0","0","https://x.com/JR_Football9/status/1893307142053965966","1892245275764252672","JR_Football9"
"1893307085972017508","Sat Feb 22 14:29:19 +0000 2025","0","Le scénario MANCHESTER UNITED ","1893307085972017508","","","fr","Lyon, France","0","0","0","https://x.com/BHD0601/status/1893307085972017508","1200236304203730944","BHD0601"
"1893307073418449273","Sat Feb 22 14:29:16 +0000 2025","0","Manchester United sauvé par l arbitrage une nouvelle fois ?","1893307073418449273","","","fr","Tottenham, London","1","0","0","https://x.com/ThfcLouisN17/status/1893307073418449273","4592271023","ThfcLouisN17"
"1893307054556594206","Sat Feb 22 14:29:12 +0000 2025","0","Manchester United c est tellement devenu une parodie ce club c est tellement une faute d amateur surtout à ce moment du match‍️","1893307054556594206","","","fr","Drancy, Seine Saint Denis","0","1","0","https://x.com/93Basinho/status/1893307054556594206","1437727188590202885","93Basinho"
"1893306997002444907","Sat Feb 22 14:28:58 +0000 2025","5","La VAR doit revoir. C'est pas un penalty. #MUFC","1893306997002444907","","","fr","","0","1","0","https://x.com/MUFR_/status/1893306997002444907","1636007774","MUFR_"
"1893306962520969280","Sat Feb 22 14:28:50 +0000 2025","2","Ne me parlez Plus de MDL et de Maguire. Onana j en peux plus il la sort toujours dans les pieds de l adversaire.","1893306962520969280","","","fr","Lyon, France","0","1","0","https://x.com/BHD0601/status/1893306962520969280","1200236304203730944","BHD0601"
"1893306860486177229","Sat Feb 22 14:28:26 +0000 2025","1","manchester united on doit pas être loin de l une des pire équipe que j ai vue jouer au cours de ses 5 dernières années","1893306860486177229","","","fr","","0","0","0","https://x.com/Julessbulle/status/1893306860486177229","1321808821854048256","Julessbulle"
"1893306813648339130","Sat Feb 22 14:28:14 +0000 2025","0","Ahahah c est vraiment du très grand Manchester United","1893306813648339130","","","fr","","0","1","0","https://x.com/_VodkaCeriseII/status/1893306813648339130","1667032380299702273","_VodkaCeriseII"
"1893306749341356071","Sat Feb 22 14:27:59 +0000 2025","119","90' + 4' Penalty cadeau offert aux Toffees.","1893306749341356071","","","fr","","0","19","1","https://x.com/MUnitedFR/status/1893306749341356071","832304691581161475","MUnitedFR"
"1893306553098248240","Sat Feb 22 14:27:12 +0000 2025","5","Oh Manchester United la guignolerie","1893306553098248240","","","fr","","0","0","1","https://x.com/Nic0_OM/status/1893306553098248240","1557344971388293125","Nic0_OM"
"1893306222880674051","Sat Feb 22 14:25:54 +0000 2025","0","Par contre Hojlund doit plus fouler une pelouse sous le maillot de Manchester United","1893306222880674051","","","fr","","0","0","0","https://x.com/KaylorIsInLove/status/1893306222880674051","196205938","KaylorIsInLove"
"1893306045511987613","Sat Feb 22 14:25:11 +0000 2025","1","Le QI foot de Garna jamais je le comprendrai","1893306045511987613","","","fr","Lyon, France","0","2","0","https://x.com/BHD0601/status/1893306045511987613","1200236304203730944","BHD0601"
"1893305930206286158","Sat Feb 22 14:24:44 +0000 2025","0","Manchester United a 2 visages aujourd hui","1893305930206286158","","","fr","france","0","0","0","https://x.com/chrisgartner7/status/1893305930206286158","2929326071","chrisgartner7"
"1892908621597429989","Sat Feb 22 14:24:19 +0000 2025","0","@Soninko Non c'était Manchester United","1893305825336217792","","Soninko","fr","","0","1","0","https://x.com/nahil231/status/1893305825336217792","1713804396151046144","nahil231"
"1893305690547990848","Sat Feb 22 14:23:47 +0000 2025","1","Manchester United n'a marqué qu'un seul but en prémière mi-temps lors de ses 11 derniers matchs de @premierleague 󠁧󠁢󠁥󠁮󠁧󠁿","1893305690547990848","","","fr","","0","0","1","https://x.com/Karimteame/status/1893305690547990848","1891601630782464000","Karimteame"
"1893303651344535727","Sat Feb 22 14:23:22 +0000 2025","0","@ulrichelie @Kingoftaobli Les joueurs ont gagné Amorim s'est plié et on espère que ça sera la dernière fois. Vive le Manchester Court-Terme United et ses fans qui ne retiennent pas les leçons. En espérant que ça soit vraiment la dernière fois. Bref vous êtes définitivement fatiguant.","1893305586000748958","","ulrichelie","fr","","0","1","0","https://x.com/_Lucas_V_Off/status/1893305586000748958","1499459395582930955","_Lucas_V_Off"
"1893305352004735101","Sat Feb 22 14:22:26 +0000 2025","0","L'arrière latéral de l'AC Milan Theo Hernandez souhaite intégrer le Real Madrid cet été bien que Manchester United manifeste également de l'intérêt. https://t.co/Nnweo8Cchv","1893305352004735101","https://pbs.twimg.com/media/GkZfIxDXwAE6Oxm.jpg","","fr","","0","0","0","https://x.com/dyesbro/status/1893305352004735101","51837064","dyesbro"
"1893305152049746019","Sat Feb 22 14:21:38 +0000 2025","1387","#PL 󠁧󠁢󠁥󠁮󠁧󠁿 : UGARTEEE ! Manchester United revient des morts grâce à une volée pure de l'uruguayen. On se dirige vers une fin de match folle https://t.co/RIfikK2sSc","1893305152049746019","https://pbs.twimg.com/media/GkZe9FpWMAAaFs-.jpg","","fr","","1","2","49","https://x.com/cplussportafr/status/1893305152049746019","1062292964003717121","cplussportafr"
"1893304821739847745","Sat Feb 22 14:20:20 +0000 2025","1","️ Ruben Amorim l'entraîneur de Manchester United n'a pas manqué de faire un constat fracassant sur son arrivée. ⬇️ https://t.co/XACoL85gwN","1893304821739847745","","","fr","Paris","0","0","0","https://x.com/OnzeMondial/status/1893304821739847745","262593360","OnzeMondial"
"1893304811702911284","Sat Feb 22 14:20:17 +0000 2025","7","José Mourinho : « Si je vous dis que je considère que l un des plus grands exploits de ma carrière a été de terminer 2ème de Premier League avec Manchester United vous direz: ce type est fou . Les gens ne savent pas ce qui se passe dans les coulisses ». https://t.co/siOEqHFii6","1893304811702911284","https://pbs.twimg.com/media/GkZesVXWUAARAbR.jpg","","fr","Sur Twitter, Insta et Facebook","0","0","0","https://x.com/lamoucheduc0ach/status/1893304811702911284","1149311680524034048","lamoucheduc0ach"
"1893304808871780364","Sat Feb 22 14:20:16 +0000 2025","1","󠁧󠁢󠁥󠁮󠁧󠁿 GOAL | Everton 2-2 Manchester United | Ugarte UGARTE ÉGALISE POUR MANCHESTER UNITED !!!!!!!!!!!!!!!!!!!!!!! #ManchesterUnited #EVEMUN https://t.co/EKzM7CTRzU","1893304808871780364","https://pbs.twimg.com/amplify_video_thumb/1893304750856110080/img/LKA5hlxm02d1DmXW.jpg","","fr","France","0","0","0","https://x.com/DiffusionLigue/status/1893304808871780364","1891105050086293504","DiffusionLigue"
"1893304725472165926","Sat Feb 22 14:19:57 +0000 2025","316","Bruno Fernandes on te critique mais que serait Manchester United sans toi ","1893304725472165926","","","fr","Sir Matt Busby Way, Stretford","1","1","61","https://x.com/dv_webster/status/1893304725472165926","1165770514801057792","dv_webster"
"1893304622921486735","Sat Feb 22 14:19:32 +0000 2025","2","Je n ai jamais vu une équipe plus forte que Manchester United Wow qui aurait pu croire que Manchester United allait revenir sur le score ️️️️️️️️️️️️️️️️️️️️️️‍️‍️‍️‍️️‍️️‍️️‍️️️‍️️‍️️‍️️️‍️️‍️️‍️️‍️️‍️️‍️‍️ https://t.co/vfqXt9TH8i","1893304622921486735","https://pbs.twimg.com/media/GkZeg2QXEAAT2Vl.jpg","","fr","Guinée","0","1","0","https://x.com/Ousmane66496/status/1893304622921486735","968662479462129665","Ousmane66496"
"1893302724571062431","Sat Feb 22 14:19:04 +0000 2025","4","@CanalplusFoot Non Fernándes est le meilleur joueur de Manchester United depuis des années c'est ça le problème de MU...","1893304506500178169","","CanalplusFoot","fr","","0","0","0","https://x.com/Boussage2/status/1893304506500178169","2194978441","Boussage2"
"1893304420219146289","Sat Feb 22 14:18:44 +0000 2025","7","Manuel Ugarte a inscrit son tout premier but avec Manchester United. #EVEMUN https://t.co/VbxAD82P8p","1893304420219146289","https://pbs.twimg.com/media/GkZeVAxWYAEj5f9.jpg","","fr","","0","0","0","https://x.com/Actufoot_stats/status/1893304420219146289","1197612772160344064","Actufoot_stats"
"1893304342922346608","Sat Feb 22 14:18:25 +0000 2025","1","Légalisation m'a rien fait du tout 0 émotion et ça c'est très rare Je ne reconnais plus Manchester United #EVEMUN #MUFC","1893304342922346608","","","fr","Nantes","0","0","0","https://x.com/Saibo44/status/1893304342922346608","752125465","Saibo44"
"1893304206775226563","Sat Feb 22 14:17:53 +0000 2025","1","Réal de Madrid s il vous plaît céder nous @fedeevalverde pour le bien de Manchester United https://t.co/beS1cuHzLA","1893304206775226563","https://pbs.twimg.com/tweet_video_thumb/GkZeIy-W0AEYti3.jpg","","fr","Saint-Maur-des-Fossés, France","0","0","0","https://x.com/44Thiaroye/status/1893304206775226563","1243354397993828355","44Thiaroye"
"1893304146473758823","Sat Feb 22 14:17:39 +0000 2025","3","Mais Dorgu faut tomber il y a probablement penalty. Fallait pas continuer #MUFC","1893304146473758823","","","fr","","0","0","0","https://x.com/senegal_mu/status/1893304146473758823","1160685392074596352","senegal_mu"
"1893303898762318073","Sat Feb 22 14:16:40 +0000 2025","0","Dorgu tombe danoul ","1893303898762318073","","","fr","Lyon, France","0","0","0","https://x.com/BHD0601/status/1893303898762318073","1200236304203730944","BHD0601"
"1893303925484277948","Sat Feb 22 14:16:46 +0000 2025","3","80 ️ BUT D UGARTE ️ !!! L ENCHAÎNEMENT MAGNIFIQUE !!! Everton 1-2 Manchester United #EVEMUN https://t.co/tVU1xu6xWI","1893303925484277948","https://pbs.twimg.com/media/GkZd4laWMAAk247.jpg","","fr","Amiens, France","0","3","0","https://x.com/football_actufr/status/1893303925484277948","1523331962294968321","football_actufr"
"1893304075665424641","Sat Feb 22 14:17:22 +0000 2025","85","Vrai vrai hein Manchester United est nul !!!!! On doit tout reprendre dans ce club !","1893304075665424641","","","fr","Marseille, France","1","9","2","https://x.com/luca_varan/status/1893304075665424641","2834266887","luca_varan"
"1893303880546402791","Sat Feb 22 14:16:35 +0000 2025","2","Everton 2-2 Manchester United 82mins Beto Fernandez B Doucoure Ugarte https://t.co/3l5SVLMQDl","1893303880546402791","https://pbs.twimg.com/media/GkZdyFTW0AAxA93.jpg","","fr","Abuja, Nigeria","1","1","0","https://x.com/iykeinfos/status/1893303880546402791","273431885","iykeinfos"
"1893303807360020742","Sat Feb 22 14:16:18 +0000 2025","1","80' POPOPOPO QU'EST CE QUI PASSE ÉGALISATION DE MANCHESTER UNITED SUR UN BUT DE UGARTE !!️ Manchester revient alors qu'il était mené pendant plus de 70 minutes. https://t.co/ZR6KbQWWFE","1893303807360020742","https://pbs.twimg.com/media/GkZdxpzW4AAyxAV.jpg","","fr","","0","0","0","https://x.com/JR_Football9/status/1893303807360020742","1892245275764252672","JR_Football9"
"1893303803346034881","Sat Feb 22 14:16:17 +0000 2025","0","Manchester United va le faire ils vont le faire ( vont perdre 3-2 )","1893303803346034881","","","fr","Lisbonne","0","0","0","https://x.com/_RodrigoSilva__/status/1893303803346034881","1504364843264098307","_RodrigoSilva__"
"1893303774724169823","Sat Feb 22 14:16:10 +0000 2025","0","LE COUP FRANC DIRECT PARFAITEMENT TIRÉ DE BRUNO FERNANDES 🇵🇹! Manchester United revient a 2-1 et relance la fin de match. (@CanalplusFoot) https://t.co/4MOWvd04KV","1893303774724169823","https://pbs.twimg.com/media/GkZcxADWgAA0MO2.jpg","","fr","Amiens, France","0","0","0","https://x.com/football_actufr/status/1893303774724169823","1523331962294968321","football_actufr"
"1893303760639639716","Sat Feb 22 14:16:07 +0000 2025","201"," 𝗠𝗔𝗡𝗨𝗘𝗟 𝗨𝗚𝗔𝗥𝗧𝗘 𝗣𝗘𝗥𝗠𝗘𝗧 𝗔𝗨𝗫 𝗥𝗘𝗗 𝗗𝗘𝗩𝗜𝗟𝗦 𝗗𝗘 𝗥𝗘𝗩𝗘𝗡𝗜𝗥 𝗔̀ 𝟮-𝟮 Everton 2-2 Manchester United. https://t.co/7lZf1LyLlj","1893303760639639716","https://pbs.twimg.com/media/GkZduBFW0AAsNvY.jpg","","fr","France","0","4","8","https://x.com/VibesFoot/status/1893303760639639716","2370161756","VibesFoot"
"1893303702385012891","Sat Feb 22 14:15:53 +0000 2025","50","C est la fin du monde Manchester United a remonté au score https://t.co/brkAAAys4G","1893303702385012891","https://pbs.twimg.com/tweet_video_thumb/GkZdra1W0AAT1Ig.jpg","","fr","Paris, France","0","1","0","https://x.com/Elh_Momar/status/1893303702385012891","1010991444679647233","Elh_Momar"
"1893303542099673361","Sat Feb 22 14:15:14 +0000 2025","45","Bruno Fernandes avec Manchester United : ️ 271 matchs 89 buts 78 passes décisives 167 G/A. https://t.co/xaX1ueWHaO","1893303542099673361","https://pbs.twimg.com/media/GkZdiDpXMAA5B7x.jpg","","fr","","0","0","4","https://x.com/Actufoot_stats/status/1893303542099673361","1197612772160344064","Actufoot_stats"
"1893303539063042095","Sat Feb 22 14:15:14 +0000 2025","0","Je diffuse gratuitement en direct live les matchs : 13h30 - Everton vs Manchester United 16h00 - Arsenal vs West Ham 17h00 - Lille vs Monaco 16h00 - Ipswich vs Tottenham Lien en bio ! Discord communautaire : https://t.co/DLOKz3NAVL","1893303539063042095","","","fr","IPTV ➡️","0","0","0","https://x.com/ABDtjrvivant/status/1893303539063042095","1458154667922317315","ABDtjrvivant"
"1893303470360236284","Sat Feb 22 14:14:57 +0000 2025","1","Manchester united est une équipe étonnante c est fou","1893303470360236284","","","fr","Bruxelles, Belgique","0","0","0","https://x.com/syllaabdel3/status/1893303470360236284","708332844947521536","syllaabdel3"
"1893303468485448149","Sat Feb 22 14:14:57 +0000 2025","4","Chido pour le 3ème PITIÉ ","1893303468485448149","","","fr","Lyon, France","0","0","2","https://x.com/BHD0601/status/1893303468485448149","1200236304203730944","BHD0601"
"1893303433710469189","Sat Feb 22 14:14:49 +0000 2025","251","MANUEL UGARTE QUI PASSE LA DEUXIEME ET ÉGALISE POUR DES MA'CUNIENS EN PERDITION ! LDS AMIS IL RESTE 15 MINUTES !","1893303433710469189","","","fr","","1","15","15","https://x.com/MUnitedFR/status/1893303433710469189","832304691581161475","MUnitedFR"
"1893303356057141480","Sat Feb 22 14:14:30 +0000 2025","26","UGARTE POUR L'ÉGALISATION !!!!!","1893303356057141480","","","fr","","0","0","0","https://x.com/ManUtd_Histoire/status/1893303356057141480","1326217094271299586","ManUtd_Histoire"
"1893303326655004858","Sat Feb 22 14:14:23 +0000 2025","1","72' ET RÉDUCTION DU SCORE DE MANCHESTER UNITED SUR COUP FRANC DE LA PART DE BRUNO FERNANDES IL RESTE UN PEU PLUS DE 10 MINUTES !!️ https://t.co/yvyg3IcAHl","1893303326655004858","https://pbs.twimg.com/media/GkZdGq8XkAAx_fV.jpg","","fr","","0","0","0","https://x.com/JR_Football9/status/1893303326655004858","1892245275764252672","JR_Football9"
"1893303323043696999","Sat Feb 22 14:14:22 +0000 2025","0","80 BUUUUT. ÉGALISATION DE MANUEL UGARTE ️ 2-2. #MUFC","1893303323043696999","","","fr","","0","0","0","https://x.com/senegal_mu/status/1893303323043696999","1160685392074596352","senegal_mu"
"1893303308133048793","Sat Feb 22 14:14:19 +0000 2025","0","Manchester United de la p!!!!!","1893303308133048793","","","fr","Panama","0","0","0","https://x.com/dw5757/status/1893303308133048793","44522016","dw5757"
"1893303237651865780","Sat Feb 22 14:14:02 +0000 2025","0","Le Manchester United qui retrouve son âme !","1893303237651865780","","","fr","","0","0","0","https://x.com/Nareziminho/status/1893303237651865780","1053330452780642305","Nareziminho"
"1893303110300221937","Sat Feb 22 14:13:32 +0000 2025","1","Mazraoui sort but de Manchester United @Encrnvssneuf_un https://t.co/rcB6eiEAlH","1893303110300221937","https://pbs.twimg.com/tweet_video_thumb/GkZdI_9WcAAB5Hy.jpg","","fr","Bordeaux, France","0","1","0","https://x.com/jooo0033/status/1893303110300221937","1426781917429616640","jooo0033"
"1893303109201322058","Sat Feb 22 14:13:31 +0000 2025","112","𝗟𝗲 𝗰𝗼𝘂𝗽 𝗳𝗿𝗮𝗻𝗰 𝗱𝗲 𝗕𝗿𝘂𝗻𝗼 𝗙𝗲𝗿𝗻𝗮𝗻𝗱𝗲𝘀 ! ️🇵🇹 Le joueur portugais relance Manchester United à 20 min de la fin du match. (@CanalplusFoot) https://t.co/hPtGBrJYgL","1893303109201322058","https://pbs.twimg.com/media/GkZcxADWgAA0MO2.jpg","","fr","","0","3","10","https://x.com/Footballogue/status/1893303109201322058","603018371","Footballogue"
"1893303079509864684","Sat Feb 22 14:13:24 +0000 2025","141","Bruno Fernandes RELANCE LE MATCH pour Manchester United et permet aux siens d être à un but d écart d Everton. Jolie coup franc du Portugais. 🇵🇹 https://t.co/RcwUH7aQbs","1893303079509864684","https://pbs.twimg.com/media/GkZcxADWgAA0MO2.jpg","","fr","Paris","0","2","6","https://x.com/footmercato/status/1893303079509864684","229178711","footmercato"
"1893302936110760415","Sat Feb 22 14:12:50 +0000 2025","0","C est plus Manchester United c est Mon Chester Unité club pensionnaire de Ligue 2","1893302936110760415","","","fr","","0","0","0","https://x.com/Reihtuag420/status/1893302936110760415","86689468","Reihtuag420"
"1893302534279712921","Sat Feb 22 14:11:14 +0000 2025","1","Le championnat EFL quête Manchester United. #Amorim #Manchester #evemanu https://t.co/iIcnKfdZ0q","1893302534279712921","https://pbs.twimg.com/amplify_video_thumb/1893302479866970112/img/EbcZ4UVPaswM7fuF.jpg","","fr","France","0","0","0","https://x.com/DiffusionLigue/status/1893302534279712921","1891105050086293504","DiffusionLigue"
"1893302456777355567","Sat Feb 22 14:10:56 +0000 2025","0","Comment vous dire que cette équipe de Manchester United a dépensé plusieurs M€ et qu ils n ont Toujours de tops étant titulaires dans le Top 10 européen ? na la folieee","1893302456777355567","","","fr","","0","0","0","https://x.com/leglsn/status/1893302456777355567","884200874352017408","leglsn"
"1893004843351998728","Sat Feb 22 14:10:24 +0000 2025","2","@elcode93 @Msn_sis0 Mdr pourtant le club le plus supporter au monde reste Manchester united rester dans vôtre déni","1893302325013299279","","elcode93","fr","","0","0","0","https://x.com/franck_boh/status/1893302325013299279","1519644157823918087","franck_boh"
"1893302241706049570","Sat Feb 22 14:10:04 +0000 2025","483","Bruno Fernandes est le premier joueur de Manchester United à marquer sur coup franc en Premier League depuis Cristiano Ronaldo contre Norwich en avril 2022. [@Squawka] #MUFC https://t.co/786YT03mq0","1893302241706049570","https://pbs.twimg.com/media/GkZcSeAXgAAMQex.jpg","","fr","","6","8","29","https://x.com/MUnitedFR/status/1893302241706049570","832304691581161475","MUnitedFR"
"1893302052157047025","Sat Feb 22 14:09:19 +0000 2025","2","Everton 2-1 Manchester United 74mins Beto Fernandez B Doucoure https://t.co/A1JuYyy3vX","1893302052157047025","https://pbs.twimg.com/media/GkZcLhZXAAEZRp5.jpg","","fr","Abuja, Nigeria","1","0","1","https://x.com/iykeinfos/status/1893302052157047025","273431885","iykeinfos"
"1893302043344814489","Sat Feb 22 14:09:17 +0000 2025","0"," Beto a désormais marqué 5 buts en 4 matchs en février pour Everton un de plus aujourd'hui contre Manchester United. L'attaquant était proche de partir en janvier #EFC a rejeté plusieurs offres David Moyes insistant pour le garder et il est en super forme maintenant. https://t.co/jvsAS5i8hc","1893302043344814489","https://pbs.twimg.com/media/GkZcLAlXwAASjHG.jpg","","fr","Paris, France","0","0","0","https://x.com/WbSilence/status/1893302043344814489","1207384381796605953","WbSilence"
"1893287193256370276","Sat Feb 22 14:09:15 +0000 2025","0","@Rox93zer Que tu ne l'aimes ou pas c'est un fait Bruno fernandes est une légende de manchester united","1893302034297651363","","Rox93zer","fr","","0","1","0","https://x.com/houdha_/status/1893302034297651363","1327694543714734086","houdha_"
"1893301999203950791","Sat Feb 22 14:09:07 +0000 2025","0","« Plus de problèmes que de solutions » Amorim jette l éponge à Manchester United ️ https://t.co/kqARx6lqPd https://t.co/7HtbBZ7gQf","1893301999203950791","https://pbs.twimg.com/media/GkZcIljW8AEoBMN.jpg","","fr","Paris","0","0","0","https://x.com/foot365/status/1893301999203950791","248729321","foot365"
"1893301853967847474","Sat Feb 22 14:08:32 +0000 2025","89"," 𝗕𝗥𝗨𝗡𝗢 𝗙𝗘𝗥𝗡𝗔𝗡𝗗𝗘𝗦 𝗟𝗘 𝗖𝗔𝗣𝗜𝗧𝗔𝗜𝗡𝗘 𝗦𝗨𝗥 𝗖𝗢𝗨𝗣-𝗙𝗥𝗔𝗡𝗖 𝗣𝗘𝗥𝗠𝗘𝗧 𝗔̀ 𝗨𝗡𝗜𝗧𝗘𝗗 𝗗𝗘 𝗥𝗘́𝗗𝗨𝗜𝗥𝗘 𝗟𝗘 𝗦𝗖𝗢𝗥𝗘 Everton 2-1 Manchester United. https://t.co/vOlx8FLkcb","1893301853967847474","https://pbs.twimg.com/media/GkZb_xwXAAAXDKk.jpg","","fr","France","0","1","5","https://x.com/VibesFoot/status/1893301853967847474","2370161756","VibesFoot"
"1893301811911495928","Sat Feb 22 14:08:22 +0000 2025","0","Manchester United ne veut plus d André Onana et cherche son remplaçant https://t.co/qxepw2JliB #sport #sports #SportFr #actualité #infos #alerte","1893301811911495928","","","fr","France","0","0","0","https://x.com/FilSport/status/1893301811911495928","348443515","FilSport"
"1893301658139885963","Sat Feb 22 14:07:45 +0000 2025","0","Bruno Fernandes !!!! ️️ But sur coup franc du capitaine des red devils qui redonne espoirs a Manchester United !! Le match n est pas terminé","1893301658139885963","","","fr","Ile-de-France, France","0","0","0","https://x.com/LeCuirMagique/status/1893301658139885963","1893004444540739584","LeCuirMagique"
"1893301655988306028","Sat Feb 22 14:07:45 +0000 2025","3","Brentford Manchester United Ipswich la gueule des victoires","1893301655988306028","","","fr","","0","2","0","https://x.com/spurs93_/status/1893301655988306028","1431197937586122760","spurs93_"
"1893301631078256703","Sat Feb 22 14:07:39 +0000 2025","6","Amorim il a niqué la saison du sporting et il est venu enfoncer Manchester United.","1893301631078256703","","","fr","MaudiaaaLand 🥷","2","2","1","https://x.com/TRAWDIALLO/status/1893301631078256703","1081521779665969152","TRAWDIALLO"
"1893301591077245118","Sat Feb 22 14:07:29 +0000 2025","0","Manchester United jamais ça ira Tout est à changé dans ce club","1893301591077245118","","","fr","Charleroi, Belgique","0","0","0","https://x.com/Baud_bondonga/status/1893301591077245118","269216264","Baud_bondonga"
"1893301581308637483","Sat Feb 22 14:07:27 +0000 2025","3","Pour moi tu met ne serait ce qu'un Osimhen a Manchester United ca change tout","1893301581308637483","","","fr","Rouen, France","0","0","0","https://x.com/Ismaaahh/status/1893301581308637483","1402343776430002185","Ismaaahh"
"1893301512551415854","Sat Feb 22 14:07:11 +0000 2025","1","Bruno Fernandes diminui pro Manchester United. https://t.co/AlDJkvT6Vh","1893301512551415854","","","fr","Brasil","0","0","0","https://x.com/aboutfut_/status/1893301512551415854","1875730340515581952","aboutfut_"
"1893301386068050345","Sat Feb 22 14:06:40 +0000 2025","0","72 BUT ! Bruno Fernandes réduit le score sur coup franc direct. 2-1. #MUFC","1893301386068050345","","","fr","","0","0","0","https://x.com/senegal_mu/status/1893301386068050345","1160685392074596352","senegal_mu"
"1893301339884536009","Sat Feb 22 14:06:29 +0000 2025","0","Bruno Fernandes à Manchester United https://t.co/KggrNPtLII","1893301339884536009","https://pbs.twimg.com/media/GkZbiErXwAAYOnX.jpg","","fr","mort","0","0","0","https://x.com/polakchnw/status/1893301339884536009","1674557144140578820","polakchnw"
"1893301294942552466","Sat Feb 22 14:06:19 +0000 2025","0","André Onana sur le départ de Manchester United : Juan Musso pressenti https://t.co/CtiL3KPvB3","1893301294942552466","","","fr","Sénégal","0","0","0","https://x.com/matchafrique/status/1893301294942552466","1578003994919768066","matchafrique"
"1893301280027607155","Sat Feb 22 14:06:15 +0000 2025","5","72' | Bruno réduit l'écart ! 2-1 ! #MUFC https://t.co/KFhmAVDG47","1893301280027607155","https://pbs.twimg.com/media/GkZbeQHWQAAAhPs.jpg","","fr","","0","0","0","https://x.com/MUFR_/status/1893301280027607155","1636007774","MUFR_"
"1893301251779055947","Sat Feb 22 14:06:08 +0000 2025","240","BRUNOOOOOOOOO ! L'ÉTINCELLE ! L'ESPOIR REJAILLIT À GOODISON PARK ! LE CAPITAINE ENCORE ET TOUJOURS LUI ️","1893301251779055947","","","fr","","2","12","16","https://x.com/MUnitedFR/status/1893301251779055947","832304691581161475","MUnitedFR"
"1893301102302339263","Sat Feb 22 14:05:33 +0000 2025","0","Le PAQUET de joueurs surcotés qu il y a à Manchester United c est indécent. #EVEMUN","1893301102302339263","","","fr","","0","0","0","https://x.com/ProfesseurHF/status/1893301102302339263","1117048211498328064","ProfesseurHF"
"1893300836198924461","Sat Feb 22 14:04:29 +0000 2025","453","Rasmus Hojlund est actuellement sur une série de 15 matchs sans marquer. [@BBCSport] #MUFC https://t.co/bdKEJcXi0p","1893300836198924461","https://pbs.twimg.com/media/GkZbDouWQAAtJTy.jpg","","fr","","27","29","31","https://x.com/MUnitedFR/status/1893300836198924461","832304691581161475","MUnitedFR"
"1893300766481232361","Sat Feb 22 14:04:13 +0000 2025","0","Manchester United joue vraiment le maintien en PL des gens vont croire c est la vanne.","1893300766481232361","","","fr","Chez moi","0","0","0","https://x.com/QuelBail_Ebelle/status/1893300766481232361","3905897104","QuelBail_Ebelle"
"1893300616979509305","Sat Feb 22 14:03:37 +0000 2025","1","J ai jamais vu joué une équipe de district mais je pense que ça équivaut à regarde Manchester united","1893300616979509305","","","fr","Britania","1","0","0","https://x.com/PEyvens/status/1893300616979509305","1208568323937574912","PEyvens"
"1893300413425705124","Sat Feb 22 14:02:49 +0000 2025","0","Manchester United est actuellement 15e de Premier League mais tout le monde s en fou","1893300413425705124","","","fr","Seine-Saint-Denis","0","0","0","https://x.com/zzdeuxdeux/status/1893300413425705124","1674230324975288323","zzdeuxdeux"
"1893300300145979417","Sat Feb 22 14:02:22 +0000 2025","15","Manchester United ça y est on peut même plus les vanner c'est juste devenu pitoyable quoi","1893300300145979417","","","fr","Abobo🇨🇮","0","3","1","https://x.com/Sir_Abdouu/status/1893300300145979417","1468198582964690944","Sir_Abdouu"
"1893300293212786816","Sat Feb 22 14:02:20 +0000 2025","2","Sinon Fernandes à part pour se prendre pour un quarterback il fait quoi à Manchester United ?","1893300293212786816","","","fr","","1","0","0","https://x.com/DiegoReis5_/status/1893300293212786816","1000778000332476422","DiegoReis5_"
"1893300178829852799","Sat Feb 22 14:01:53 +0000 2025","0","Manchester United a seulement acheté le papa d'autrui pour le faire souffrir. Le mec gagnait à Sporting arriver en PL c'est seulement la.....","1893300178829852799","","","fr","République Démocratique Du Con","0","0","0","https://x.com/Schmeiichelll/status/1893300178829852799","1293938006097829891","Schmeiichelll"
"1893300185951871044","Sat Feb 22 14:01:54 +0000 2025","131","Avant Manchester United // Après https://t.co/MCi5Jdy0jp","1893300185951871044","https://pbs.twimg.com/media/GkZUMJ1WwAAbEov.jpg","","fr","Paris, France","0","4","13","https://x.com/UnibetFrance/status/1893300185951871044","424292289","UnibetFrance"
"1893300057098571800","Sat Feb 22 14:01:24 +0000 2025","1","Paris 13 atletico ils tabassent Manchester United j en suis sûr","1893300057098571800","","","fr","Champigny-sur-Marne, France","0","0","0","https://x.com/Tunig5Shakur/status/1893300057098571800","800398399","Tunig5Shakur"
"1893299932385149027","Sat Feb 22 14:00:54 +0000 2025","0","Où est Manchester United ? https://t.co/kGWw3aZ24L","1893299932385149027","https://pbs.twimg.com/media/GkZaPYTW0AA6KNl.jpg","","fr","Dreamland","0","0","0","https://x.com/TharealRoy17/status/1893299932385149027","1241368572078817282","TharealRoy17"
"1893299851435057494","Sat Feb 22 14:00:35 +0000 2025","2","Beto 🇬🇼 et Abdoulaye Doucouré 🇲🇱 sont en feu cet après-midi au Goodison Park en Premier League. Everton FC mène 2-0 contre Manchester United après 33 minutes de jeu grâce aux buteurs bissau-guinéen et malien. https://t.co/vlgy7jfekw https://t.co/qaySUbsY54","1893299851435057494","https://pbs.twimg.com/media/GkZXgZlWkAADFo-.jpg","","fr","République du Bénin","0","0","0","https://x.com/LydianeNpo/status/1893299851435057494","1462701566734090245","LydianeNpo"
"1893299646996316426","Sat Feb 22 13:59:46 +0000 2025","1","Croyez-moi Manchester United ne va pas louper la relégation cette année. https://t.co/kyrwVFpNvN","1893299646996316426","https://pbs.twimg.com/media/GkZZ_feXkAAIHlD.jpg","","fr","","0","0","0","https://x.com/le_Mg9/status/1893299646996316426","1130304010219675649","le_Mg9"
"1893299606580081105","Sat Feb 22 13:59:36 +0000 2025","0","Quenda tu tient vraiment à jouer dans ce Manchester united mdr ?","1893299606580081105","","","fr","","0","0","0","https://x.com/Traffy_Low/status/1893299606580081105","635798469","Traffy_Low"
"1893299596081733941","Sat Feb 22 13:59:34 +0000 2025","0","Manchester united c'est devenu la misère","1893299596081733941","","","fr","Paris","0","0","0","https://x.com/LutetiaFidelis/status/1893299596081733941","702903060","LutetiaFidelis"
"1893299594173243754","Sat Feb 22 13:59:33 +0000 2025","2","Ten Hag est en paix. Ils pensaient aider Manchester United en le licenciant mais c'est Éric qu'ils ont rendu service. Maintenant il faut aussi aider Ruben Amorim. #MUFC","1893299594173243754","","","fr","","0","0","0","https://x.com/TodayOM1/status/1893299594173243754","1336430401787727872","TodayOM1"
"1893299573705023912","Sat Feb 22 13:59:28 +0000 2025","1","Manchester United change de coach a chaque fois mais ça va toujours pas ... Y'a un problème plus profond/ mauvais mercato a chaque fois et joueur pas au niveau","1893299573705023912","","","fr","France 🏡 ","0","0","0","https://x.com/NzounzaY/status/1893299573705023912","1332028654105268226","NzounzaY"
"1893299557703819753","Sat Feb 22 13:59:25 +0000 2025","41","65' Belle parade d'Onana pour empêcher le doublé de Doucoure !","1893299557703819753","","","fr","","1","6","1","https://x.com/MUnitedFR/status/1893299557703819753","832304691581161475","MUnitedFR"
"1893299307949740148","Sat Feb 22 13:58:25 +0000 2025","1","Des gens allument encore leurs TV pour voir des match de Manchester United mdr","1893299307949740148","","","fr","Chez moi","0","0","0","https://x.com/QuelBail_Ebelle/status/1893299307949740148","3905897104","QuelBail_Ebelle"
"1893299161379828072","Sat Feb 22 13:57:50 +0000 2025","1","Je ne parle plus de Manchester United j ai une santé mentale à préserver","1893299161379828072","","","fr","Paris, France","0","0","0","https://x.com/algyptien/status/1893299161379828072","1325496415494221825","algyptien"
"1893298670042226807","Sat Feb 22 13:57:34 +0000 2025","2","Ronaldo VS Manchester United 2013 CR7 affronte son ancien club en 8e de finale aller de la LDC. Il vole littéralement et écrase Évra sur ce but. En plus il ne célèbre pas une attitude qui fait kiffer le foot. PS : le centre d Ángel ","1893299093574688804","","Yatera184","fr","Ile-de-France, France","0","1","1","https://x.com/Yatera184/status/1893299093574688804","499337142","Yatera184"
"1893299034267230686","Sat Feb 22 13:57:20 +0000 2025","0"," Manchester United sombre encore : jeu désordonné défense fébrile et attaque en panne. 15e en PL après 25 journées une saison cauchemardesque. Il est temps de tout reconstruire ! #MUFC ","1893299034267230686","","","fr","Ile-de-France, France","0","0","0","https://x.com/LeCuirMagique/status/1893299034267230686","1893004444540739584","LeCuirMagique"
"1893298883083514270","Sat Feb 22 13:56:44 +0000 2025","3","Manchester United a la chance que le niveau des 3 relegables soit extrêmement faible sinon c était championship direct. #EVEMUN","1893298883083514270","","","fr","London, England","0","0","0","https://x.com/Marcelo6702/status/1893298883083514270","865615354655105024","Marcelo6702"
"1893298832202420705","Sat Feb 22 13:56:32 +0000 2025","66","62' Garnacho remplace Casemiro. C'est à lui qu'incombe la difficile tâche de produire l'étincelle dans ce triste match","1893298832202420705","","","fr","","0","5","0","https://x.com/MUnitedFR/status/1893298832202420705","832304691581161475","MUnitedFR"
"1893298573032276201","Sat Feb 22 13:55:30 +0000 2025","1","Abdoulaye Doucouré moving like prime Zidane against Manchester United lol","1893298573032276201","","","fr","Here... There and Everywhere..","0","0","1","https://x.com/DuoduCFC/status/1893298573032276201","1030388251146833921","DuoduCFC"
"1893298546675216781","Sat Feb 22 13:55:23 +0000 2025","10","Franchement on est très très nul comme on a fait pour perdre contre on se Manchester United ??? Notre défense il y a vraiment tout à revoir c est du fromage","1893298546675216781","","","fr","Paris, France","1","5","1","https://x.com/Melkus_21/status/1893298546675216781","2873113986","Melkus_21"
"1893298368333455432","Sat Feb 22 13:54:41 +0000 2025","0","Si manchester united vire amorin je ne supporterais plus ce club de merde","1893298368333455432","","","fr","","0","0","0","https://x.com/HassaneD23455/status/1893298368333455432","1675168772624199680","HassaneD23455"
"1893298346929922075","Sat Feb 22 13:54:36 +0000 2025","1","Y a quoi à sauver à Manchester United honnêtement je pense que tu peux te séparer de n importe qui dans le club","1893298346929922075","","","fr","","0","1","0","https://x.com/_ney19luj_/status/1893298346929922075","1072990135","_ney19luj_"
"1893298328571408448","Sat Feb 22 13:54:31 +0000 2025","0","Manchester United c est devenu un club de Tocard","1893298328571408448","","","fr","Ile-de-France, France","0","0","0","https://x.com/UnicorneYT18/status/1893298328571408448","1717337646","UnicorneYT18"
"1893298312838553699","Sat Feb 22 13:54:28 +0000 2025","0","ALLEZ VOUS FAIRE FOUTRE","1893298312838553699","","","fr","Lyon, France","0","0","0","https://x.com/BHD0601/status/1893298312838553699","1200236304203730944","BHD0601"
"1893298203623108782","Sat Feb 22 13:54:02 +0000 2025","0","Peut être que Manchester united joue vrmt le maintien en fait ","1893298203623108782","","","fr","Dans l’espace ","0","0","0","https://x.com/oh_ohvr/status/1893298203623108782","855129023701286913","oh_ohvr"
"1893298050866495567","Sat Feb 22 13:53:25 +0000 2025","1","Manchester United fait quoi dans la vie @CharlesYoro3 ?","1893298050866495567","","","fr","London, England","0","0","0","https://x.com/Marcelo6702/status/1893298050866495567","865615354655105024","Marcelo6702"
"1893288357918023906","Sat Feb 22 13:53:13 +0000 2025","1","@UtdNino Essayons juste de rester en PL. INEOS on les attend de pied ferme cet été. https://t.co/gFKgG4bjov","1893298000358711725","https://pbs.twimg.com/tweet_video_thumb/GkZYfkzWMAAVFVh.jpg","UtdNino","fr","Lyon, France","0","0","0","https://x.com/BHD0601/status/1893298000358711725","1200236304203730944","BHD0601"
"1893297748243345510","Sat Feb 22 13:52:13 +0000 2025","1","@Evra Tu aimes beaucoup parler d Arsenal Peux-tu parler de ton club Manchester United un peu stp ? ","1893297748243345510","","Evra","fr","","0","0","0","https://x.com/arm45t/status/1893297748243345510","1145396508562513920","arm45t"
"1893297632354672806","Sat Feb 22 13:51:45 +0000 2025","2","Les TERMES l ancien on joue le MAINTIEN","1893297632354672806","","","fr","Lyon, France","0","0","1","https://x.com/BHD0601/status/1893297632354672806","1200236304203730944","BHD0601"
"1893297597638394163","Sat Feb 22 13:51:37 +0000 2025","5","On parle du niveau de Patrick Dorgu (20 ans) 🇩🇰 avec Manchester United depuis son transfert ? Encore aujourd hui il est énorme face à Everton alors que MU coule à la mi-temps.⤵️ 100% de tacles réussis 25 passes 4 duels remportés 4 ballons récupérés Une pépite ! https://t.co/wg9CCbGtM4","1893297597638394163","https://pbs.twimg.com/media/GkZYIUfXgAAFttY.jpg","","fr","LE NORD","0","1","0","https://x.com/NordiskFootball/status/1893297597638394163","702473836957192192","NordiskFootball"
"1893297597583880628","Sat Feb 22 13:51:37 +0000 2025","0","Aci Yau Aci Gobe Sai Manchester United. ","1893297597583880628","","","fr","Kaduna, Nigeria","0","0","0","https://x.com/abba_maikwai/status/1893297597583880628","1487926960466636804","abba_maikwai"
"1893297499491758484","Sat Feb 22 13:51:14 +0000 2025","1","Manchester United c est vraiment difficile mais cava ce relever mon club anglais de cœur je ne vous lâcherais jamais jamais mis à part Dalot son pied périmé on dirai y a d la diarrhée qui coule dedans","1893297499491758484","","","fr","France","0","0","0","https://x.com/Biggiepac_244/status/1893297499491758484","306292939","Biggiepac_244"
"1893297452494573584","Sat Feb 22 13:51:03 +0000 2025","0","Manchester united ça fait pitié ptdrrrr","1893297452494573584","","","fr","Paris, France","0","0","0","https://x.com/Demasquet360/status/1893297452494573584","1599217245670019074","Demasquet360"
"1893297340540137511","Sat Feb 22 13:50:36 +0000 2025","1","Manchester United quelle club de merde ces une dinguerie il se font tabassé par tout le monde","1893297340540137511","","","fr","","0","0","0","https://x.com/Laysono5/status/1893297340540137511","1607009745990197249","Laysono5"
"1893297332701040837","Sat Feb 22 13:50:34 +0000 2025","0","Le problème de Manchester United est spirituel.","1893297332701040837","","","fr","Guinée","0","0","0","https://x.com/votreMedicament/status/1893297332701040837","1639095303973249025","votreMedicament"
"1893297320432668882","Sat Feb 22 13:50:31 +0000 2025","0","Ça m énerve les joueurs qui tombent pour rien alors que ça peut être une ocasssion de but. Je pense que les joueurs ne sont pas au courant qu il y a la Var et que nous sommes Manchester United","1893297320432668882","","","fr","","0","0","0","https://x.com/Kayden252/status/1893297320432668882","1432741445321035778","Kayden252"
"1893297309074542867","Sat Feb 22 13:50:28 +0000 2025","0","United 15e de pl au bout de 26 journées mais c'est city qu'on critique le plus à manchester","1893297309074542867","","","fr","Memphis, TN","0","0","0","https://x.com/antobanh/status/1893297309074542867","1407369105418641409","antobanh"
"1893296905255338289","Sat Feb 22 13:48:52 +0000 2025","3","À cause d une coupure de courant j ai raté la première mi-temps d Everton contre Manchester United","1893296905255338289","","","fr","","0","0","1","https://x.com/Modoundiaye001/status/1893296905255338289","1435501009925705730","Modoundiaye001"
"1893288357918023906","Sat Feb 22 13:48:38 +0000 2025","1","@UtdNino MERCI je pense pareil. Erik TEN HAG a utilisé tous les systèmes possibles avec ces clowns https://t.co/gqY1qphJtZ","1893296847730471173","","UtdNino","fr","Lyon, France","0","1","0","https://x.com/BHD0601/status/1893296847730471173","1200236304203730944","BHD0601"
"1893296739513246062","Sat Feb 22 13:48:13 +0000 2025","5","Manchester United n'a remporté qu'un seul de ses 11 derniers matches de Premier League après avoir été mené par 2 buts d'écart à la mi-temps (10 défaites). #EVEMUN https://t.co/sAG9ZD2vsN","1893296739513246062","https://pbs.twimg.com/media/GkZXWTbW0AASf_x.jpg","","fr","","0","0","0","https://x.com/Actufoot_stats/status/1893296739513246062","1197612772160344064","Actufoot_stats"
"1893296681241768413","Sat Feb 22 13:47:59 +0000 2025","0","Manchester united qu est-ce qui sont KO et il ont essayé de nous faire croire que c était CR7 le problème","1893296681241768413","","","fr","","0","0","0","https://x.com/Jeunersvbbb/status/1893296681241768413","1543933750106628097","Jeunersvbbb"
"1893296453113590017","Sat Feb 22 13:47:04 +0000 2025","39","Hé la team #OGCNice vous pensez qu on devrait envoyer quels jeunes à Manchester United l an prochain pour qu ils s aguerrissent une saison en Championship ? https://t.co/wFRi5SxSXX","1893296453113590017","https://pbs.twimg.com/tweet_video_thumb/GkZXFhKWYAAixx8.jpg","","fr","Nice ","0","9","1","https://x.com/_avantinissa/status/1893296453113590017","1240644349505003520","_avantinissa"
"1893291233021178349","Sat Feb 22 13:47:21 +0000 2025","0","@Tallaba7 Je mets ça juste là","1893296522663440650","","Tallaba7","fr","Lyon, France","0","0","0","https://x.com/BHD0601/status/1893296522663440650","1200236304203730944","BHD0601"
"1893284614212374811","Sat Feb 22 13:47:00 +0000 2025","3","@fatpaulo_ Pierre Sage a Manchester United #jypense","1893296434360758594","","fatpaulo_","fr","","0","2","0","https://x.com/lilchzx/status/1893296434360758594","4121498253","lilchzx"
"1893296371400106329","Sat Feb 22 13:46:45 +0000 2025","4","Franchement je vois aucune différence entre Ten Hag et le nouveau coach de Manchester United Ils sont vraiment trop trop nuls","1893296371400106329","","","fr","Paris, France","1","0","0","https://x.com/Melkus_21/status/1893296371400106329","2873113986","Melkus_21"
"1893296318673494455","Sat Feb 22 13:46:32 +0000 2025","2","Captain BF8 doit tirer QUE les PÉNOS","1893296318673494455","","","fr","Lyon, France","0","1","1","https://x.com/BHD0601/status/1893296318673494455","1200236304203730944","BHD0601"
"1893296306845548991","Sat Feb 22 13:46:29 +0000 2025","1","Manchester United qui est entrain de subir sa 13ème défaite en 26 matchs de PL triste pour ce club immense. Rendez-nous le United de Van der Sar Neville Vidic Ferdinand Carrick Rooney Hargreaves Evra CR7 O'Shea Giggs...etc","1893296306845548991","","","fr"," 🇨🇭🇫🇷","0","1","0","https://x.com/DocGui33/status/1893296306845548991","1210649346296991746","DocGui33"
"1893296219759280306","Sat Feb 22 13:46:09 +0000 2025","0","Manchester United qui perd 2-0 contre le grand Everton de David Moyes : je pense à cet homme qui doit tout retourner devant sa télé https://t.co/rjyqwrhKvD","1893296219759280306","https://pbs.twimg.com/ext_tw_video_thumb/1893296169704378369/pu/img/F1133rVOD_QNdbeu.jpg","","fr","Paris, France","0","0","0","https://x.com/momotrocho/status/1893296219759280306","1106733956072964101","momotrocho"
"1893296083125538867","Sat Feb 22 13:45:36 +0000 2025","0","Manchester United mdrrrrrrrr","1893296083125538867","","","fr","","0","0","0","https://x.com/DjibMars/status/1893296083125538867","1096448292727214080","DjibMars"
"1893296036291953060","Sat Feb 22 13:45:25 +0000 2025","0","Manchester United ils ont une CHATTE MONUMENTALE que derrière ça avance pas . Leur saison la logiquement c est descente assurée","1893296036291953060","","","fr","Paris, France","0","0","0","https://x.com/killianbotin2/status/1893296036291953060","1455582599657791489","killianbotin2"
"1893296013961531446","Sat Feb 22 13:45:20 +0000 2025","1","Manchester United c est devenu une maison close des salopes qui acceptent de se faire humilier régulièrement contre de l argent.","1893296013961531446","","","fr","","0","0","0","https://x.com/Emin_1018/status/1893296013961531446","1092692384","Emin_1018"
"1893296006944506207","Sat Feb 22 13:45:18 +0000 2025","211","Ils vont virer Amorim... C'est juste une question de temps ! C'est ouf qu'United soit devenu un véritable cimetière à joueurs talentueux et coachs ! 15e de PL ! Manchester United. ","1893296006944506207","","","fr","Paris, France","1","12","14","https://x.com/PrinceduParc/status/1893296006944506207","728938868288925696","PrinceduParc"
"1893295981069783065","Sat Feb 22 13:45:12 +0000 2025","0","Manchester United sera en Championship la saison prochaine. Vous l aurez vu ici","1893295981069783065","","","fr","","0","0","0","https://x.com/Amg21213/status/1893295981069783065","1527993780347052032","Amg21213"
"1893295962803609713","Sat Feb 22 13:45:07 +0000 2025","0","22/02/2025 | HALF TIME: Everton FC 2-0 Manchester United FC [19' Beto 33' Abdoulaye Doucouré]","1893295962803609713","","","fr","Penikmat Sepak Bola","0","1","0","https://x.com/BerapaKosongFC/status/1893295962803609713","1809414983970877440","BerapaKosongFC"
"1893295818473402810","Sat Feb 22 13:44:33 +0000 2025","1","J'ai de la peine pour Manchester United de @alfarouq02","1893295818473402810","","","fr","Madrid, Espagne","0","1","0","https://x.com/Real_fakoly/status/1893295818473402810","2566392320","Real_fakoly"
"1893295770004001031","Sat Feb 22 13:44:21 +0000 2025","0","Manchester united yangu https://t.co/4yqZPVrV6e","1893295770004001031","https://pbs.twimg.com/media/GkZWeB4WIAE3XPe.jpg","","fr","Harare, Zimbabwe","0","0","0","https://x.com/deryl_beckham/status/1893295770004001031","1552255221073682432","deryl_beckham"
"1893295583034482735","Sat Feb 22 13:43:37 +0000 2025","27","Combien de matchs Manchester United va gagner selon vous !? Ils risquent de rejoindre Blackburn en Championships https://t.co/d0vfiTSpcu","1893295583034482735","https://pbs.twimg.com/media/GkZWS_DXgAIKPND.jpg","","fr","","2","8","0","https://x.com/Modoundiaye001/status/1893295583034482735","1435501009925705730","Modoundiaye001"
"1893292607582658595","Sat Feb 22 13:43:35 +0000 2025","0","@LeyxonDelee C.C: Manchester United fans ","1893295576785047868","","LeyxonDelee","fr","Mbale, Uganda","0","0","0","https://x.com/MatandaAndrewCB/status/1893295576785047868","1546410873291513856","MatandaAndrewCB"
"1893295533784977422","Sat Feb 22 13:43:25 +0000 2025","5","Ne me parler pas de tactique concernant Manchester United cette effectif n'a pas envie de ce battre cela se voit. Le pire contexte pour Amorine","1893295533784977422","","","fr","","0","0","1","https://x.com/BritaniaFc/status/1893295533784977422","1640393040614379521","BritaniaFc"
"1893295521516724263","Sat Feb 22 13:43:22 +0000 2025","1","À cette allure Manchester United va finir par trouver du pétrole. #EVEMUN","1893295521516724263","","","fr","Nkoabang","0","0","0","https://x.com/J___Manga/status/1893295521516724263","822049126653235200","J___Manga"
"1893295519398502400","Sat Feb 22 13:43:22 +0000 2025","1","Manchester united mon Dieu ","1893295519398502400","","","fr","","0","0","0","https://x.com/LarafDetp/status/1893295519398502400","405868525","LarafDetp"
"1893295378541252640","Sat Feb 22 13:42:48 +0000 2025","1","Tout ça pour qu on se fasse sortir par les u15 de Manchester united mbappe je t aimerai jamais et je te détesterai toute ma vie","1893295378541252640","","","fr","","0","0","0","https://x.com/kenpachiii___/status/1893295378541252640","1489650449519104002","kenpachiii___"
"1893295267178229913","Sat Feb 22 13:42:22 +0000 2025","56","46' C'est reparti la deuxième mi-temps commence. Here we go again ","1893295267178229913","","","fr","","0","9","0","https://x.com/MUnitedFR/status/1893295267178229913","832304691581161475","MUnitedFR"
"1892959604767629754","Sat Feb 22 13:42:15 +0000 2025","2","@IncomprisSage Évite « Dortmund milan l OM LAZIO sociedad arsenal Manchester united Chelsea et l ATM dans tes combines »","1893295241010024581","","IncomprisSage","fr","","0","1","1","https://x.com/LaKukuderie/status/1893295241010024581","310460772","LaKukuderie"
"1893295178904895568","Sat Feb 22 13:42:01 +0000 2025","4","Aucun joueur de Everton n'est meilleur que ceux de Manchester United Individuellement Mais arrivent quand même à être meilleur que nos joueur Et leurs coach non plus n'a pas 1/4 de connaissances tactiques et technique de notre coach Mais pourtant fait un meilleur travail","1893295178904895568","","","fr","📍","0","0","2","https://x.com/MouctarJalloh7/status/1893295178904895568","853999946571427840","MouctarJalloh7"
"1893295019047461278","Sat Feb 22 13:41:22 +0000 2025","2","Mes excuses aux joueurs d Everton pour avoir pensé qu ils étaient égaux à ceux de Manchester United","1893295019047461278","","","fr","","0","0","0","https://x.com/fdematch/status/1893295019047461278","1333915926694072321","fdematch"
"1893295098193932430","Sat Feb 22 13:41:41 +0000 2025","0","@enzom9514 Après Chelsea 2022/23 on aura le tweet « Manchester United est maintenu en premier league » https://t.co/UXGCdFiHkO","1893295098193932430","https://pbs.twimg.com/tweet_video_thumb/GkZV2oFWMAAgEE6.jpg","enzom9514","fr","(🇸🇳100-7🙌🏾)🇫🇷","1","1","0","https://x.com/parisien_93200/status/1893295098193932430","1213273856581914625","parisien_93200"
"1893294707515482360","Sat Feb 22 13:40:08 +0000 2025","0","Les problèmes a Manchester United sont interconnectés et nécessitent une approche globale pour être résolus. Le club foit travailler à reconstruire son équipe et sa structure pour retrouver son statut de leader du football mondial. Enough is enough relevez cette équipe @ManUtd https://t.co/pGAwPcueWF","1893294707515482360","https://pbs.twimg.com/ext_tw_video_thumb/1893294677299703808/pu/img/ZcpWxV4TLhwiY57f.jpg","","fr","Firdawsi","0","0","0","https://x.com/elzoc18/status/1893294707515482360","1398369044982546435","elzoc18"
"1893294706928324637","Sat Feb 22 13:40:08 +0000 2025","1","46' | C'est reparti. Pas de changements... #MUFC","1893294706928324637","","","fr","","0","2","0","https://x.com/MUFR_/status/1893294706928324637","1636007774","MUFR_"
"1893288280990343398","Sat Feb 22 13:39:57 +0000 2025","1","@rodriguemfeung1 C'est justement ça que je souligne. Ils sont là et seront sûrement là encore longtemps. On est dans une merde pas possible.","1893294661139046516","","rodriguemfeung1","fr","","0","1","0","https://x.com/ManUtd_Histoire/status/1893294661139046516","1326217094271299586","ManUtd_Histoire"
"1893294649105690649","Sat Feb 22 13:39:54 +0000 2025","0","Arsenal et Everton ont touché le fond et s en sortir. Manchester United depuis qu ils touchent le fond là pourquoi ils s enchaînent là-bas ?!","1893294649105690649","","","fr","Square Leon Blum ","0","0","0","https://x.com/gabe0_/status/1893294649105690649","1012117733796974596","gabe0_"
"1893294598702649770","Sat Feb 22 13:39:42 +0000 2025","2","Everton (contre qui on a fait match nul) est en train de rouler sur Manchester United (contre qui on a fait match nul)","1893294598702649770","","","fr","Ile-de-France, France","0","1","1","https://x.com/DylanVeerasamy/status/1893294598702649770","899219287306579968","DylanVeerasamy"
"1893294598220402813","Sat Feb 22 13:39:42 +0000 2025","0","Manchester United c est un désastre incroyable !","1893294598220402813","","","fr","","1","0","1","https://x.com/SimoTeham/status/1893294598220402813","1820861092505268225","SimoTeham"
"1893293821145833725","Sat Feb 22 13:39:09 +0000 2025","1","@_BeFootball Les glazer ont détruit manchester united","1893294458881335586","","_BeFootball","fr","","0","0","0","https://x.com/legeais_j/status/1893294458881335586","1497917077130260482","legeais_j"
"1893294244065878524","Sat Feb 22 13:38:18 +0000 2025","1","Pour le bien de Manchester United il faut que les Glazzers et Ineos dégagent. Il faut vendre totalement le club et tout reconstruire ","1893294244065878524","","","fr","Nantes, France","0","0","0","https://x.com/LedrinJoris1/status/1893294244065878524","946883604","LedrinJoris1"
"1893294123349655883","Sat Feb 22 13:37:49 +0000 2025","0","Les consultants canal bande d'enfoiré mdrrr on sait que vous êtes pas fan de Manchester United","1893294123349655883","","","fr","","0","0","0","https://x.com/Matteo_453/status/1893294123349655883","1213515334650486789","Matteo_453"
"1893294092806697295","Sat Feb 22 13:37:42 +0000 2025","24","Ruben Amorim ne fera pas long feux à Manchester United . Il n est pas assez fédérateur pour cette tâche .","1893294092806697295","","","fr","Camp nou , Barcelone ","1","2","6","https://x.com/Omar41830848/status/1893294092806697295","885254771107667968","Omar41830848"
"1893293821145833725","Sat Feb 22 13:37:33 +0000 2025","3","@_BeFootball Même actuellement Manchester United reste 10 fois au dessus de l'om","1893294055045370277","","_BeFootball","fr","","0","1","0","https://x.com/Mayonp19/status/1893294055045370277","1798990824384106497","Mayonp19"
"1893294033532780903","Sat Feb 22 13:37:27 +0000 2025","0","Manchester United sou wathier D2 dinama arranger nak parce que sonou nagn koi","1893294033532780903","","","fr","Paris  Snap : princezou","0","0","0","https://x.com/PrinceZou1/status/1893294033532780903","948019920","PrinceZou1"
"1893294018282311820","Sat Feb 22 13:37:24 +0000 2025","0","#EPL HT: EVERTON 2-0 Manchester United ️ Beto 19' ️ Doucouré 33' https://t.co/6Ugs3mfdVf","1893294018282311820","https://pbs.twimg.com/media/GkZU3TNXEAAbUpz.jpg","","fr","","0","0","0","https://x.com/fulltlme/status/1893294018282311820","1689903347535687680","fulltlme"
"1893293885842997753","Sat Feb 22 13:36:52 +0000 2025","0","Manchester United y'a plus rien à manger avec eux la vérité 2-0 pour Everton à la mi-temps. Force au supporters de Manchester United qui croient encore en eux https://t.co/bEwccT8lNs","1893293885842997753","https://pbs.twimg.com/media/GkZUwIwW0AIkiLM.jpg","","fr","","0","0","0","https://x.com/NArrobase7514/status/1893293885842997753","1874853387633897473","NArrobase7514"
"1893293869820727634","Sat Feb 22 13:36:48 +0000 2025","2","Depuis le depart de sir Alex Manchester United n est plus ce qu il était avec lui https://t.co/wjspY8R8lr","1893293869820727634","https://pbs.twimg.com/media/GkZUu5WW8AAbAEH.jpg","","fr","Mali","0","0","0","https://x.com/abdoulfit/status/1893293869820727634","1461684315423756293","abdoulfit"
"1893293821145833725","Sat Feb 22 13:36:37 +0000 2025","966","Sir Alex Ferguson assiste au match de Manchester United contre Everton cet après-midi Ce qu est devenu son club https://t.co/tFd4k4t2Aj","1893293821145833725","https://pbs.twimg.com/media/GkZUsg6XIAA64tp.jpg","","fr","France","4","17","25","https://x.com/_BeFootball/status/1893293821145833725","854342210","_BeFootball"
"1893293749616152996","Sat Feb 22 13:36:20 +0000 2025","3","Les fans de Manchester United je vous conseille de pas éteindre votre télé. A 16h00 y a un choc. Intéressé vous c est pour bientôt https://t.co/pXi6rdH5YI","1893293749616152996","https://pbs.twimg.com/media/GkZUoSdXMAADPj9.jpg","","fr","Elbaph","0","1","2","https://x.com/Geear_second/status/1893293749616152996","1303035185357901826","Geear_second"
"1893293750530589011","Sat Feb 22 13:36:20 +0000 2025","0","Je pense que le club Manchester united est victime de vaudou y a pas d autre explication","1893293750530589011","","","fr","","0","0","0","https://x.com/Thierno64294349/status/1893293750530589011","1371251781787910146","Thierno64294349"
"1893293801625604113","Sat Feb 22 13:36:32 +0000 2025","0","Quel coach peux venir sauver le grand Manchester united ? ","1893293801625604113","","","fr","","0","0","0","https://x.com/vicusgrandemuj/status/1893293801625604113","1106467662513745920","vicusgrandemuj"
"1892898590407655597","Sat Feb 22 13:35:55 +0000 2025","0","@Bene_yotaro @BabaSoul0 @FranckD74992934 @ShootBalDsLaTet @MarshallFCB Et on voit que tu n'es pas honnête city c'est 4 ème de pl. Bayern qui perd contre feyenoord. Atletico qui perd contre Leganés (16 ème liga) . Arsenal qui perde contre Manchester united (15 eme de pl)","1893293646222414244","","Bene_yotaro","fr","","0","1","0","https://x.com/Majid_mS38/status/1893293646222414244","1429811527876497409","Majid_mS38"
"1893293527938806247","Sat Feb 22 13:35:27 +0000 2025","0","Manchester United cette saison https://t.co/QvoWfohqx8","1893293527938806247","https://pbs.twimg.com/media/GkZUbgQWkAEBBy2.jpg","","fr","","0","0","0","https://x.com/Matteo_453/status/1893293527938806247","1213515334650486789","Matteo_453"
"1893293497743990965","Sat Feb 22 13:35:20 +0000 2025","11","Amorim avec la saison incroyable qu'il faisait et tout ce qu'il avait bâti au Sporting depuis presque quatre ans aurait dû aller au bout avant de penser à un départ. Quitter en plein sprint final peu importe l'offre de Manchester United ça ressemble à une décision précipitée.","1893293497743990965","","","fr","NdiemeLand","0","2","5","https://x.com/Mr___Jallow/status/1893293497743990965","1337537738489405443","Mr___Jallow"
"1893290966229885411","Sat Feb 22 13:34:58 +0000 2025","0","Après adaptation au bout de 2 journées de la part de Ten Hag en 4-2-3-1**","1893293407092592689","","BHD0601","fr","Lyon, France","0","0","0","https://x.com/BHD0601/status/1893293407092592689","1200236304203730944","BHD0601"
"1893288280990343398","Sat Feb 22 13:34:50 +0000 2025","3","@rodriguemfeung1 Je suis d'accord avec toi. Néanmoins à sa décharge on le dit depuis assez longtemps que ces joueurs n'ont rien à faire là et qu'ils n'aident pas non plus qu'importe le système.","1893293371679985760","","rodriguemfeung1","fr","","0","1","0","https://x.com/ManUtd_Histoire/status/1893293371679985760","1326217094271299586","ManUtd_Histoire"
"1893293355519377776","Sat Feb 22 13:34:46 +0000 2025","0"," C'est manchester united tu refuses pas bientôt une phrase du passé","1893293355519377776","","","fr","","0","0","0","https://x.com/0ldCroco/status/1893293355519377776","1722245985815146496","0ldCroco"
"1893293323349119439","Sat Feb 22 13:34:38 +0000 2025","0","GOAL | Everton 2-0 Manchester United | Doucouré ️ https://t.co/TQHAerGTgB","1893293323349119439","","","fr","World Of Football","0","0","0","https://x.com/FootballXtra25/status/1893293323349119439","1844003742091182080","FootballXtra25"
"1893293250221342842","Sat Feb 22 13:34:21 +0000 2025","1","Bref j espère juste que Ruben Amorim sera encore à Manchester United cette été. #EVEMUN #MUFC #PL","1893293250221342842","","","fr","Paris, France","0","0","1","https://x.com/URobs/status/1893293250221342842","1287362806245924866","URobs"
"1893293200460197996","Sat Feb 22 13:34:09 +0000 2025","3","Wallah l OM a une meilleure équipe et meilleurs joueurs que Manchester United","1893293200460197996","","","fr","","0","0","0","https://x.com/Caius21000/status/1893293200460197996","1462910006303485952","Caius21000"
"1893293195003375966","Sat Feb 22 13:34:08 +0000 2025","74","Si les joueurs avaient lâché Ten Hag ce qu'ils font à Ruben c'est quoi? On a le pire Manchester United que je n'ai jamais vu et c'est tout sauf le coach. Ces gens sont millionnaires... #MUFC","1893293195003375966","","","fr","","3","3","15","https://x.com/TheBestBusby/status/1893293195003375966","1845886742450393089","TheBestBusby"
"1893285745273774234","Sat Feb 22 13:34:03 +0000 2025","0","@Minguembodji @princesapeulh C'est contre Manchester United ","1893293177118810532","","Minguembodji","fr","","0","1","0","https://x.com/Ousmane83347372/status/1893293177118810532","1296160119504490497","Ousmane83347372"
"1893293168407302515","Sat Feb 22 13:34:01 +0000 2025","2","EVERTON ️ MANCHESTER UNITED Les freres si vous cherchez un télégram fiable pour voir le match de MANCHESTER j ai mis le lien pour rejoindre le stream dans ma bio sur mon profil 13H30 : EVERTON - MANCHESTER UNITED ️ like ce tweet pour que je t accepte ! #EVEMUN #PL","1893293168407302515","","","fr","France","0","0","0","https://x.com/streamligue/status/1893293168407302515","805475627390402560","streamligue"
"1893293144822689815","Sat Feb 22 13:33:56 +0000 2025","0","Manchester united ils ont pacté durant l ère Ferguson et c est les retombées qu ils subissent aujourd hui","1893293144822689815","","","fr","","0","0","0","https://x.com/Cne_225/status/1893293144822689815","1511421795085266950","Cne_225"
"1893293142276800832","Sat Feb 22 13:33:55 +0000 2025","2","Crois en toi sois respectueux humble et résilient face à la difficulté Et Plus important t'avise jamais à Supporter Manchester United ","1893293142276800832","","","fr","Kobilo Diakesbe ","0","0","1","https://x.com/Amadouk101939/status/1893293142276800832","1484343045898182657","Amadouk101939"
"1893293116863438968","Sat Feb 22 13:33:49 +0000 2025","0","Manchester United acabou né?","1893293116863438968","","","fr","Uberlândia, Brasil","0","0","0","https://x.com/_richardmilitao/status/1893293116863438968","240437598","_richardmilitao"
"1893286022248612218","Sat Feb 22 13:33:30 +0000 2025","0","@MUnitedFR Vraiment vraiment sai triste pour nous supporter de Manchester United vraiment ","1893293038459392064","","MUnitedFR","fr","","0","0","0","https://x.com/DialloM17687943/status/1893293038459392064","1456681413688823810","DialloM17687943"
"1893292943886213555","Sat Feb 22 13:33:08 +0000 2025","0","Manchester United ça pue tellement la merde","1893292943886213555","","","fr","Anfield","0","0","0","https://x.com/MorganLFC__/status/1893292943886213555","2534402885","MorganLFC__"
"1893286331192639949","Sat Feb 22 13:33:12 +0000 2025","0","@krissmoha Plus rien ne donne envie de regarder cette équipe. La flamme qui restait toujours éveiller et faisait de Manchester United notre club s est éteinte","1893292961804308868","","krissmoha","fr","","0","0","0","https://x.com/OGS20_/status/1893292961804308868","1531764482355220480","OGS20_"
"1893293015948554502","Sat Feb 22 13:33:25 +0000 2025","0","Le Pire Manchester United avec le coach me plus charismatique depuis le départ de Sir Alex #AMORIM dois se revoir avant qu'il soit trop tard pour le Club cette système de jeu et surtout Hojlund en pointe ça va pas vraiment","1893293015948554502","","","fr","Abidjan","0","0","0","https://x.com/Crisbouba/status/1893293015948554502","613889397","Crisbouba"
"1893291233021178349","Sat Feb 22 13:32:54 +0000 2025","1","@Tallaba7 Donne moi juste une solution que Amorim pourrait utiliser. Je te demande juste de me proposer quelque chose.","1893292888584319173","","Tallaba7","fr","Lyon, France","0","2","0","https://x.com/BHD0601/status/1893292888584319173","1200236304203730944","BHD0601"
"1893290407905161440","Sat Feb 22 13:32:36 +0000 2025","0","@GregtheRed1878 C'est ça !","1893292809676788200","","GregtheRed1878","fr","","0","0","0","https://x.com/MUFR_/status/1893292809676788200","1636007774","MUFR_"
"1893292795382710323","Sat Feb 22 13:32:32 +0000 2025","0","Les de Manchester united Actuellement https://t.co/BnAEznwG4F","1893292795382710323","https://pbs.twimg.com/media/GkZTw5aXYAMz2H7.jpg","","fr","","0","0","0","https://x.com/JosephKoudjodji/status/1893292795382710323","1600195850721968128","JosephKoudjodji"
"1893292678286118924","Sat Feb 22 13:32:04 +0000 2025","0","Everton [2] - 0 Manchester United - Abdoulaye Doucoure 33'mins @premierleague https://t.co/g5jJ73UMZ1","1893292678286118924","https://pbs.twimg.com/ext_tw_video_thumb/1893292465051828224/pu/img/ku5GF9t9QdnAfDDw.jpg","","fr","London, England","1","0","0","https://x.com/emmySam_Cfc/status/1893292678286118924","1774767335498260480","emmySam_Cfc"
"1893292652356882685","Sat Feb 22 13:31:58 +0000 2025","1","Manchester United est un club de merde fallait que je le dise depuis + de 10 ans","1893292652356882685","","","fr","(🇸🇳100-7🙌🏾)🇫🇷","0","0","0","https://x.com/parisien_93200/status/1893292652356882685","1213273856581914625","parisien_93200"
"1893292645587308770","Sat Feb 22 13:31:57 +0000 2025","2","Manchester United c'est au-delà de l'accident industriel.","1893292645587308770","","","fr","Ile De France, France","0","0","0","https://x.com/Fraoui1983/status/1893292645587308770","1567849861","Fraoui1983"
"1893286730611954167","Sat Feb 22 13:31:09 +0000 2025","0","@footmercato Faut virer Manchester United de la PL","1893292445032431986","","footmercato","fr","","0","0","0","https://x.com/kololo566/status/1893292445032431986","1640608642352160769","kololo566"
"1893292359594496233","Sat Feb 22 13:30:48 +0000 2025","1","C'est le pire Manchester United de toute l'histoire sans discussion possible","1893292359594496233","","","fr","","0","0","0","https://x.com/Thomix14/status/1893292359594496233","1154156753057136642","Thomix14"
"1893292259044438303","Sat Feb 22 13:30:24 +0000 2025","1","EVERTON ️ MANCHESTER UNITED Les freres si vous cherchez un télégram fiable pour voir le match de MANCHESTER j ai mis le lien pour rejoindre le stream dans ma bio sur mon profil 13H30 : EVERTON - MANCHESTER UNITED ️ like ce tweet pour que je t accepte ! #EVEMUN #PL","1893292259044438303","","","fr","France","0","0","0","https://x.com/DiffusionLigue/status/1893292259044438303","1891105050086293504","DiffusionLigue"
"1893285851573969047","Sat Feb 22 13:30:12 +0000 2025","0","@UtdNino @Nivek_1908 @ActuFoot_ ouais moi aussi j vois pas clair tu peux me dire où est Manchester United dans le top 10 https://t.co/2eqcpuHVOQ","1893292206842097812","https://pbs.twimg.com/media/GkZTOheXsAAe3yP.jpg","UtdNino","fr","","0","1","0","https://x.com/enz1stplace/status/1893292206842097812","1192851079010099201","enz1stplace"
"1893288280990343398","Sat Feb 22 13:30:08 +0000 2025","1","@rodriguemfeung1 Non justement j'ai répondu que je doute aussi du système mis en place","1893292191184757045","","rodriguemfeung1","fr","","0","1","0","https://x.com/ManUtd_Histoire/status/1893292191184757045","1326217094271299586","ManUtd_Histoire"
"1893292141117309078","Sat Feb 22 13:29:56 +0000 2025","10","Manchester United ça part en Championship ce machin le dernier (micro) espoir serait de radier tout l'effectif de A à Z mdrr Autrement ils sont maudits de quelque chose","1893292141117309078","","","fr","Parc des Princes ","0","2","0","https://x.com/AlphaaT_/status/1893292141117309078","1291854504552550407","AlphaaT_"
"1893292109836230686","Sat Feb 22 13:29:49 +0000 2025","11","S il y a une chose que je reproche à Amorim c est le fait de pas lancer les jeunes dans le grand bain. Il peuvent pas faire pire et joueront avec envie passion amour du badge (malgré les erreurs qu ils pourront et VONT commettre mais ils apprendront). On a RIEN À PERDRE.","1893292109836230686","","","fr","Lyon, France","1","0","1","https://x.com/BHD0601/status/1893292109836230686","1200236304203730944","BHD0601"
"1893292074012692673","Sat Feb 22 13:29:40 +0000 2025","1","Fin de la première mi temps Everton Man United toujours 2 0 pour Everton Man United catastrophique dans cette première mi temps dans le plan défensif et offensif mais malgré ce très mauvais Manchester j'aime bien le match de Patrick Dorgu https://t.co/5DzduXaKSm","1893292074012692673","https://pbs.twimg.com/media/GkZTGZVWEAAlEnZ.jpg","","fr","","0","0","0","https://x.com/JR_Football9/status/1893292074012692673","1892245275764252672","JR_Football9"
"1893292023299399985","Sat Feb 22 13:29:28 +0000 2025","1","Je ne regarde plus Manchester united pour le bien de ma santé mental #MUFC #EVEMUN","1893292023299399985","","","fr","Marseille, France","0","0","0","https://x.com/DenzelDash_/status/1893292023299399985","407469007","DenzelDash_"
"1893292018635321817","Sat Feb 22 13:29:27 +0000 2025","0","Vous voyez la nana de Montaya qui se fait chevaucher à chaque fois ? Bah nous c est Manchester United tout les club de PL nous chevauchent comme des catin.","1893292018635321817","","","fr","93","0","0","0","https://x.com/SIRBAYO_/status/1893292018635321817","2540137352","SIRBAYO_"
"1893285696242090188","Sat Feb 22 13:29:24 +0000 2025","1","@paulkames @_LouHic_ @TBonnavent C était maintenant ou jamais car Manchester United lui a fait comprendre qu ils allaient pas attendre cet été. Son idée était clairement de finir la saison au Sporting et rejoindre United en fin de saison","1893292004575953069","","paulkames","fr","","0","2","0","https://x.com/SlbDraro/status/1893292004575953069","2361834937","SlbDraro"
"1893292000264220701","Sat Feb 22 13:29:23 +0000 2025","81","« Officiel: Manchester United est maintenu en Premier League » J attends que ce tweet https://t.co/jwxEjqfpFt","1893292000264220701","https://pbs.twimg.com/tweet_video_thumb/GkZTCRHWgAAA0yT.jpg","","fr","Chicory📌","2","5","16","https://x.com/DjilyCFC/status/1893292000264220701","1324041889989992449","DjilyCFC"
"1893291883683520827","Sat Feb 22 13:28:55 +0000 2025","7"," #EVEMUN | La première période d'Idrissa Gana Gueye contre Manchester United - 29 ballons touchés - 100% de passes réussies (18/18) - 7 tacles - 8 duels gagnés sur 9 joués 35 ans ? Moi je dirais 25 🇸🇳 https://t.co/VHoNBiJY22","1893291883683520827","https://pbs.twimg.com/media/GkZS7P3W4AAcKd8.png","","fr","Saly, Mbour, Sénégal","0","1","0","https://x.com/i_nmess/status/1893291883683520827","1081620458544467968","i_nmess"
"1893291862368158072","Sat Feb 22 13:28:50 +0000 2025","1","Regarder Manchester United et se dire que son club est en train de devenir pareil ça fait mal","1893291862368158072","","","fr","","0","0","0","https://x.com/Bapder_12/status/1893291862368158072","1387511674110947329","Bapder_12"
"1893291857574064305","Sat Feb 22 13:28:49 +0000 2025","125","Avant 2025 Everton luttait pour sortir de la zone rouge Actuellement ils ont 4 points d avance sur « Manchester United » Hallucinant https://t.co/r5vO9pRRIb","1893291857574064305","https://pbs.twimg.com/media/GkZS6EDXAAAsmKa.jpg","","fr","Insulte = Bloque ","1","3","13","https://x.com/SeydinaOfficial/status/1893291857574064305","874623034094743553","SeydinaOfficial"
"1893291852595331377","Sat Feb 22 13:28:47 +0000 2025","6","C est une dinguerie qu une équipe du niveau de Manchester united ai une attaque Bruno Fernandes holjund zirkzee ptdrrr","1893291852595331377","","","fr","","0","0","0","https://x.com/RachidEFC_/status/1893291852595331377","1403764316675915776","RachidEFC_"
"1893291851043516522","Sat Feb 22 13:28:47 +0000 2025","0","Je suis tellement atteint psychologiquement par Manchester United que depuis tout à l heure je rigole à deux doigts de la folie https://t.co/BwZh9oJHfh","1893291851043516522","https://pbs.twimg.com/amplify_video_thumb/1893291796169375744/img/IZkzInPHRJGpZhCN.jpg","","fr","Royaume de Qin","0","0","0","https://x.com/YoroGang225/status/1893291851043516522","1260291775865987072","YoroGang225"
"1892937570021200323","Sat Feb 22 13:28:35 +0000 2025","0","@OL des matchs très difficile contre Bucarest alors qu'on devrait même pas les craindre on devrait les bouffer. Si déjà Bucarest est dur qu'est ce que ca va être si on passe et prend Real San Sebastian ou Manchester United ?","1893291801236152566","","OL","fr","Lyon, France","0","5","0","https://x.com/Fanthelion/status/1893291801236152566","1523672815584661506","Fanthelion"
"1893291734756385216","Sat Feb 22 13:28:19 +0000 2025","0","C choquant comment Manchester United sont devenu à chier","1893291734756385216","","","fr","","0","1","0","https://x.com/kiiooxxzz/status/1893291734756385216","1031583490452676608","kiiooxxzz"
"1893291704050163745","Sat Feb 22 13:28:12 +0000 2025","0","Manchester united vs Lyon féminine svp (juste pour vérifier un truc) #EVEMUN","1893291704050163745","","","fr","Tchitcha","0","5","0","https://x.com/Che_Pato03/status/1893291704050163745","1110070646007128065","Che_Pato03"
"1893291686953922626","Sat Feb 22 13:28:08 +0000 2025","35","Je l avais déjà dis mais tu regardes l équipe de Manchester united en dehors de Bruno Fernandes et mazraoui tout le reste ça ne joue pas dans un top 5 européen. J ai de la pitié pour eux c est une catastrophe","1893291686953922626","","","fr","Bruxelles, Belgique","0","6","2","https://x.com/syllaabdel3/status/1893291686953922626","708332844947521536","syllaabdel3"
"1893291659401556161","Sat Feb 22 13:28:01 +0000 2025","0","C est tellement la dernière année de Bruno Fernandes à Manchester United #MUFC","1893291659401556161","","","fr","Paris, France","0","0","0","https://x.com/UTDBlacky/status/1893291659401556161","1273329622952939520","UTDBlacky"
"1893291621694742848","Sat Feb 22 13:27:52 +0000 2025","2","️ Angleterre : Le jeune milieu de terrain international junior malien Sékou Koné devrait connaître son baptême du feu avec Manchester United contre Everton ce samedi (12h30 GMT) à Goodison Park. Ce match est comptant pour la 26ème journée de la Premier League. ### https://t.co/3OCyzwppAa","1893291621694742848","https://pbs.twimg.com/media/GkZSsiTXMAAplu6.jpg","","fr","Dakar, Sénégal 🇸🇳","0","0","0","https://x.com/Ibradiaki/status/1893291621694742848","981995259197558784","Ibradiaki"
"1893291619815727400","Sat Feb 22 13:27:52 +0000 2025","0","Personne s inquiète pour Manchester United ?","1893291619815727400","","","fr","Paris, France","0","1","0","https://x.com/Vinso_Mane/status/1893291619815727400","248976989","Vinso_Mane"
"1893291582457049206","Sat Feb 22 13:27:43 +0000 2025","1","Amorim au Sporting le club portugais tournait plutôt bien. Il part à Manchester: le sporting rentre dans le rang (des nouvelles de Gyokeres au fait???) et United est encore plus catastrophique. Comme quoi les vérités d'un lieu et d'un moment...","1893291582457049206","","","fr","","0","0","0","https://x.com/WillTheThin/status/1893291582457049206","1785728691563073536","WillTheThin"
"1893291518707818731","Sat Feb 22 13:27:28 +0000 2025","1"," MANCHESTER UNITED EST MENÉ 2-0 PAR EVERTON A LA MI-TEMPS https://t.co/weEq75reCl","1893291518707818731","https://pbs.twimg.com/media/GkZSmLKWkAAyYm6.jpg","","fr","Amiens, France","0","0","0","https://x.com/football_actufr/status/1893291518707818731","1523331962294968321","football_actufr"
"1893291490425647254","Sat Feb 22 13:27:21 +0000 2025","0","Quand on voit l état de Manchester United l OL est sûrement tombé sur la meilleure partie de tableau de la Ligue Europa. #EVEMUN","1893291490425647254","","","fr","","0","0","0","https://x.com/Bastien_Morel/status/1893291490425647254","540756647","Bastien_Morel"
"1893291466132275345","Sat Feb 22 13:27:15 +0000 2025","0","Everton/Man United 2/0 MT ! Je ne sais pas quelle pollution est passée sur Manchester mais ca doit être toxique pour les clubs de foot de la ville ! ‍️‍️#EVEMUN","1893291466132275345","","","fr","","0","0","0","https://x.com/BenDucobu/status/1893291466132275345","1559479755321344000","BenDucobu"
"1893291421265998148","Sat Feb 22 13:27:05 +0000 2025","0","Est ce que une fille est disponible pour sortir avec moi jusqu'à la fin de la saison On va se voir à chaque match de Manchester United Svp ma santé mentale est en jeu Aidez moi","1893291421265998148","","","fr","cité ataya","1","2","0","https://x.com/assanekaolack/status/1893291421265998148","1132747441546121217","assanekaolack"
"1893291317947412902","Sat Feb 22 13:26:40 +0000 2025","2","Qu'est ce que c'est compliqué pour Manchester United... Honnêtement je suis ne suis pas du tt convaincu de ce 3421 / 343 de RA. Tu n'as pas les joueurs pr jouer de la sorte certes tu t'es renforcé avec Dorgu mais il aurait fallu un vrai piston droit Objectif maintien pour Utd. https://t.co/SyIQAPdFV4","1893291317947412902","https://pbs.twimg.com/media/GkZSa2_WQAAGb23.jpg","","fr","Lille, France","0","1","0","https://x.com/earth_of_foot/status/1893291317947412902","1417131968911839237","earth_of_foot"
"1893291315456073980","Sat Feb 22 13:26:39 +0000 2025","2","Vous voyez ce tweet ? Bah Manchester United est en train de me faire la même chose.","1893291315456073980","","","fr","93","0","0","3","https://x.com/SIRBAYO_/status/1893291315456073980","2540137352","SIRBAYO_"
"1893291313719554476","Sat Feb 22 13:26:39 +0000 2025","1","BETO FRAPPE ENCORE ️🇵🇹!!! Everton mène 1-0 face à Manchester United . (@CanalplusFoot) https://t.co/b5BbPwc8QF","1893291313719554476","https://pbs.twimg.com/media/GkZMEowWoAAHMND.jpg","","fr","Amiens, France","0","1","0","https://x.com/football_actufr/status/1893291313719554476","1523331962294968321","football_actufr"
"1893291283801583987","Sat Feb 22 13:26:32 +0000 2025","37","Manchester United est vraiment une équipe de merde","1893291283801583987","","","fr","Paris, France","0","0","0","https://x.com/Elh_Momar/status/1893291283801583987","1010991444679647233","Elh_Momar"
"1893291240587743428","Sat Feb 22 13:26:22 +0000 2025","4","En vrai Manchester United doit changer beaucoup beaucoup beaucoup beaucoup beaucoup beaucoup beaucoup beaucoup beaucoup beaucoup beaucoup beaucoup beaucoup beaucoup... de choses dans cette équipe. https://t.co/HID56I2ge5","1893291240587743428","https://pbs.twimg.com/media/GkZSWTyWEAANk20.jpg","","fr","","0","0","2","https://x.com/binks30304/status/1893291240587743428","1675215110258688002","binks30304"
"1893291230500364419","Sat Feb 22 13:26:19 +0000 2025","0","Manchester United dans le dur très très dur.","1893291230500364419","","","fr","Ile-de-France, France","0","0","0","https://x.com/manuelnunes351/status/1893291230500364419","1145674238","manuelnunes351"
"1893291214956384483","Sat Feb 22 13:26:15 +0000 2025","1","Manchester United assure encore le traditionnel divertissement du weekend Qu'est ce que j'aime ce club","1893291214956384483","","","fr","Planete Terre","0","0","0","https://x.com/SadikhMbl/status/1893291214956384483","1189902689154584577","SadikhMbl"
"1893291206001430607","Sat Feb 22 13:26:13 +0000 2025","0","Faut vraiment que Maguire quitte Manchester United","1893291206001430607","","","fr","Grand Casablanca, Morocco","0","0","0","https://x.com/Mrn_Uchiwa/status/1893291206001430607","771382601533779969","Mrn_Uchiwa"
"1893291198606901666","Sat Feb 22 13:26:12 +0000 2025","0","Manchester United a jeté son dévolu sur Ronald Araujo. Ils sont prêts à faire une offre de 100 millions d'euros ce qui représente l'un des plus gros mouvements du mercato selon fichajesnet https://t.co/AF5ptXvwtq","1893291198606901666","https://pbs.twimg.com/media/GkZSTxFXAAAkJX-.jpg","","fr","","0","0","0","https://x.com/MasidiOsee83748/status/1893291198606901666","1842119215571984384","MasidiOsee83748"
"1893291192437129422","Sat Feb 22 13:26:10 +0000 2025","25","⏱️Mi-temps ! Everton mène 2-0. Manchester United n est il pas entrain de réaliser son pire match de la saison ? Harry Maguire catastrophique #MUFC https://t.co/dG7XMU0a0s","1893291192437129422","https://pbs.twimg.com/media/GkZSSerWkAApBJ6.jpg","","fr","","0","0","1","https://x.com/senegal_mu/status/1893291192437129422","1160685392074596352","senegal_mu"
"1893291155116220908","Sat Feb 22 13:26:01 +0000 2025","31","#PremierLeague Urabona yishyura? HT : Everton 2-0 Manchester United Beto 19' Doucouré 33' #SimplySports https://t.co/lsDGMkOjDY","1893291155116220908","https://pbs.twimg.com/media/GkZSRSOW8AEVzYe.jpg","","fr","Nyarutarama KIGALI","0","2","0","https://x.com/bbkigalifm/status/1893291155116220908","1314578849292865537","bbkigalifm"
"1893291137521123483","Sat Feb 22 13:25:57 +0000 2025","0","On va devoir enterrer Manchester United https://t.co/ZhWtdmsVrI","1893291137521123483","https://pbs.twimg.com/amplify_video_thumb/1893290982528913408/img/zdR5w3LyF7CgI80N.jpg","","fr","","0","1","1","https://x.com/lukadonchiche/status/1893291137521123483","1694996888330604545","lukadonchiche"
"1893291036094460170","Sat Feb 22 13:25:33 +0000 2025","6","Manchester United ce club historique qui vit tellement dans le passé qu on dirait un documentaire sur VHS est actuellement 15e au classement. Mais t inquiète l OM actuel 2e du championnat ne vit que dans le passé. https://t.co/tg1YkBPNbP","1893291036094460170","https://pbs.twimg.com/amplify_video_thumb/1893290947502346240/img/IsHB8nGR5XptJJGm.jpg","","fr","TeamOM221, Marseille ","0","0","3","https://x.com/MbayeBabacarC10/status/1893291036094460170","1255476148928118785","MbayeBabacarC10"
"1893291033460359359","Sat Feb 22 13:25:32 +0000 2025","0","Nicolas Touriol qui croit que le problème de Manchester United est le coach. Bah non c'est les joueurs le soucis.","1893291033460359359","","","fr","Nantes, France","0","0","0","https://x.com/GarreauNicolas2/status/1893291033460359359","703710934712360961","GarreauNicolas2"
"1893290966229885411","Sat Feb 22 13:25:16 +0000 2025","7","Ils veulent pas comprendre le pire t as l impression quand on jouait en 4-3-3 après adaptation au bout de 2 journées 4-2-3-1 avec un jeu bien ouvert on gagnait des 4vs0 LOL sous RR c était 4-2-2-2 ça a ps fonctionné il s est adapté avec 4-3-3 on nous tabassait encore","1893290966229885411","","","fr","Lyon, France","1","2","1","https://x.com/BHD0601/status/1893290966229885411","1200236304203730944","BHD0601"
"1893290879198056889","Sat Feb 22 13:24:55 +0000 2025","3","Feu sur les joueurs et dirigeants de Manchester United j'ai ainsi prier","1893290879198056889","","","fr","sunu këür","0","0","1","https://x.com/Modou_utd/status/1893290879198056889","1318163208650264577","Modou_utd"
"1893290794204660021","Sat Feb 22 13:24:35 +0000 2025","4","C est triste ce qui arrive à Manchester United Yalna yalla khep doli ","1893290794204660021","","","fr","Bernabéu🏟️","0","0","0","https://x.com/UsmanNjaay/status/1893290794204660021","1024483179288293377","UsmanNjaay"
"1893289085487247635","Sat Feb 22 13:24:19 +0000 2025","1","@MiGnonMoko les joueurs sont pas bons ou pas au niveau d un manchester united ils sont dans une spirale négative soit faut un coach qui sache changer la dynamique ou tout simplement ramener deux 3 joueurs qui relève le niveau","1893290728320577840","","Lokims94","fr","","0","0","0","https://x.com/Lokims94/status/1893290728320577840","869538155715854336","Lokims94"
"1893290705281265943","Sat Feb 22 13:24:14 +0000 2025","1","Une attaque a 180 millions d euros pour 0 tir cadré en 45min et ce n est pas la première fois que ça arrive cette saison on ne s en rend pas compte mais Manchester United est éclaté de ouf offensivement.","1893290705281265943","","","fr","","0","1","0","https://x.com/DoudouMolar/status/1893290705281265943","1150577234916327425","DoudouMolar"
"1893290688634114123","Sat Feb 22 13:24:10 +0000 2025","0","la gueule de Manchester united ptdrr","1893290688634114123","","","fr","Santiago-Bernabéu","0","0","0","https://x.com/Luffalex_/status/1893290688634114123","1141651037645881344","Luffalex_"
"1893290667754860834","Sat Feb 22 13:24:05 +0000 2025","2","[Foot] 2-0 Everton à la pause L état de Manchester United est tellement catastrophique Heureusement qu il y a un petit écart avec le bas du classement #EVEMUN | #PremierLeague","1893290667754860834","","","fr","","0","1","0","https://x.com/lesinsidersoff/status/1893290667754860834","1696879967898853376","lesinsidersoff"
"1893290660054081890","Sat Feb 22 13:24:03 +0000 2025","4","À chaque fois que je regarde un match de Manchester United j ai l impression que l equipe est en match de préparation. Les attitudes et l organisation de l équipe sont effrayantes.","1893290660054081890","","","fr","Barcelone","0","0","0","https://x.com/Anis___sina/status/1893290660054081890","1113781929525108737","Anis___sina"
"1893290605133930644","Sat Feb 22 13:23:50 +0000 2025","166","Gana Gueye est en train de manger les milieux de terrain de Manchester United Quel joueur ️ 🇸🇳 https://t.co/M1QY0EjMpS","1893290605133930644","https://pbs.twimg.com/media/GkZRxKBXYAAxcTq.jpg","","fr","Insulte = Bloque ","0","1","12","https://x.com/SeydinaOfficial/status/1893290605133930644","874623034094743553","SeydinaOfficial"
"1893290547265065253","Sat Feb 22 13:23:36 +0000 2025","23","La Manchester United La relegation ","1893290547265065253","","","fr","Accra, Ghana","0","4","4","https://x.com/adwoah_tricia/status/1893290547265065253","1593583285380292610","adwoah_tricia"
"1893285856435118581","Sat Feb 22 13:23:36 +0000 2025","1","@VibesFoot Méconnaissable Manchester united cette saison ce sont des vrais tocards!","1893290547130913204","","VibesFoot","fr","","0","0","0","https://x.com/SimphalA10/status/1893290547130913204","1818662503116648448","SimphalA10"
"1893290504109822194","Sat Feb 22 13:23:26 +0000 2025","3","Mane je sais même plus quoi dire Tellement que le mal dans ce club est profond Cette équipe mérite d être relégué Voir ce Manchester united jouer me fait tellement mal au coeur","1893290504109822194","","","fr","Senegal","0","0","0","https://x.com/JaphetMalick/status/1893290504109822194","1077729636950392832","JaphetMalick"
"1893290433007980831","Sat Feb 22 13:23:09 +0000 2025","7","Manchester United souffre contre Everton comme une vraie équipe qui va en Championship.","1893290433007980831","","","fr","Dans les Universités 📚📖","1","1","1","https://x.com/mmsoumare/status/1893290433007980831","927622571025199105","mmsoumare"
"1893290407905161440","Sat Feb 22 13:23:03 +0000 2025","12","Mi-temps. United est mené 2-0 à Goodison Park. Faites rentrer la jeunesse. On veut voir de l'envie. #MUFC","1893290407905161440","","","fr","","0","6","1","https://x.com/MUFR_/status/1893290407905161440","1636007774","MUFR_"
"1893290406927814745","Sat Feb 22 13:23:03 +0000 2025","1","Manchester United ça craint","1893290406927814745","","","fr","Tours, France","0","0","0","https://x.com/tanguyOlympOM/status/1893290406927814745","4362290236","tanguyOlympOM"
"1893290383267803378","Sat Feb 22 13:22:57 +0000 2025","180","MT | Everton 2-0 Manchester United Les semaines se suivent et se ressemblent. Une fois de plus notre prestation offensive est pathétique tandis que nous jouons une équipe d'Everton qui a faim et nous roule dessus. Une fois de plus il faudra un miracle pour récupérer un point.","1893290383267803378","","","fr","","13","57","6","https://x.com/MUnitedFR/status/1893290383267803378","832304691581161475","MUnitedFR"
"1893290355501531449","Sat Feb 22 13:22:51 +0000 2025","3","Hahah De Ligt échec à la Juve Échec au Bayern échec à Manchester United mais certain vont encore lui trouvé des excuses comme il est blond et a l étiquette Ajax ","1893290355501531449","","","fr","Montréal, Québec","0","1","0","https://x.com/PSGX1970/status/1893290355501531449","1788591435995893760","PSGX1970"
"1893285577346220279","Sat Feb 22 13:22:49 +0000 2025","3","@OddouxR Manchester United n'a pas le niveau pour envisager de faire quoi que ce soit pour l'année prochaine ! Bref j'espère que Ratcliffe misera l'année prochaine sur l'OGC Nice... c'est l'avenir !","1893290350174740821","","OddouxR","fr","","0","2","0","https://x.com/Carlierfrancis4/status/1893290350174740821","1233312079341289472","Carlierfrancis4"
"1893290309842264563","Sat Feb 22 13:22:40 +0000 2025","1","Il faut etre manchester United pour faire passer everton comme une équipe joueuse","1893290309842264563","","","fr","","0","0","0","https://x.com/DouBarry14/status/1893290309842264563","1113613948543221761","DouBarry14"
"1893290308651102343","Sat Feb 22 13:22:39 +0000 2025","3","Je sais même pas ce qui m a pris de mettre buteur Manchester United mdrr c est vraiment le pire club du monde","1893290308651102343","","","fr","","0","0","0","https://x.com/buuskap/status/1893290308651102343","903568693006917633","buuskap"
"1893290307472458182","Sat Feb 22 13:22:39 +0000 2025","7","Quel choix désastreux de la part d'Amorim. Quitter le sporting avec qu'il faisait du très bon travail pour aller entraîner en cours de saison un Manchester united à l'agonie depuis des mois.","1893290307472458182","","","fr","Seine-et-Marne, Ile-de-France","1","1","0","https://x.com/Ouumi_/status/1893290307472458182","2471886021","Ouumi_"
"1892345437547340035","Sat Feb 22 13:22:15 +0000 2025","0","@Hugo_Luca1904 Zidane à Manchester united devient Zidane iqbal mdrrrr","1893290208138834225","","Hugo_Luca1904","fr","Old Trafford","0","0","0","https://x.com/ArobaseRashy/status/1893290208138834225","1527165146916864001","ArobaseRashy"
"1893290169656111441","Sat Feb 22 13:22:06 +0000 2025","1","Doucouré qui tente des petits ponts non Manchester United c est la honte","1893290169656111441","","","fr","Streetz","0","0","0","https://x.com/A1dama/status/1893290169656111441","340835183","A1dama"
"1893290157291233664","Sat Feb 22 13:22:03 +0000 2025","2","J'ai vu des équipes en r2 qui font circuler le ballon vite et qui sont plus techniques que Manchester United #EVEMUN","1893290157291233664","","","fr","Lyon, France","0","0","1","https://x.com/Mr_Brayou/status/1893290157291233664","2167227477","Mr_Brayou"
"1893290149817020571","Sat Feb 22 13:22:02 +0000 2025","0","Casemiro un milieu 6 qui n'arrive même pas à toucher où récupérer les ballons c'est vraiment catastrophique","1893290149817020571","","","fr","","0","0","0","https://x.com/DialloJordi/status/1893290149817020571","1533096007147393024","DialloJordi"
"1893290129277464890","Sat Feb 22 13:21:57 +0000 2025","0","Si quelqu un parmi vous connaît l objectif de Manchester united #BPL #foot","1893290129277464890","","","fr","","0","0","0","https://x.com/7BetSportClub/status/1893290129277464890","1880924129697644544","7BetSportClub"
"1893290108838674698","Sat Feb 22 13:21:52 +0000 2025","0","Manchester united c est grave ça va vraiment jouer le maintient je crois cette merde","1893290108838674698","","","fr","","0","1","0","https://x.com/tiimooun/status/1893290108838674698","1675079152842448896","tiimooun"
"1893289998192877993","Sat Feb 22 13:21:25 +0000 2025","1","MANCHESTER UNITED EST 15e ","1893289998192877993","","","fr","","0","0","1","https://x.com/Abd2o95/status/1893289998192877993","134705630","Abd2o95"
"1893289913715458512","Sat Feb 22 13:21:05 +0000 2025","0","Le plus terrifiant avec Manchester United c'est que même ses cadres manquent cruellement de caractère. On parle tout de même d'une équipe dans laquelle sont alignés des joueurs tels que Casemiro Maguire et Fernandes. Quelle tristesse de voir un tel club à l'agonie.","1893289913715458512","","","fr","Paris, France","0","0","0","https://x.com/_LeoAschi_/status/1893289913715458512","1518583799243849729","_LeoAschi_"
"1893289863689973932","Sat Feb 22 13:20:53 +0000 2025","1","Le Portugal a tué Manchester United","1893289863689973932","","","fr","Westeros","0","0","0","https://x.com/Liamosse/status/1893289863689973932","4236975442","Liamosse"
"1893289856559706459","Sat Feb 22 13:20:52 +0000 2025","0","Tout le monde voit que ce n'est pas la faute de l'entraîneur si cette équipe joue ainsi.","1893289856559706459","","","fr","","0","0","0","https://x.com/DialloJordi/status/1893289856559706459","1533096007147393024","DialloJordi"
"1893285851573969047","Sat Feb 22 13:20:46 +0000 2025","7","@ActuFoot_ Manchester united c est vraiment des tocards !!","1893289832547271147","","ActuFoot_","fr","","0","0","0","https://x.com/SimphalA10/status/1893289832547271147","1818662503116648448","SimphalA10"
"1893289719619842439","Sat Feb 22 13:20:19 +0000 2025","0","Manchester United est vraiment l'autre copie de Chelsea cette saison. #EVEMUN #PremierLeague","1893289719619842439","","","fr","Guinée, Conakry","0","1","0","https://x.com/KabanassRicardo/status/1893289719619842439","1205562240897822720","KabanassRicardo"
"1893289578905100581","Sat Feb 22 13:19:45 +0000 2025","0","Manchester United est entrain de perdre 2-0 contre Everton ","1893289578905100581","","","fr","","1","0","0","https://x.com/Que_du_Foot_fcb/status/1893289578905100581","1479969258109026308","Que_du_Foot_fcb"
"1893289479797915696","Sat Feb 22 13:19:22 +0000 2025","0","Manchester United c est abyssale ptdrrrrrr","1893289479797915696","","","fr","Colombes, France","1","0","0","https://x.com/monzax92/status/1893289479797915696","424968166","monzax92"
"1893289393000989057","Sat Feb 22 13:19:01 +0000 2025","0","Manchester United vai cair heim","1893289393000989057","","","fr","Rio de Janeiro, Brasil","0","0","0","https://x.com/ema_santtana/status/1893289393000989057","1376604628733808640","ema_santtana"
"1893289357714341945","Sat Feb 22 13:18:53 +0000 2025","0","Manchester United sans Garnacho sur le terrain https://t.co/9A5aNxgGlN","1893289357714341945","https://pbs.twimg.com/tweet_video_thumb/GkZQoh-XQAAXxqc.jpg","","fr","Porto Rico","1","1","0","https://x.com/CarlComptone/status/1893289357714341945","836381951196028928","CarlComptone"
"1893289270875435245","Sat Feb 22 13:18:32 +0000 2025","1","Ohhh Mon Dieu","1893289270875435245","","","fr","","0","0","0","https://x.com/DialloJordi/status/1893289270875435245","1533096007147393024","DialloJordi"
"1893288375664124260","Sat Feb 22 13:14:59 +0000 2025","0","Fin de saison fuck Manchester United @ManUtd","1893288375664124260","","","fr","","2","0","0","https://x.com/Dydur_b/status/1893288375664124260","1035441704332152833","Dydur_b"
"1893288366478643442","Sat Feb 22 13:14:56 +0000 2025","0","la pire équipe de toute notre histoire en PL depuis 92 la pire Manchester United","1893288366478643442","","","fr","Sénégal 🇸🇳 🇮🇹","0","0","0","https://x.com/Lamzoo76/status/1893288366478643442","1005864444604440577","Lamzoo76"
"1893288357918023906","Sat Feb 22 13:14:54 +0000 2025","19","Le jour où vous comprendrez que ce n est un pas un problème de système on fera un GRAND PAS en avant. #MUFC #GlazersOut","1893288357918023906","","","fr","Lyon, France","1","4","3","https://x.com/BHD0601/status/1893288357918023906","1200236304203730944","BHD0601"
"1893288321964499382","Sat Feb 22 13:14:46 +0000 2025","14","C'est une honte Manchester United! Pourquoi vous nous faites ça? Depuis 97 j'ai jamais vu une médiocrité aussi flagrante! 98% de l'effectif doit plus être là la saison prochaine.","1893288321964499382","","","fr","Semien ","1","0","6","https://x.com/Kingoftaobli/status/1893288321964499382","1392136489983778816","Kingoftaobli"
"1893288236564300041","Sat Feb 22 13:14:25 +0000 2025","1","Manchester United je c est pas quoi https://t.co/4GlyxHt9UU","1893288236564300041","https://pbs.twimg.com/media/GkZPnUfXAAAis75.jpg","","fr","","0","0","0","https://x.com/ModouGu31670796/status/1893288236564300041","1658447743595995136","ModouGu31670796"
"1893288196047310860","Sat Feb 22 13:14:16 +0000 2025","0","Manchester United quel niveau pitoyable. #EVEMUN","1893288196047310860","","","fr","Paris, France","0","0","0","https://x.com/LeRayross/status/1893288196047310860","1674706126791749632","LeRayross"
"1893288134797832275","Sat Feb 22 13:14:01 +0000 2025","11","C est officiel Manchester United jouera en championship la saison prochaine https://t.co/Vz5Tol4pFg","1893288134797832275","https://pbs.twimg.com/amplify_video_thumb/1893287975477276672/img/3nqdUvbbtjITY3Xb.jpg","","fr","Au Milieu De Nul Part ","0","0","2","https://x.com/modouUTD/status/1893288134797832275","1265239609048535047","modouUTD"
"1893288167291138111","Sat Feb 22 13:14:09 +0000 2025","0","Manchester United c'est pas possible d'avoir une défense si passive","1893288167291138111","","","fr","","0","0","0","https://x.com/absoEGL/status/1893288167291138111","1275735764605812738","absoEGL"
"1893288113515942181","Sat Feb 22 13:13:56 +0000 2025","0","Manchester United qui mange un 2-0 par Everton sérieux c est pathétique. Une bande de clowns à Goodison Park bravo les génies supprimez le club tant qu on y est. #EVEMUN https://t.co/hhsCqSTkQA","1893288113515942181","https://pbs.twimg.com/tweet_video_thumb/GkZPgFZWcAAPquL.jpg","","fr","","0","0","0","https://x.com/CodeBreaker_91/status/1893288113515942181","1890555770120597504","CodeBreaker_91"
"1893288112635154492","Sat Feb 22 13:13:56 +0000 2025","0","Le gigantesque Manchester United est en crise et lutte pour le maintien mais Elzo préfère trollé les clubs terreurs d'Europe https://t.co/vMUDrVJyup","1893288112635154492","https://pbs.twimg.com/tweet_video_thumb/GkZPfRjXYAATaGo.jpg","","fr","Libre","0","0","0","https://x.com/bibson2/status/1893288112635154492","1527698224316055552","bibson2"
"1893288098882056474","Sat Feb 22 13:13:53 +0000 2025","6","Manchester united c'est fini. https://t.co/2OF7SQlZaa","1893288098882056474","https://pbs.twimg.com/ext_tw_video_thumb/1893288034444931073/pu/img/j7nZjpvdHYe3-F_t.jpg","","fr","Old Trafford","0","1","0","https://x.com/ArobaseRashy/status/1893288098882056474","1527165146916864001","ArobaseRashy"
"1893288073519042865","Sat Feb 22 13:13:46 +0000 2025","6","Manchester united c est finito ça y est","1893288073519042865","","","fr","","0","2","0","https://x.com/KodaMTP13/status/1893288073519042865","1870466378139852800","KodaMTP13"
"1893287974915162525","Sat Feb 22 13:13:23 +0000 2025","0","Manchester United... PTDRRR j'vois le score et les goals encaissés Eh vasy ils gâcheront pas mon aprèm ces couillons https://t.co/esSyXyhdl2","1893287974915162525","https://pbs.twimg.com/tweet_video_thumb/GkZPYCfWEAAwHUA.jpg","","fr","","0","0","0","https://x.com/isey_robson/status/1893287974915162525","1064279097482842112","isey_robson"
"1893287952756736384","Sat Feb 22 13:13:18 +0000 2025","1","Mdr Manchester united c est une dinguerie","1893287952756736384","","","fr","Crenshaw, PA","0","0","0","https://x.com/encorefadel/status/1893287952756736384","1481573655440240640","encorefadel"
"1893287779896848466","Sat Feb 22 13:12:36 +0000 2025","0","Je trouve que un club comme Manchester United n a pas le droit de recruter des mecs comme hojlund ou zirkzee avant qu ils n aient vraiment explosé dans leurs précédents clubs","1893287779896848466","","","fr","","0","0","0","https://x.com/zedldabdel/status/1893287779896848466","1587391612950306816","zedldabdel"
"1893286804771549630","Sat Feb 22 13:12:21 +0000 2025","0","@Alex359418 Non et en même temps je comprends qu'il respectebses principes et ses idées pour lesquelles il a été recruté. Mais est-ce forcément le bon choix j'en doute aussi et j'espère qu'il nous prouvera le contraire.","1893287713652064717","","Alex359418","fr","","0","1","0","https://x.com/ManUtd_Histoire/status/1893287713652064717","1326217094271299586","ManUtd_Histoire"
"1893287671193026795","Sat Feb 22 13:12:11 +0000 2025","1","Plus que droit dans ses bottes jusqu en championship RIEN À FOUTRE","1893287671193026795","","","fr","Lyon, France","0","0","0","https://x.com/BHD0601/status/1893287671193026795","1200236304203730944","BHD0601"
"1893287661697171525","Sat Feb 22 13:12:08 +0000 2025","0","Manchester united sont tellement finito","1893287661697171525","","","fr","","0","0","0","https://x.com/BackLordY/status/1893287661697171525","1362860951255592964","BackLordY"
"1893285851573969047","Sat Feb 22 13:12:07 +0000 2025","0","@ActuFoot_ Manchester United quelle honte. Une équipe sans âme sans tactique. Comme un général sans armée. C'est pathétique.","1893287657385419023","","ActuFoot_","fr","Paris, France","0","0","0","https://x.com/degeneral__/status/1893287657385419023","1680309410","degeneral__"
"1893287630755729805","Sat Feb 22 13:12:01 +0000 2025","0","Nous sommes en 2025 et Beto attaquant d Everton Football Club pèse (beaucoup) plus sur le match que le numéro 9 de MANCHESTER UNITED. ","1893287630755729805","","","fr","Marseille, France","0","0","0","https://x.com/owldisciple/status/1893287630755729805","353202778","owldisciple"
"1893287602158968856","Sat Feb 22 13:11:54 +0000 2025","0","Pauvre Ruben Amorim il se demande bien ce qu'il est venu faire dans ce bourbier qu'est devenu Manchester United.","1893287602158968856","","","fr","Forest, Belgique","0","0","0","https://x.com/mr_moustache18/status/1893287602158968856","275757060","mr_moustache18"
"1893287582420603337","Sat Feb 22 13:11:49 +0000 2025","0","Manchester united ça commence à me peiner","1893287582420603337","","","fr","Agartha","0","0","0","https://x.com/aminlawouldance/status/1893287582420603337","1474463741689442309","aminlawouldance"
"1893287521389318295","Sat Feb 22 13:11:35 +0000 2025","0","Manchester United 15eme mdrrrrrr WOW","1893287521389318295","","","fr","Paris, France","0","0","0","https://x.com/andyntb/status/1893287521389318295","968876728331460609","andyntb"
"1893287515873767695","Sat Feb 22 13:11:34 +0000 2025","0","Manchester United c est vraiment clownesque ","1893287515873767695","","","fr","Senegal","0","0","0","https://x.com/Gorko_Pullo_/status/1893287515873767695","2504679638","Gorko_Pullo_"
"1893287434890207522","Sat Feb 22 13:11:14 +0000 2025","1","Manchester United doit vraiment tout détruire plus aucun joueur a le niveau","1893287434890207522","","","fr","Égypte Antique ","0","0","0","https://x.com/MiGnonMoko/status/1893287434890207522","407406211","MiGnonMoko"
"1893287407883100343","Sat Feb 22 13:11:08 +0000 2025","2","Doucouré........ Everton 2-0 Manchester United #EVEMUN #MUFC https://t.co/dILyMvCwpB","1893287407883100343","https://pbs.twimg.com/media/GkZOlQVWwAA8lS6.jpg","","fr","Dm for ads and promos","0","1","0","https://x.com/ChrisSweetman6/status/1893287407883100343","1392831091292127238","ChrisSweetman6"
"1893287373267501116","Sat Feb 22 13:11:00 +0000 2025","2","Manchester united c est pas la peine vraiment c est catastrophique chaque années c est de pire en pire.","1893287373267501116","","","fr","Ile-de-France, France","0","0","0","https://x.com/seydouh_093/status/1893287373267501116","599708434","seydouh_093"
"1893287376073511129","Sat Feb 22 13:11:00 +0000 2025","0","Les fans de Manchester United doivent faire au moins 39 jours de jeûne https://t.co/HwJeB0NHE5","1893287376073511129","https://pbs.twimg.com/media/GkZO1c7XgAE6wnc.jpg","","fr","","0","0","0","https://x.com/Ismal82/status/1893287376073511129","1442434307411173380","Ismal82"
"1893287335866802625","Sat Feb 22 13:10:51 +0000 2025","1","C est INCROYABLE TERRIBLE LUNAIRE INEXPLICABLE INCONCEVABLE ce qui arrive à Manchester United je crois qu on ne mesure toujours pas à quel point ce club est tombé si bas depuis des années maintenant","1893287335866802625","","","fr","","0","0","0","https://x.com/Djire_AK5/status/1893287335866802625","1598781348986163205","Djire_AK5"
"1893286739357159827","Sat Feb 22 13:10:41 +0000 2025","1","@YacineUtd_ A ce rythme là ils iront se développer en Championship. Si on force pas le destin on aura plus rien à sauver.","1893287296553628087","","YacineUtd_","fr","","0","1","0","https://x.com/MUFR_/status/1893287296553628087","1636007774","MUFR_"
"1893287323569115251","Sat Feb 22 13:10:48 +0000 2025","2","MERCI GRAND Il ne peut PLUS couvrir du terrain Il ne ps porter la balle Ses une touche de balle ne sont JAMAIS précis. Toutefois y a ps que lui qui pue. Le 5 20 24 4 en fait tout le monde sauf Dorgu. Seul RESET cet été tout en espérant de pas en championship LOL #MUFC","1893287323569115251","","","fr","Lyon, France","0","1","0","https://x.com/BHD0601/status/1893287323569115251","1200236304203730944","BHD0601"
"1893287323745329368","Sat Feb 22 13:10:48 +0000 2025","0","Manchester United se fait laver le cul par Everton dans tous les domaines","1893287323745329368","","","fr","Clown’s town ","1","0","0","https://x.com/lawab55/status/1893287323745329368","807654299698401281","lawab55"
"1893287253662675318","Sat Feb 22 13:10:31 +0000 2025","0","Manchester United c est quoi leur problème #PremierLeague #football","1893287253662675318","","","fr","Senegal","0","0","0","https://x.com/cheikh_fane/status/1893287253662675318","1489752227518558211","cheikh_fane"
"1893287226257109492","Sat Feb 22 13:10:24 +0000 2025","0","Ça fait de la peine pour Manchester United ils sont en train de prendre l'eau sur la pelouse d'Everton","1893287226257109492","","","fr","","0","0","0","https://x.com/LeMinot____/status/1893287226257109492","1885651720585510912","LeMinot____"
"1893285851573969047","Sat Feb 22 13:10:17 +0000 2025","34","@ActuFoot_ Manchester United si ce club pouvait descendre le monde du foot irait tellement mieux","1893287196137848915","","ActuFoot_","fr","","0","4","0","https://x.com/Nivek_1908/status/1893287196137848915","1237346300930281473","Nivek_1908"
"1893275475234922823","Sat Feb 22 13:10:08 +0000 2025","0","@LeNamekk Beh Manchester United se fait transpercer à chaque fois que Everton attaque","1893287158800076918","","LeNamekk","fr","","0","1","0","https://x.com/GOUIRISTE_/status/1893287158800076918","1685944453138116608","GOUIRISTE_"
"1893287126734626991","Sat Feb 22 13:10:01 +0000 2025","4","Choquer du niveau désastreux de Manchester United ils savent pas quoi faire sur le terrain ils sont inexistant #PremierLeague #ManchesterUnited #OGCNice","1893287126734626991","","","fr","P4L  ღ","0","1","2","https://x.com/tristannprs/status/1893287126734626991","1279405546710413316","tristannprs"
"1893287043569992006","Sat Feb 22 13:09:41 +0000 2025","1","Manchester united il sont vraiment eclatax c'est chaud","1893287043569992006","","","fr","Ouarzazate, Royaume du Maroc","0","0","0","https://x.com/Krms95/status/1893287043569992006","2270087049","Krms95"
"1893286962854854843","Sat Feb 22 13:09:22 +0000 2025","5","Manchester United encore une fois des attentes déçues. Jusqu à quand faudra-t-il attendre pour retrouver le vrai United ? https://t.co/EKNtJNJmBT","1893286962854854843","https://pbs.twimg.com/media/GkZOdF6WgAASYBN.jpg","","fr","","0","0","0","https://x.com/Mouhamed17aout/status/1893286962854854843","817831887116861442","Mouhamed17aout"
"1893286943879823821","Sat Feb 22 13:09:17 +0000 2025","112","*Everton mène 2-0 à la demi-heure de jeu* Les supporters de Manchester United : https://t.co/LXTxLJv0zo","1893286943879823821","https://pbs.twimg.com/ext_tw_video_thumb/1893286466937110528/pu/img/x4D_HP-Bsaqhb9s7.jpg","","fr","Paris, France","1","9","14","https://x.com/UnibetFrance/status/1893286943879823821","424292289","UnibetFrance"
"1893286943724544273","Sat Feb 22 13:09:17 +0000 2025","1","Manchester United qui se fait salir par la bande à Jake O'Brian quelle saison de rêve https://t.co/wbFelTf0i5","1893286943724544273","https://pbs.twimg.com/tweet_video_thumb/GkZOb7tWYAAAYXE.jpg","","fr","Angers, France","0","1","0","https://x.com/J2BC49/status/1893286943724544273","892470889526284288","J2BC49"
"1893282374521118871","Sat Feb 22 13:09:16 +0000 2025","0","@Ch_tr10 @MUnitedFR Prendre 0 points sur les matchs restant ? On est Manchester United mais bon... n'est-ce pas ?","1893286938020360598","","Ch_tr10","fr","","0","1","0","https://x.com/_Lucas_V_Off/status/1893286938020360598","1499459395582930955","_Lucas_V_Off"
"1893286834387464374","Sat Feb 22 13:08:51 +0000 2025","2","33 : Doucouré doubles Everton s lead! Harrison s strike is parried but Doucouré is quickest to react smashing it home! Everton in control! ️: Abdoulaye Doucouré Everton 2-0 Manchester United #EVEMUN","1893286834387464374","","","fr","Lagos, Nigeria","0","0","0","https://x.com/NemeFootball/status/1893286834387464374","1703074428664291328","NemeFootball"
"1893286799696412973","Sat Feb 22 13:08:43 +0000 2025","0","️ GOAL: Doucouré 󠁧󠁢󠁥󠁮󠁧󠁿 Everton 2-0 Manchester United","1893286799696412973","","","fr","Ikeja, Nigeria","0","0","0","https://x.com/billionaire4268/status/1893286799696412973","1717536794340696064","billionaire4268"
"1893286785565757720","Sat Feb 22 13:08:39 +0000 2025","1","Mais qu est-ce que devient Manchester United là https://t.co/GA4NtFopeM","1893286785565757720","https://pbs.twimg.com/tweet_video_thumb/GkZOS0bWMAA6bsc.jpg","","fr","District 12","0","0","0","https://x.com/MugiwaranoWendy/status/1893286785565757720","1147204433295622144","MugiwaranoWendy"
"1893286748735619408","Sat Feb 22 13:08:31 +0000 2025","954","Toute mon enfance Manchester United m a inspiré l admiration. Aujourd hui cet immense club inspire la pitié. Quelle déchéance tragique.","1893286748735619408","","","fr","Paris | Bordeaux","4","19","100","https://x.com/Giggs_/status/1893286748735619408","1656419683","Giggs_"
"1893286754741796980","Sat Feb 22 13:08:32 +0000 2025","1","Manchester United hutaniboo.","1893286754741796980","","","fr","Eldoret, Kenya","1","1","0","https://x.com/itsKoech_/status/1893286754741796980","754723112","itsKoech_"
"1893286781522424184","Sat Feb 22 13:08:38 +0000 2025","0","Les supporters de Manchester United actuellement https://t.co/YFXmqXQvDL","1893286781522424184","https://pbs.twimg.com/amplify_video_thumb/1893286713327333376/img/KBAIGyiCQByZ_COj.jpg","","fr","Oakland, CA","1","0","0","https://x.com/ousmane791/status/1893286781522424184","984116738907426816","ousmane791"
"1893285851573969047","Sat Feb 22 13:08:28 +0000 2025","0","@ActuFoot_ Manchester United est mort triste pour mon club c vraiment un jour sombre","1893286739730399553","","ActuFoot_","fr","République Démocratique Du Con","0","0","0","https://x.com/Piresbosewa2/status/1893286739730399553","1055836600251355138","Piresbosewa2"
"1893286739357159827","Sat Feb 22 13:08:28 +0000 2025","68","Pourquoi est-ce que les jeunes ne sont pas lancé dans le grand bain ? Qu'est ce qu'on a à perdre ? Ils montrent de l'envie de la passion pour le badge en U18 ça ne peut pas être pire que les joueurs qu'on voit chaque semaine. #MUFC","1893286739357159827","","","fr","","1","7","8","https://x.com/MUFR_/status/1893286739357159827","1636007774","MUFR_"
"1893286730611954167","Sat Feb 22 13:08:26 +0000 2025","108","MANCHESTER UNITED EST MENÉ 2-0 PAR EVERTON ! Rúben Amorim est-il toujours l homme de la situation ? ","1893286730611954167","","","fr","Paris","8","60","3","https://x.com/footmercato/status/1893286730611954167","229178711","footmercato"
"1893286702417883251","Sat Feb 22 13:08:20 +0000 2025","5","Tant que Manchester United n'aura pas de milieu de terrain Hojlund ou n'importe quel attaquant ne marqueront pas Bruno Fernandes sera à chier la défense sera toujours en déséquilibre Onana sera toujours un Calamity James camerounais. Tant qu'INEOS ne comprendra pas ça...","1893286702417883251","","","fr","","0","2","0","https://x.com/xTehFR/status/1893286702417883251","884125975675535360","xTehFR"
"1893286655932486067","Sat Feb 22 13:08:08 +0000 2025","107","Manchester United ça va finir en Championship d'ici 2 ans je suis sérieux là","1893286655932486067","","","fr","Fan Barça","0","10","5","https://x.com/Mahito_Tomura/status/1893286655932486067","1469055320139968514","Mahito_Tomura"
"1893286626475782527","Sat Feb 22 13:08:01 +0000 2025","0","Manchester United je pense qu'il serait préférable de déclarer forfait jusqu'à la fin de la saison là ça fait pitié maintenant","1893286626475782527","","","fr","Bordeaux, France","0","0","0","https://x.com/dr_maxence/status/1893286626475782527","1245023613734051844","dr_maxence"
"1893286624127053925","Sat Feb 22 13:08:01 +0000 2025","1","Goalllllll Abdoulaye Doucoure scores! 33'min Everton 2-0 Manchester United","1893286624127053925","","","fr","","0","1","0","https://x.com/sirkings97715/status/1893286624127053925","1692659175753437184","sirkings97715"
"1893286601557447127","Sat Feb 22 13:07:56 +0000 2025","0","Everton 2 Manchester United 0. Doucouré #EVEMUN https://t.co/HNyNgdlYRX","1893286601557447127","https://pbs.twimg.com/media/GkZOBALXMAIaKkp.jpg","","fr","","0","0","0","https://x.com/foet247europa/status/1893286601557447127","1704390240","foet247europa"
"1893286570624417948","Sat Feb 22 13:07:48 +0000 2025","1","But de PAU FC CAEN et Manchester ce font humilier en meme temps https://t.co/NqvQHIXOck","1893286570624417948","https://pbs.twimg.com/tweet_video_thumb/GkZOGTvXsAA8Aqq.jpg","","fr","Normandie & Old Trafford ","0","0","0","https://x.com/MarckUnited/status/1893286570624417948","1667922746322436101","MarckUnited"
"1893286563284480133","Sat Feb 22 13:07:46 +0000 2025","0","️ GOAL: Doucouré doubles EVERTON S lead 󠁧󠁢󠁥󠁮󠁧󠁿 Everton 2-0 Manchester United https://t.co/xtLsE4ns5T","1893286563284480133","","","fr","Football pitch","0","0","0","https://x.com/footballnus/status/1893286563284480133","606113600","footballnus"
"1893286541318901777","Sat Feb 22 13:07:41 +0000 2025","0","Manchester United est actuellement le club le plus nul de première league et je pèse mes mots je vais jouer à la ps5 c est mieux https://t.co/CbwHABSzzj","1893286541318901777","https://pbs.twimg.com/media/GkZOEo0WIAAeHij.jpg","","fr","","0","0","0","https://x.com/HarrisMakunza/status/1893286541318901777","543519944","HarrisMakunza"
"1893286467901722683","Sat Feb 22 13:07:24 +0000 2025","1","Manchester United des vrais incapables ","1893286467901722683","","","fr","Somewhere","0","0","0","https://x.com/Aliyunik/status/1893286467901722683","1273707998045749249","Aliyunik"
"1893286460410794115","Sat Feb 22 13:07:22 +0000 2025","0","Si amorim était arrivé dès le début de saison Manchester United serait relegable actuellement","1893286460410794115","","","fr","","0","0","0","https://x.com/NV_Toro/status/1893286460410794115","898924324840755200","NV_Toro"
"1893286442941423662","Sat Feb 22 13:07:18 +0000 2025","0","e o manchester united hein galera","1893286442941423662","","","fr","021","0","0","0","https://x.com/anton10pedro/status/1893286442941423662","1013446942037368833","anton10pedro"
"1893286437174251779","Sat Feb 22 13:07:16 +0000 2025","2","J en ai supporté des choses avec Manchester United mais là je penses qu il est temps de se reposer. Merci pour tout on se revoit en 2027 https://t.co/DzjVfgLeEc","1893286437174251779","https://pbs.twimg.com/tweet_video_thumb/GkZN-hGXcAA961t.jpg","","fr","","0","0","0","https://x.com/6kvn_/status/1893286437174251779","1101628692579696640","6kvn_"
"1893286425971339407","Sat Feb 22 13:07:14 +0000 2025","0","Manchester United est mort officiellement nous allons jouer le maintien ","1893286425971339407","","","fr","République Démocratique Du Con","0","0","0","https://x.com/Piresbosewa2/status/1893286425971339407","1055836600251355138","Piresbosewa2"
"1893286406111347161","Sat Feb 22 13:07:09 +0000 2025","0","Sacré Manchester United https://t.co/qpFrHTLZpl","1893286406111347161","https://pbs.twimg.com/tweet_video_thumb/GkZN8tEXkAEQaXM.jpg","","fr","Bruxelles, Belgique","0","0","0","https://x.com/feelnowaysk/status/1893286406111347161","722435922","feelnowaysk"
"1893286392999944263","Sat Feb 22 13:07:06 +0000 2025","1","33' ET GOOOLLL DE DOUCOURÉ DEUXIÉME BUT POUR EVERTON !! SUR UNE PREMIÉRE PARADE D'ONANA QUI RETOMBE JUSTE DEVANT ET DOUCOURÉ N'A PLUS QU'A METTRE LA TÊTE !!️️ Manchester United c'est vraiment très très compliqué. https://t.co/FnAISZPLb2","1893286392999944263","https://pbs.twimg.com/media/GkZN8CEX0AAB9R8.jpg","","fr","","0","0","0","https://x.com/JR_Football9/status/1893286392999944263","1892245275764252672","JR_Football9"
"1893286372535894165","Sat Feb 22 13:07:01 +0000 2025","21","Je pense que sur ce réseau on ne parle pas assez du fait que Manchester United soit 15ème de PL.","1893286372535894165","","","fr","","1","1","6","https://x.com/Thoms_RM/status/1893286372535894165","3042825042","Thoms_RM"
"1893286022248612218","Sat Feb 22 13:06:57 +0000 2025","0","@MUnitedFR Supprimé Manchester United votre club de clown","1893286355532148802","","MUnitedFR","fr","","0","0","0","https://x.com/kololo566/status/1893286355532148802","1640608642352160769","kololo566"
"1893286319196885486","Sat Feb 22 13:06:48 +0000 2025","524","33 minutes de jeu et Manchester United est déjà mené 2-0 face à Everton. https://t.co/irIekJbaDB","1893286319196885486","https://pbs.twimg.com/media/GkZN3zZWcAAZpxi.jpg","","fr","Paris, France","2","22","4","https://x.com/lnstantFoot/status/1893286319196885486","2333988375","lnstantFoot"
"1893286290457575682","Sat Feb 22 13:06:41 +0000 2025","13","Manchester United qui sombre totalement Nous vivons la mort d un club historique. https://t.co/rhCZGw6Pb0","1893286290457575682","https://pbs.twimg.com/media/GkZN2F4WQAA7Ubr.jpg","","fr","","0","2","0","https://x.com/MadridSocios_/status/1893286290457575682","1802201629925466112","MadridSocios_"
"1893286270559834394","Sat Feb 22 13:06:37 +0000 2025","39","Mon ultime rêve : VOIR MANCHESTER UNITED EN CHAMPIONSHIP ","1893286270559834394","","","fr","Amouma kheuy","7","6","16","https://x.com/LilSamSaint/status/1893286270559834394","1193309271125102593","LilSamSaint"
"1893286213085188105","Sat Feb 22 13:06:23 +0000 2025","2","Doucore scores Everton 2:0 Manchester united","1893286213085188105","","","fr","Nairobi, Kenya","0","0","0","https://x.com/kipla35278/status/1893286213085188105","1702025018782142464","kipla35278"
"1893285851573969047","Sat Feb 22 13:06:22 +0000 2025","1","@ActuFoot_ le pire manchester united de l histoire","1893286210300252569","","ActuFoot_","fr","✞🇮🇹","0","0","0","https://x.com/ZyrtekOM/status/1893286210300252569","3500191157","ZyrtekOM"
"1893286209914393005","Sat Feb 22 13:06:22 +0000 2025","0","Manchester united nak ils font de la peine d","1893286209914393005","","","fr","Barcelone, Espagne","0","0","0","https://x.com/chx_dg_/status/1893286209914393005","1710741650857676801","chx_dg_"
"1893286205246128424","Sat Feb 22 13:06:21 +0000 2025","536","Que la FIFA l UEFA la Premier League La Liga la Ligue 1 la Bundesliga NIAPA NDM suspende ce club de merde qu est Manchester United pour le bien de tout le monde.","1893286205246128424","","","fr","","34","44","54","https://x.com/ElhadjiKandji1/status/1893286205246128424","1235545483134873601","ElhadjiKandji1"
"1893286203585069319","Sat Feb 22 13:06:21 +0000 2025","0","Vous êtes catastrophiques Manchester united how comment c est possible d être si nul?","1893286203585069319","","","fr","Paris / Saint-Louis","0","1","0","https://x.com/DIACK_BOY/status/1893286203585069319","1207314181277523969","DIACK_BOY"
"1893286203060854959","Sat Feb 22 13:06:21 +0000 2025","2","33' Abdoulaye Doucoure scores! Everton 2-0 Manchester United #EVEMUN #MUFC","1893286203060854959","","","fr","London, England","0","0","0","https://x.com/Apostle_Saul/status/1893286203060854959","1842513912987889664","Apostle_Saul"
"1893286191199322566","Sat Feb 22 13:06:18 +0000 2025","0","Le club s appelle Manchester United https://t.co/5xBSteAWF1","1893286191199322566","https://pbs.twimg.com/media/GkZNwbkXEAAHZqT.jpg","","fr","🍁 ","0","0","0","https://x.com/ABDELDJALIL224/status/1893286191199322566","975985176","ABDELDJALIL224"
"1893286182919737763","Sat Feb 22 13:06:16 +0000 2025","1","Wollah Getafe Fume ce Manchester United c est quoi ça ","1893286182919737763","","","fr","Somewhere","0","0","0","https://x.com/iamuthman1/status/1893286182919737763","1104484292112068610","iamuthman1"
"1893285468269056487","Sat Feb 22 13:06:13 +0000 2025","0","@ManUtd Bruno fans assemble","1893286170060017714","","ManUtd","fr","","0","0","0","https://x.com/Manchesterred89/status/1893286170060017714","1830273870407835648","Manchesterred89"
"1893286162262827272","Sat Feb 22 13:06:11 +0000 2025","0","Mdr Manchester United 2 grosses erreurs : il fallait laisser Van nistelroy assurait l intérim et ça se passait bien ! Et attendre la fin de saison pour prendre Amorim qui est obligé de faire acec des joueurs qu il n a pas choisi. Ptdr #EVEMUN","1893286162262827272","","","fr","Somewhere","0","0","0","https://x.com/ElhadjiAs13/status/1893286162262827272","1462081819088674817","ElhadjiAs13"
"1893286154180420057","Sat Feb 22 13:06:09 +0000 2025","0","Je suis actuellement titulaire à Manchester United #EVEMUN https://t.co/vcoVCEzbi1","1893286154180420057","https://pbs.twimg.com/media/GkZNuOuWUAEQGbR.jpg","","fr","","0","2","0","https://x.com/PradetAgent/status/1893286154180420057","1384040491193307136","PradetAgent"
"1893286151814852827","Sat Feb 22 13:06:08 +0000 2025","0","Les joueurs de Manchester United je sais pas ce qu'ils font dans la vie hein ","1893286151814852827","","","fr","CM","0","0","0","https://x.com/figuillois/status/1893286151814852827","1392571735598379012","figuillois"
"1893286144936116430","Sat Feb 22 13:06:07 +0000 2025","10","Le prix des places pour Real Sociedad - Manchester United vont piquer alors que ces derniers n'ont même pas le niveau de Leyton Orient.","1893286144936116430","","","fr","","0","1","0","https://x.com/arrietadavid1/status/1893286144936116430","623516878","arrietadavid1"
"1893285851573969047","Sat Feb 22 13:06:05 +0000 2025","0","@ActuFoot_ Pitier virer Manchester United de la PL il font honte au football anglais","1893286137445114280","","ActuFoot_","fr","","0","0","0","https://x.com/kololo566/status/1893286137445114280","1640608642352160769","kololo566"
"1893286120219144580","Sat Feb 22 13:06:01 +0000 2025","2","Amorim qui voulait absolument rejoindre Manchester United en cours de saison pcq « le train ne passe qu une fois » selon ses dires tu vas bientôt descendre du train en question je crois","1893286120219144580","","","fr","Lyon, France","0","0","0","https://x.com/JBayama/status/1893286120219144580","1079519227407675393","JBayama"
"1893286102502359324","Sat Feb 22 13:05:57 +0000 2025","0","Mais Manchester United y a rien à sauvé la mdrrr","1893286102502359324","","","fr","","0","0","0","https://x.com/zedldabdel/status/1893286102502359324","1587391612950306816","zedldabdel"
"1893286095544070369","Sat Feb 22 13:05:55 +0000 2025","57","Doucoure scores!!! Everton 2:0 Manchester United https://t.co/NkbFNlB299","1893286095544070369","https://pbs.twimg.com/ext_tw_video_thumb/1893285670119993344/pu/img/2p6n1k-0kVdfU_E1.jpg","","fr","Nigeria","4","3","5","https://x.com/iam_philopearl/status/1893286095544070369","2168679543","iam_philopearl"
"1893286093354619160","Sat Feb 22 13:05:54 +0000 2025","0","Merci à Manchester United pour le divertissement chaque week-end","1893286093354619160","","","fr","","0","0","0","https://x.com/chambe_junior/status/1893286093354619160","1172945843772624901","chambe_junior"
"1893285851573969047","Sat Feb 22 13:05:49 +0000 2025","3","@ActuFoot_ Force à tout les supporter qu'est ce grand Club de Manchester united","1893286069904330893","","ActuFoot_","fr","93 🏴‍☠️ berkane ","0","0","0","https://x.com/vidco93_/status/1893286069904330893","1649336347096645632","vidco93_"
"1893286058596397484","Sat Feb 22 13:05:46 +0000 2025","0","Manchester United je suis gêné devant mon écran là","1893286058596397484","","","fr","Paris, France","0","0","0","https://x.com/baptiste_MA11/status/1893286058596397484","955758744897556480","baptiste_MA11"
"1893286057191305715","Sat Feb 22 13:05:46 +0000 2025","14","Éverton 2-0 Manchester United deserve this Ruben Amorim deserves this Bruno Fernandes deserve this","1893286057191305715","","","fr","","0","2","1","https://x.com/ReelHammerz/status/1893286057191305715","1693703461169192960","ReelHammerz"
"1893286032579178636","Sat Feb 22 13:05:40 +0000 2025","12","Manchester United est juste un club maudit Ils ont du faire des choses très sombres durant l ère Ferguson et là ils sont en train de les payer","1893286032579178636","","","fr","","0","3","0","https://x.com/toninho9_/status/1893286032579178636","1178271842697695232","toninho9_"
"1893286022248612218","Sat Feb 22 13:05:37 +0000 2025","164","33' Doucouré double la mise pour Everton. 2-0. Rien à dire c'est amplement mérité. Ils sont largement au-dessus.","1893286022248612218","","","fr","","10","85","7","https://x.com/MUnitedFR/status/1893286022248612218","832304691581161475","MUnitedFR"
"1893286016187850828","Sat Feb 22 13:05:36 +0000 2025","5","Manchester United a encaissé 11 buts sur corner en championnat cette saison. Plus que toute autre équipe. #EVEMUN https://t.co/6rim2SEg7q","1893286016187850828","https://pbs.twimg.com/media/GkZNl9pXEAEF3Eo.jpg","","fr","","0","0","0","https://x.com/Actufoot_stats/status/1893286016187850828","1197612772160344064","Actufoot_stats"
"1893286008050917392","Sat Feb 22 13:05:34 +0000 2025","0","J en ai marre de Manchester united j ai assez donné bordel","1893286008050917392","","","fr","Jaia","0","0","0","https://x.com/walky_/status/1893286008050917392","900684710183133184","walky_"
"1893285989696606645","Sat Feb 22 13:05:30 +0000 2025","0","Everton 2 - 0 Manchester United Abdoulaye Doucoure goal https://t.co/71pU5Mk4aK","1893285989696606645","https://pbs.twimg.com/media/GkZNevjWkAAPOHu.jpg","","fr","Berlin","0","0","0","https://x.com/Maestroo2025/status/1893285989696606645","1859317747244769280","Maestroo2025"
"1893285989096812862","Sat Feb 22 13:05:30 +0000 2025","0","󠁧󠁢󠁥󠁮󠁧󠁿GOALL!! Everton 2 - 0 Manchester United | Doucouré #EVEMUN https://t.co/uCzFkQU8oe","1893285989096812862","https://pbs.twimg.com/ext_tw_video_thumb/1893285670119993344/pu/img/2p6n1k-0kVdfU_E1.jpg","","fr","","0","0","0","https://x.com/Goalsvilla/status/1893285989096812862","1742108263863230464","Goalsvilla"
"1893285986592792792","Sat Feb 22 13:05:29 +0000 2025","0","Manchester United ça va durer combien de temps ? C est catastrophique encore cet après midi. Maguire toujours un joueur d United les supporters doivent en cauchemarder depuis des années ! #EVEUTD","1893285986592792792","","","fr","","0","0","0","https://x.com/CPSfr/status/1893285986592792792","1256694114340478978","CPSfr"
"1893285986462798059","Sat Feb 22 13:05:29 +0000 2025","0","Heureusement pour eux que le fond de la classe en PL est sur des bases de record de nullité niveau points parce que le niveau de ce Manchester United c'est absolument dramatique #EVEMUN","1893285986462798059","","","fr","","0","0","0","https://x.com/JulienLada/status/1893285986462798059","156804315","JulienLada"
"1893285977608647124","Sat Feb 22 13:05:27 +0000 2025","0","Manchester United eh vas-y frère même contre Everton on perd. Ça y est ! J en ai marre !","1893285977608647124","","","fr","","0","0","0","https://x.com/Comorian2699/status/1893285977608647124","1250727920303329280","Comorian2699"
"1893285973397549198","Sat Feb 22 13:05:26 +0000 2025","1","Vraiment terrifiant la descente au enfer de Manchester United mdr heureusement qu'ils ont de l'argent eux pour se faire la cerise derrière en ligue inférieur t'es limogé avec risque de faillite.","1893285973397549198","","","fr","Dortmund, Lens/ France","0","0","0","https://x.com/BrytonLnstr/status/1893285973397549198","442013125","BrytonLnstr"
"1893285971254243351","Sat Feb 22 13:05:25 +0000 2025","1","Manchester United est mort.","1893285971254243351","","","fr","Grand Line","0","1","0","https://x.com/_Le_Serrurier/status/1893285971254243351","948677605204643841","_Le_Serrurier"
"1893285956838457629","Sat Feb 22 13:05:22 +0000 2025","0","El Manchester United es un meme ","1893285956838457629","","","fr","","0","0","0","https://x.com/Torvid2004/status/1893285956838457629","2990179803","Torvid2004"
"1893285947547980272","Sat Feb 22 13:05:20 +0000 2025","0","Manchester United ils puaient la merde avant d arriver dans la grosse hécatombe niveau blessure mais là ça va etre SCARY","1893285947547980272","","","fr","","0","0","0","https://x.com/HugoBiChoco/status/1893285947547980272","1423572159172124675","HugoBiChoco"
"1893285945090113800","Sat Feb 22 13:05:19 +0000 2025","2","J allume Canal + je vois Everton 2-0 Manchester United https://t.co/soHbWD1FQw","1893285945090113800","https://pbs.twimg.com/amplify_video_thumb/1893285882888593408/img/nZI8rTLmhXYukx6x.jpg","","fr","","0","1","0","https://x.com/aaronchelbaa/status/1893285945090113800","708981412045725696","aaronchelbaa"
"1893285936374366309","Sat Feb 22 13:05:17 +0000 2025","0","Eh vazy Manchester United est en train de faire pourrir mon âme je déteste tellement cette équipe","1893285936374366309","","","fr","pessiland","0","0","0","https://x.com/niglodingo/status/1893285936374366309","1597971151862566912","niglodingo"
"1893285926354276440","Sat Feb 22 13:05:15 +0000 2025","0","Manchester United player mana bah passion kamurang ni?!!!","1893285926354276440","","","fr","Sabah, Malaysia","0","0","0","https://x.com/nelsontsc07/status/1893285926354276440","538896812","nelsontsc07"
"1893285917034426447","Sat Feb 22 13:05:12 +0000 2025","8","Force à Manchester United. On a vécu la même chose il y a un moins. C'est juste un mauvais moment à passer","1893285917034426447","","","fr","","0","2","0","https://x.com/Solinerv/status/1893285917034426447","894282122638348288","Solinerv"
"1893285916719882375","Sat Feb 22 13:05:12 +0000 2025","0"," Goal! Doucouré 6 pts. Tot 12 Pts Assist: Harrison 3 pts. Tot 5 Pts Everton 2-0 Manchester United #sundreamteam https://t.co/MSgo0yHAiC","1893285916719882375","","","fr","United Kingdom","0","0","0","https://x.com/dt_alerts/status/1893285916719882375","3361426222","dt_alerts"
"1893285916296237393","Sat Feb 22 13:05:12 +0000 2025","0","Goal! Everton [2]-0 Manchester United Abdoulaye Doucoure 33'","1893285916296237393","","","fr","","0","0","0","https://x.com/MNS25711/status/1893285916296237393","1768658053786976256","MNS25711"
"1893285909228814475","Sat Feb 22 13:05:10 +0000 2025","60","ABDOULAYE DOUCOURÉ DOUBLES EVERTON'S LEAD OVER MANCHESTER UNITED!!! ️ @GoalsXtra https://t.co/M0o1enij5k","1893285909228814475","","","fr","🏳️‍🌈 Backup: @FootballReprt2","2","1","6","https://x.com/FootballReprt/status/1893285909228814475","1435683763741147140","FootballReprt"
"1893285904724144288","Sat Feb 22 13:05:09 +0000 2025","0","Everton ils sont bon de malade mais c est certainement grâce à le nullité de Manchester United","1893285904724144288","","","fr","","0","0","0","https://x.com/Loza19_/status/1893285904724144288","1424304891187585025","Loza19_"
"1893285898957058160","Sat Feb 22 13:05:08 +0000 2025","0","Manchester United ca ne vaut plus la peine. Onana part de ce club","1893285898957058160","","","fr","Paris, France","0","0","0","https://x.com/UseleServant27/status/1893285898957058160","1694075962764165120","UseleServant27"
"1893285896926953958","Sat Feb 22 13:05:08 +0000 2025","1","Manchester united qui coule 2/0 #EVEMUN https://t.co/Wsf1DgW8I3","1893285896926953958","https://pbs.twimg.com/tweet_video_thumb/GkZNe_mWgAACiU5.jpg","","fr","","0","0","0","https://x.com/fabien13000/status/1893285896926953958","313251804","fabien13000"
"1893285896855633939","Sat Feb 22 13:05:08 +0000 2025","0","Everton 2 - 0 Manchester United #EVEMUN Doucoure ️ https://t.co/PAaoB8POCQ","1893285896855633939","","","fr","Universe","0","0","1","https://x.com/allgoalsz/status/1893285896855633939","3587348714","allgoalsz"
"1893285892527178056","Sat Feb 22 13:05:06 +0000 2025","0","En vrai faut que Manchester United soit relégué en D2 anglaise je vois rien d autre pour purger ce club maudit","1893285892527178056","","","fr","Namek","0","0","0","https://x.com/Diabdiab_/status/1893285892527178056","359581922","Diabdiab_"
"1893285881823252719","Sat Feb 22 13:05:04 +0000 2025","0","Ptdrr Manchester United c est terrible","1893285881823252719","","","fr","Senegal","0","0","0","https://x.com/pape_ndiaga77/status/1893285881823252719","1258099106347716609","pape_ndiaga77"
"1893285876362338421","Sat Feb 22 13:05:03 +0000 2025","1","Manchester United c'est exceptionnel ce qu'il se passe","1893285876362338421","","","fr","","0","0","0","https://x.com/Nelsoninho77/status/1893285876362338421","738056015887933441","Nelsoninho77"
"1893285871207461049","Sat Feb 22 13:05:01 +0000 2025","88","Un truc surprenant c'est que chaque semaine on se dit que ça peut pas être pire et finalement ça l'est ! #MUFC","1893285871207461049","","","fr","","0","4","13","https://x.com/MUFR_/status/1893285871207461049","1636007774","MUFR_"
"1893285867264905406","Sat Feb 22 13:05:00 +0000 2025","0","Everton 2 - 0 Manchester United Doucoure #MUFC #EVEMUN","1893285867264905406","","","fr","","0","0","0","https://x.com/RDD_MUFC/status/1893285867264905406","1886069972427747328","RDD_MUFC"
"1893285864148468077","Sat Feb 22 13:05:00 +0000 2025","1","Manchester United qu ils arrêtent de changer de coach à un moment donné c est pas le coach le problème","1893285864148468077","","","fr","Parisien","0","0","0","https://x.com/HamzePaname/status/1893285864148468077","1301661396086804481","HamzePaname"
"1893285859249594706","Sat Feb 22 13:04:59 +0000 2025","0","Les supporters de Manchester United honnêtement j vous respecte. Vous êtes très fort(e)s mentalement.","1893285859249594706","","","fr","","0","0","0","https://x.com/TheRealFumier_/status/1893285859249594706","1629974198004137984","TheRealFumier_"
"1893285856871317814","Sat Feb 22 13:04:58 +0000 2025","11","Ah Manchester United joue ? https://t.co/Ch3ooQNiXw","1893285856871317814","https://pbs.twimg.com/tweet_video_thumb/GkZNcu2X0AAKFSk.jpg","","fr","Shingashina","0","2","1","https://x.com/Bloodyb_sama/status/1893285856871317814","2307313046","Bloodyb_sama"
"1893285856552562887","Sat Feb 22 13:04:58 +0000 2025","0","Manchester united je préfère en rire","1893285856552562887","","","fr","konohagakure no sato","0","0","1","https://x.com/_UnPourTous/status/1893285856552562887","1021254345034264577","_UnPourTous"
"1893285856510644374","Sat Feb 22 13:04:58 +0000 2025","1","'32 Doucoure scores Manchester United 0-2 Everton #mufc #ManchesterUnited #MUNEVE https://t.co/7Rg0loJSOU","1893285856510644374","","","fr","","0","0","0","https://x.com/Muncom254/status/1893285856510644374","1246428365546020864","Muncom254"
"1893285846675079445","Sat Feb 22 13:04:56 +0000 2025","11","Je sais pas ce qui est le plus impressionnant entre la métamorphose d Everton depuis l arrivée de Moyes ou le néant absolu de Manchester United. #EVEMUN","1893285846675079445","","","fr","Lille","0","4","2","https://x.com/enzopailot/status/1893285846675079445","1440771893330468872","enzopailot"
"1893285846020710656","Sat Feb 22 13:04:55 +0000 2025","1","C'est une très longue agonie pour Manchester United...catastrophique....il n'y a plus rien ...rien...#EVEMUN","1893285846020710656","","","fr","Artois ! ","0","1","0","https://x.com/Leevestham/status/1893285846020710656","442879816","Leevestham"
"1893285841193111577","Sat Feb 22 13:04:54 +0000 2025","2","Doucoure Scores None Assist 🅰️ Everton 2-0 Manchester United #FPL | #MUFC | #EVEMUN","1893285841193111577","","","fr","Jodhpur, Rajasthan, India","0","1","0","https://x.com/FPL_Abhimanyu/status/1893285841193111577","1386353023325138944","FPL_Abhimanyu"
"1893285826370642267","Sat Feb 22 13:04:51 +0000 2025","442","️ 33 Gooooooooooolll de Abdoulaye Doucure 🇸🇳 Everton 2-0 Manchester United https://t.co/frWlf4K4uh","1893285826370642267","https://pbs.twimg.com/media/GkZNbG_XIAARH_a.jpg","","fr","","4","37","4","https://x.com/Mercado_Ingles/status/1893285826370642267","415810385","Mercado_Ingles"
"1893285824793378856","Sat Feb 22 13:04:50 +0000 2025","0","C est inquiétant Manchester United 12 points d avance sur le 18ème mais pour combien de temps ?","1893285824793378856","","","fr","","0","0","0","https://x.com/GLBetting1/status/1893285824793378856","1552643559098122243","GLBetting1"
"1893285825091195158","Sat Feb 22 13:04:50 +0000 2025","1","Mdr Manchester united c est un désastre ","1893285825091195158","","","fr","","0","0","0","https://x.com/OMbapandza/status/1893285825091195158","1131512320599961601","OMbapandza"
"1893285824394833949","Sat Feb 22 13:04:50 +0000 2025","0","Désolé mais manchester united c est vraiment de la merde","1893285824394833949","","","fr","Paris / Saint-Louis","0","0","0","https://x.com/DIACK_BOY/status/1893285824394833949","1207314181277523969","DIACK_BOY"
"1893285821739893103","Sat Feb 22 13:04:50 +0000 2025","0","Je vous jure que Manchester United me fait de la peine ","1893285821739893103","","","fr","Le Blanc-Mesnil / TILLEULS","0","0","0","https://x.com/FlasSkoO/status/1893285821739893103","2773164594","FlasSkoO"
"1893285820787806245","Sat Feb 22 13:04:49 +0000 2025","0","Manchester United c'est vraiment minable...","1893285820787806245","","","fr","86","0","1","0","https://x.com/fcyoyo86/status/1893285820787806245","891005345727959042","fcyoyo86"
"1893285814857007217","Sat Feb 22 13:04:48 +0000 2025","4","La malédiction de Manchester United","1893285814857007217","","","fr","cité ataya","0","0","2","https://x.com/assanekaolack/status/1893285814857007217","1132747441546121217","assanekaolack"
"1893285801468871039","Sat Feb 22 13:04:45 +0000 2025","0","Manchester United vous foutez la haine !","1893285801468871039","","","fr","","0","0","0","https://x.com/BlackTdsh_/status/1893285801468871039","477355607","BlackTdsh_"
"1893285800806175005","Sat Feb 22 13:04:45 +0000 2025","2","Everton 2-0 Manchester United Doucoure ️ #EVEMUN https://t.co/SNxvIgQ4Vd","1893285800806175005","","","fr","Visé, Belgique","0","0","0","https://x.com/BelgesPL/status/1893285800806175005","1516522197124362256","BelgesPL"
"1893284372205187141","Sat Feb 22 13:04:43 +0000 2025","0","@CanalplusFoot 2-0 dorénavant. Manchester United à terre. Ten Hag ou Armorin. Problème de qualité d'effectif. À part Diallo c'est le néant.","1893285795961716792","","CanalplusFoot","fr","Nantes, France","0","0","0","https://x.com/GarreauNicolas2/status/1893285795961716792","703710934712360961","GarreauNicolas2"
"1893285792434344027","Sat Feb 22 13:04:43 +0000 2025","1","Quitter le sporting ou tu es chez toi pour Manchester united bravo rubeeeeen mdrrrrr https://t.co/8TpvL2gUdR","1893285792434344027","https://pbs.twimg.com/tweet_video_thumb/GkZNY_5XAAA5NC0.jpg","","fr","France","0","0","0","https://x.com/TicTac23714/status/1893285792434344027","1333204483564859393","TicTac23714"
"1893285782502183175","Sat Feb 22 13:04:40 +0000 2025","1","Les caramels d Everton sont encore moins mous que la défense de Manchester United dans les duels aériens","1893285782502183175","","","fr","","0","0","0","https://x.com/randyassala/status/1893285782502183175","259931263","randyassala"
"1893285776835641696","Sat Feb 22 13:04:39 +0000 2025","0","PREMIER LEAGUE GOL DO EVERTON Abdoulaye Doucouré ⏰ 33' Everton 2x0 Manchester United https://t.co/tjPr6cbHwF","1893285776835641696","https://pbs.twimg.com/media/GkZNXDpXkAAv5t_.jpg","","fr","Brazil","0","0","0","https://x.com/PLInfoBR/status/1893285776835641696","1678901918645514241","PLInfoBR"
"1893285776290455596","Sat Feb 22 13:04:39 +0000 2025","0","️ GOAL: Doucouré 󠁧󠁢󠁥󠁮󠁧󠁿 Everton 2-0 Manchester United https://t.co/uHXsxr6CoK","1893285776290455596","","","fr","Apizaco, Tlaxcala","0","0","0","https://x.com/KevinMoral47659/status/1893285776290455596","1889061066400780288","KevinMoral47659"
"1893285766463119583","Sat Feb 22 13:04:36 +0000 2025","2","Ahh Charlie Manchester United ","1893285766463119583","","","fr","Washington, USA","0","0","2","https://x.com/_divinerg/status/1893285766463119583","1291025170161901569","_divinerg"
"1893285765368476156","Sat Feb 22 13:04:36 +0000 2025","0","Manchester United c est vraiment catastrophique Trop les nerfs en janvier ils ont joué le match de leur vie contre Liverpool Ils vont donné leur cul a Arsenal dans 2 semaines","1893285765368476156","","","fr","Alsace, France","0","0","0","https://x.com/Mikail_McFunzy/status/1893285765368476156","1167328639","Mikail_McFunzy"
"1893285762742796748","Sat Feb 22 13:04:36 +0000 2025","124","C est de la faute des arbitres de la Liga RIONS de Manchester United https://t.co/PnwIR0NuZh","1893285762742796748","https://pbs.twimg.com/media/GkZNXX-XgAAoaDb.jpg","","fr","Insulte = Bloque ","4","2","18","https://x.com/SeydinaOfficial/status/1893285762742796748","874623034094743553","SeydinaOfficial"
"1893285761677459685","Sat Feb 22 13:04:35 +0000 2025","0","La concha de tu madre Manchester united","1893285761677459685","","","fr","","0","0","0","https://x.com/LucaOrigin/status/1893285761677459685","1508506664793776131","LucaOrigin"
"1893285745063821451","Sat Feb 22 13:04:31 +0000 2025","0","2-0 mérité pour Everton Manchester United ne propose absolument rien","1893285745063821451","","","fr","","0","0","0","https://x.com/NSEK93/status/1893285745063821451","3420841463","NSEK93"
"1893285744321364031","Sat Feb 22 13:04:31 +0000 2025","0","Manchester United vraiment je sais pas quoi dire.","1893285744321364031","","","fr","","0","0","0","https://x.com/paavaroti/status/1893285744321364031","1829644101571981313","paavaroti"
"1893285740861174052","Sat Feb 22 13:04:30 +0000 2025","2","Everton est entrain d'ALLUMER Manchester United les petits frères redeviennent costauds.","1893285740861174052","","","fr","✊🏿🇬🇳🇵🇸🇨🇩","0","0","0","https://x.com/SanDsuDsou/status/1893285740861174052","1307484281607008256","SanDsuDsou"
"1893285731767816662","Sat Feb 22 13:04:28 +0000 2025","0","Manchester United c est terrible comment c est nul .","1893285731767816662","","","fr","","0","0","0","https://x.com/stitou94/status/1893285731767816662","522714663","stitou94"
"1893285712734171455","Sat Feb 22 13:04:24 +0000 2025","1","qu est-ce que ça doit être horrible de supporter Manchester United","1893285712734171455","","","fr","","0","0","0","https://x.com/davethew9rld/status/1893285712734171455","1885511728252977152","davethew9rld"
"1893285708866978035","Sat Feb 22 13:04:23 +0000 2025","294","Les supporters de Manchester United : https://t.co/BuD1hgu6Uh","1893285708866978035","https://pbs.twimg.com/media/GkZNUWQXUAA7kr4.jpg","","fr","Paris","0","0","16","https://x.com/WinamaxSport/status/1893285708866978035","2834176185","WinamaxSport"
"1893285693264167360","Sat Feb 22 13:04:19 +0000 2025","28","Manchester United depuis ma naissance ils sont nuls","1893285693264167360","","","fr","","1","1","3","https://x.com/DnzzParis/status/1893285693264167360","1768323994631962624","DnzzParis"
"1893285689006911685","Sat Feb 22 13:04:18 +0000 2025","0","Manchester United acabou né ?","1893285689006911685","","","fr","011 /048","0","0","0","https://x.com/danilodan09/status/1893285689006911685","2945203775","danilodan09"
"1893285684800008577","Sat Feb 22 13:04:17 +0000 2025","0","Manchester United c est embarrassant","1893285684800008577","","","fr","Bangkok, Thailand","0","0","0","https://x.com/kevax93/status/1893285684800008577","795467846948110336","kevax93"
"1893285669620899840","Sat Feb 22 13:04:13 +0000 2025","0","Manchester United est en train de couler 2-0 https://t.co/fIbXJ0jy5Y","1893285669620899840","https://pbs.twimg.com/media/GkZNSCrWkAAyGL0.png","","fr","Paris, France","0","1","0","https://x.com/diagne_alao/status/1893285669620899840","1165080937819979778","diagne_alao"
"1893285664684204303","Sat Feb 22 13:04:12 +0000 2025","1","Manchester United est mort en 2013 et vient de remourir en 2025","1893285664684204303","","","fr","Old Trafford ","0","0","0","https://x.com/UTDApache/status/1893285664684204303","1096896279098068992","UTDApache"
"1893285663383928876","Sat Feb 22 13:04:12 +0000 2025","0","Ptddddr mais Manchester United wesh","1893285663383928876","","","fr","Lille","0","0","0","https://x.com/DarrelLkn/status/1893285663383928876","1257399254","DarrelLkn"
"1893285662482145537","Sat Feb 22 13:04:12 +0000 2025","0","Manchester United a vraiment le niveau d'une équipe qui joue le maintien c'est sincèrement choquant","1893285662482145537","","","fr","","0","0","0","https://x.com/DDesagesse/status/1893285662482145537","1509797229699211264","DDesagesse"
"1893285654005518560","Sat Feb 22 13:04:10 +0000 2025","0","Quelle catastrophe Manchester United et dire qu'on prend le même chemin","1893285654005518560","","","fr","Montpellier, France","0","0","0","https://x.com/nikosmtp/status/1893285654005518560","546071204","nikosmtp"
"1893285653024051534","Sat Feb 22 13:04:09 +0000 2025","5","MDRRRRRRRR MANCHESTER UNITED","1893285653024051534","","","fr","","0","0","0","https://x.com/GOUIRISTE_/status/1893285653024051534","1685944453138116608","GOUIRISTE_"
"1893285652113854709","Sat Feb 22 13:04:09 +0000 2025","0","Manchester United. Quel naufrage ","1893285652113854709","","","fr","","0","0","0","https://x.com/TheRealFumier_/status/1893285652113854709","1629974198004137984","TheRealFumier_"
"1893285640373932342","Sat Feb 22 13:04:06 +0000 2025","0","Qu'est-ce qui ne va pas à Manchester United ? Ils paient leur mauvaise gestion depuis le départ de Sir Alex","1893285640373932342","","","fr","","0","0","0","https://x.com/Cordon_twt/status/1893285640373932342","798552740574142465","Cordon_twt"
"1893285638981423479","Sat Feb 22 13:04:06 +0000 2025","180","️ GOAL: Doucouré 󠁧󠁢󠁥󠁮󠁧󠁿 Everton 2-0 Manchester United https://t.co/kpvgyTq8Nz","1893285638981423479","","","fr","","14","4","14","https://x.com/GoalsXtra/status/1893285638981423479","735119034","GoalsXtra"
"1893285626826334539","Sat Feb 22 13:04:03 +0000 2025","1","A quand Pierre Sage à Manchester United ? Le plus vite le mieux.","1893285626826334539","","","fr","Lyon","0","0","0","https://x.com/Thanh/status/1893285626826334539","4609851","Thanh"
"1893285580072464548","Sat Feb 22 13:03:52 +0000 2025","0","Que Manchester United aille se faire enculer ça y est il m'énerve","1893285580072464548","","","fr","","0","0","0","https://x.com/TheSilverBring/status/1893285580072464548","1496131666691207168","TheSilverBring"
"1893285569553219836","Sat Feb 22 13:03:49 +0000 2025","1","Manchester United fait trop pitié woauww","1893285569553219836","","","fr","Cayor City 📍","0","0","0","https://x.com/Gamou_T/status/1893285569553219836","1539216490011971587","Gamou_T"
"1893285556420808740","Sat Feb 22 13:03:46 +0000 2025","0","Y a encore des supporters de Manchester United ?","1893285556420808740","","","fr","Fresnes, France","0","0","0","https://x.com/AyrtonFresnes/status/1893285556420808740","708181424","AyrtonFresnes"
"1893285532240576993","Sat Feb 22 13:03:41 +0000 2025","4","Manchester United la honte","1893285532240576993","","","fr","","0","0","0","https://x.com/Foudaff_/status/1893285532240576993","1495100316211101696","Foudaff_"
"1893285502037414037","Sat Feb 22 13:03:33 +0000 2025","0","Manchester United c'est tellement clownesque ","1893285502037414037","","","fr","BX","0","0","0","https://x.com/JonSalah11/status/1893285502037414037","718819086000656386","JonSalah11"
"1893285493267103979","Sat Feb 22 13:03:31 +0000 2025","1","Manchester United est la 16ième attaque de la Premier League !!! 28 buts marqués c est vraiment une catastrophe !!!","1893285493267103979","","","fr","Hall of Fame 📍","0","0","1","https://x.com/1Galsen_noiR/status/1893285493267103979","1527194426115862529","1Galsen_noiR"
"1893285491266486366","Sat Feb 22 13:03:31 +0000 2025","0","GOAL! Everton 2-0 Manchester United (33 Abdoulaye Doucoure)","1893285491266486366","","","fr","İstanbul, Türkiye","0","0","0","https://x.com/FAMerkezi/status/1893285491266486366","1270151993844289537","FAMerkezi"
"1893285486300365039","Sat Feb 22 13:03:30 +0000 2025","1","Manchester United est mort","1893285486300365039","","","fr","La Street","0","1","0","https://x.com/xMiss_TK/status/1893285486300365039","1368097034","xMiss_TK"
"1893285272332141001","Sat Feb 22 13:02:39 +0000 2025","1"," 𝐁𝐄𝐓𝐎 c est l attaquant du moment en Premier League 󠁧󠁢󠁥󠁮󠁧󠁿 5️⃣ matchs en février : ️️️️️ Premier buteur contre Manchester United ! #EVEMU #PremierLeague https://t.co/9BinE9WhuO","1893285272332141001","https://pbs.twimg.com/media/GkZM6-cXoAAHgo8.jpg","","fr","France","0","1","0","https://x.com/PSSportsFR/status/1893285272332141001","4172196119","PSSportsFR"
"1893285255680803088","Sat Feb 22 13:02:35 +0000 2025","260","BETOOOOOO UNE NOUVELLE FOIS !!! ️🇬🇼 Everton mène 1-0 face à Manchester United. (@CanalplusFoot) https://t.co/n4Yhx48NfB","1893285255680803088","https://pbs.twimg.com/media/GkZMEowWoAAHMND.jpg","","fr","Paris, France","3","7","3","https://x.com/lnstantFoot/status/1893285255680803088","2333988375","lnstantFoot"
"1893285199691047243","Sat Feb 22 13:02:21 +0000 2025","0","Manchester United vraiment je ne sais pas ce qu ils font aux entraînements","1893285199691047243","","","fr","","0","0","0","https://x.com/cyprien_alim/status/1893285199691047243","3153513274","cyprien_alim"
"1893285033164537973","Sat Feb 22 13:01:42 +0000 2025","0","Qu est devenu Manchester United?!?!?","1893285033164537973","","","fr","Terre. ","0","1","0","https://x.com/mo_dydy/status/1893285033164537973","1061203202","mo_dydy"
"1893284930227949882","Sat Feb 22 13:01:17 +0000 2025","1","Eh Manchester United ","1893284930227949882","","","fr","Nairobi, Kenya","0","1","1","https://x.com/JoeWMuchiri1/status/1893284930227949882","1022111867207147521","JoeWMuchiri1"
"1893284912846741573","Sat Feb 22 13:01:13 +0000 2025","6","BETO GOAL 🇬🇼 5 buts en 4 matchs pour le Bissao-Guinéen qui n épargne pas Manchester United ️ #EVEMUN | #PremierLeague https://t.co/UOE7bvWgZq","1893284912846741573","https://pbs.twimg.com/media/GkZMEowWoAAHMND.jpg","","fr","","1","1","2","https://x.com/SportsZone__/status/1893284912846741573","1007928933126418433","SportsZone__"
"1893284909143244938","Sat Feb 22 13:01:12 +0000 2025","98","Beto comptabilise 5 buts en 4 matchs de Premier League en février. vs Leicester vs Liverpool vs Crystal Palace vs Manchester United (@Squawka_Live) https://t.co/LDMdAxkfw3","1893284909143244938","https://pbs.twimg.com/media/GkZMlotWcAAwOVQ.jpg","","fr","Lyon","0","1","3","https://x.com/PLFrance_/status/1893284909143244938","864639395806228480","PLFrance_"
"1893282919587700778","Sat Feb 22 13:00:17 +0000 2025","0","@Davosss__ Je supporte Manchester united et Porto https://t.co/Ac7JqkB2ym","1893284679727349764","https://pbs.twimg.com/tweet_video_thumb/GkZMYNYXsAAoWWw.jpg","Davosss__","fr","","0","1","0","https://x.com/Matteo_453/status/1893284679727349764","1213515334650486789","Matteo_453"
"1893284674522202233","Sat Feb 22 13:00:16 +0000 2025","2","La régle du d'abord de Manchester United. ","1893284674522202233","","","fr","Cameroon","1","0","2","https://x.com/DidierLefa/status/1893284674522202233","882885496770310145","DidierLefa"
"1893284640649085289","Sat Feb 22 13:00:08 +0000 2025","4","Manchester United je pleure cette équipe","1893284640649085289","","","fr","","0","1","0","https://x.com/10generationell/status/1893284640649085289","1603004077931171841","10generationell"
"1893284614212374811","Sat Feb 22 13:00:02 +0000 2025","8","Manchester United réalise la pire saison de son histoire et Liverpool va atteindre les 20 Premier League https://t.co/9qx4TX3VPG","1893284614212374811","https://pbs.twimg.com/amplify_video_thumb/1893284606230622209/img/1cSgGVb_Cu5xv3lx.jpg","","fr","Saint-Etienne, France","0","1","0","https://x.com/fatpaulo_/status/1893284614212374811","4620720441","fatpaulo_"
"1893283620132991294","Sat Feb 22 12:59:57 +0000 2025","4","@anonymousekip Misé Manchester United en 2025 ","1893284592682942635","","anonymousekip","fr","Lorient, France ","0","0","0","https://x.com/56Chelsea/status/1893284592682942635","1096704552882130944","56Chelsea"
"1893284561494126648","Sat Feb 22 12:59:49 +0000 2025","1","Everton marque le premier but face à Manchester United à la 16è minutes but de Beto Everton##Manunited (1-0)","1893284561494126648","","","fr","","0","0","0","https://x.com/KoneM53069/status/1893284561494126648","1876547484362899456","KoneM53069"
"1893284408875995406","Sat Feb 22 12:59:13 +0000 2025","1","Vous croyez trop Liverpool c est Manchester United","1893284408875995406","","","fr","Paris, France","0","0","0","https://x.com/sosonoxx29/status/1893284408875995406","1001084888961953792","sosonoxx29"
"1893284285563506805","Sat Feb 22 12:58:43 +0000 2025","0","C est incroyable comment Manchester United est devenu nul . #PL","1893284285563506805","","","fr","","0","0","0","https://x.com/SamLem18/status/1893284285563506805","1161251753075052544","SamLem18"
"1893284252877234666","Sat Feb 22 12:58:36 +0000 2025","0","Manchester United se fait balader par EVERTON MDRRRR","1893284252877234666","","","fr","Lorient, France ","0","0","0","https://x.com/56Chelsea/status/1893284252877234666","1096704552882130944","56Chelsea"
"1893284202876940508","Sat Feb 22 12:58:24 +0000 2025","2","Supporter Manchester United c'est une purge wallah https://t.co/MZjQuI3dGm","1893284202876940508","https://pbs.twimg.com/media/GkZL8vOXUAAe658.jpg","","fr","","0","2","1","https://x.com/Rayanfoot15/status/1893284202876940508","1856317551510233089","Rayanfoot15"
"1893284181943210257","Sat Feb 22 12:58:19 +0000 2025","0","️Everton et Manchester United les deux équipes marquent @1 80","1893284181943210257","","","fr","","1","0","0","https://x.com/lesDpronos/status/1893284181943210257","1788552131038900224","lesDpronos"
"1893284096375148651","Sat Feb 22 12:57:58 +0000 2025","1","Manchester United est une blague mdrrr","1893284096375148651","","","fr","","0","0","0","https://x.com/lwngbaa/status/1893284096375148651","1608217472594853888","lwngbaa"
"1893284028746219705","Sat Feb 22 12:57:42 +0000 2025","0","Et vas-y je regarde plus un match de Manchester United de l année c est bon ça m a saoulé","1893284028746219705","","","fr","Tours, France","0","0","0","https://x.com/alds8_/status/1893284028746219705","1377285359495696386","alds8_"
"1893284020730945948","Sat Feb 22 12:57:40 +0000 2025","39","On parle des problèmes de Manchester City en oubliant ceux de Manchester United. Wallah ils sont plus pourrie que City. Serieusement je comprends plus rien.","1893284020730945948","","","fr","USA","3","1","6","https://x.com/Thiawjuniorr7/status/1893284020730945948","1478078659978317832","Thiawjuniorr7"
"1893283959615717477","Sat Feb 22 12:57:26 +0000 2025","0","Qu est ce que c est nul Manchester United wow","1893283959615717477","","","fr","Paris","0","1","0","https://x.com/aure078/status/1893283959615717477","1468270848","aure078"
"1893283912190681288","Sat Feb 22 12:57:14 +0000 2025","1","BETOOOOO ! ️ L attaquant d Everton ouvre le score contre Manchester United ! #ManchesterUnited #Beto #Everton #PremierLeague https://t.co/17NX7K3Yvl","1893283912190681288","https://pbs.twimg.com/media/GkZLrpaWoAAnJKI.jpg","","fr","Marseille","0","0","0","https://x.com/PaulineRis/status/1893283912190681288","953329116","PaulineRis"
"1893283843697770926","Sat Feb 22 12:56:58 +0000 2025","0","Je vais répéter la meme phrase que je répète depuis 8 ans Que travaille Manchester United à l entraînement?","1893283843697770926","","","fr","","0","0","0","https://x.com/AmeMauvaise/status/1893283843697770926","1266035002770415617","AmeMauvaise"
"1893283841722237204","Sat Feb 22 12:56:58 +0000 2025","0","Manchester United vai cair","1893283841722237204","","","fr","Rio de Janeiro, Brasil","0","0","0","https://x.com/SasquatchPJL/status/1893283841722237204","1042179552901050368","SasquatchPJL"
"1893283767004827893","Sat Feb 22 12:56:40 +0000 2025","0","19min` Goal Norberto Bercique Gomes Betuncal.Assist Abdoulaye Doucouré Everton 1-0 Manchester united https://t.co/mZivs8kA27","1893283767004827893","https://pbs.twimg.com/media/GkZLitAXkAAg5IY.png","","fr","","0","0","0","https://x.com/JohnasZoro11/status/1893283767004827893","1773798123036463104","JohnasZoro11"
"1893283765230997738","Sat Feb 22 12:56:39 +0000 2025","0","Manchester United ptdrrrrrr azy","1893283765230997738","","","fr","","0","0","0","https://x.com/bhr2972/status/1893283765230997738","1236270905652846594","bhr2972"
"1893283746209509499","Sat Feb 22 12:56:35 +0000 2025","2","Le Sporting de Ruben Amorim avait le potentiel pour aller en quarts de LdC et il s est barré pour aller à MANCHESTER UNITED ","1893283746209509499","","","fr","94","0","0","0","https://x.com/marlonowski/status/1893283746209509499","560644928","marlonowski"
"1893283726357872676","Sat Feb 22 12:56:30 +0000 2025","0","manchester united c est devenu mystique tout ça","1893283726357872676","","","fr","France","0","0","0","https://x.com/QuanHussein/status/1893283726357872676","814844078240235520","QuanHussein"
"1893283666337354231","Sat Feb 22 12:56:16 +0000 2025","0","On en parle pas assez mais Manchester United ça fait super super peur","1893283666337354231","","","fr","Punta Ballena","0","0","0","https://x.com/LaskosBazz/status/1893283666337354231","267177737","LaskosBazz"
"1893283662508012030","Sat Feb 22 12:56:15 +0000 2025","0","Manchester United n'a tjs pas déposé le bilan le cauchemar va s'arrêter quand","1893283662508012030","","","fr","","0","0","0","https://x.com/natha_rbr/status/1893283662508012030","1488265044106391553","natha_rbr"
"1893283567519600975","Sat Feb 22 12:55:52 +0000 2025","3","Je vais mettre manchester united dans mes prières c est scandaleux ce qui se passe la bas ","1893283567519600975","","","fr","","0","1","0","https://x.com/_bedo93/status/1893283567519600975","1071206065","_bedo93"
"1893283457087721882","Sat Feb 22 12:55:26 +0000 2025","9","Des lyonnais ont vraiment peur de Manchester United en cas de qualification mdr","1893283457087721882","","","fr","","0","3","0","https://x.com/Lyonninho7/status/1893283457087721882","1470784744954683407","Lyonninho7"
"1893283306453524735","Sat Feb 22 12:54:50 +0000 2025","1","Ce qu'est devenu Manchester United.... Wow","1893283306453524735","","","fr","Paris","0","0","0","https://x.com/Romoly4/status/1893283306453524735","1250602322121629697","Romoly4"
"1893283280218112262","Sat Feb 22 12:54:44 +0000 2025","1","Yokha la championship Manchester United jouera la deuxième division anglaise","1893283280218112262","","","fr","cité ataya","0","0","0","https://x.com/assanekaolack/status/1893283280218112262","1132747441546121217","assanekaolack"
"1893283275424071828","Sat Feb 22 12:54:43 +0000 2025","0","Manchester United direction seconde division anglaise triste ","1893283275424071828","","","fr","ablaye055ba@gmail.com ","0","0","0","https://x.com/Ablaye_Jnr/status/1893283275424071828","1226937704945942528","Ablaye_Jnr"
"1893283264170750233","Sat Feb 22 12:54:40 +0000 2025","1","Manchester United va potentiellement prendre 3-0","1893283264170750233","","","fr","93","1","0","0","https://x.com/SIRBAYO_/status/1893283264170750233","2540137352","SIRBAYO_"
"1893283264074235982","Sat Feb 22 12:54:40 +0000 2025","0","Ila Manchester United .! https://t.co/4ig3SaiVMn","1893283264074235982","https://pbs.twimg.com/media/GkZLFrKXEAAkWFG.jpg","","fr","Dar es Salaam, Tanzania","0","0","0","https://x.com/gudhope_burton/status/1893283264074235982","1016257249646469120","gudhope_burton"
"1893283223859232840","Sat Feb 22 12:54:30 +0000 2025","0","Manchester united a part perdre h24 ils font quoi?","1893283223859232840","","","fr","","0","0","0","https://x.com/khlm94100/status/1893283223859232840","1512716843185844227","khlm94100"
"1893283050160619582","Sat Feb 22 12:53:49 +0000 2025","0","la gueule du but regardez moi cette piteuse équipe qu'est Manchester United https://t.co/kmYkl7PRhQ","1893283050160619582","https://pbs.twimg.com/ext_tw_video_thumb/1893282374957338624/pu/img/QCQnmH0KM4y6_KpK.jpg","","fr","","0","0","0","https://x.com/Ngsept8r/status/1893283050160619582","1655644380563136512","Ngsept8r"
"1893282755766546592","Sat Feb 22 12:52:39 +0000 2025","2","ILS ME DÉGOÛTENT TELLEMENT","1893282755766546592","","","fr","Lyon, France","1","0","1","https://x.com/BHD0601/status/1893282755766546592","1200236304203730944","BHD0601"
"1893282717766201714","Sat Feb 22 12:52:30 +0000 2025","1","Manchester United en fait c est juste mystique.","1893282717766201714","","","fr","Paradisia","0","1","0","https://x.com/__savastano/status/1893282717766201714","318969721","__savastano"
"1893282692889772341","Sat Feb 22 12:52:24 +0000 2025","0","Everton 1 Manchester United 0 Il n y a aucune équipe que Manchester United puisse gagner.","1893282692889772341","","","fr","Square Leon Blum ","0","0","0","https://x.com/gabe0_/status/1893282692889772341","1012117733796974596","gabe0_"
"1893282673319375105","Sat Feb 22 12:52:19 +0000 2025","1396","Manchester United chale mabr3","1893282673319375105","","","fr","Accra, Ghana","6","56","78","https://x.com/kwadwosheldon/status/1893282673319375105","1368507991499149329","kwadwosheldon"
"1893282665815568438","Sat Feb 22 12:52:17 +0000 2025","2","Je vous assure si Wolves n était pas aussi nul Manchester United serait relégué !","1893282665815568438","","","fr","La Chapelle-du-Mont-de-France","1","0","0","https://x.com/Arsenalencore/status/1893282665815568438","1794225301074894848","Arsenalencore"
"1893282642872692839","Sat Feb 22 12:52:12 +0000 2025","0","↗ Assist! Everton! Doucouré 3 pts. Tot 5 Pts Everton 1-0 Manchester United #sundreamteam https://t.co/MSgo0yHAiC","1893282642872692839","","","fr","United Kingdom","0","0","0","https://x.com/dt_alerts/status/1893282642872692839","3361426222","dt_alerts"
"1893282614649205031","Sat Feb 22 12:52:05 +0000 2025","1","Actuellement au grec entrain de regarder Everton-Manchester United","1893282614649205031","","","fr","Elmore","0","1","0","https://x.com/TOM664467559897/status/1893282614649205031","1726579928915697664","TOM664467559897"
"1893282626670121320","Sat Feb 22 12:52:08 +0000 2025","0","Manchester United joue comme ça 0 vanne https://t.co/fXiVcZ8vD5","1893282626670121320","https://pbs.twimg.com/ext_tw_video_thumb/1822953184056229888/pu/img/mBTBXyl5Dnh4VSCG.jpg","","fr","","0","0","0","https://x.com/Corleone775/status/1893282626670121320","1513206282","Corleone775"
"1893282640532320716","Sat Feb 22 12:52:11 +0000 2025","0","Voilà Everton qui mène Manchester United. Je pense que le projet Amorim doit cesser il faut qu il dégage.","1893282640532320716","","","fr","Bandjoun.","0","1","0","https://x.com/Baudrysteeve/status/1893282640532320716","1421044093497585668","Baudrysteeve"
"1893282602292801882","Sat Feb 22 12:52:02 +0000 2025","0","Ehhh ptdrrr Manchester United","1893282602292801882","","","fr","Into the Badlands Aulnay","0","0","0","https://x.com/LamineGsclan/status/1893282602292801882","1051679486","LamineGsclan"
"1893282592712950193","Sat Feb 22 12:52:00 +0000 2025","1","De Ligt est surement le pire recrutement de l'histoire de Manchester United on a recruté un Maguire numéro 2 plus jeune plus con et plus nul c'est hallucinant #EVEMU","1893282592712950193","","","fr","France","0","0","0","https://x.com/kingoale1/status/1893282592712950193","1634680730109222912","kingoale1"
"1893282510399827993","Sat Feb 22 12:51:40 +0000 2025","0","Il me font de la peine manchester united Amorim t aurais jamais dû allez dans ce bourbier","1893282510399827993","","","fr","","0","0","0","https://x.com/Loza19_/status/1893282510399827993","1424304891187585025","Loza19_"
"1893282402732036126","Sat Feb 22 12:51:14 +0000 2025","1","Manchester United est vraiment vraiment nul","1893282402732036126","","","fr","","0","0","0","https://x.com/NSEK93/status/1893282402732036126","3420841463","NSEK93"
"1893282374521118871","Sat Feb 22 12:51:08 +0000 2025","135","21' Everton ouvre le score.","1893282374521118871","","","fr","","10","57","1","https://x.com/MUnitedFR/status/1893282374521118871","832304691581161475","MUnitedFR"
"1893282363397861552","Sat Feb 22 12:51:05 +0000 2025","4","Manchester United quel équipe de merde sérieux","1893282363397861552","","","fr","95","0","0","1","https://x.com/Wdoflamingo/status/1893282363397861552","1401771468","Wdoflamingo"
"1893282360184950986","Sat Feb 22 12:51:04 +0000 2025","3","20' | Beto ouvre le score. 1-0 pour Everton. #MUFC","1893282360184950986","","","fr","","1","0","0","https://x.com/MUFR_/status/1893282360184950986","1636007774","MUFR_"
"1893282188293996816","Sat Feb 22 12:50:23 +0000 2025","2","Manchester United est catastrophique","1893282188293996816","","","fr","","0","1","0","https://x.com/aubamasque_/status/1893282188293996816","974429006358605825","aubamasque_"
"1893282119587188923","Sat Feb 22 12:50:07 +0000 2025","62","19' Une fois de plus pas grand chose à se mettre sous la dent lors de ce match. Deux petits centres ont apporté du danger côté United sinon rien...","1893282119587188923","","","fr","","1","5","2","https://x.com/MUnitedFR/status/1893282119587188923","832304691581161475","MUnitedFR"
"1893281303421931792","Sat Feb 22 12:46:52 +0000 2025","1","Manchester United c est tellement mid","1893281303421931792","","","fr","","0","0","0","https://x.com/nbhmr_/status/1893281303421931792","1119345594856869888","nbhmr_"
"1893281124236832792","Sat Feb 22 12:46:10 +0000 2025","6","Cette compilation est juste la preuve que certains joueurs : - N'ont pas le niveau pour jouer dans un club comme Manchester United. - Ne sont pas adaptés au système de Rubem Amorim. Mais certains préfèrent écouter ActuFoot sans regarder les matchs de Manchester United !","1893281124236832792","","","fr","","0","3","3","https://x.com/_Lucas_V_Off/status/1893281124236832792","1499459395582930955","_Lucas_V_Off"
"1893279504740560986","Sat Feb 22 12:39:44 +0000 2025","0","L horrible Manchester united va perdre encore ","1893279504740560986","","","fr","Côte d'Ivoire","0","0","0","https://x.com/sallcheickna/status/1893279504740560986","812801985397264389","sallcheickna"
"1893279053232079056","Sat Feb 22 12:37:56 +0000 2025","1","La météo de merde qui me force à regarder Manchester United c pas juste","1893279053232079056","","","fr","","0","1","0","https://x.com/jfaiscomment7/status/1893279053232079056","1430199762993680384","jfaiscomment7"
"1893278900320428238","Sat Feb 22 12:37:19 +0000 2025","0","Eeeh Manchester United","1893278900320428238","","","fr","Malawi","0","0","0","https://x.com/rassian4/status/1893278900320428238","1146801571528921092","rassian4"
"1893277591747838418","Sat Feb 22 12:32:07 +0000 2025","53","0' C'EST PARTI A GOODISON PARK !!","1893277591747838418","","","fr","","0","5","1","https://x.com/MUnitedFR/status/1893277591747838418","832304691581161475","MUnitedFR"
"1893277588291764430","Sat Feb 22 12:32:07 +0000 2025","1","⏱️𝗖𝗢𝗨𝗣-𝗗'𝗘𝗡𝗩𝗢𝗜 𝗗𝗢𝗡𝗡É 𝗘𝗡𝗧𝗥𝗘 𝗟𝗘 𝟭𝟰𝗲 𝗘𝗧 𝗟𝗘 𝟭𝟱𝗲 𝗗𝗨 𝗖𝗟𝗔𝗦𝗦𝗘𝗠𝗘𝗡𝗧 ! Victoire impérative pour Manchester United pour remonter en haut du classement. ⬆️ https://t.co/rA5VAD5kai","1893277588291764430","https://pbs.twimg.com/media/GkZF7pJWkAAC3MS.jpg","","fr","","0","0","0","https://x.com/JR_Football9/status/1893277588291764430","1892245275764252672","JR_Football9"
"1893277528128618789","Sat Feb 22 12:31:52 +0000 2025","1","Everton vs Manchester United pour debuter ce week end de foot https://t.co/NSvZD7uqHZ","1893277528128618789","https://pbs.twimg.com/media/GkZF4OhXsAAsGQt.jpg","","fr","Rufisque-DKR-SN","0","0","0","https://x.com/Bocar_Dia17/status/1893277528128618789","1098616907530412032","Bocar_Dia17"
"1893277240214921601","Sat Feb 22 12:30:44 +0000 2025","6","EVERTON ️ MANCHESTER UNITED Les freres si vous cherchez un télégram fiable pour voir le match de MANCHESTER j ai mis le lien pour rejoindre le stream dans ma bio sur mon profil 13H30 : EVERTON - MANCHESTER UNITED ️ like ce tweet pour que je t accepte ! #EVEMUN #PL","1893277240214921601","","","fr","","0","3","1","https://x.com/Kevin150199/status/1893277240214921601","2381121583","Kevin150199"
"1893276794809176111","Sat Feb 22 12:28:57 +0000 2025","0","Premier League: Everton Manchester United les cotes pour le 22 Février 2025 https://t.co/FQjeCGLq7V #FootballBettingTips #PremierLeague #ManchesterUnited #Everton #Pronosticfrançais","1893276794809176111","","","fr","Europe | Asia","0","0","0","https://x.com/asianconnect/status/1893276794809176111","46939308","asianconnect"
"1893276630367281335","Sat Feb 22 12:28:18 +0000 2025","1","Go Everton tu peux le faire face à Manchester United.","1893276630367281335","","","fr","senegal","0","0","0","https://x.com/Dioptheboss/status/1893276630367281335","3874392087","Dioptheboss"
"1893276262363287907","Sat Feb 22 12:26:53 +0000 2025","1","Beto est en feu 4 buts en 3 matchs et même sans quelques attaquants blessés (Calvert-Lewin Ndiaye) ils tiennent la route avec Carlos Alcaraz qui marque aussi. Manchester United par contre c est plus chaotique. Ils sont 15e avec 8 victoires 5 nuls et 12 défaites.","1893276271360037347","","x892370","fr","","0","1","0","https://x.com/x892370/status/1893276271360037347","1687610512849227776","x892370"
"1893276262363287907","Sat Feb 22 12:26:51 +0000 2025","1","Alors un petit pronostic pour Everton vs Manchester United aujourd hui 22 février 2025 ? Je vais me baser sur ce qu on sait et un peu de logique sans inventer des trucs farfelus ! Everton joue à domicile à Goodison Park et là ils sont en forme sous David Moyes.","1893276265483792476","","x892370","fr","","0","1","0","https://x.com/x892370/status/1893276265483792476","1687610512849227776","x892370"
"1893275475234922823","Sat Feb 22 12:23:43 +0000 2025","7","On commence cette longue journée de football avec un Everton - Manchester United ","1893275475234922823","","","fr","","0","2","0","https://x.com/GOUIRISTE_/status/1893275475234922823","1685944453138116608","GOUIRISTE_"
"1893275151883444473","Sat Feb 22 12:22:26 +0000 2025","2","Victoire d Arsenal Défaite de Manchester united Défaite de Chelsea Défaite de Barcelone Victoire de Marseille Vamos https://t.co/vZ3Ya4wAwx","1893275151883444473","https://pbs.twimg.com/tweet_video_thumb/GkZDtlTXwAAEmpx.jpg","","fr","","0","0","1","https://x.com/Karimwrld_/status/1893275151883444473","1581392462723092480","Karimwrld_"
"1893274752984199355","Sat Feb 22 12:20:51 +0000 2025","0","Je ne vais pas regarder le match de Manchester United Je ne vais pas regarder le match de Manchester United Je ne vais pas regarder le match de Manchester United Je ne vais pas regarder le match de Manchester United Je ne vais pas regarder le match de Manchester United ","1893274752984199355","","","fr","","1","0","0","https://x.com/a_tchikpa/status/1893274752984199355","1574859326736699392","a_tchikpa"
"1893274582154457559","Sat Feb 22 12:20:10 +0000 2025","8","Qui a un lien telegram ? Pour Everton vs Manchester United ?","1893274582154457559","","","fr","Normandie & Old Trafford ","1","9","0","https://x.com/MarckUnited/status/1893274582154457559","1667922746322436101","MarckUnited"
"1893274106046407136","Sat Feb 22 12:18:16 +0000 2025","0","Everton Manchester United à suivre en direct https://t.co/rfaAlGgcCq #sport #sports #SportFr #actualité #infos #alerte","1893274106046407136","","","fr","France","0","0","0","https://x.com/FilSport/status/1893274106046407136","348443515","FilSport"
"1893271329798787084","Sat Feb 22 12:07:14 +0000 2025","20"," Manchester United au Goodison Park : 106 matchs 37 victoires 22 nuls 47 défaites Meilleur buteur de notre histoire : Jack Rowley (6 buts) #MUFC https://t.co/qsAEdMA4Ar","1893271329798787084","https://pbs.twimg.com/media/GkZAPKRWsAA2kib.jpg","","fr","","0","1","1","https://x.com/ManUtd_Histoire/status/1893271329798787084","1326217094271299586","ManUtd_Histoire"
"1893258629173629268","Sat Feb 22 12:05:15 +0000 2025","1","@immorteltyran @_Malouf_ C est téré bieng même ‍‍","1893270827560243224","","immorteltyran","fr","Lyon, France","0","1","0","https://x.com/BHD0601/status/1893270827560243224","1200236304203730944","BHD0601"
"1893261830040035700","Sat Feb 22 12:03:22 +0000 2025","0","@giakhavari @ManUtd Incroyable","1893270352987345004","","giakhavari","fr","","0","0","0","https://x.com/DialloJordi/status/1893270352987345004","1533096007147393024","DialloJordi"
"1893268876479123925","Sat Feb 22 11:57:30 +0000 2025","127","Amorim : J'ai vu à l'entraînement qu'ils montrent différentes choses mais il faut le montrer en match ce qui est le plus difficile mais je suis toujours confiant dans le fait qu'on peut progresser et mieux jouer. L'objectif est de gagner et d'améliorer notre performance. https://t.co/dRXm0k2ofJ","1893268876479123925","https://pbs.twimg.com/media/GkY92tqW0AA9mBz.jpg","","fr","","2","3","7","https://x.com/MUnitedFR/status/1893268876479123925","832304691581161475","MUnitedFR"
"1893268217734246428","Sat Feb 22 11:54:52 +0000 2025","174","Amorim : C'est un match complètement différent de Tottenham. Il faudra gagner beaucoup de duels les coups de pied arrêtés seront importants. #MUFC https://t.co/Q5T5gjPGuD","1893268217734246428","https://pbs.twimg.com/media/GkY9W1DXkAApfLM.jpg","","fr","","0","1","6","https://x.com/MUnitedFR/status/1893268217734246428","832304691581161475","MUnitedFR"
"1893267199457952152","Sat Feb 22 11:50:50 +0000 2025","0","MANCHESTER UNITED - HARRY MAGUIRE (CGppw) #SomosPorto #TodosPeloPorto @J0hnFCP","1893267199457952152","","","fr","","0","0","0","https://x.com/IauauYAbnasyASG/status/1893267199457952152","1834639818711535616","IauauYAbnasyASG"
"1893265828771979457","Sat Feb 22 11:45:23 +0000 2025","0","#Everton vs Manchester United #EVEMUN","1893265828771979457","","","fr","","0","0","0","https://x.com/MariaDodds44472/status/1893265828771979457","1662406372657442817","MariaDodds44472"
"1893261882728784358","Sat Feb 22 11:45:15 +0000 2025","0","@__stvnnn Le club de Manchester United et la carrière de Jamel Debbouze sont tout les deux dans un très mauvais état. Alors les deux ","1893265796144480299","","__stvnnn","fr","Lens, France","0","0","0","https://x.com/nthonyx/status/1893265796144480299","524709606","nthonyx"
"1893264089704522057","Sat Feb 22 11:38:28 +0000 2025","1","OFFICIEL ! La composition de Manchester United pour affronter Everton ️! Coup d envoi 13h30 ️ (@ManUtd) #EVEMUN https://t.co/p20DBgTOHp","1893264089704522057","https://pbs.twimg.com/media/GkY5oe6XYAAU4OB.jpg","","fr","Amiens, France","0","0","0","https://x.com/football_actufr/status/1893264089704522057","1523331962294968321","football_actufr"
"1893262751918633265","Sat Feb 22 11:33:09 +0000 2025","6","Le XI du jour ! #MUFC https://t.co/qlwySIQrHb","1893262751918633265","https://pbs.twimg.com/media/GkY4bP1XYAE1YU2.jpg","","fr","","0","0","0","https://x.com/senegal_mu/status/1893262751918633265","1160685392074596352","senegal_mu"
"1893261882728784358","Sat Feb 22 11:29:42 +0000 2025","120","D ailleurs si vous me suivez depuis peu et que vous vous dites que je parle jamais de foot alors que je dis en être passionné ; c est normal je supporte Manchester United","1893261882728784358","","","fr","","2","25","1","https://x.com/__stvnnn/status/1893261882728784358","1327302540220895233","__stvnnn"
"1893261849757450679","Sat Feb 22 11:29:34 +0000 2025","21","Salut l équipe ! je stream tout les matchs du jour sur le lien telegram dans ma bio️ LILLE - MONACO SAINT ETIENNE - ANGERS AUXERRE - MARSEILLE EVERTON - MANCHESTER UNITED ARSENAL - WEST HAM ASTON VILLA - CHELSEA LAS PALMAS - BARCELONE RT + LIKE POUR QUE JE T ACCEPTE","1893261849757450679","","","fr","","1","8","12","https://x.com/Kevin150199/status/1893261849757450679","2381121583","Kevin150199"
"1893258414492426691","Sat Feb 22 11:27:01 +0000 2025","1","@MUnitedFR J ai déjà mal à la tête","1893261205382308035","","MUnitedFR","fr","","0","0","0","https://x.com/Manchesterfra/status/1893261205382308035","1872364951920316416","Manchesterfra"
"1892912151385301104","Sat Feb 22 11:27:13 +0000 2025","0","@_SamuelAS tu tapes Bucarest en 8eme Manchester United en 1/4 la Roma en 1/2 et une finale OL-TOTTENHAM . voilà mon dream","1893261256225632259","","_SamuelAS","fr","","0","0","0","https://x.com/EddyStasio/status/1893261256225632259","420894616","EddyStasio"
"1893260686442082618","Sat Feb 22 11:24:57 +0000 2025","118","Tout les jours je souhaite l anéantissement de Manchester United","1893260686442082618","","","fr","Ile-de-France, France","2","1","24","https://x.com/Carlitoo94/status/1893260686442082618","821127719857639426","Carlitoo94"
"1893260600144204194","Sat Feb 22 11:24:36 +0000 2025","1","Les compos pour le premier match de ce samedi entre: Everton VS Manchester United #EVEMUN https://t.co/QCLri5EQX5","1893260600144204194","https://pbs.twimg.com/media/GkY2euOWoAASRdU.jpg","","fr","Visé, Belgique","0","0","0","https://x.com/BelgesPL/status/1893260600144204194","1516522197124362256","BelgesPL"
"1893259505023992100","Sat Feb 22 11:20:15 +0000 2025","7","Bruno Fernandes a créé 10 grosses occasions pour Manchester United cette saison en championnat. Plus que tout autre joueur. https://t.co/J3ygM8jJls","1893259505023992100","https://pbs.twimg.com/media/GkY1ezMWUAAcwZL.jpg","","fr","","0","0","1","https://x.com/Actufoot_stats/status/1893259505023992100","1197612772160344064","Actufoot_stats"
"1893259419703513207","Sat Feb 22 11:19:55 +0000 2025","1","Je vais tenter une expérience dans une heure et dix minutes qui consiste à regarder Everton-Manchester United sans m endormir ça va être dur","1893259419703513207","","","fr","Milan, Lombardie","0","0","0","https://x.com/ClementTR14/status/1893259419703513207","1690792253663444992","ClementTR14"
"1893258190214537638","Sat Feb 22 11:15:02 +0000 2025","2","Pour ceux qui veulent voir GRATUITEMENT le match Everton-Manchester Utd 13h30 - Everton 🆚 Manchester United Suivez les instructions présente dans ma BIO pour regarder le match en live sur Telegram #EVE #MUN #EVEMUN #MUFC 1","1893258190214537638","","","fr","LIEN FOOT 👉","0","0","0","https://x.com/FlixD18/status/1893258190214537638","1428403115900944388","FlixD18"
"1893257889923379460","Sat Feb 22 11:13:50 +0000 2025","430","Chido Obi est arrivé avec le groupe. [@RichFay] #MUFC https://t.co/jR62wbT2Hu","1893257889923379460","https://pbs.twimg.com/ext_tw_video_thumb/1893257465711497216/pu/img/4qCQsQEzKqEzgW3d.jpg","","fr","","0","7","19","https://x.com/MUnitedFR/status/1893257889923379460","832304691581161475","MUnitedFR"
"1893234402341081146","Sat Feb 22 11:12:59 +0000 2025","1","@Scipionista Après pour Manchester United n'importe quel match de foot est un traquenard","1893257674126438731","","Scipionista","fr","","0","0","0","https://x.com/Ben2Mars_/status/1893257674126438731","1561020458945970177","Ben2Mars_"
"1893256678037966883","Sat Feb 22 11:09:01 +0000 2025","0","Manchester United : Le Qatar relance son offre pour le rachat https://t.co/8uLsIJSgFU","1893256678037966883","","","fr","Paris, France","0","0","0","https://x.com/goalfootactus/status/1893256678037966883","1890526134686601216","goalfootactus"
"1893253358548394137","Sat Feb 22 11:06:07 +0000 2025","1","@RyadUtd C est terrible la nostalgie a détruit son projet. Il avait tout compris sur la façon dont Manchester United doit jouer","1893255946173825278","","RyadUtd","fr","","0","1","0","https://x.com/dozzohb/status/1893255946173825278","1300831835421839362","dozzohb"
"1893228206787817519","Sat Feb 22 11:04:24 +0000 2025","3","@oAzzoo Vu le nombre d erreurs du PSG contre United en 2019 on peut tout à fait soupçonner Manchester d avoir acheté le match !","1893255517226647822","","oAzzoo","fr","✞🇮🇹","0","0","0","https://x.com/ZyrtekOM/status/1893255517226647822","3500191157","ZyrtekOM"
"1893255138636157159","Sat Feb 22 11:02:54 +0000 2025","0","Manchester United revient aujourd'hui le meilleur club d'Angleterre ️ https://t.co/XLIpbf8eoN","1893255138636157159","https://pbs.twimg.com/media/GkYxg8JWsAAAcUm.jpg","","fr","Senegal","0","0","0","https://x.com/Ciss4243Cisse/status/1893255138636157159","1786452181740130304","Ciss4243Cisse"
"1893069661673082981","Sat Feb 22 11:02:04 +0000 2025","6","@lounes2vvs Le meilleur mezzala que j'ai vue de ma vie. Dommage que Manchester United ai pas compris son profils","1893254927897534545","","lounes2vvs","fr","","0","1","0","https://x.com/BritaniaFc/status/1893254927897534545","1640393040614379521","BritaniaFc"
"1893254738658853180","Sat Feb 22 11:01:19 +0000 2025","2","Pour ceux qui veulent voir GRATUITEMENT le match Everton-Manchester Utd 13h30 - Everton 🆚 Manchester United Suivez les instructions présente dans ma BIO pour regarder le match en live sur Telegram #EVE #MUN #EVEMUN #MUFC 1","1893254738658853180","","","fr","LIEN FOOT 👉","0","0","0","https://x.com/Katogus_lien/status/1893254738658853180","1868283282883760128","Katogus_lien"
"1893249546756477155","Sat Feb 22 10:48:25 +0000 2025","54","@RMadrid_actu @relevo vous vous foutez de la gueule de qui ? 1Md c'est le prix pour acheter un club entier comme l'Ac Milan ou le Manchester United","1893251492779286815","","RMadrid_actu","fr","","1","0","0","https://x.com/viscabarcaa12/status/1893251492779286815","2715129581","viscabarcaa12"
"1893250557713752441","Sat Feb 22 10:44:42 +0000 2025","0","Everton v Manchester United H2H Stats #Topbets #MUFC #PL #PremierLeague https://t.co/c933OIsFuf","1893250557713752441","https://pbs.twimg.com/media/GkYtWT_WsAAXNcP.jpg","","fr","South Africa","0","0","0","https://x.com/Topbets_SA/status/1893250557713752441","1663461134844809216","Topbets_SA"
"1893250529054102008","Sat Feb 22 10:44:35 +0000 2025","0","Everton v Manchester United H2H Stats #Topbets #MUFC #PL #PremierLeague https://t.co/CuJUfpQEwd","1893250529054102008","https://pbs.twimg.com/media/GkYtUpzW8AEY06Z.jpg","","fr","Nigeria","0","0","0","https://x.com/topbets_ng/status/1893250529054102008","1623751835843534850","topbets_ng"
"1893250492462948398","Sat Feb 22 10:44:26 +0000 2025","0","Everton v Manchester United H2H Stats #Topbets #MUFC #PL #PremierLeague https://t.co/5XTM9zMrTm","1893250492462948398","https://pbs.twimg.com/media/GkYtSioWQAAnEMW.jpg","","fr","kenya","0","0","0","https://x.com/TopbetsK/status/1893250492462948398","1307279160545554434","TopbetsK"
"1892914772225425777","Sat Feb 22 10:43:43 +0000 2025","0","@Mj_ssl @Memphiste__ Vu le Manchester united actuel c est le pire de l histoire vous pouvez le faire si vous allez en 1/4","1893250308551143794","","Mj_ssl","fr","","0","0","0","https://x.com/Mathis_930/status/1893250308551143794","1034553119303237632","Mathis_930"
"1893246724312850732","Sat Feb 22 10:29:28 +0000 2025","0","Je veux juste une victoire cet après-midi Manchester United","1893246724312850732","","","fr","Mamprobi","0","0","0","https://x.com/elroyalehq/status/1893246724312850732","1339601184722571267","elroyalehq"
"1893246578556641724","Sat Feb 22 10:28:53 +0000 2025","0","Dans l une des grandes affiches de samedi Manchester United se déplacera à Everton en quête désespérée d une victoire. Pariez ici https://t.co/SkMXSLScjr #22BetAlwaysPays https://t.co/Q400dfywF6","1893246578556641724","https://pbs.twimg.com/media/GkYpuj6WEAA47O8.jpg","","fr","22BET Kinshasa","0","1","0","https://x.com/22betkinshasa/status/1893246578556641724","1392493932228055040","22betkinshasa"
"1893246068042653982","Sat Feb 22 10:26:52 +0000 2025","0","Manchester United peut avoir tous les problèmes du monde mais battre Everton n'en fera pas partie. Rassure toi mon gars","1893246068042653982","","","fr","sunu këür","0","0","0","https://x.com/Modou_utd/status/1893246068042653982","1318163208650264577","Modou_utd"
"1893245081378857406","Sat Feb 22 10:22:56 +0000 2025","0","Dans l une des grandes affiches de samedi Manchester United se déplacera à Everton en quête désespérée d une victoire. Les Red Devils affichent un solide bilan face à Everton ayant remporté leurs 6 dernières confrontations entre les deux équipes. Pariez ici https://t.co/aQzqhiw9x5","1893245081378857406","https://pbs.twimg.com/media/GkYoXVzXMAM94qM.jpg","","fr","","0","1","0","https://x.com/22bet_senegal/status/1893245081378857406","2567042903","22bet_senegal"
"1893244686174748935","Sat Feb 22 10:21:22 +0000 2025","2","Qui est Coupable de La CRISE A Manchester United ? https://t.co/t4zaE9xxw8","1893244686174748935","https://pbs.twimg.com/media/GkYoAYcX0AAjT5t.jpg","","fr","France","0","1","2","https://x.com/FootCentralTV/status/1893244686174748935","1507135009789992964","FootCentralTV"
"1893243338297336188","Sat Feb 22 10:16:01 +0000 2025","0","Manchester United pourrait économiser des millions s'il remplaçait Jonathan David et Angel Gomes de Lille cet été car tous deux deviennent agents libres.(Source : @manunitednews)","1893243338297336188","","","fr","","0","0","0","https://x.com/CoinFootball2/status/1893243338297336188","1495662248538390530","CoinFootball2"
"1893242146389401623","Sat Feb 22 10:11:17 +0000 2025","0","Omar Berrada directeur général de Manchester United a averti les employés que toute divulgation non autorisée d'informations sensibles serait considérée comme une « faute grave » pouvant entraîner un licenciement. https://t.co/TAggAkonkw","1893242146389401623","https://pbs.twimg.com/media/GkYlrXFWwAENpkV.png","","fr","","0","0","0","https://x.com/Bibra44/status/1893242146389401623","2789903867","Bibra44"
"1893241995662909794","Sat Feb 22 10:10:41 +0000 2025","7"," Petit souvenir du Goodison Park et de notre victoire 4-2 en avril 2007 ! #MUFC https://t.co/Bznrcl8uRl","1893241995662909794","https://pbs.twimg.com/ext_tw_video_thumb/760798400048619522/pu/img/OB9OuoMRAYOuyl8l.jpg","","fr","","0","1","0","https://x.com/ManUtd_Histoire/status/1893241995662909794","1326217094271299586","ManUtd_Histoire"
"1893239612933280070","Sat Feb 22 10:01:13 +0000 2025","0"," Rúben Amorim sur l'acceptation du poste à Manchester United en novembre plutôt qu en été : ️ « J ai mes raisons les raisons les plus importantes d accepter le poste. Je sais que ce sera difficile et risqué je le sais » « mais c est Manchester United et on ne peut https://t.co/Wuhm117J9G","1893239612933280070","https://pbs.twimg.com/media/GkYjZIpWQAAEUpd.jpg","","fr","France","0","0","0","https://x.com/SebasMadrilene/status/1893239612933280070","1830265737568559104","SebasMadrilene"
"1893237651735548166","Sat Feb 22 09:53:25 +0000 2025","92","Manchester United revient aujourd hui https://t.co/c1IxINaUtE","1893237651735548166","https://pbs.twimg.com/ext_tw_video_thumb/1864032871209377792/pu/img/bYrVfdnF-eA-OqMH.jpg","","fr","","0","4","6","https://x.com/ElhadjiKandji1/status/1893237651735548166","1235545483134873601","ElhadjiKandji1"
"1893234927828709462","Sat Feb 22 09:42:36 +0000 2025","1","Même un retour de Sir Alex Ferguson ne sauvera pas Manchester United ️ https://t.co/oFmioCcDYc https://t.co/NFTwfdjjyo","1893234927828709462","https://pbs.twimg.com/media/GkYfIh-WsAA0xyS.jpg","","fr","Paris","0","0","0","https://x.com/foot365/status/1893234927828709462","248729321","foot365"
"1892989348481523723","Sat Feb 22 09:42:01 +0000 2025","1","@AlanBuchet86315 @ActuFootAfrique Mbeumo 15 buts déjà en PL Onana gardien de Manchester united Baleba lave le cul de tous les milieux de PL mais si Alain bûchette ne reconnaît personne","1893234784756719833","","AlanBuchet86315","fr","","0","1","0","https://x.com/swishy95/status/1893234784756719833","1755285007701073920","swishy95"
"1893234402341081146","Sat Feb 22 09:40:30 +0000 2025","1373","Ce petit Everton - Manchester United match de PL du samedi 13h30 le traquenard de Goodison Park qui nous attend à l heure de la digestion https://t.co/gbzVygtbrM","1893234402341081146","https://pbs.twimg.com/media/GkYep3BXwAEzond.jpg","","fr","","7","25","79","https://x.com/Scipionista/status/1893234402341081146","493450965","Scipionista"
"1893234373941416384","Sat Feb 22 09:40:23 +0000 2025","0"," Unibet Everton - Manchester United Beto ou Rasmus Hojlund buteur et plus de 2 5 buts dans le match 2.9 3.30 https://t.co/fubHArSAmZ #TeamParieur #GCB #CoteBoostée","1893234373941416384","","","fr","Dans un nuage, quelque part","0","0","0","https://x.com/alerte_gcb/status/1893234373941416384","1486337783014776833","alerte_gcb"
"1892912683608858883","Sat Feb 22 09:33:39 +0000 2025","0","@Footballogue j habite entre Paris et Lyon je vais aller supporter Liverpool à Paris et je vais aller insulter Manchester United à Lyon ","1893232676074647569","","Footballogue","fr","Paris, France","0","0","0","https://x.com/obadian_/status/1893232676074647569","880291057422000128","obadian_"
"1893232362999165306","Sat Feb 22 09:32:24 +0000 2025","133","Amorim : C'est difficile de leur dire quelque chose [aux fans pour leur donner espoir]. Je préfère les actes et tout faire pour essayer de changer les résultats et les performances. Je n'ai jamais vu ça de ma vie la manière dont ils se comportent avec nous pas seulement moi https://t.co/LBkjABMBUC","1893232362999165306","https://pbs.twimg.com/media/GkYahyAXgAAKaEs.jpg","","fr","","4","7","6","https://x.com/MUnitedFR/status/1893232362999165306","832304691581161475","MUnitedFR"
"1893232130341105755","Sat Feb 22 09:31:29 +0000 2025","419","| Manchester United a jeté son dévolu sur Ronald Araújo. Ils sont prêts à faire une offre de 100M € ce qui serait l'un des plus gros mouvements du mercato d été. ️ | @fichajesnet https://t.co/olC2qEnSZA","1893232130341105755","https://pbs.twimg.com/media/GkYcli3XsAAya39.jpg","","fr","","22","29","19","https://x.com/BarcaSphere_/status/1893232130341105755","1779933412515553280","BarcaSphere_"
"1893229778464919732","Sat Feb 22 09:22:08 +0000 2025","393","Amorim : Si on m'avait dit que je ne gagnerais que 4 matchs sur 14 [en Premier League] je n'y aurais pas cru. Je vous aurais traité de fou. C'est pour moi la partie la plus difficile. Ce n'est pas parce que j'étais habitué à gagner c'est une question de fierté mais aussi de https://t.co/SXjvJkDJCK","1893229778464919732","https://pbs.twimg.com/media/GkYZrEBWkAAkkbP.jpg","","fr","","14","18","21","https://x.com/MUnitedFR/status/1893229778464919732","832304691581161475","MUnitedFR"
"1893014884780016100","Sat Feb 22 09:21:30 +0000 2025","0","@MUnitedFR Une voie royale pour Manchester United de remporter l'Europa cette saison.","1893229621102977061","","MUnitedFR","fr","Guinea","0","0","0","https://x.com/abdoulmadjid313/status/1893229621102977061","1723270659239731200","abdoulmadjid313"
"1893228286446023157","Sat Feb 22 09:16:12 +0000 2025","1"," Manchester United pourrait économiser des millions s'ils décidaient de recruter Jonathan David et Angel Gomes de Lille cet été car les deux joueurs deviendront agents libres. (Source :@ManUtdMEN)","1893228286446023157","","","fr","","0","0","1","https://x.com/Karimteame/status/1893228286446023157","1891601630782464000","Karimteame"
"1893228284294426914","Sat Feb 22 09:16:12 +0000 2025","2"," INFO | André Onana et les Reds Devils seront au Goodison Park cet après midi pour affronter Everton à l occasion de la 26e journée de PL. 🇨🇲 Après deux défaites de suite en championnat Manchester United pourra t-elle inverser la tendance ? Réponse à 13h30 heure d Ewodi. https://t.co/eqIWoVBafu","1893228284294426914","https://pbs.twimg.com/media/GkYZEo9WkAALa3X.jpg","","fr","Marseille, France","0","0","0","https://x.com/MCFoot237/status/1893228284294426914","1715413705255469057","MCFoot237"
"1893227688535429186","Sat Feb 22 09:13:50 +0000 2025","0","Je viens de me réveiller en me rappelant que Manchester United joue aujourd hui Le football est en train de pleurer ","1893227688535429186","","","fr","","0","0","0","https://x.com/dozzohb/status/1893227688535429186","1300831835421839362","dozzohb"
"1893207432932848011","Sat Feb 22 09:08:12 +0000 2025","1","@Alex359418 Largement.","1893226274090311954","","Alex359418","fr","","0","0","0","https://x.com/ManUtd_Histoire/status/1893226274090311954","1326217094271299586","ManUtd_Histoire"
"1893225809403338979","Sat Feb 22 09:06:22 +0000 2025","275","Amorim : Sociedad ? Une équipe espagnole qui a beaucoup le ballon. On va tout faire pour passer au prochain tour. #MUFC https://t.co/k29VK5unZf","1893225809403338979","https://pbs.twimg.com/media/GkYWzPTW4AA6xUa.png","","fr","","0","6","4","https://x.com/MUnitedFR/status/1893225809403338979","832304691581161475","MUnitedFR"
"1893225676997644662","Sat Feb 22 09:05:50 +0000 2025","208","Amorim : La semaine a été très bonne. Bien meilleure que la précédente parce qu'on récupère des joueurs : Chris [Eriksen] Leny [Yoro] et Manu [Ugarte]. #MUFC https://t.co/cGdxTlmN6G","1893225676997644662","https://pbs.twimg.com/media/GkYWqyVW4AA390e.png","","fr","","2","3","4","https://x.com/MUnitedFR/status/1893225676997644662","832304691581161475","MUnitedFR"
"1893225564103721069","Sat Feb 22 09:05:23 +0000 2025","126","Amorim : Dernier match à Goodison Park ? On veut juste gagner. Je sais que c'est un grand stade avec beaucoup d'histoire mais notre objectif est de gagner le match et de prendre trois points. Nous pouvons utiliser ce que nous avons fait pendant la semaine pour essayer de gagner https://t.co/vmDP2VtQlh","1893225564103721069","https://pbs.twimg.com/media/GkYWlRnWMAAnBdk.png","","fr","","0","5","2","https://x.com/MUnitedFR/status/1893225564103721069","832304691581161475","MUnitedFR"
"1893215481089110365","Sat Feb 22 09:01:40 +0000 2025","0","@BambafaaLL @THiiiEUF Le plus grand suceur de Fraudiola","1893224628450979908","","BHD0601","fr","Lyon, France","0","1","0","https://x.com/BHD0601/status/1893224628450979908","1200236304203730944","BHD0601"
"1893221832511177043","Sat Feb 22 08:50:33 +0000 2025","0","Manchester United revient dans un instant https://t.co/cFDZPbsiyO","1893221832511177043","https://pbs.twimg.com/amplify_video_thumb/1892266940112027648/img/ut8WvWBkGR1fz-jb.jpg","","fr","Second degré City","0","0","0","https://x.com/coss221/status/1893221832511177043","1172677418513047552","coss221"
"1893220620260843628","Sat Feb 22 08:45:44 +0000 2025","1"," Rúben Amorim : « Nous devons faire confiance aux jeunes joueurs de Manchester United. Nous devons vraiment nous concentrer sur la jeunesse dans l avenir de notre club ». « Je dis cela en raison de l histoire et de la réalité de notre club ». https://t.co/i3YzBgF5mI","1893220620260843628","https://pbs.twimg.com/media/GkYSHmOXsAAnREi.jpg","","fr","Paris, France","0","0","0","https://x.com/WbSilence/status/1893220620260843628","1207384381796605953","WbSilence"
"1893220311572562157","Sat Feb 22 08:44:31 +0000 2025","0"," mais c est Manchester United et on ne peut pas dire non .","1893220314173071666","","WbSilence","fr","Paris, France","0","0","0","https://x.com/WbSilence/status/1893220314173071666","1207384381796605953","WbSilence"
"1893220205913911453","Sat Feb 22 08:44:06 +0000 2025","0"," Rúben Amorim sur les raisons pour lesquelles Everton a connu un regain de forme avec un nouveau manager et Manchester United non : « Le plus simple est que David Moyes fait un meilleur travail que moi ». « C'est tout simple ! ». https://t.co/IFZlvfXTpn","1893220205913911453","https://pbs.twimg.com/media/GkYRvePWwAAKDYp.jpg","","fr","Paris, France","0","0","0","https://x.com/WbSilence/status/1893220205913911453","1207384381796605953","WbSilence"
"1893219132885061830","Sat Feb 22 08:39:50 +0000 2025","2","Encore un samedi de souffrance pour Manchester United Direction Goodison Park pour affronter Everton et honnêtement on ne sait même plus à quoi s attendre. Une nouvelle humiliation ou un miracle inattendu ? ‍️ Coup d envoi à 13h30. #EVEMUN #PremierLeague #MUFC https://t.co/hitQC6i221","1893219132885061830","https://pbs.twimg.com/media/GkYQwbLXUAAP9ZA.jpg","","fr","","0","0","0","https://x.com/Manchesterfra/status/1893219132885061830","1872364951920316416","Manchesterfra"
"1893216752357580991","Sat Feb 22 08:30:22 +0000 2025","0","#mercato Manchester United : déjà 8 buts inscrits en 2025 Ruben Amorim a trouvé son futur attaquant pour 76 M€ #football https://t.co/s3eVdzM3TF","1893216752357580991","","","fr","Paris, France","0","0","0","https://x.com/TopMercato/status/1893216752357580991","23755763","TopMercato"
"1893215554267193678","Sat Feb 22 08:25:37 +0000 2025","3","Everton reçoit Manchester United à 12h30 (GMT). Les Red Devils cherchent à se relancer face à des Toffees en forme. --- Arsenal accueille West Ham à 15h00 (GMT). Un derby crucial pour les Gunners dans la course au titre. #PremierLeague #Everton #ManUnited #Arsenal #WestHam https://t.co/UFWTZoZGQ6","1893215554267193678","https://pbs.twimg.com/media/GkYNgxvX0AAgUQN.jpg","","fr","","0","0","2","https://x.com/Carre_foot/status/1893215554267193678","1617871693166383104","Carre_foot"
"1893207432932848011","Sat Feb 22 07:53:20 +0000 2025","159","Joyeux anniversaire à Sergio Romero qui fête ses 38 ans ! 39 clean sheets en 61 matchs et un second rôle assuré parfaitement. #MUFC https://t.co/c5AxLsH6DP","1893207432932848011","https://pbs.twimg.com/media/GkYGIItXMAETbYg.jpg","","fr","","3","4","8","https://x.com/ManUtd_Histoire/status/1893207432932848011","1326217094271299586","ManUtd_Histoire"
"1893213523712360453","Sat Feb 22 08:17:32 +0000 2025","0","On vous a concocté de nouvelles soirées européennes... Dispo très limitées ! 🇪🇸 Atlético-Real Madrid 11-13/03 | https://t.co/yoYK5Evlvw 󠁧󠁢󠁥󠁮󠁧󠁿 Manchester United-Real Sociedad 12-14/03 | https://t.co/7RrYe83gge 󠁧󠁢󠁳󠁣󠁴󠁿 Rangers-Fenerbahce 12-14/03 | https://t.co/meX35KKFyp https://t.co/7X6Nd7sKxp","1893213523712360453","https://pbs.twimg.com/media/GkYLnZHXkAEKyMj.jpg","","fr","France","1","0","0","https://x.com/thefankultur/status/1893213523712360453","979426495042084864","thefankultur"
"1893024139859923392","Sat Feb 22 07:27:40 +0000 2025","0","@2titia @lequipedegreg @starragolequipe Le Real a fait sa fortune sur ses nombreuses victoires...ses nombreuses LDC gagné... comme Liverpool... Manchester United... Etc... tout le contraire du Qatar SG ","1893200973067133159","","2titia","fr","","0","0","0","https://x.com/nab1675/status/1893200973067133159","1124769344460869633","nab1675"
"1893194012930240635","Sat Feb 22 07:00:01 +0000 2025","45","#ASSE #MatchduJour Le 22 février 2017 après le 0-3 de l'aller Manchester United marque dès la 16e minute à Geoffroy-Guichard en 16e de finale de la ligue Europa (0-1) devant 41 492 spectateurs (record du club en coupe d'Europe) mais le public a été extraordinaire ! https://t.co/M3nNL5QI00","1893194012930240635","https://pbs.twimg.com/media/GkU0dyBXoAA_aNF.jpg","","fr","","0","1","3","https://x.com/pilia_albert/status/1893194012930240635","1479334134581538817","pilia_albert"
"1893193244437094564","Sat Feb 22 06:56:57 +0000 2025","1","Rúben Amorim : « Nous devons faire confiance aux jeunes joueurs ici à Manchester United. Nous devons vraiment nous concentrer sur l'avenir de notre club en misant sur la jeunesse. » « Je dis cela à cause de l'histoire et en raison de la réalité de notre club. » https://t.co/nBzEXACW7I","1893193244437094564","https://pbs.twimg.com/media/GkX5OAnWwAApWuk.jpg","","fr","","0","0","1","https://x.com/Karimteame/status/1893193244437094564","1891601630782464000","Karimteame"
"1893190672230031493","Sat Feb 22 06:46:44 +0000 2025","0","Le nouveau maillot de Manchester United Third Goalkeeper 2024 2025 disponible sur https://t.co/QVCHd9gujl https://t.co/lYFxdkv59L","1893190672230031493","https://pbs.twimg.com/media/GkX2ZNjWMAAevbV.jpg","","fr","+15000 clients depuis 2018","0","1","0","https://x.com/BoutiqueKickOff/status/1893190672230031493","1574684900703223809","BoutiqueKickOff"
"1893187352618533338","Sat Feb 22 06:33:33 +0000 2025","0","Manchester United a trouvé son nouveau CR7 ! https://t.co/KJMRJxcnFT #sport #sports #SportFr #actualité #infos #alerte","1893187352618533338","","","fr","France","0","0","0","https://x.com/FilSport/status/1893187352618533338","348443515","FilSport"
"1893001680108630075","Sat Feb 22 05:25:02 +0000 2025","1","@MUnitedFR Ibraguimov doit jouer en équipe première stp Amorim ","1893170111969636393","","MUnitedFR","fr","","0","0","0","https://x.com/PLlebot31/status/1893170111969636393","1546798388892631040","PLlebot31"
"1892919825078390910","Sat Feb 22 05:17:11 +0000 2025","2","@BaptV_Utd En vraie si ont passe la sociedad la finale nous tends les bras après c sur sa va être très compliqué ils nous faut absolument le groupe au complet trop de blesser .. encore ..","1893168134179221830","","BaptV_Utd","fr","","0","0","0","https://x.com/PLlebot31/status/1893168134179221830","1546798388892631040","PLlebot31"
"1893157504218968121","Sat Feb 22 04:34:56 +0000 2025","1","Everton-Manchester United : à quelle heure et sur quelle chaîne TV suivre le match de Premier League ? ️ https://t.co/uHEI0blvvh https://t.co/oJM8El9hss","1893157504218968121","https://pbs.twimg.com/media/GkXYt6PWQAAjqsz.jpg","","fr","","0","0","0","https://x.com/leparisiensport/status/1893157504218968121","596570515","leparisiensport"
"1893157052706357364","Sat Feb 22 04:33:09 +0000 2025","9","« le vrai Cristiano ». Jvai vraiment finir par croire que Ronaldo a pécho 5 ballon d or en étant un joueur de Merde. Incapable de rien foutre avec c est pieds . Le Manchester united de Alex Ferguson quelle bande de Trou du cul d avoir recruter un joueur aussi éclater que","1893157052706357364","","","fr","","0","0","1","https://x.com/Mezfc24/status/1893157052706357364","1704211687451009024","Mezfc24"
"1893143019588665366","Sat Feb 22 03:37:23 +0000 2025","2","Ça me termine parce qu on vanne Manchester United depuis des années mais maintenant qu ils sont au plus bas limite personne n en parle mdrrr. https://t.co/nMkoVNpGWJ","1893143019588665366","https://pbs.twimg.com/media/GkXLipdXgAAR88a.jpg","","fr","Five Percent Nation 𝟕 ☪︎","0","0","0","https://x.com/NinoBrownRed/status/1893143019588665366","1563010685361356806","NinoBrownRed"
"1892963702917202203","Sat Feb 22 03:23:52 +0000 2025","1","@XaviSol_ Barça vs Liverpool/ Tottenham vs Manchester United","1893139618804949476","","XaviSol_","fr","","0","0","0","https://x.com/Msqueunclub1/status/1893139618804949476","1318619849669574658","Msqueunclub1"
"1892889721954554051","Sat Feb 22 01:52:42 +0000 2025","1","@AmorimEra_ @business Le problème de Manchester United c'est ni les joueurs ni l'entraîneur le directeur sportif c'est un nullard c'est tout","1893116675010052192","","AmorimEra_","fr","bamako","0","0","0","https://x.com/souleym36494195/status/1893116675010052192","744345355668561921","souleym36494195"
"1893101752397766950","Sat Feb 22 00:53:24 +0000 2025","11"," C'est jour de match ! | Everton - Manchester United | 26eme journée de Premier League | Goodison Park | 13H30 | Canal+ ️ | Bayindir Evans Martinez Shaw Mainoo Collyer Mount #MUFC https://t.co/7LB15GD2Vf","1893101752397766950","https://pbs.twimg.com/media/GkWmAw8XAAA0riQ.jpg","","fr","","1","0","1","https://x.com/MUFR_/status/1893101752397766950","1636007774","MUFR_"
"1893099702255542641","Sat Feb 22 00:45:15 +0000 2025","18","JOUR DE MATCH ! #MUFC https://t.co/RZB16kpKWH","1893099702255542641","https://pbs.twimg.com/media/GkWkJG8WwAAU_q_.jpg","","fr","","0","0","0","https://x.com/senegal_mu/status/1893099702255542641","1160685392074596352","senegal_mu"
"1893097515592937548","Sat Feb 22 00:36:34 +0000 2025","0","Une victoire aujourd hui s il vous plaît pour bien commencer la weekend en attendant Manchester united","1893097515592937548","","","fr","Lille, France","0","0","0","https://x.com/Isaac85376107/status/1893097515592937548","1191952083450286082","Isaac85376107"
