"conversation_id_str","created_at","favorite_count","full_text","id_str","image_url","in_reply_to_screen_name","lang","location","quote_count","reply_count","retweet_count","tweet_url","user_id_str","username"
"1893676115144708343","Sun Feb 23 17:19:25 +0000 2025","0","@sheebecky nashukuru sana","1893712280585392434","","sheebecky","in","😎😎😎","0","0","0","https://x.com/funjojr/status/1893712280585392434","1146783022282358785","funjojr"
"1893489694425387248","Sun Feb 23 17:18:11 +0000 2025","0","@vintagesfuck Efisiensi taik anjing","1893711967015116885","","vintagesfuck","in","somewhere over the rainbow","0","0","0","https://x.com/donSINGO/status/1893711967015116885","131449847","donSINGO"
"1893676115144708343","Sun Feb 23 17:15:34 +0000 2025","1","@sheebecky naonewa","1893711311164346673","","sheebecky","in","😎😎😎","0","1","0","https://x.com/funjojr/status/1893711311164346673","1146783022282358785","funjojr"
"1893710038130167979","Sun Feb 23 17:10:31 +0000 2025","0","Arne slot ini bisa langsung nyetel sma liverpool bahkan prediksi bakal juara ini liverpool sedangkan Manchester United?","1893710038130167979","","","in","","0","0","0","https://x.com/AgungrRahmad/status/1893710038130167979","1476615332","AgungrRahmad"
"1893704598809882657","Sun Feb 23 16:56:03 +0000 2025","1","@WaruiJohn2 Manchester United fans wa majuu sanasana","1893706396740304917","","WaruiJohn2","in","Kenyase, Ghana","0","0","0","https://x.com/Its_Elchapo/status/1893706396740304917","928341438412226560","Its_Elchapo"
"1893690738048635197","Sun Feb 23 15:53:49 +0000 2025","0","Manchester United sedang mempertimbangkan untuk mendatangkan penyerang Tottenham berusia 32 tahun yaitu Son Heung-Min. Nama penyerang Korea Selatan itu masuk dalam agenda transfer Man United. (https://t.co/hRV7riJP7w) #MUFC https://t.co/zuYZymVr7U","1893690738048635197","https://pbs.twimg.com/media/Gke9rb_bwAAZmq5.jpg","","in","Manchester","0","0","0","https://x.com/UtdMasterclass/status/1893690738048635197","1879260653602648064","UtdMasterclass"
"1893690407587901569","Sun Feb 23 15:52:30 +0000 2025","0","Tim yang gue dukung dan ikuti walaupun ngebadut Manchester United Persija Timnas Indonesia Tim yang gue seneng aja liat mainnya Real Madrid Timnas Jepang always fun watch them play.","1893690407587901569","","","in","Jakarta Pusat, DKI Jakarta","0","0","0","https://x.com/pratitowibowo/status/1893690407587901569","292720437","pratitowibowo"
"1893686306569351499","Sun Feb 23 15:36:13 +0000 2025","3","Kenapa kutuk Manchester United? Ada personal ke???","1893686306569351499","","","in","Petaling Jaya","0","1","0","https://x.com/chairmanGLC/status/1893686306569351499","1438164328755068928","chairmanGLC"
"1893685064568897639","Sun Feb 23 15:31:17 +0000 2025","2","#LawasReguler - Minggu 23 Februari 2025 #Lawas3 Manchester United Training Shirt 2007 Size S (74x51) Sponsor Original crack Sizing NikeFit pudar Apparel ngelupas dikit Washable stain List MU brudul Bobbles https://t.co/KB3CHwcjQK","1893685064568897639","https://pbs.twimg.com/media/Gke4d16WYAE3_6f.jpg","","in","","1","1","0","https://x.com/lelanglawas/status/1893685064568897639","2394073585","lelanglawas"
"1893675688911163498","Sun Feb 23 15:20:19 +0000 2025","0","@_thefemalealpha Ungekua Fan wa manchester united usingemaliz wiki ww kama ndo ivi","1893682308567236792","","_thefemalealpha","in","Dar es Salaam, Tanzania","0","1","0","https://x.com/RichardRaynolds/status/1893682308567236792","1445115336043470857","RichardRaynolds"
"1893676115144708343","Sun Feb 23 15:03:37 +0000 2025","0","@Gery_Gerrald haina noma wakuu","1893678105031590112","","Gery_Gerrald","in","😎😎😎","0","1","0","https://x.com/funjojr/status/1893678105031590112","1146783022282358785","funjojr"
"1893678040624062501","Sun Feb 23 15:03:22 +0000 2025","1","Bekas bintang Arsenal Manchester United kini bersama Feyenoord Feyenoord tagih sentuhan van Persie menjelang aksi pusingan 16 Liga Juara-Juara berdepan Inter Milan bulan depan. #sinarharian #RobinvanPersie https://t.co/5QYMMHlHE2","1893678040624062501","","","in","Malaysia","0","0","0","https://x.com/SinarOnline/status/1893678040624062501","331383958","SinarOnline"
"1893677397687386482","Sun Feb 23 15:00:49 +0000 2025","0","Keputusan kurang memuaskan daripada Manchester United https://t.co/k5PRZLwxmM","1893677397687386482","","","in","","0","0","0","https://x.com/majoritionline/status/1893677397687386482","1430364813457182720","majoritionline"
"1893676509858075113","Sun Feb 23 14:57:17 +0000 2025","17","Football ni scam kama Manchester united inaweza kuwa number 15 sahizi then ni kubaya","1893676509858075113","","","in","Nairobi, Kenya","0","1","5","https://x.com/KUcoolkid/status/1893676509858075113","1188323185290285056","KUcoolkid"
"1893667069138264492","Sun Feb 23 14:55:58 +0000 2025","0","@Hmdel22 @PorosHalangID lah? kok aneh? liverpool tuh lebih di anggep rival buat emyu selain leeds united daripada arsenal chelsea bahkan manchester city yang satu kota.","1893676180915499258","","Hmdel22","in","0265","0","1","0","https://x.com/blyibml18/status/1893676180915499258","1624722545147785218","blyibml18"
"1893676115144708343","Sun Feb 23 14:55:43 +0000 2025","83","Kila sehemu mmeniblock wanetu haina noma lakini maisha tu haya.","1893676115144708343","","","in","😎😎😎","0","5","6","https://x.com/funjojr/status/1893676115144708343","1146783022282358785","funjojr"
"1893636097856413857","Sun Feb 23 14:51:43 +0000 2025","1","@depedrodeniss @jwise017 mzee jau huyu","1893675108750819667","","depedrodeniss","in","😎😎😎","0","0","0","https://x.com/funjojr/status/1893675108750819667","1146783022282358785","funjojr"
"1893671046059798862","Sun Feb 23 14:35:34 +0000 2025","1","Mtoto WA museven anataka kuinunua Manchester United Nyie wenye timu yenu mnasemaje","1893671046059798862","","","in","Tanzania","0","0","0","https://x.com/bughalizah/status/1893671046059798862","1616257533139685377","bughalizah"
"1893667649814499494","Sun Feb 23 14:22:05 +0000 2025","30","Mashabiki wa Manchester United mtakufa mkiendelea hivi https://t.co/wXjafolRUX","1893667649814499494","https://pbs.twimg.com/media/Gkeor8UXQAADQaW.jpg","","in","Dar es Salaam, Tanzania","1","11","12","https://x.com/fantasy_FGP/status/1893667649814499494","1591671186177593349","fantasy_FGP"
"1893662097311248876","Sun Feb 23 14:00:01 +0000 2025","0","MENEJA wa Manchester United Ruben Amorim amesisitiza hitaji la timu yake kukabiliana na changamoto za msimu huu kabla ya kuangalia mbele kwa siku zijazo.#KituoChaWakenya https://t.co/NkHeAU6jmq","1893662097311248876","","","in","Kenya","0","0","0","https://x.com/RadioJamboKenya/status/1893662097311248876","2515401066","RadioJamboKenya"
"1893633796643373254","Sun Feb 23 13:58:33 +0000 2025","0","@Fahrihamzah Niat baik kontooolllll","1893661727750799662","","Fahrihamzah","in","somewhere over the rainbow","0","0","0","https://x.com/donSINGO/status/1893661727750799662","131449847","donSINGO"
"1893655549193097646","Sun Feb 23 13:48:32 +0000 2025","0","@idextratime lama lama como bisa juga ngalahin manchester united","1893659210207965277","","idextratime","in","Ciputat indonesia","0","0","0","https://x.com/kimcgyu/status/1893659210207965277","1371882930377662465","kimcgyu"
"1892956484566430074","Sun Feb 23 13:34:04 +0000 2025","0","@pxiomatic Buat yang mau ppt manchester united buat presentasi di sekolah/kampus cuma 5k https://t.co/tgYXiWO70B https://t.co/YbZ94ZDOBx","1893655569187164267","https://pbs.twimg.com/media/Gkedsy6WgAAdfcJ.jpg","pxiomatic","in","","0","0","0","https://x.com/Mrber28/status/1893655569187164267","1893654899034120192","Mrber28"
"1893652726396895654","Sun Feb 23 13:30:36 +0000 2025","0","@immorteltyran Niak nga foula koi","1893654695438139782","","immorteltyran","in","Lyon, France","0","1","0","https://x.com/BHD0601/status/1893654695438139782","1200236304203730944","BHD0601"
"1893654519004705094","Sun Feb 23 13:29:54 +0000 2025","0","INEOS akan mengumumkan gelombang pemutusan hubungan kerja Manchester United pada hari Senin sementara Sir Jim Ratcliffe dan Sir Dave Brailsford ingin melupakan pencapaian klub di masa lalu dan fokus pada masa depan. (Mirror Football) #MUFC https://t.co/I49ZtwuSb0","1893654519004705094","https://pbs.twimg.com/media/Gkecu5na8AA9brL.jpg","","in","Manchester","0","0","0","https://x.com/UtdMasterclass/status/1893654519004705094","1879260653602648064","UtdMasterclass"
"1893652792666898579","Sun Feb 23 13:23:02 +0000 2025","18"," Real Madrid wanajiandaa kuingia kwenye kinyang'anyiro cha kumnasa beki wa RB Leipzig Castello Lukeba ambaye pia anavutiwa na Liverpool Chelsea na Manchester United. (Chanzo: mirror) https://t.co/h9n6KYAtrd","1893652792666898579","https://pbs.twimg.com/media/GkebKsDWQAAK_4f.jpg","","in","Dar es Salaam, Tanzania","0","1","0","https://x.com/Unitedtanzania1/status/1893652792666898579","1485848815714381829","Unitedtanzania1"
"1893636971848757316","Sun Feb 23 13:15:44 +0000 2025","2","@jwise017 mpe muda apone kwanza","1893650956027396176","","jwise017","in","😎😎😎","0","0","0","https://x.com/funjojr/status/1893650956027396176","1146783022282358785","funjojr"
"1893652642712199238","Sun Feb 23 13:22:27 +0000 2025","0","Apasih wkwkk.. analoginya gini.. Manchester United jadiin Kochi buat jadi BA nya emyu di indo walaupun kochi jelek²in emyu mulu tiap minggu.. untungnya buat lu apaaa wahai pasukan halodek???? ","1893652642712199238","","","in","Bekasi, Jawa Barat","0","1","0","https://x.com/bagasin_gas/status/1893652642712199238","1228104466638856193","bagasin_gas"
"1893648002314608646","Sun Feb 23 13:04:00 +0000 2025","0","Marcus Rashford telah menyumbang lebih banyak assist untuk gol Liga Premier vs Chelsea (2) daripada pemain sayap Manchester United mana pun yang tersedia sepanjang musim ini. (Statman Dave) #MUFC https://t.co/ug7RYmwwlF","1893648002314608646","https://pbs.twimg.com/media/GkeWz5tbEAAuvNc.jpg","","in","Manchester","0","0","0","https://x.com/UtdMasterclass/status/1893648002314608646","1879260653602648064","UtdMasterclass"
"1893646557309698390","Sun Feb 23 12:58:16 +0000 2025","0","Bruno Fernandes telah mencapai angka dua digit dalam hal gol &amp; assist di masing-masing dari lima musim penuhnya di Manchester United: 2020/21 - 28 G &amp; 18 A 2021/22 - 10 G &amp; 14 A 2022/23 - 14 G &amp; 13 A 2023/24 - 15 G &amp; 13 A 2024/25 - 10 G &amp; 12 A (Statman Dave) #MUFC https://t.co/fd7c52VQUD","1893646557309698390","https://pbs.twimg.com/media/GkeVfo6bkAAnKeq.jpg","","in","Manchester","0","0","0","https://x.com/UtdMasterclass/status/1893646557309698390","1879260653602648064","UtdMasterclass"
"1893617486093860928","Sun Feb 23 12:53:57 +0000 2025","0","@Sir_Keei Btw kroso aneh ga sih main sing iki? Luwih penak main sing gabung karo game ML e","1893645472213975534","","Sir_Keei","in","East Borneo, Indonesia","0","1","0","https://x.com/Crusadder13/status/1893645472213975534","405568957","Crusadder13"
"1893613204154241197","Sun Feb 23 12:52:01 +0000 2025","0","@AgusMagelangan Pernah gedek juga ada orang jualan dengan tipe kayak yg disebutin diatas. Tapi maksa2 orang buat beli. Endingnya orang2 pada ga ada yang beli.","1893644985230332392","","AgusMagelangan","in","East Borneo, Indonesia","0","0","0","https://x.com/Crusadder13/status/1893644985230332392","405568957","Crusadder13"
"1893644677896970489","Sun Feb 23 12:50:48 +0000 2025","0","Saat melawan Everton Manuel Ugarte mencetak gol pertamanya untuk Manchester United dalam 30 penampilan yang telah ia mainkan untuk klub. (Statman Dave) #MUFC https://t.co/Ppu0aNmea3","1893644677896970489","https://pbs.twimg.com/media/GkeTuB4bcAAeg0Y.jpg","","in","Manchester","0","0","0","https://x.com/UtdMasterclass/status/1893644677896970489","1879260653602648064","UtdMasterclass"
"1893643323002491217","Sun Feb 23 12:45:25 +0000 2025","0","Bruno Fernandes telah mencetak atau membantu 167 gol untuk Manchester United itu adalah 128 lebih banyak daripada pemain di Man United. Tumpuan. (Statman Dave) #MUFC https://t.co/v3MBj3NvZj","1893643323002491217","https://pbs.twimg.com/media/GkeSh_7akAAvhgo.jpg","","in","Manchester","0","0","0","https://x.com/UtdMasterclass/status/1893643323002491217","1879260653602648064","UtdMasterclass"
"1893642425547346117","Sun Feb 23 12:41:51 +0000 2025","0","Manchester United Bakal Lepas Alejandro Garnacho di Akhir Musim Nasib Marcus Rashford Casemiro dan Antony Masih Tanda Tanya https://t.co/aUt5Tk8Za6","1893642425547346117","","","in","Jakarta","0","0","0","https://x.com/jawapos_sports/status/1893642425547346117","1848653528887398400","jawapos_sports"
"1893640934879121608","Sun Feb 23 12:35:55 +0000 2025","85"," | FAKTA: Bruno Fernandes telah mencapai dua digit dalam hal gol &amp; assist dalam lima musim penuhnya di Manchester United: - 2020/21: 28 gol &amp; 18 assist - 2021/22: 10 gol &amp; 14 assist - 2022/23: 14 gol &amp; 13 assist - 2023/24: 15 gol &amp; 13 assist - 2024/25: 10 gol &amp; 12 assist https://t.co/NNdWY9ew6m","1893640934879121608","https://pbs.twimg.com/media/GkeQY4PWMAAhiVC.jpg","","in","","1","6","7","https://x.com/utdabout/status/1893640934879121608","3029512724","utdabout"
"1893552402848194773","Sun Feb 23 12:23:17 +0000 2025","0","@bloomnolia Bakat : membuat Manchester United kebanjiran trofi.","1893637754141004258","","bloomnolia","in","Daniel Mahesa. (23↑)","0","1","0","https://x.com/ofNiel_/status/1893637754141004258","1748636662400442368","ofNiel_"
"1893634019515826633","Sun Feb 23 12:08:26 +0000 2025","0","United ini terlalu lembek sama pemainnya² udah dari kapan selalu kyk ginii tapi selaluu dibiarin gada pembersihan gede²an.","1893634019515826633","","","in","","0","0","0","https://x.com/RianSap09238975/status/1893634019515826633","1163946631479222272","RianSap09238975"
"1893624344972001292","Sun Feb 23 11:30:00 +0000 2025","2","Gol hebat dari Manu untuk membuka akaunnya bersama United #MUFC https://t.co/aAUN0qBO2O","1893624344972001292","https://pbs.twimg.com/ext_tw_video_thumb/1893603468083912704/pu/img/7F2_r9BnlGh4zIZE.jpg","","in","Old Trafford","0","0","0","https://x.com/ManUtd_MY/status/1893624344972001292","1846140120","ManUtd_MY"
"1893293709095055847","Sun Feb 23 11:28:58 +0000 2025","0","@JamiiForums Manchester united wakiwa uwanjani","1893624086749667749","","JamiiForums","in","Dar es Salaam, Tanzania","0","0","0","https://x.com/RichardRaynolds/status/1893624086749667749","1445115336043470857","RichardRaynolds"
"1893622079838474339","Sun Feb 23 11:21:00 +0000 2025","0","Bruno Fernandes memahami kemarahan Ruben Amorim atas hasil terbaru Manchester United. Menghadapi Everton di Liga Inggris Man United tertinggal 0-2 pada babak pertama https://t.co/oUS8EBR0xR","1893622079838474339","","","in","Indonesia","0","0","0","https://x.com/BolaSportcom/status/1893622079838474339","78239324","BolaSportcom"
"1893622079683264860","Sun Feb 23 11:21:00 +0000 2025","0","Bruno Fernandes memahami kemarahan Ruben Amorim atas hasil terbaru Manchester United. Menghadapi Everton di Liga Inggris Man United tertinggal 0-2 pada babak pertama https://t.co/1hf9ULTulW","1893622079683264860","","","in","JAKARTA","0","0","0","https://x.com/tribunSUPERBALL/status/1893622079683264860","626306017","tribunSUPERBALL"
"1893616143371546734","Sun Feb 23 10:57:24 +0000 2025","3","Harus diakui kalau Liverpool sudah sangat dekat dengan gelar juara Liga Inggris. Manchester United terlalu lama tertidur manajemen amburadul menjadi penyebab utama membiarkan Liverpool menyamai kita","1893616143371546734","","","in","","0","2","0","https://x.com/achmadrezky/status/1893616143371546734","67892835","achmadrezky"
"1893613512116650326","Sun Feb 23 10:46:57 +0000 2025","0","Everton vs Manchester United Berakhir 2-2 Kontroversi VAR Warnai Laga https://t.co/cDGmnVKFBm","1893613512116650326","","","in","Kota Manado, Sulawesi Utara","0","0","0","https://x.com/eksposetimes/status/1893613512116650326","1881293726091542528","eksposetimes"
"1893613020104020248","Sun Feb 23 10:45:00 +0000 2025","3","Menyentuh hati peminat dari Bruno ©️ #MUFC https://t.co/5uupHRsuAX","1893613020104020248","https://pbs.twimg.com/ext_tw_video_thumb/1893603072934653952/pu/img/qZLfbk7ilGSW5BHJ.jpg","","in","Old Trafford","0","0","0","https://x.com/ManUtd_MY/status/1893613020104020248","1846140120","ManUtd_MY"
"1893605814776041842","Sun Feb 23 10:16:22 +0000 2025","721","Rashford diasingkan Manchester United Asensio tak mendapat banyak menit bersama PSG. Keduanya kemudian bergabung ke Aston Villa Januari lalu dan dini hari tadi jadi penentu kemenangan vs Chelsea. Asensio 2 gol Rashford 2 assist. INI JUGA SOAL KESEMPATAN &amp; KEPERCAYAAN. https://t.co/DUrRBA9N0m","1893605814776041842","https://pbs.twimg.com/media/GkdwczlXkAACHU4.jpg","","in","Indonesia","13","79","58","https://x.com/theflankerID/status/1893605814776041842","1291787107178917889","theflankerID"
"1893466668325618024","Sun Feb 23 10:13:49 +0000 2025","1","@SiaranBolaLive Arsenal mengejar Liverpool. Sementara Manchester United sedang berlomba Lari dari Kenyataan .","1893605171621494820","","SiaranBolaLive","in","Rangkasbitung, Indonesia","0","0","0","https://x.com/MisbahWiyono/status/1893605171621494820","2248056396","MisbahWiyono"
"1893604614643085726","Sun Feb 23 10:11:36 +0000 2025","0","Striker Lille Jonathan David lebih memilih bergabung dengan Barcelona ketimbang klub seperti Arsenal Chelsea dan Manchester United. (Sumber: Fichajes)","1893604614643085726","","","in","","0","0","0","https://x.com/keon12coleman/status/1893604614643085726","1459924729284882435","keon12coleman"
"1893602663087911166","Sun Feb 23 10:03:50 +0000 2025","2","Mengucapkan selamat hari jadi kepada @Casemiro #MUFC https://t.co/r9gA13WJO6","1893602663087911166","https://pbs.twimg.com/media/GkdtlKVaAAAtlAu.jpg","","in","Old Trafford","0","0","0","https://x.com/ManUtd_MY/status/1893602663087911166","1846140120","ManUtd_MY"
"1893601703834120461","Sun Feb 23 10:00:02 +0000 2025","360","Selamat ulang tahun @Casemiro 🇧🇷 #MUFC https://t.co/aj9uI3IhHk","1893601703834120461","https://pbs.twimg.com/media/GkdZBruWgAAvh54.jpg","","in","Old Trafford","1","2","24","https://x.com/ManUtd_ID/status/1893601703834120461","1846234722","ManUtd_ID"
"1893599425206833335","Sun Feb 23 09:50:59 +0000 2025","17","NEW PROJECT KIHARAKA BEACH PLOTS Mradi mpya kutoka @lapexproperties uliyopo Mapinga-Kiharaka near Mbweni-Malindi. 500 Mita kutoka baharini na 2.5KM from Mbweni Road. Viwanja vinaanzia sqm 500(20 kwa 25) mpaka sqm 2000(50 kwa 40) sqm 1 @ 30 000 Tshs #KiharakaBeachProject https://t.co/I11NktfWVy","1893599425206833335","https://pbs.twimg.com/ext_tw_video_thumb/1893599189038219264/pu/img/Egm7pGtc4SQXZh8p.jpg","","in","😎😎😎","0","0","13","https://x.com/funjojr/status/1893599425206833335","1146783022282358785","funjojr"
"1892148122362708256","Sun Feb 23 09:46:50 +0000 2025","0","@wanfayhsal @NgaKorMing [SUKAN] Jumlah mata yang dikutip oleh pasukan Manchester United di Liga Inggeris adalah 30 lebih 4 mata berbanding angka 26 undi yang diterima oleh Wan Fayhsal.","1893598381169156105","","wanfayhsal","in","Kuala Lumpur","0","0","0","https://x.com/TonsilBasher/status/1893598381169156105","967571957087522817","TonsilBasher"
"1892524254996152792","Sun Feb 23 09:46:32 +0000 2025","0","@wanfayhsal [SUKAN] Jumlah mata yang dikutip oleh pasukan Manchester United di Liga Inggeris adalah 30 lebih 4 mata berbanding angka 26 undi yang diterima oleh Wan Fayhsal.","1893598309048373677","","wanfayhsal","in","Kuala Lumpur","0","0","0","https://x.com/TonsilBasher/status/1893598309048373677","967571957087522817","TonsilBasher"
"1892216859451171312","Sun Feb 23 09:45:59 +0000 2025","0","@wanfayhsal [SUKAN] Jumlah mata yang dikutip oleh pasukan Manchester United di Liga Inggeris adalah 30 lebih 4 mata berbanding angka 26 undi yang diterima oleh Wan Fayhsal.","1893598169373499538","","wanfayhsal","in","Kuala Lumpur","0","0","0","https://x.com/TonsilBasher/status/1893598169373499538","967571957087522817","TonsilBasher"
"1893288386309362154","Sun Feb 23 09:44:59 +0000 2025","1","@PorosHalangID Udah biarin aja namanya juga lagi berproses .... Tetap semangat dukung Manchester United.","1893597919183310988","","PorosHalangID","in","Lampung, Indonesia","0","0","0","https://x.com/diosmahyoga/status/1893597919183310988","165741470","diosmahyoga"
"1893592971880137043","Sun Feb 23 09:25:20 +0000 2025","45","Odds: 5.037️ Code: ipo chini . Mwaga Repost tumpige kanjibai. KAMA HUNA MTAJI SEMA MAPEMA LEO . Gusa achia twende kwa kanji 1. Newcastle United vs. Nottingham Forest Total 2: 9.5 Over (Shots Towards The Goal) Odds: 1.48 2. Manchester City vs. Liverpool Total 2: 10.5 https://t.co/RalKmoQM9W","1893592971880137043","https://pbs.twimg.com/media/GkdkuCwXYAAFtrY.jpg","","in","Lagos, Nigeria","4","7","24","https://x.com/Kirikuu20/status/1893592971880137043","1411408945575600128","Kirikuu20"
"1893589535520628782","Sun Feb 23 09:11:41 +0000 2025","0","Victor Osimhen Harus Potong Gaji Jika Mau Gabung Manchester United https://t.co/SgSYWXdeMc","1893589535520628782","https://pbs.twimg.com/media/GkdhpXoXYAEbEq7.jpg","","in","","0","0","0","https://x.com/RUANGSPORTS/status/1893589535520628782","1891841429972090881","RUANGSPORTS"
"1893587794934509656","Sun Feb 23 09:04:46 +0000 2025","0","Kegagalan Manchester United Antony di Real Betis Beri Barcelona Rejeki Nomplok Rp 426 Miliar atas Vitor Roque https://t.co/w93Uv9DxTW","1893587794934509656","","","in","","0","0","0","https://x.com/subroto_nugroho/status/1893587794934509656","1593979184908767232","subroto_nugroho"
"1893587357191881093","Sun Feb 23 09:03:01 +0000 2025","394","[SUKAN] Jumlah mata yang dikutip oleh pasukan Manchester United di Liga Inggeris adalah 30 lebih 4 mata berbanding angka 26 undi yang diterima oleh Wan Fayhsal. https://t.co/ORBimGcOFD","1893587357191881093","https://pbs.twimg.com/media/GkdfqpgWEAAVq_h.jpg","","in","Kuala Lumpur","9","14","162","https://x.com/harakakdailyHD/status/1893587357191881093","1680882626725281792","harakakdailyHD"
"1893585294147915914","Sun Feb 23 08:55:29 +0000 2025","0","1/ Manchester United mengalami comeback dramatis melawan Everton! Namun lebih dari sekadar hasil laga ini menunjukkan betapa rentannya United musim ini.","1893585460242354682","","dantemirza","in","","0","1","0","https://x.com/dantemirza/status/1893585460242354682","252437971","dantemirza"
"1893585294147915914","Sun Feb 23 08:54:49 +0000 2025","1","Manchester United: Dari Olok-olok Kekacauan hingga Comeback Dramatis! A thread !!! https://t.co/Ejj4tHFP41","1893585294147915914","https://pbs.twimg.com/media/Gkddv9fWcAICkZq.jpg","","in","","0","1","0","https://x.com/dantemirza/status/1893585294147915914","252437971","dantemirza"
"1893582337751089312","Sun Feb 23 08:43:05 +0000 2025","6","PSS dan Manchester United punya satu kesamaan: Berjuang untuk bangkit dari papan bawah Bedanya PSS punya harapan baru bernama Pieter Huistra Teman-teman @tackling76 mencoba mengulik kira-kira akan seperti apa PSS di bawah Huistra. Gas https://t.co/nzuNq5NlZz","1893582337751089312","","","in","","1","0","1","https://x.com/garistengah_id/status/1893582337751089312","153755463","garistengah_id"
"1893456917298655665","Sun Feb 23 08:38:06 +0000 2025","1","@footy_bombs @TrollFootball NANANANANANAAANANANAAAANANANA","1893581083783958856","","footy_bombs","in","Czech Republic","0","0","0","https://x.com/ImBelugaCat/status/1893581083783958856","1497458729511497728","ImBelugaCat"
"1893580163813912662","Sun Feb 23 08:34:26 +0000 2025","1"," Saya sangat bersyukur atas waktu saya di Manchester United. Saya mengalami masa-masa sulit tetapi saya juga memenangkan 2 gelar (disana). Di Real Betis saya dapat mengatakan bahwa saya menemukan jati diri saya lagi. Orang-orang di sini seperti kami di Brasil dan cahaya https://t.co/wCoJ87l5RK","1893580163813912662","https://pbs.twimg.com/media/GkdZGDEXkAAujZ7.png","","in","surabaya","0","0","0","https://x.com/WatermelonDua02/status/1893580163813912662","1796865199749898240","WatermelonDua02"
"1893579302496587950","Sun Feb 23 08:31:01 +0000 2025","57","Na si mniambie polepole aaii nkt mnanishoutia kwani ni mimi nilisign hiyo contract ya Rashford ama ningefaa kujua aje haezi cheza against Manchester United surely","1893579302496587950","","","in","","0","12","6","https://x.com/itsMJ_Ke/status/1893579302496587950","1546908953329733632","itsMJ_Ke"
"1893576497782247653","Sun Feb 23 08:20:11 +0000 2025","1","6. Sir Bobby Charlton Alihudumu kwa muda mfupi katika Jeshi la Uingereza wakati wa ujana wake. Alifariki mwaka 2023 lakini anakumbukwa kama gwiji wa Manchester United. https://t.co/lCNs3Z662M","1893576578778468536","https://pbs.twimg.com/media/GkdV3PYW4AECUyI.jpg","0101DUBU","in","Kenya🇰🇪&Tanzania🇹🇿","0","1","0","https://x.com/0101DUBU/status/1893576578778468536","1482814951056101378","0101DUBU"
"1893576299815252170","Sun Feb 23 08:19:05 +0000 2025","951","Celin #MUWomen || @Nff_Landslag https://t.co/sB9oE9MEMR","1893576299815252170","https://pbs.twimg.com/media/GkdVl9EX0AAa1sR.jpg","","in","United Store 🛍️➡️","2","4","64","https://x.com/ManUtdWomen/status/1893576299815252170","977180963846443013","ManUtdWomen"
"1893313303729901807","Sun Feb 23 08:10:27 +0000 2025","0","@subwayousurf @beckhamputran Lagend Manchester united tuh sdr","1893574126910218721","","subwayousurf","in","","0","0","0","https://x.com/ffffyoung/status/1893574126910218721","1463900750094876675","ffffyoung"
"1893571497593069613","Sun Feb 23 08:00:00 +0000 2025","2","️ 23.02.2025 - Match results 13:00 CET | $PERSIB - Persepam Madura Utd 0-0 13:30 CET | $EFC - Manchester United 2-2 15:00 CET | Parma - $BFC 2-0 16:00 CET | $AFC - West Ham 0-1 16:00 CET | Fulham - $CPFC 0-2 #BeMoreThanAFan | @socios | 1/5","1893571497593069613","","","in","","0","1","0","https://x.com/SociosMatches/status/1893571497593069613","1587105902368276480","SociosMatches"
"1893570203125977402","Sun Feb 23 07:54:51 +0000 2025","1","Timu za Ligi Kuu ya England zenye mabao mengi ya kujifunga katika historia: Everton kufunga mabao 58 Aston Villa kufunga mabao 54 West Ham United kufunga mabao 52 Manchester United kufunga mabao 51 Liverpool kufunga mabao 50 Arsenal kufunga mabao 46 #PremierLeague","1893570203125977402","","","in","Dar es Salaam","0","0","0","https://x.com/throne_bet_no1/status/1893570203125977402","1651202997689409538","throne_bet_no1"
"1893565769306554533","Sun Feb 23 07:37:14 +0000 2025","0","Paul Pogba Digosipkan Balik ke MU Ruben Amorim: Maaf Gak Dulu! Manajer Manchester United Ruben Amorim mengomentari rumor timnya akan memulangkan Paul Pogba. Ia menepis rumor tersebut dengan tegas. Baca Selengkapnya » https://t.co/JVMmkzukGJ #PARTAI99 #BOLA #BERITABOLA #SOR https://t.co/FQI6pGodwH","1893565769306554533","https://pbs.twimg.com/media/GkdL_7KWQAAYv7L.jpg","","in","","0","0","0","https://x.com/cen_vivi73711/status/1893565769306554533","1887674805446713344","cen_vivi73711"
"1882295022005203011","Sun Feb 23 07:34:19 +0000 2025","0","@knightthrobber Sambaza wallai","1893565034892001679","","knightthrobber","in","","0","0","0","https://x.com/KKariobangi/status/1893565034892001679","1576648781046718464","KKariobangi"
"1893563668106756445","Sun Feb 23 07:28:53 +0000 2025","4","Fixed asli tar haru aapan aaj ️","1893563668106756445","","","in","Old Trafford","0","0","0","https://x.com/MarathiMUFC/status/1893563668106756445","1216633134915059712","MarathiMUFC"
"1893558662406512907","Sun Feb 23 07:09:00 +0000 2025","0","Benni McCarthy Bocorkan Tiga Nama Striker yang Batal Direkrut Manchester United https://t.co/BJBaDqegQk","1893558662406512907","","","in","Jakarta","0","0","0","https://x.com/jawapos/status/1893558662406512907","2392460208","jawapos"
"1893317326558101607","Sun Feb 23 07:02:49 +0000 2025","0","@ManUtd manchester united my nema yamikani cronaod money 60000","1893557106264907841","","ManUtd","in","Lusaka, Zambia","0","0","0","https://x.com/agripperkd/status/1893557106264907841","884116573","agripperkd"
"1893555642532782448","Sun Feb 23 06:57:00 +0000 2025","0","Respons Avram Glazer Terkait Rumor Keluarganya Menjual Manchester United https://t.co/Klc28v0Tl6","1893555642532782448","","","in","Jakarta","0","0","0","https://x.com/jawapos/status/1893555642532782448","2392460208","jawapos"
"1893553880593568198","Sun Feb 23 06:50:00 +0000 2025","1","Pelatih Manchester United Ruben Amorim mengkritik para pemainnya yang memulai pertandingan dengan lambat sehingga hanya meraih hasil imbang 2-2 saat melawan Everton. https://t.co/iUAp9o9AIL","1893553880593568198","","","in","Jakarta - Indonesia","0","0","0","https://x.com/mediaindonesia/status/1893553880593568198","68930552","mediaindonesia"
"1893508538799890715","Sun Feb 23 06:48:43 +0000 2025","0","@do__mifasol Foto dia serius sangar ada di foto waktu lawan Manchester united tahun lalu re. Beberapa foto nunjukin muka serius datar + sangar","1893553558731248117","","do__mifasol","in","","0","0","0","https://x.com/aells_my1dear/status/1893553558731248117","1763506215446093824","aells_my1dear"
"1893491206933393576","Sun Feb 23 06:30:19 +0000 2025","0","@ambarpertiwi Mu Mnya itu manchester united ","1893548929121173917","","ambarpertiwi","in","Indonesia","0","1","0","https://x.com/rendpuspita/status/1893548929121173917","273787548","rendpuspita"
"1893548637445107965","Sun Feb 23 06:29:10 +0000 2025","0","https://t.co/FXE5KZziJ8 Manchester United mampu imbangi Everton","1893548637445107965","","","in","Jl. RTA Milono Km 2,5 Palangka","0","0","0","https://x.com/Antara_Kalteng/status/1893548637445107965","2421788773","Antara_Kalteng"
"1893544924009660663","Sun Feb 23 06:14:24 +0000 2025","0","aku mau dong jadi fans manchester united tapi manchester city juga ","1893544924009660663","","","in","she/her. ars & rma","0","9","0","https://x.com/forstappen/status/1893544924009660663","1551055116634976257","forstappen"
"1893541756920328270","Sun Feb 23 06:01:49 +0000 2025","0","Victor Osimhen Harus Potong Gaji Jika Mau Gabung Manchester United Ada informasi menarik terkait perburuan striker baru Manchester United. Striker milik Napoli Victor Osimhen harus berkorban jika ia mau gabung dengan Setan Merah. Baca Selengkapnya » https://t.co/JVMmkzukGJ https://t.co/pVzoL1ba3m","1893541756920328270","https://pbs.twimg.com/media/Gkc2KxWaoAMN06v.jpg","","in","","0","0","0","https://x.com/cen_vivi73711/status/1893541756920328270","1887674805446713344","cen_vivi73711"
"1893522200658931767","Sun Feb 23 05:24:46 +0000 2025","5","@PorosHalangID Pemain yang out dari MU sekarang sementara pada berkontribusi ya. Jadi trust issue yang bermasalah ni manchester united nya kali ya ","1893532433061962040","","PorosHalangID","in","","0","4","0","https://x.com/Gembulsssssss/status/1893532433061962040","1282193412708429824","Gembulsssssss"
"1893529278727250199","Sun Feb 23 05:12:14 +0000 2025","24","Manchester United na Chelsea tupo stage moja ya ukuwaji na Chelsea ni bac tu walijipata kwa kubahatisha sahv wanaona cha moto https://t.co/irLjHZNMTE","1893529278727250199","https://pbs.twimg.com/media/Gkcq1UFaoAIa1_n.jpg","","in","","0","1","5","https://x.com/vistovic17/status/1893529278727250199","1422427142143496204","vistovic17"
"1893524433878556758","Sun Feb 23 04:52:59 +0000 2025","0","Manchester United gagal meraih kemenangan setelah hanya bermain imbang 2-2 saat bertandang ke markas Everton di Goodison Park Sabtu (22/2). Sempat tertinggal dua gol lebih dulu Setan Merah bangkit di babak kedua untuk menyamakan skor. https://t.co/zZ6VUv6C2m","1893524433878556758","","","in","","0","0","0","https://x.com/hypevox_id/status/1893524433878556758","1726873272686694400","hypevox_id"
"1893524400554811648","Sun Feb 23 04:52:51 +0000 2025","0","Manchester United gagal meraih kemenangan setelah hanya bermain imbang 2-2 saat bertandang ke markas Everton di Goodison Park Sabtu (22/2). Sempat tertinggal dua gol lebih dulu Setan Merah bangkit di babak kedua untuk menyamakan skor. https://t.co/iyT8SFRauz","1893524400554811648","","","in","","0","0","0","https://x.com/inikamindonesia/status/1893524400554811648","1672182397658619905","inikamindonesia"
"1893524159482994964","Sun Feb 23 04:51:54 +0000 2025","0","Manchester United gagal meraih kemenangan setelah hanya bermain imbang 2-2 saat bertandang ke markas Everton di Goodison Park Sabtu (22/2). Sempat tertinggal dua gol lebih dulu Setan Merah bangkit di babak kedua untuk menyamakan skor. https://t.co/nzkkK9Z9Oo","1893524159482994964","","","in","Jakarta, Indonesia","0","0","0","https://x.com/nawabinekanews/status/1893524159482994964","1762043186598604800","nawabinekanews"
"1893400715948650978","Sun Feb 23 04:45:53 +0000 2025","1","@claver_kaz71345 Ibaze umufana wa Manchester united nashyigikiye arsenal? Kuba yambara VISIT RWANDA nibyiza ark ntaho bihuriye nimifaniye yabafana.ubu x aba Congolese bayifana bahise bayivaho kk yambara VISIT RWANDA? Ikipe ihuruweho nabanyarwanda twese ni imwe ni amavubi gusa","1893522644344950945","","claver_kaz71345","in","","0","0","0","https://x.com/Mrnice984/status/1893522644344950945","1867608806718652416","Mrnice984"
"1893522427977891953","Sun Feb 23 04:45:01 +0000 2025","0","Keuangan Manchester United Terpuruk Keluarga Glazer Jadi Biang Kerok https://t.co/lgWSgvDy1x","1893522427977891953","","","in","Jakarta","0","0","0","https://x.com/jawapos/status/1893522427977891953","2392460208","jawapos"
"1893514562592534837","Sun Feb 23 04:13:46 +0000 2025","562","200K buat 4 org Followers ku.. RT &amp; Like saja Seperti biasa undi kalo Liverpool menang atas Manchester City.. Gasss...... Buat fans Manchester United atau Arsenal boleh kok ikutan https://t.co/JvVCTcfdB3","1893514562592534837","https://pbs.twimg.com/media/GkcddbNXkAA4Mpe.jpg","","in","PALANGKARAYA","0","118","567","https://x.com/PakatDayak_/status/1893514562592534837","1394912376814665730","PakatDayak_"
"1893514119049056303","Sun Feb 23 04:12:00 +0000 2025","0","Manchester United Bersiap Hadapi Potensi Kepergian Garnacho Matheus Cunha Jadi Solusi? https://t.co/auq60c3e1T","1893514119049056303","","","in","Jakarta","0","0","0","https://x.com/jawapos/status/1893514119049056303","2392460208","jawapos"
"1893351418209177936","Sun Feb 23 04:02:08 +0000 2025","1","@Steve__kamaa SISI WA MANCHESTER UNITED madafaka","1893511634607292699","","Steve__kamaa","in","Nairobi, Kenya","0","1","0","https://x.com/salaale1/status/1893511634607292699","1849539356534390784","salaale1"
"1893511225423573266","Sun Feb 23 04:00:30 +0000 2025","0","Sir Jim Ratcliffe melakukan beragam cara untuk menghemat biaya operasional Manchester United. Dilaporkan Telegraph Jumat (21/2/2025) bos Setan Merah melakukan langkah penghematan di semua lini termasuk dalam pembelian selotip dan sayur. https://t.co/22b21ZEWWC","1893511225423573266","https://pbs.twimg.com/media/GkUFS4UW4AAYKY9.jpg","","in","","0","0","0","https://x.com/gawangcom/status/1893511225423573266","1596143757258534912","gawangcom"
"1893511102878888186","Sun Feb 23 04:00:01 +0000 2025","0","Sir Jim Ratcliffe melakukan beragam cara untuk menghemat biaya operasional Manchester United. Dilaporkan Telegraph Jumat (21/2/2025) bos Setan Merah melakukan langkah penghematan di semua lini termasuk dalam pembelian selotip dan sayur. https://t.co/Tq2XdZuU7P","1893511102878888186","https://pbs.twimg.com/media/GkUFS4UW4AAYKY9.jpg","","in","","0","0","0","https://x.com/gawangcom/status/1893511102878888186","1596143757258534912","gawangcom"
"1893507821968466100","Sun Feb 23 03:46:59 +0000 2025","0","Sir Jim Ratcliffe &amp; INEOS Ingin Jauhkan Manchester United Dari Kejayaan Masa Lalu Sir Alex Ferguson #kubet #kubetindonesia #fypシ #fypviraltwitter #fypシviral https://t.co/ClobDembFW","1893507821968466100","https://pbs.twimg.com/media/GkcXNRcaoAEkEZF.jpg","","in","INDONESIA","0","0","0","https://x.com/sbokubet/status/1893507821968466100","1785226758348021760","sbokubet"
"1893507053743939656","Sun Feb 23 03:43:55 +0000 2025","218","Berjuang sampai saat terakhir. #MUFC || #EVEMUN https://t.co/3U2F7HcWry","1893507053743939656","https://pbs.twimg.com/media/GkcWeYzaoAA2Kqc.jpg","","in","Old Trafford","1","2","19","https://x.com/ManUtd_ID/status/1893507053743939656","1846234722","ManUtd_ID"
"1893504386896453645","Sun Feb 23 03:33:20 +0000 2025","0","Marcus Rashford pemain buangan Manchester United yang jadi inspirator kemenangan Aston Villa atas Chelsea. https://t.co/h4T6GsDkqU","1893504386896453645","","","in","Indonesia","0","0","0","https://x.com/LigadotID/status/1893504386896453645","946969619394215936","LigadotID"
"1893501234079838541","Sun Feb 23 03:20:48 +0000 2025","160","Terima kasih atas dukungan kalian tadi malam Reds! #MUFC || #EVEMUN https://t.co/XX0AOxbVPx","1893501234079838541","https://pbs.twimg.com/media/GkZnJl3WAAEXvuG.jpg","","in","Old Trafford","2","3","16","https://x.com/ManUtd_ID/status/1893501234079838541","1846234722","ManUtd_ID"
"1893496046359322903","Sun Feb 23 03:00:11 +0000 2025","0","Selamat pagi fans Manchester United. Selamat berjuang.","1893496046359322903","","","in","Banyuwangi","0","0","0","https://x.com/cerita7bukit/status/1893496046359322903","2945789654","cerita7bukit"
"1893466668325618024","Sun Feb 23 02:50:50 +0000 2025","20","@SiaranBolaLive Kota London lagi berduka Chelsea Arsenal tumbang. Sedangkan kota Manchester lagi bingung klub nya nyaman di dasar klasemen kalah sudah biasa imbang pun bahagia kalo menang berasa juara","1893493694122336465","","SiaranBolaLive","in","Pakulaut United.Indonesia","0","2","0","https://x.com/Omonmencle/status/1893493694122336465","1758859222971011072","Omonmencle"
"1893493423673417804","Sun Feb 23 02:49:46 +0000 2025","2","Everton 2-2 Manchester United Hasil yang seharusnya ga kalau udah bener #EVEMUN #MUFC https://t.co/S1daRy12hH","1893493423673417804","https://pbs.twimg.com/media/GkcKOqIaoAA-pTg.jpg","","in","Old Trafford","0","0","0","https://x.com/KEN_NOTH/status/1893493423673417804","1601037048038596610","KEN_NOTH"
"1893492925922775398","Sun Feb 23 02:47:47 +0000 2025","0","Tanda-tanda Ruben Amorim sudah menyerah dengan performa Manchester United saat inikah? https://t.co/3ll2hATah9","1893492925922775398","","","in","Indonesia","0","0","0","https://x.com/LigadotID/status/1893492925922775398","946969619394215936","LigadotID"
"1893490808780923319","Sun Feb 23 02:39:22 +0000 2025","0","https://t.co/fUpf0z2HaK - Legenda Manchester United Rio Ferdinand sampai malu menonton pertandingan mantan klubnya karena penampilan jeblok mereka. https://t.co/LRZJGHxyXd via @pinterest https://t.co/0ZCKB51ev4","1893490808780923319","https://pbs.twimg.com/media/GkcH19MaoAAssUg.jpg","","in","","0","0","0","https://x.com/Berita_Bola206/status/1893490808780923319","1870988293506314240","Berita_Bola206"
"1893488092843028525","Sun Feb 23 02:28:35 +0000 2025","0","Manchester United sekarang adalah komunitas fesyen bukan lagi tim bola.","1893488092843028525","","","in","Indonesia","1","0","0","https://x.com/itshnfrs/status/1893488092843028525","2444654268","itshnfrs"
"1893483967158087818","Sun Feb 23 02:12:11 +0000 2025","9","Dua mantan pemain Manchester United bersinar saat menghadapi Tim London pekan ini: 🅰️🅰️ Marcus Rashford mencetak Brace Assist kemenangan vs Chelsea 🅰️ Aaron Wan-Bissaka mencetak Assist kemenangan vs Arsenal Gacor. https://t.co/fd112y4wcF","1893483967158087818","https://pbs.twimg.com/media/GkcBocQaoAIb0ye.jpg","","in","","0","0","0","https://x.com/kbrligainggris/status/1893483967158087818","1295716250983763977","kbrligainggris"
"1893483305749614868","Sun Feb 23 02:09:33 +0000 2025","0","Juragan Manchester United Sudah Muak Dengar Era Kejayaan Sir Alex Ferguson! https://t.co/lPbKZXoFB2 via @gilabolacom","1893483305749614868","","","in","Indonesia","0","0","0","https://x.com/gilabolacom/status/1893483305749614868","70632238","gilabolacom"
"1893483001159295462","Sun Feb 23 02:08:21 +0000 2025","0","Manchester United Siapkan Langkah Berani untuk Boyong Son Heung Min dan Alejandro Balde https://t.co/cDt9BtXqbP via @gilabolacom","1893483001159295462","","","in","Indonesia","0","0","0","https://x.com/gilabolacom/status/1893483001159295462","70632238","gilabolacom"
"1893479705279672822","Sun Feb 23 01:55:15 +0000 2025","0","keren banget kak lingkungannya manchester united","1893479705279672822","","","in","+62","0","0","0","https://x.com/panadolenjoyer/status/1893479705279672822","496556592","panadolenjoyer"
"1893467420301631573","Sun Feb 23 01:06:26 +0000 2025","0","Everton vs Manchester United: Duel Sengit Berakhir Imbang 2-2 - https://t.co/ugAKLFu4Sd https://t.co/jbIwkwAFHK","1893467420301631573","https://pbs.twimg.com/media/GkbylXLWIAATkpJ.jpg","","in","","0","0","0","https://x.com/logicnewsx/status/1893467420301631573","1589889571","logicnewsx"
"1893465699156189528","Sun Feb 23 00:59:36 +0000 2025","0","Lebih apik maine dewa united timbang manchester united","1893465699156189528","","","in","jombang","0","1","0","https://x.com/HafiyyanArif1st/status/1893465699156189528","1530787104","HafiyyanArif1st"
"1893464741525528906","Sun Feb 23 00:55:48 +0000 2025","0","MANCHESTER United telah menjadi kuasa dominan dalam era Liga Perdana Inggeris (EPL) tetapi bilakah kali terakhir mereka menanggung aib diturunkan ke divisyen lebih rendah?","1893464745090654490","","SinarOnline","in","Malaysia","0","1","0","https://x.com/SinarOnline/status/1893464745090654490","331383958","SinarOnline"
"1893461790006055401","Sun Feb 23 00:44:04 +0000 2025","0","#hashtag kalaman Rio Ferdinand akan Manchester united https://t.co/kkSH8oriMC","1893461790006055401","https://pbs.twimg.com/ext_tw_video_thumb/1893461669470187520/pu/img/i9Frl5Tw4eiv3X0e.jpg","","in","","0","0","0","https://x.com/gwani334455/status/1893461790006055401","1819864191865356288","gwani334455"
"1893461268121690278","Sun Feb 23 00:41:59 +0000 2025","1","Manchester United Selamatkan 1 Poin Arsenal dan Chelsea Tumbang - https://t.co/L9tJBht6Fk https://t.co/brhGTigT9g","1893461268121690278","https://pbs.twimg.com/media/Gkbs_TAa8AA5VzA.jpg","","in","","0","0","0","https://x.com/logicnewsx/status/1893461268121690278","1589889571","logicnewsx"
"1893460979767517685","Sun Feb 23 00:40:51 +0000 2025","0","Hasrat ramai pihak melihat Manchester United tewas lagi tidak kesampaian sebaliknya United pula mengajar apa itu erti kebangkitan yang dramatik. Walaupun perlawanan ini hanya berkesudahan seri ianya dapat menjadi aura untuk United terus mengumpul mata dalam perlawanan selepas. https://t.co/ZYjIyJvZwr","1893460979767517685","https://pbs.twimg.com/media/GkZ0hjTWkAAQMHn.jpg","","in","","0","0","0","https://x.com/longballMY/status/1893460979767517685","958185853372612608","longballMY"
"1893362541679534205","Sun Feb 23 00:26:39 +0000 2025","0","@centredevils dengar ini bukan bisnis. ini adalah sepakbola manchester united tidak boleh dijadikan bisnis untuk memenuhi nafsu pemilik. tapi utamakanlah sepakbola.","1893457408971940321","","centredevils","in","Russia","0","0","0","https://x.com/donshuisky/status/1893457408971940321","2429022777","donshuisky"
"1893453940747895291","Sun Feb 23 00:12:52 +0000 2025","4","EPL: Gol Ugarte selamatkan Manchester United daripada terus aib https://t.co/qLMHvdHcQI","1893453940747895291","","","in","Bukit Jalil ","0","1","0","https://x.com/ASTROARENA/status/1893453940747895291","160788306","ASTROARENA"
"1893446102491504928","Sat Feb 22 23:41:44 +0000 2025","0","Manchester United: Jalan Terjal Menuju Masa Depan? A thread !!! https://t.co/xBBw5JMipn","1893446102491504928","https://pbs.twimg.com/media/GkbfLu8WcAA_IIh.jpg","","in","","0","1","1","https://x.com/RadarUnitedNews/status/1893446102491504928","1881959401650806784","RadarUnitedNews"
"1893445634952180157","Sat Feb 22 23:39:52 +0000 2025","4","top 10 times favs 1- Vasco 2- Manchester United 3- Milan 4- Real Madrid 5- Ajax 6- Galatasaray 7- Bayern 8- Porto 9- Lyon 10- Roma/Bayer Leverkusen/Rangers","1893445634952180157","","","in","Rio de Janeiro, Brasil","7","0","0","https://x.com/CRVG_MUFC09/status/1893445634952180157","1649200528713293825","CRVG_MUFC09"
"1893422415318745450","Sat Feb 22 22:07:36 +0000 2025","0","Oloriburuku ni Manchester United yen sha.","1893422415318745450","","","in","","0","0","0","https://x.com/Adeeyo19/status/1893422415318745450","1525539869992398849","Adeeyo19"
"1893251943482695809","Sat Feb 22 21:19:15 +0000 2025","1","@abhishereporter Abe team ki marji Kab training Karni Hai Kab PC Karni hai tu kon Hota Hai advice Dena har baar kya rotalu Banta rehta hai.chup kar aur itna hi hai Ghar par Betha kar roya mat Kar x par aake.","1893410247466774885","","abhishereporter","in","Gujarat, India","0","0","0","https://x.com/DesaiDipen7/status/1893410247466774885","1589148350405746688","DesaiDipen7"
"1893407859708174737","Sat Feb 22 21:09:46 +0000 2025","34","Lakini watu ni Wajinga hapa nje I swear Unapata hawa vijana wengi wanacheka Chelsea ni fans wa Manchester United. A team that's fighting against relegation","1893407859708174737","","","in","Nairobi,Kenya","1","4","12","https://x.com/Meeme_Dennis/status/1893407859708174737","1754824527702376448","Meeme_Dennis"
"1893358566183952816","Sat Feb 22 20:52:47 +0000 2025","0","@david_bayingana @Muzungu4 Iyo ujora arsenal ntiwibuke nimwe ufana yagomboye hamana byananiranye nkwibazaho pe ubwose ubona Manchester united izagaruka kuruhando mpuza mahanga nka cyera usibye kwiyumva ko ukomeye","1893403584810688774","","david_bayingana","in","","0","0","0","https://x.com/UmwanaW82454/status/1893403584810688774","1857470670562553856","UmwanaW82454"
"1893394913359749226","Sat Feb 22 20:18:19 +0000 2025","0","Arsenal keok vs West Ham Chelsea keok vs Aston Villa Manchester united ditahan imbang Everton Fulham keok vs Crystal Palace #arsenal #ChelseaFC #ASTONVİLLA #Fulham","1893394913359749226","","","in","","0","0","0","https://x.com/Dasikunn/status/1893394913359749226","3505368313","Dasikunn"
"1893395870764130437","Sat Feb 22 20:22:07 +0000 2025","0","Manchester United kalo ditarik ke negara itu Indonesia... The home of the damned negerinya para bajigur.","1893395870764130437","","","in","","0","0","0","https://x.com/Kaspersekuy/status/1893395870764130437","1541847391288012800","Kaspersekuy"
"1893391570876969438","Sat Feb 22 20:05:02 +0000 2025","0","Sai ukiwa fan wa Manchester United unakaa tu na wasi wasi ju haujui ka mnashinda kila siku ni kichapo tu","1893391570876969438","","","in","","0","0","0","https://x.com/FCheruyot69354/status/1893391570876969438","1709322269359521792","FCheruyot69354"
"1893387765019971894","Sat Feb 22 19:49:55 +0000 2025","0"," yang kita di kost butuh apa aja? coba sebut biar sekalian di co sprei manchester united ","1893387765019971894","","","in","mdni, dnf.","0","1","0","https://x.com/envzio/status/1893387765019971894","35075465","envzio"
"1893387318947365003","Sat Feb 22 19:48:08 +0000 2025","0","Hata zile timu za ndondo ambazo wachezaji wanakutana uwanjani siku ya mechi zinacheza kwa kuelewana vizuri kuliko hii Manchester United na Chelsea.","1893387318947365003","","","in","Tanzania","0","0","0","https://x.com/BBonie6/status/1893387318947365003","1717821915358781440","BBonie6"
"1893166202614411553","Sat Feb 22 19:49:13 +0000 2025","0","@ferizandra Nah ini pejabat2 kontol ini bikin program aja gak becus apalagi mau bikin danantara yg jauh lebih kompleks variabel dan risikonya","1893387587810632099","","ferizandra","in","somewhere over the rainbow","0","0","0","https://x.com/donSINGO/status/1893387587810632099","131449847","donSINGO"
"1893387129385861407","Sat Feb 22 19:47:23 +0000 2025","0","Sempat tertinggal 2-0 babak pertama Manchester United ternyata menyelesaikan pertandingan dengan skor sama. Syukurlah! Everton 2-2 MU #MUFC","1893387129385861407","","","in","Semarang","0","0","0","https://x.com/ASMARIE_/status/1893387129385861407","71626477","ASMARIE_"
"1893381429179879793","Sat Feb 22 19:24:44 +0000 2025","0","Mlikuwa mnafhani Manchester United ni mchezo tunafanya","1893381429179879793","","","in","Kiambu, Kenya","0","0","0","https://x.com/jenn__g/status/1893381429179879793","1697403751877767168","jenn__g"
"1893374021082738860","Sat Feb 22 18:55:18 +0000 2025","1","Milan menjadi Manchester United cabang Itali ","1893374021082738860","","","in","Dirty South","0","0","0","https://x.com/notyourscene_/status/1893374021082738860","2327423494","notyourscene_"
"1893370315687768397","Sat Feb 22 18:40:35 +0000 2025","2","Ingekuwa sio Manchester United mimi maisha ingekuwa inanipeleka poa 100% Kila kitu ni vulaiii ","1893370315687768397","","","in","Nyanza, Kenya","0","0","1","https://x.com/_gordfrey/status/1893370315687768397","1554369232967802880","_gordfrey"
"1893366633072136499","Sat Feb 22 18:26:16 +0000 2025","0","Awanja huu una historia ndefu sana katika Timu ya Manchester United na Pia Ulibomolewa katika Vita ya Pili ya Dunia Kisha kujengwa tena. Una uwezo wa kubeba watu takribani 74 140 una thamani ya $ 115 million","1893366713606881510","","ZipDmpjr22","in","Tanzania","0","1","0","https://x.com/ZipDmpjr22/status/1893366713606881510","1507113624191516677","ZipDmpjr22"
"1893366633072136499","Sat Feb 22 18:26:14 +0000 2025","0","Uwanja huu Ulifunguliwa mwaka 2005. Kihistoria ulitumika katika Final za UEFA Champions league mwaka 2012 una thamani ya $340 Million 7. Old Trafford (Manchester United) Uwanja Huu Ulifunguliwa mwaka 1910 na ni Uwanja wa Nyumbani wa Timu ya Manchester United https://t.co/wnS6uVtwfE","1893366708120781176","https://pbs.twimg.com/media/GkaW_LhXQAAZyN3.jpg","ZipDmpjr22","in","Tanzania","0","1","0","https://x.com/ZipDmpjr22/status/1893366708120781176","1507113624191516677","ZipDmpjr22"
"1893363463574966563","Sat Feb 22 18:13:21 +0000 2025","0","Manchester United nti Obia kasa wanim bi hart ","1893363463574966563","","","in","Doha, Qatar","0","0","0","https://x.com/QuameSnipes/status/1893363463574966563","802568515","QuameSnipes"
"1893244941486137454","Sat Feb 22 18:10:45 +0000 2025","0","@nhasanahh_ @ppnaravit @phuwintang Nonton Highlight EVERTON vs Manchester united klik link dibawah ini untuk nonton full video: https://t.co/cQMOzgXxr0 https://t.co/p79zd2PBox","1893362809439682847","https://pbs.twimg.com/media/GkaTcPfb0AA-qsG.jpg","nhasanahh_","in","Depok, Indonesia","0","0","0","https://x.com/Kopidulubang/status/1893362809439682847","896174588219895808","Kopidulubang"
"1893361050839597335","Sat Feb 22 18:03:46 +0000 2025","34"," Beki wa kushoto wa AC Milan Theo Hernandez anataka kujiunga na Real Madrid msimu wa joto licha ya Manchester United kumtaka. (Chanzo: Fichajes) https://t.co/sk3M2nF3IC","1893361050839597335","https://pbs.twimg.com/media/GkaR1C1aoAIReRi.jpg","","in","Dar es Salaam, Tanzania","0","2","0","https://x.com/Unitedtanzania1/status/1893361050839597335","1485848815714381829","Unitedtanzania1"
"1893357947696357406","Sat Feb 22 17:51:26 +0000 2025","70","#ReviewWarga Everton 2-2 Manchester United 1. Goblok 2. Beraaaaakkk 3. Butuh viagra biar mainnya bersemangat gitu woy Manchester United? 4. Masa nunggu sampe Bruno nyetak gol dulu baru ngegas mainnya? 5. Pada ngapain di lapangan pas gol Beto? Main dampu? 6. Untung wasit ga jadi https://t.co/E61cMXdb2Z","1893357947696357406","https://pbs.twimg.com/amplify_video_thumb/1893357716372123648/img/Bp-ysu2pIjiVhLZu.jpg","","in","Jakarta Capital Region, Indone","1","11","14","https://x.com/Tyows/status/1893357947696357406","57282012","Tyows"
"1893357807791153222","Sat Feb 22 17:50:52 +0000 2025","0","Gol Perdana Manuel Ugarte Selamatkan Manchester United Dari Kekalahan https://t.co/hiujTUrBzW","1893357807791153222","","","in","Butta Panritta Kittaraford","0","0","0","https://x.com/UtdIndonesiaSNJ/status/1893357807791153222","1286097038","UtdIndonesiaSNJ"
"1893316952522621365","Sat Feb 22 17:27:48 +0000 2025","0","@gausakepoqm Masjid Newcaste emang bersik beda sama Manchester United","1893352000861151263","","gausakepoqm","in","","0","0","0","https://x.com/sdmgvn/status/1893352000861151263","1290280158432096268","sdmgvn"
"1893350341237973306","Sat Feb 22 17:21:12 +0000 2025","0","FT: EPL Hasil skor pertandingan beberapa tim di liga inggris tadi malam. Bermain di Emirates Stadium Arsenal kalah 0-1 dari West Ham United ️ Besok Liverpool ketemu Manchester City gaesss... https://t.co/ncNFexjTBE","1893350341237973306","https://pbs.twimg.com/media/GkaIGdxXAAAK5XP.jpg","","in","Stutgart","0","0","0","https://x.com/Nahrowi_wawie/status/1893350341237973306","78497424","Nahrowi_wawie"
"1893351919378457037","Sat Feb 22 17:27:29 +0000 2025","3","No way Manchester United benar² adu banter sama Everton sekarang ","1893351919378457037","","","in","Kediri, Jawa Timur","0","0","2","https://x.com/Coyraft/status/1893351919378457037","1102419713957683200","Coyraft"
"1893350195766943804","Sat Feb 22 17:20:38 +0000 2025","0","Manchester United bermain imbang 2-2 melawan Everton dalam laga pekan ke-26 Premier League 2024/2025 yang penuh drama di Goodison Park Sabtu (22/2/2025) malam. . . Selengkapnya di : https://t.co/xEW5Xi807g . #manchesterunited #Everton #PremierLeague #dorgu #Everton https://t.co/evhXlq4o3V","1893350195766943804","https://pbs.twimg.com/media/GkaH9nQWgAAMAoD.jpg","","in","indonesia","0","0","0","https://x.com/strategibola_id/status/1893350195766943804","419538179","strategibola_id"
"1893347444328390848","Sat Feb 22 17:09:42 +0000 2025","0","Manchester United Bangkit! Comeback Dramatis Amankan Hasil Imbang di Laga Terakhir di Goodison Park Baca selengkapnya di sini https://t.co/zSc72luiax","1893347444328390848","","","in","","0","0","0","https://x.com/ruangcoid/status/1893347444328390848","1875484239334141955","ruangcoid"
"1893347714336768258","Sat Feb 22 17:10:46 +0000 2025","2","Manchester United rashford relegation amorim man u #osunLGElectionDay25 Maguire Everton casemiro beto ten hag abiola moyes Igbo abacha awolowo dorgu seyi Gowon ugarte Herbert rain arsenal cucurella Lewis skelly west ham arteta #ARSWHU onana merino","1893347714336768258","","","in","port Harcourt ","0","0","0","https://x.com/iam_eson/status/1893347714336768258","1632267514292891648","iam_eson"
"1893349455119659052","Sat Feb 22 17:17:41 +0000 2025","0","Manchester United adalah Klub terbesar di dunia. Dalam buruk dan baiknya selalu menjadi pembicaraan dunia. Bahkan ketika sesuatu tersebut tidak ada kaitannya dengan sepakbola.","1893349455119659052","","","in","Jatinangor,Sumedang.","0","0","0","https://x.com/a_juliandri20/status/1893349455119659052","1581296191157211137","a_juliandri20"
"1893347087645102359","Sat Feb 22 17:08:17 +0000 2025","1","Harini semua team yang main away menang. Kecuali Manchester United je bodoh bagi Everton menang 2 sama.","1893347087645102359","","","in","Malaysia","0","1","0","https://x.com/ELMIELMO/status/1893347087645102359","36950471","ELMIELMO"
"1893345105660047467","Sat Feb 22 17:00:24 +0000 2025","0","Bwana kesho watu wa MANCHESTER UNITED tuko nyuma ya LIVERPOOL","1893345105660047467","","","in","Capital ","0","0","0","https://x.com/_CorneliusSulla/status/1893345105660047467","1673584428642172928","_CorneliusSulla"
"1893344527462866991","Sat Feb 22 16:58:06 +0000 2025","108","Bermain di Emirates Stadium Arsenal takluk 0-1 dari West Ham United! Gagal perkecil jarak dengan Liverpool... Sebelumnya padahal Liverpool imbang 2-2 lawan Aston VIlla. Ehh ternyata Arsenal kalah dari West Ham. Besok Liverpool ketemu Manchester City! https://t.co/zx8HmXTsyE","1893344527462866991","https://pbs.twimg.com/media/GkaCzMOa0AAxwGb.jpg","","in","Terperangkap Offside","2","4","4","https://x.com/FaktaSepakbola/status/1893344527462866991","1316071146","FaktaSepakbola"
"1893343474604236931","Sat Feb 22 16:53:55 +0000 2025","0","Ruben Amorim Dipecat Manchester United Setelah Gagal Menang atas Everton di Liga Inggris? https://t.co/dHjfrrshkq","1893343474604236931","https://pbs.twimg.com/media/GkaB2uoW4AIvG7a.jpg","","in","","0","0","0","https://x.com/RUANGSPORTS/status/1893343474604236931","1891841429972090881","RUANGSPORTS"
"1893343400251805887","Sat Feb 22 16:53:37 +0000 2025","0","Manchester united ini udah punah apa?kok gak ada?? https://t.co/CkYgRwnyUJ","1893343400251805887","https://pbs.twimg.com/media/GkaBpj7XQAADX1i.jpg","","in","meh","0","0","0","https://x.com/levi_on_x/status/1893343400251805887","1718191755856896000","levi_on_x"
"1893291112850211302","Sat Feb 22 16:49:20 +0000 2025","0","@privaldinho Basi we mpira NAONA achana nao tafuta kazi nyingine ya kufanya kaka....MANCHESTER UNITED hata aje kocha wa aina gani pale HAWEZI KUPATA matokeo kwa aina ya WACHEZAJI waliopo sasa pamoja na kipa wao...wachezaj WABOVU hakuna shida ya kocha pale.","1893342321166504097","","privaldinho","in","","0","0","0","https://x.com/JacklineLyimo7/status/1893342321166504097","1556260297626849288","JacklineLyimo7"
"1893338089986117665","Sat Feb 22 16:46:46 +0000 2025","1","@advocatecynthia Ko ini ndadii hangu Manchester United yatamba kudhara","1893341673737916747","","advocatecynthia","in","Somewhere under the Sun","0","1","0","https://x.com/Tarie2604/status/1893341673737916747","1109109493462384642","Tarie2604"
"1893341232266424648","Sat Feb 22 16:45:01 +0000 2025","1","FT : Everton 2-2 Manchester United Pencetak Goal Beto 19' Doucouré 33' - Bruno 72' Ugarte 80' Budayakan nonton emyu sampe menit akhir :v #ManchesterUnited","1893341232266424648","","","in","Kota Serang, Banten","0","0","0","https://x.com/GajeboGila/status/1893341232266424648","1782764967109771264","GajeboGila"
"1893340964963385808","Sat Feb 22 16:43:57 +0000 2025","3","Uzuri wa sisi Manchester United is that tulijikubali hatujuwezi. Arsenal should do the same.","1893340964963385808","","","in","27.2046° N, 77.4977° E","1","1","1","https://x.com/LordChitechi/status/1893340964963385808","1259575286","LordChitechi"
"1893332583267607025","Sat Feb 22 16:40:14 +0000 2025","0","@just_toksik hujapenda mkuu?","1893340032246640998","","just_toksik","in","😎😎😎","0","1","0","https://x.com/funjojr/status/1893340032246640998","1146783022282358785","funjojr"
"1893336561040928943","Sat Feb 22 16:26:27 +0000 2025","0","FT: EVERTON 2 - 2 MAN UNITED Comeback! Fernandes dan Ugarte Selamatkan Manchester United dari Kekalahan Dan tahan Everton 2-2. #MUFC #PremierLeague https://t.co/cGAmln2tAR","1893336561040928943","https://pbs.twimg.com/media/GkZ7kWVWYAADXZy.jpg","","in","","0","0","0","https://x.com/Rizza09936862/status/1893336561040928943","1634771695658766336","Rizza09936862"
"1893316952522621365","Sat Feb 22 16:25:21 +0000 2025","0","@gausakepoqm Pasti sendernya tinggal di lingkungan Newcastle United kan memang seperti itu. beda sama Manchester United adem ayem","1893336286989070366","","gausakepoqm","in","spanyol,jateng","0","0","0","https://x.com/Indahsepti111/status/1893336286989070366","1212513021009907712","Indahsepti111"
"1893334540195713219","Sat Feb 22 16:18:25 +0000 2025","1","Detail #LawasMalamMinggu - Sabtu 22 Februari 2025 #Lawas15 Manchester United Third 2023 #35 JONNY EVANS Size M (70-75x51) All original mulus kinyis-kinyis Setitik noda depan bawah saja washable. Remeh pokoke MULUS MENTOK!! BNWT!! https://t.co/z7Wdiyg14r","1893334540195713219","https://pbs.twimg.com/media/GkZ5uk7bwAA_4eP.jpg","","in","","1","1","0","https://x.com/lelanglawas/status/1893334540195713219","2394073585","lelanglawas"
"1893333999117840510","Sat Feb 22 16:16:16 +0000 2025","2","Detail #LawasMalamMinggu - Sabtu 22 Februari 2025 #Lawas14 Manchester United Away 2023 #17 ALEJANDRO GARNACHO Size S (72-76x48) All original tentunya MULUSPOLL!! BNWT!! https://t.co/0vfdv0WX8J","1893333999117840510","https://pbs.twimg.com/media/GkZ5PE6XYAA0CUU.jpg","","in","","1","1","0","https://x.com/lelanglawas/status/1893333999117840510","2394073585","lelanglawas"
"1893333557398949971","Sat Feb 22 16:14:31 +0000 2025","2","Detail #LawasMalamMinggu - Sabtu 22 Februari 2025 #Lawas13 Manchester United Home 2023 Special FA Cup Final 2024 #6 LISANDRO MARTINEZ Size M (72-75x51) All original &amp; juara MULUS NGOTOT!! BNWOT!! https://t.co/vxS4krWoAI","1893333557398949971","https://pbs.twimg.com/media/GkZ41MkW0AApm11.jpg","","in","","1","1","0","https://x.com/lelanglawas/status/1893333557398949971","2394073585","lelanglawas"
"1893333130372612161","Sat Feb 22 16:12:49 +0000 2025","1","Detail #LawasMalamMinggu - Sabtu 22 Februari 2025 #Lawas12 Manchester United Third 2022 #18 CASEMIRO Size M (74x52) All original gagah tenan MULUS MENYEGARKAN!! BNWT!! https://t.co/6RRBSgeGUs","1893333130372612161","https://pbs.twimg.com/media/GkZ4camXQAAxRVL.jpg","","in","","1","1","1","https://x.com/lelanglawas/status/1893333130372612161","2394073585","lelanglawas"
"1893332348726329660","Sat Feb 22 16:09:43 +0000 2025","2","Detail #LawasMalamMinggu - Sabtu 22 Februari 2025 #Lawas11 Manchester United Away 2022 #14 CHRISTIAN ERIKSEN Size M (74x52) All original semulus-mulusnya MULUS PERFECTO!! BNWT!! https://t.co/jaaT8z2hbo","1893332348726329660","https://pbs.twimg.com/media/GkZ3ubTaoAILcgF.jpg","","in","","1","2","1","https://x.com/lelanglawas/status/1893332348726329660","2394073585","lelanglawas"
"1893331756213801308","Sat Feb 22 16:07:21 +0000 2025","1","Detail #LawasMalamMinggu - Sabtu 22 Februari 2025 #Lawas10 Manchester United Home 2022 Special EFL Carabao Cup Final 2023 #23 LUKE SHAW Size M (76x53 5) Kancing original + satu cadangan Lainnya all original juga Lhacobbbaitu mantep pisan BNWT!! https://t.co/SSv2Hk0Hno","1893331756213801308","https://pbs.twimg.com/media/GkZ3MbnW4AARbqj.jpg","","in","","1","1","0","https://x.com/lelanglawas/status/1893331756213801308","2394073585","lelanglawas"
"1893330322915266796","Sat Feb 22 16:01:40 +0000 2025","0","Manchester United yujuje umukino wa gatatu wikurikiranya idatsinda nyuma yo kubona inota rimwe. https://t.co/QDUnFA2Niq","1893330322915266796","","","in","Rwanda","0","0","0","https://x.com/dai_lybox/status/1893330322915266796","1635580786291163136","dai_lybox"
"1893330176152404246","Sat Feb 22 16:01:05 +0000 2025","1","Manchester United yujuje umukino wa gatatu wikurikiranya idatsinda nyuma yo kubona inota rimwe. https://t.co/v7bVcPcZKF","1893330176152404246","","","in","Rwanda","0","0","0","https://x.com/twagirumukiza_/status/1893330176152404246","1669019846053437449","twagirumukiza_"
"1893330046644883738","Sat Feb 22 16:00:34 +0000 2025","0","Dada zangu wacha leo niwaibie siri ukikapata kamkaka kanashabikia MANCHESTER UNITED (MANYUU) jitaji usikapoteze Asee hii timu inatupa stress ma bado tunaipenda #manchesterunited. #jamesjordan https://t.co/AUKWYmZws8","1893330046644883738","https://pbs.twimg.com/media/GkZ1oc0aoAEmZtU.jpg","","in","","0","0","0","https://x.com/jamesjj5717/status/1893330046644883738","1864201765165420544","jamesjj5717"
"1893328886244520228","Sat Feb 22 15:55:57 +0000 2025","8","Saa zingine akiamungu kutetea Manchester united ni ngumu fr.","1893328886244520228","","","in","Mile High Club","0","0","2","https://x.com/chapati_surwa/status/1893328886244520228","1502208888581640194","chapati_surwa"
"1893327893838602441","Sat Feb 22 15:52:00 +0000 2025","8","Baada ya Manchester United ni team yangu sasa muda mwingine tunaonekana kama walevi https://t.co/6qG8CM3pV9","1893327893838602441","https://pbs.twimg.com/media/GkZzruIaoAAUdOx.jpg","","in","Tanzania","0","4","1","https://x.com/makhajason/status/1893327893838602441","1518543169608110080","makhajason"
"1893327849043402976","Sat Feb 22 15:51:50 +0000 2025","14","Manchester United s game was at 5:30am adɛn ɔmo abɔ dam anaa ?","1893327849043402976","","","in","Out here grinding","0","6","7","https://x.com/Kobi_Elite_/status/1893327849043402976","1290046905112825856","Kobi_Elite_"
"1893327110942400690","Sat Feb 22 15:48:54 +0000 2025","1","Manchester United inatibu wivu hasira na wasiwasi.","1893327110942400690","","","in","Kenya","0","1","0","https://x.com/Lelbon_Senior/status/1893327110942400690","2863985012","Lelbon_Senior"
"1893326879509106697","Sat Feb 22 15:47:59 +0000 2025","0","Gol dramatis Ugarte memastikan Manchester United pulang dengan satu poin dari Goodison Park! #EPL #MUFC #EVEMUN #Everton https://t.co/jLRtW2QYZ2","1893326879509106697","https://pbs.twimg.com/amplify_video_thumb/1893308957567131652/img/Oz7WmSDX-uFT1EuB.jpg","","in","Indonesia","0","0","0","https://x.com/Thefans_footbal/status/1893326879509106697","1858813645712719872","Thefans_footbal"
"1893325371644473652","Sat Feb 22 15:41:59 +0000 2025","1","#bolatime #liverpool Gol lewat dari Bruno Fernandes dan Manuel Ugarte membantu Manchester United bangkit dari ketinggalan untuk meraih keputusan seri dramatik 2-2 di Goodison Park dalam saingan Liga Perdana Inggeris (EPL) selepas Everton dinafikan penalti pada masa kecederaan","1893325371644473652","","","in","Malaysia","0","0","0","https://x.com/hmetromy/status/1893325371644473652","63070015","hmetromy"
"1893325099819737436","Sat Feb 22 15:40:54 +0000 2025","449","Menolak menyerah ️ @B_Fernandes8 ️ @manuugarte8 #MUFC || #EVEMUN https://t.co/AvEE5Zy2T1","1893325099819737436","https://pbs.twimg.com/media/GkZkOUbWUAAOXLU.jpg","","in","Old Trafford","1","12","20","https://x.com/ManUtd_ID/status/1893325099819737436","1846234722","ManUtd_ID"
"1893324634449203653","Sat Feb 22 15:39:03 +0000 2025","0","Beneran kek Manchester United degradasi. Gedeg banget setiap emyu main selalu aja gak ada progress. Bukannya introspeksi malah bikin kesalahan terus https://t.co/IHbQS36YOq","1893324634449203653","https://pbs.twimg.com/media/GkZwuJKaoAMQFBx.jpg","","in","","0","0","0","https://x.com/tebelams/status/1893324634449203653","251493491","tebelams"
"1893324354961945078","Sat Feb 22 15:37:57 +0000 2025","1","Manchester United bangkit ketinggalan dua gol ikat Everton di Goodison Park Jaringan penyamaan Ugarte memastikan United membawa keluar satu mata dari Goodison Park. #sinarharian #ManchesterUnited https://t.co/ezQXB7tZaz","1893324354961945078","","","in","Malaysia","0","0","0","https://x.com/SinarOnline/status/1893324354961945078","331383958","SinarOnline"
"1893323601060757829","Sat Feb 22 15:34:57 +0000 2025","0","Satu hal yg bagus dari Manchester united musim ini adalah Jersey jaket sama Jersey casual nya yg bagus. Minimal gw mesti punya yg musim ini ","1893323601060757829","","","in","","0","0","0","https://x.com/KataCuppy/status/1893323601060757829","376041265","KataCuppy"
"1893322448344391825","Sat Feb 22 15:30:22 +0000 2025","0","️🇿🇦 GOAL | Orlando Pirates 2⃣1⃣ Cape Town City | #BetwayPrem Goodman Mosele Tshegofatso Mabasa Relebohile Mofokeng Haashim Domingo Patrick Maswanganyi Ethan Nwaneri Leandro Trossard Manchester United Arsenal Chippa United Sekhukhune #OnceAlways #ARSWHU #IPSTOT https://t.co/U8JpJFoivy","1893322448344391825","https://pbs.twimg.com/ext_tw_video_thumb/1893320748103565313/pu/img/JU_LDwtK6D7-I9dp.jpg","","in","Alkebulan","0","0","0","https://x.com/A44Sports/status/1893322448344391825","1827325395105914880","A44Sports"
"1893322370921750597","Sat Feb 22 15:30:04 +0000 2025","2","Manchester United Mn Nhar Khrj Mnha Sir Alex Ferguson https://t.co/IsDJMLQHpJ","1893322370921750597","https://pbs.twimg.com/amplify_video_thumb/1893322229728858112/img/ruAsx6OhUH8spd0K.jpg","","in","","0","0","0","https://x.com/chdid22/status/1893322370921750597","1827402639555862528","chdid22"
"1893321975222636809","Sat Feb 22 15:28:29 +0000 2025","29","Manchester United Wanashuka Daraja Msimu Huu. Jamaa Wako Hali tete ","1893321975222636809","","","in","NBAA House (Mhasibu House)","1","1","5","https://x.com/IsackIlamlila/status/1893321975222636809","1728954078078574592","IsackIlamlila"
"1893321562587087177","Sat Feb 22 15:26:51 +0000 2025","50","Nashuku wanaume ushabikia Manchester united awana nywele za kifua","1893321562587087177","","","in","kwenu","0","1","27","https://x.com/De_Escobar01/status/1893321562587087177","1543948058492289024","De_Escobar01"
"1893321289663926485","Sat Feb 22 15:25:46 +0000 2025","0","Sejahat itu Ashley Young sama mantan. Pengen amat Manchester United degradasi. #ManchesterUnited","1893321289663926485","","","in","Jakarta Selatan, DKI Jakarta","0","0","0","https://x.com/arisssss191/status/1893321289663926485","966198795494133761","arisssss191"
"1893321076840517704","Sat Feb 22 15:24:55 +0000 2025","0","Manchester United bangkit untuk seri 2-2 dengan Everton selepas ketinggalan 0-2 pada separuh masa pertama. Gol daripada Bruno Fernandes dan Manuel Ugarte menyamakan kedudukan pada separuh masa kedua. #AstroRadioNews https://t.co/9Q3127VAzf","1893321076840517704","https://pbs.twimg.com/media/GkZteWCXsAAAU56.jpg","","in","Malaysia","0","0","0","https://x.com/AstroRadioNews/status/1893321076840517704","3314811637","AstroRadioNews"
"1893319721673445614","Sat Feb 22 15:19:32 +0000 2025","0","Apa kata gue. Kaan tuh bisa nahan imbang evertongood job dik emyu tengkyu dik ugarte and congrats for your first goal with manchester united. Mayanlah bawa pulang 1 point. https://t.co/nnXKb5CWMJ","1893319721673445614","https://pbs.twimg.com/media/GkZsPojaoAEig6K.jpg","","in","404 error","0","0","0","https://x.com/10bloeybiru/status/1893319721673445614","1600702441170694145","10bloeybiru"
"1893319131119735000","Sat Feb 22 15:17:11 +0000 2025","0","Everton Buang Keunggulan Manchester United Selamat dari Kekalahan di Premier League https://t.co/NZ3380gaS9","1893319131119735000","","","in","Palu, Sulawesi Tengah ","0","0","0","https://x.com/HantonoSyahril/status/1893319131119735000","1447918723248107536","HantonoSyahril"
"1893318478095900906","Sat Feb 22 15:14:35 +0000 2025","0","Gol jarak dekat Doucouré sempat membawa Everton unggul 2-0 atas Manchester United! #EPL #MUFC #EVEMUN #Everton https://t.co/lA4BZtKzxl","1893318478095900906","https://pbs.twimg.com/amplify_video_thumb/1893289371350278144/img/0SrjqnHYMn6j7dhi.jpg","","in","Indonesia","0","0","0","https://x.com/Thefans_footbal/status/1893318478095900906","1858813645712719872","Thefans_footbal"
"1893318378011406622","Sat Feb 22 15:14:12 +0000 2025","2","Manchester United cuma 2-2 lawan Everton. Amorim lagi-lagi bikin fans geleng kepala. Comeback sih tapi pertahanan tim apa kabar? Jujur Amorim masih pantas pegang MU atau udah waktunya out? #MUFC #AmorimOut #EvertonVsMU https://t.co/O7Lr1iW4jK","1893318378011406622","https://pbs.twimg.com/media/GkZrBQFXgAEWxBL.jpg","","in","","0","0","0","https://x.com/AKelalen56776/status/1893318378011406622","1852657575629864960","AKelalen56776"
"1893317422934810736","Sat Feb 22 15:10:24 +0000 2025","1","Everton Tahan Imbang Manchester United Dengan Skor Akhir 2-2 . . . Baca Berita Selengkapnya disini : https://t.co/AePkViHRd0 #strategibola #bola #hasilpertandingani #highlights #manchesterunited #everton #ligainggris #MUFC Emil Emyu rich brian Sukatani https://t.co/36gqKUSSpV","1893317422934810736","https://pbs.twimg.com/media/GkZp-XHawAAf_ov.jpg","","in","indonesia","0","0","0","https://x.com/strategibola_id/status/1893317422934810736","419538179","strategibola_id"
"1893316778089959503","Sat Feb 22 15:10:01 +0000 2025","1","@Patel55577 Muhindi huna huruma hadi kwa Manchester United na vile tumejaribu?? Ama wewe unajua tuu Huruma Estate ","1893317325350142300","","Patel55577","in","Nakuru, Kenya 🦩","0","1","0","https://x.com/Blessedkamaa/status/1893317325350142300","1525022079522832384","Blessedkamaa"
"1893317067689873625","Sat Feb 22 15:08:59 +0000 2025","1","Kwani huku x kila mtu ni wa Manchester United......","1893317067689873625","","","in","Western, Kenya","0","0","0","https://x.com/ki84339/status/1893317067689873625","1871946005920321536","ki84339"
"1893316857542668645","Sat Feb 22 15:08:09 +0000 2025","0","Fans Manchester United pasti bangga dengan hasil ini https://t.co/FTBYVOEC6s","1893316857542668645","https://pbs.twimg.com/media/GkZpo9pasAA6HUc.jpg","","in","Kota Banda Aceh, Provinsi Aceh","0","0","0","https://x.com/TkuAziz/status/1893316857542668645","1411849298","TkuAziz"
"1893316697513152994","Sat Feb 22 15:07:31 +0000 2025","0","Manchester United kembali mencatatkan hasil negatif. Pada pekan ke-26 Liga Primer Inggris Setan Merah hanya mampu mencuri satu poin dari kandang Everton. Laga Everton vs Man United berakhir dengan skor 2-2. https://t.co/jG681GUuQv","1893316697513152994","","","in","Jakarta - Indonesia","0","0","0","https://x.com/mediaindonesia/status/1893316697513152994","68930552","mediaindonesia"
"1893316641330536559","Sat Feb 22 15:07:18 +0000 2025","1","Duel Everton vs Manchester United berlangsung sengit dan tuntas tanpa pemenang. Sempat tertinggal dua gol Setan Merah memaksakan hasil imbang 2-2. https://t.co/nJnB1vu4l9","1893316641330536559","","","in","","0","1","1","https://x.com/detikcom/status/1893316641330536559","69183155","detikcom"
"1893316534040510498","Sat Feb 22 15:06:52 +0000 2025","0","Dramatis! Manchester United Bangkit dari Ketertinggalan Nyaris Menang Menit Akhir https://t.co/7EgqgssyuL https://t.co/wz0lGGBfLA","1893316534040510498","https://pbs.twimg.com/media/GkZpWqUaoAAT50x.jpg","","in","Indonesia","0","0","0","https://x.com/garudatvnews/status/1893316534040510498","502140136","garudatvnews"
"1893316245765624149","Sat Feb 22 15:05:43 +0000 2025","14","Manchester United Kashaafungwa Tuangalia Burudani Hapaa kutoka kwa ARSENAL sasa.","1893316245765624149","","","in","Tanzania","1","1","1","https://x.com/kapeto98/status/1893316245765624149","1241301299800543232","kapeto98"
"1893316014575673793","Sat Feb 22 15:04:48 +0000 2025","1","Hampir ketinggalan pertandingan ManUtd tumben mereka main masih malam belum dinihariAlhamdulillah 2-2 draw vs Everton vs David Moyes si Ruben Amorim tetap sopan dia salaman dengan former pelatih Manchester United yang cukup berhasil di klub Everton.#EVEMUN🇵🇸 https://t.co/M981VxaQsk","1893316014575673793","https://pbs.twimg.com/ext_tw_video_thumb/1893315279985483777/pu/img/1PAPTx_dkFKC4kOe.jpg","","in","Indonesia","0","0","0","https://x.com/anonimman137997/status/1893316014575673793","1704116159665389568","anonimman137997"
"1893314942482145576","Sat Feb 22 15:00:33 +0000 2025","0","Everton vs Manchester United: 2-2 Drama Hingga Detik Terakhir https://t.co/qhHq6OrYt8","1893314942482145576","","","in","Bogor, Indonesia","0","0","0","https://x.com/MediaVoi/status/1893314942482145576","1578222594","MediaVoi"
"1893314782272319834","Sat Feb 22 14:59:54 +0000 2025","0","manchester united lu kenapa jadi gelap begini dah ","1893314782272319834","","","in","Bekasi, Jawa Barat","0","1","0","https://x.com/pagertribun/status/1893314782272319834","407600110","pagertribun"
"1893314273666892261","Sat Feb 22 14:57:53 +0000 2025","0","Itimu ya mademoni makanyu ya Manchester United yakonyora ingayi ye epoundi indara ku ritura inyuma icheree nu kutura idraw ya mabao 2-2 nindi itimu ya Everton mu kiguti cha Goodison Park mu mukinu gwi iligi ye Evongereza. #UmwoyoGwuMurogori #VuukaSports #ichondo https://t.co/MWD1ICWEVe","1893314273666892261","https://pbs.twimg.com/media/GkZnSufXYAAsrSF.jpg","","in","","0","0","0","https://x.com/VuukaFM/status/1893314273666892261","636847762","VuukaFM"
"1893311685194121687","Sat Feb 22 14:55:56 +0000 2025","1","@PoojaMedia Oriloyo Manchester United... Amori oba ti GBA sack letter keto jade ni kirikiri","1893313782815817924","","PoojaMedia","in","Los Angeles, CA 666","0","0","0","https://x.com/babamoria19/status/1893313782815817924","3899344355","babamoria19"
"1893288834172850537","Sat Feb 22 14:54:52 +0000 2025","1","@IamTommivill Alaganan Alawoku Olodeori..","1893313512862077025","","IamTommivill","in","Lasgidi","0","0","0","https://x.com/Kezmanunited/status/1893313512862077025","175660813","Kezmanunited"
"1893312771795652671","Sat Feb 22 14:51:55 +0000 2025","1","Manchester United wallahi baku isa kun sa min hawan jini ba Shegu azzalumai","1893312771795652671","","","in","1105915"" N 8028'7"" E","0","1","0","https://x.com/AbdulGudi/status/1893312771795652671","1539170586768945157","AbdulGudi"
"1893306553391783947","Sat Feb 22 14:51:47 +0000 2025","0","@samz__23 nakuelewa masta","1893312739935756404","","samz__23","in","😎😎😎","0","0","0","https://x.com/funjojr/status/1893312739935756404","1146783022282358785","funjojr"
"1893312424045842789","Sat Feb 22 14:50:32 +0000 2025","0","Ya kamata a Siyar da Manchester United wlh","1893312424045842789","","","in","Nigeria","0","0","0","https://x.com/MuzzammilAdamu2/status/1893312424045842789","901894870410854400","MuzzammilAdamu2"
"1893312297658912961","Sat Feb 22 14:50:02 +0000 2025","0","Ugarte Cetak Gol Perdana! Rapor Pemain Manchester United saat Tahan Imbang Everton di Liga Inggris https://t.co/PGfgsDYbVA lewat @tribunnews #ugarte #emyu #mufc #manchesterunited #everton #premierleague #epl #degradasi #manunited","1893312297658912961","","","in","Balikpapan, Indonesia","0","0","0","https://x.com/tribunkaltim/status/1893312297658912961","103551225","tribunkaltim"
"1893312209595314639","Sat Feb 22 14:49:41 +0000 2025","0","Hasil imbang seperti 3 poin bagi Manchester United pada musim ini hmm..","1893312209595314639","","","in","","0","0","0","https://x.com/RidhoOktanandar/status/1893312209595314639","3157453316","RidhoOktanandar"
"1893311707646144687","Sat Feb 22 14:47:41 +0000 2025","1","Manchester United Selamat dari Kekalahan Tahan Imbang Everton 2-2 di Premier League https://t.co/6eLEQl9GOq","1893311707646144687","","","in","Kota Bandung","0","0","0","https://x.com/dickyaditya7/status/1893311707646144687","112616155","dickyaditya7"
"1893311666214858952","Sat Feb 22 14:47:31 +0000 2025","15","Statistik Ruben Amorim bersama Manchester United di Premier League 4 menang 3 imbang 8 kalah Gimana fans Emyu? https://t.co/pWlTJITghH","1893311666214858952","https://pbs.twimg.com/media/GkZk7TlaoAIntsi.jpg","","in","","0","10","0","https://x.com/gilabola_ina/status/1893311666214858952","1170153265444442113","gilabola_ina"
"1893311665803866337","Sat Feb 22 14:47:31 +0000 2025","1","gweh ke club yang bernama manchester united: https://t.co/jLuUFYtC8W","1893311665803866337","https://pbs.twimg.com/amplify_video_thumb/1893311591212326912/img/k4os6nnQlJovUC1v.jpg","","in","Kalimantan Selatan, Indonesia","0","1","0","https://x.com/reddevilgirl_/status/1893311665803866337","1576516855623483399","reddevilgirl_"
"1893311620085907796","Sat Feb 22 14:47:20 +0000 2025","20","Casemiro Azoba aata bas Kara retirement ghya ","1893311620085907796","","","in","Old Trafford","0","2","0","https://x.com/MarathiMUFC/status/1893311620085907796","1216633134915059712","MarathiMUFC"
"1893310394153697511","Sat Feb 22 14:46:08 +0000 2025","1","@idextratime BREAKING NEWS : Musim depan Manchester United berganti sponsor menjadi Oskadon demi kesehatan pak Amorim Fabrizio Rojali","1893311317395542219","","idextratime","in","Sidoarjo, Indonesia","0","0","2","https://x.com/myrezandy_/status/1893311317395542219","1770784357789163520","myrezandy_"
"1893310964402954710","Sat Feb 22 14:44:44 +0000 2025","15","Manchester United harus puas berbagi angka dengan Everton di pertandingan malam ini. Man United masih tertahan di peringkat 15 Premier League untuk sementara. Komentarnya fans Emyu? https://t.co/T5ABlNYW7s","1893310964402954710","https://pbs.twimg.com/media/GkZkSZ7WEAAOMKu.jpg","","in","","0","6","0","https://x.com/gilabola_ina/status/1893310964402954710","1170153265444442113","gilabola_ina"
"1893310780684095853","Sat Feb 22 14:44:00 +0000 2025","0","Everton vs Manchester United 2-2 Highlights. Emyu gak jadi kalah dan Degradasi. #EVEMUN #MUFC https://t.co/mVKbXx47ze","1893310780684095853","","","in","Indonesia","0","0","0","https://x.com/mediansports/status/1893310780684095853","1595553667775463426","mediansports"
"1893310539561840850","Sat Feb 22 14:43:03 +0000 2025","1","Manchester United shida ni WACHEZAJI Mimi taanza lawama kwa kocha msimu ujao.","1893310539561840850","","","in","","0","0","1","https://x.com/robkidayo_/status/1893310539561840850","1854818179337666562","robkidayo_"
"1893310508339494954","Sat Feb 22 14:42:55 +0000 2025","0","Full Time! Everton dan Manchester United harus puas berbagi poin di Goodison Park. The Toffees unggul lebih dulu lewat Beto dan Doucouré tetapi Setan Merah bangkit berkat Bruno Fernandes dan Manuel Ugarte. #EPL #MUFC #Everton https://t.co/flzKUP1uDJ","1893310508339494954","https://pbs.twimg.com/media/GkZjv09aoAApcCc.jpg","","in","Indonesia","0","1","0","https://x.com/Thefans_footbal/status/1893310508339494954","1858813645712719872","Thefans_footbal"
"1893310485304398169","Sat Feb 22 14:42:50 +0000 2025","1","Dua gol di hujung aksi selamatkan maruah Manchester United. Artikel penuh https://t.co/b2DxVBguO5 https://t.co/0hIEi43ykL","1893310485304398169","https://pbs.twimg.com/media/GkZj2DLaoAMNvLb.jpg","","in","Old Klang Road, KL","0","0","0","https://x.com/makanbolaplus/status/1893310485304398169","1155415653861298177","makanbolaplus"
"1893310440316281053","Sat Feb 22 14:42:39 +0000 2025","45","Kesabaran adalah value utama dari fans Manchester United ","1893310440316281053","","","in","Jerman Barat","3","4","6","https://x.com/txtfromIR/status/1893310440316281053","1697113639898271744","txtfromIR"
"1893310429981454804","Sat Feb 22 14:42:37 +0000 2025","482","Breaking news: Manchester United haiwezi Kushuka Daraja tena atakama ikifungwa Mechi zake zote zilizo Baki. https://t.co/cXPvZNIg9h","1893310429981454804","https://pbs.twimg.com/media/GkZjzDbWAAANs6D.jpg","","in","Dar es Salaam, Tanzania","0","7","12","https://x.com/fumbokhanJr/status/1893310429981454804","1190938711967617025","fumbokhanJr"
"1893310217703616621","Sat Feb 22 14:42:23 +0000 2025","0","@idextratime Luar biasa comeback Manchester United.. luar biasa pertandingannya ️","1893310372955754944","","idextratime","in","127.0.0.1","0","0","0","https://x.com/Shaddy404_/status/1893310372955754944","1345726841466753024","Shaddy404_"
"1893308892584583353","Sat Feb 22 14:40:09 +0000 2025","0","@idextratime Luar biasa comeback Manchester United.. pertandingan yang seru ️","1893309811384619136","","idextratime","in","127.0.0.1","0","0","0","https://x.com/Shaddy404_/status/1893309811384619136","1345726841466753024","Shaddy404_"
"1893309773220643319","Sat Feb 22 14:40:00 +0000 2025","0","Birangiye bayagabanye da Burya niyo waba urwaye uzagire uwo ugora Match ibaye iya 7 Everton idashobora kubona amanota 3 yuzuye kuri Manchester United https://t.co/u7hdwxaGRx","1893309773220643319","https://pbs.twimg.com/media/GkZjMl5WEAA8UCK.jpg","","in","","0","0","0","https://x.com/NiyonzimaE3558/status/1893309773220643319","1808461939804364800","NiyonzimaE3558"
"1893309665317937656","Sat Feb 22 14:39:34 +0000 2025","0","Duel Antara Tim Medioker Premier League Yaitu Everton VS Manchester United Harus Berakhir Imbang 2-2. Pencetak Gol Di Laga Ini: Everton: Beto 19' A.Doucoure 33' Man United : Bruno Fernandes 72' M.Ugarte 80' Setan Merah Menolak Kalah Di Goodison Park https://t.co/Vo4VoTCtz4","1893309665317937656","https://pbs.twimg.com/media/GkZjGj8aoAIaJMX.jpg","","in","","0","0","0","https://x.com/Salman14674/status/1893309665317937656","1788921513909039104","Salman14674"
"1893309624259936279","Sat Feb 22 14:39:25 +0000 2025","0","Umat Emyu yang berbahagia akhirnya bisa bernapas lega. Manchester United mengejar ketinggalan dari Everton 2 - 2. https://t.co/PM6WXseHdk","1893309624259936279","https://pbs.twimg.com/media/GkZjEKMWMAAalcB.jpg","","in","Jakarta Capital Region","0","0","0","https://x.com/akuratco/status/1893309624259936279","786549338818224128","akuratco"
"1893308491193827522","Sat Feb 22 14:39:15 +0000 2025","0","@idextratime Luar biasa comeback Manchester United.. luar biasa pertandingannya ️","1893309583092793854","","idextratime","in","127.0.0.1","0","0","0","https://x.com/Shaddy404_/status/1893309583092793854","1345726841466753024","Shaddy404_"
"1893309526515884420","Sat Feb 22 14:39:01 +0000 2025","0","Full Time⏳️ Everton 2-2 Manchester United | #PremierLeague Babak pertama Emyu bermain membosankan bahkan tertinggal dua gol. Dibabak kedua permainan Emyu membaik dan berhasil mencetak dua gol. Hasil imbang ini tetap membuat Manchester United berada dipapan bawah klasemen https://t.co/0rEvdMpntA","1893309526515884420","https://pbs.twimg.com/media/GkZi4MYWYAAyz5s.jpg","","in","DKI Jakarta, Indonesia","0","0","0","https://x.com/offsideindns/status/1893309526515884420","1636399127176302592","offsideindns"
"1893309440734244989","Sat Feb 22 14:38:41 +0000 2025","517","Full Time: Everton 2-2 Manchester United. Bruno Fernandes 72' M. Ugarte 80' Rangkuman: - 15 menit terakhir tiba-tiba Manchester United bangkit mainnya enak banget diliat. Sabar build-up. Harusnya dari menit awal begitu. - Masuknya Garnacho memberikan warna lebih untuk https://t.co/xlNMDpWPDo","1893309440734244989","https://pbs.twimg.com/media/GkZi5wUaoAAIPCH.jpg","","in","","5","50","22","https://x.com/utdabout/status/1893309440734244989","3029512724","utdabout"
"1893308557149257832","Sat Feb 22 14:38:38 +0000 2025","0","@idextratime Luar biasa comeback Manchester United.. luar biasa pertandingannya ️","1893309430088814796","","idextratime","in","127.0.0.1","0","0","0","https://x.com/Shaddy404_/status/1893309430088814796","1345726841466753024","Shaddy404_"
"1893309232507761093","Sat Feb 22 14:37:51 +0000 2025","32","Tertinggal 2 gol lalu comeback 2-2. Manchester United amankan poin di kandang Everton. : @premierleague https://t.co/UVRndpi178","1893309232507761093","https://pbs.twimg.com/media/GkZithIWQAAQ7PH.jpg","","in","Indonesia","1","1","0","https://x.com/panditfootball/status/1893309232507761093","947281567","panditfootball"
"1893308701936689575","Sat Feb 22 14:37:30 +0000 2025","1","@idextratime Manchester United pasti menang ","1893309144326656456","","idextratime","in","127.0.0.1","0","0","0","https://x.com/Shaddy404_/status/1893309144326656456","1345726841466753024","Shaddy404_"
"1893308989670097081","Sat Feb 22 14:36:53 +0000 2025","0","Kantor berita kena community note ","1893308989670097081","","","in","East Borneo, Indonesia","0","0","0","https://x.com/Crusadder13/status/1893308989670097081","405568957","Crusadder13"
"1893308940663803948","Sat Feb 22 14:36:42 +0000 2025","0","Match ended Premier League: Manchester united vis Everton FT 2:2 Amorim na bahungu be babonye inota 1 bigoranye nyuma yo kurangara igice cya 1 bagatsindwa ibitego 2 hakiri kare bakaza babyishyira ku munota wa 72' ndetse na 81'.","1893308940663803948","","","in","Rwanda","0","0","0","https://x.com/igicanirosport1/status/1893308940663803948","763756754232610816","igicanirosport1"
"1893308921378435397","Sat Feb 22 14:36:37 +0000 2025","5","Tarik balik ucapan. Manchester United masih punya mental https://t.co/nGM2VAjFck","1893308921378435397","https://pbs.twimg.com/media/GkZibcXW8AAXXIp.jpg","","in","","0","0","0","https://x.com/bola_bini/status/1893308921378435397","1662544421664227328","bola_bini"
"1893308865237684660","Sat Feb 22 14:36:24 +0000 2025","32","𝗗𝗮𝗿𝗶𝗽𝗮𝗱𝗮 𝗸𝗮𝗹𝗮𝗵 𝗹𝗮𝗵 𝘆𝗮 Manchester United mengais satu poin dari Goodison Park setelah tertinggal dua gol lebih dulu di babak pertama Everton nyaris mendapatkan penalti di ujung laga beruntung intervensi VAR membatalkan hal tersebut https://t.co/SiIzuLTHk3","1893308865237684660","https://pbs.twimg.com/media/GkZiX3LaoAM9Fqf.jpg","","in","Indonesia","0","4","0","https://x.com/GOAL_ID/status/1893308865237684660","27197792","GOAL_ID"
"1893308845314670634","Sat Feb 22 14:36:19 +0000 2025","0","Mashabiki wa Manchester United tunaweza kumlaumu mwalimu Rubén Amorin kuhusu mfumo na mbinu kadri tutakavyo. Lakini je hivi huwa tunawatizama wachezaji wetu kweli uwanjani kwa umakini?","1893308845314670634","","","in","Dar es Salaam, Tanzania","0","1","0","https://x.com/DrMagari_Tz/status/1893308845314670634","3930197609","DrMagari_Tz"
"1893308843351793828","Sat Feb 22 14:36:18 +0000 2025","0","FT: Everton 2-2 Manchester United 19' Beto 33' A. Doucouré --------- 72' Bruno Fernandes 80' Ugarte Gimana fans emyu jantungan dan kesal? #EVEMUN #EPL #PremierLeague https://t.co/TOiMPjPtsT","1893308843351793828","https://pbs.twimg.com/media/GkZiW_bXEAAZI4D.jpg","","in","","0","0","0","https://x.com/allaboutnews06/status/1893308843351793828","1825916249697857536","allaboutnews06"
"1893308699269054678","Sat Feb 22 14:35:44 +0000 2025","1","Manchester United Gagal lagi menang lawan Everton jadi kekalahan beruntun ketiga Emyu di Liga Inggris. MU sendiri SUKSES kumpulkan 30 poin dari 26 laga. https://t.co/YrskMIjQa1","1893308699269054678","https://pbs.twimg.com/media/GkZiLLRaoAIHwUR.jpg","","in","Jakarta Capital Region","1","0","0","https://x.com/beritainbola/status/1893308699269054678","1574061914396979202","beritainbola"
"1893308428606447679","Sat Feb 22 14:34:40 +0000 2025","18","Settle dengan seri minggu ni #MUFC || #EVEMUN https://t.co/w8wNcmYtce","1893308428606447679","https://pbs.twimg.com/media/GkZh1D3X0AAaCM_.jpg","","in","Old Trafford","1","0","1","https://x.com/ManUtd_MY/status/1893308428606447679","1846140120","ManUtd_MY"
"1893308409178394960","Sat Feb 22 14:34:35 +0000 2025","94","Manchester United menolak kalah! Sempat tertinggal 2-0 MU samakan skor lewat gol free kick cantik Bruno Fernandes serta gol dari Manuel Ugarte. Lumayan kedua tim saling berbagi 1 poin Menit-menit akhir hampir aja Everton dapat penalti... untungnya dibatalkan VAR https://t.co/wv0NbhRAOX","1893308409178394960","https://pbs.twimg.com/media/GkZh7jXXUAA3or-.jpg","","in","Terperangkap Offside","3","1","3","https://x.com/FaktaSepakbola/status/1893308409178394960","1316071146","FaktaSepakbola"
"1893308287833051242","Sat Feb 22 14:34:06 +0000 2025","0","Manchester united terlalu banyak delay serangan sehingga kehilangan momentum harus dirubah.!!. Lakukan dengan cepat dan sederhana saat membangun serangan berikan tekanan hebat dan deras ke pertahanan lawan. #MUFC","1893308287833051242","","","in","Indonesia","0","0","0","https://x.com/Herriwidiatmoko/status/1893308287833051242","254350800","Herriwidiatmoko"
"1893308241838329856","Sat Feb 22 14:33:55 +0000 2025","1","FT: 2-2. Manchester United buang poin lagi untuk terus berkutat di PAPAN BAWAH Premier League. #MUFC","1893308241838329856","","","in","Indonesia","0","0","0","https://x.com/unitedattackID/status/1893308241838329856","1270722365387714564","unitedattackID"
"1893308166105964752","Sat Feb 22 14:33:37 +0000 2025","0","King Emiyuuuu GAK jadi kalah gaesss ‼️ Hasil skor pertandingan everton vs manchester united di liga inggris EPL. FT: Everton 2 vs 2 Manchester United Gol : Beto 19' A. Doucouré 33' Bruno Fernandes 72' M. Ugarte 80' https://t.co/dI4kE9T76S","1893308166105964752","https://pbs.twimg.com/media/GkZhvmVagAA0ixJ.jpg","","in","Stutgart","0","0","0","https://x.com/Nahrowi_wawie/status/1893308166105964752","78497424","Nahrowi_wawie"
"1893308048111804458","Sat Feb 22 14:33:09 +0000 2025","939","Berakhir sama kuat di Goodison Park. #MUFC || #EVEMUN https://t.co/uzsbyG9E0o","1893308048111804458","https://pbs.twimg.com/media/GkZha8baoAEZBvt.jpg","","in","Old Trafford","112","133","125","https://x.com/ManUtd_ID/status/1893308048111804458","1846234722","ManUtd_ID"
"1893308033465274695","Sat Feb 22 14:33:05 +0000 2025","1","Selepas semakan VAR penalti dibatalkan. #MUFC || #EVEMUN","1893308033465274695","","","in","Old Trafford","0","0","0","https://x.com/ManUtd_MY/status/1893308033465274695","1846140120","ManUtd_MY"
"1893307523614265680","Sat Feb 22 14:31:04 +0000 2025","59","Setelah pengecekan VAR penalti dibatalkan. ‍ #MUFC || #EVEMUN","1893307523614265680","","","in","Old Trafford","0","13","2","https://x.com/ManUtd_ID/status/1893307523614265680","1846234722","ManUtd_ID"
"1893307136714617136","Sat Feb 22 14:29:31 +0000 2025","0","Tutup jela manchester united ni buat kelab tupperware ke apa ke","1893307136714617136","","","in","Gerik Perak","0","0","0","https://x.com/AmalEspraza/status/1893307136714617136","83315682","AmalEspraza"
"1893307011112014174","Sat Feb 22 14:29:02 +0000 2025","4","Penalti untuk Everton. #MUFC || #EVEMUN","1893307011112014174","","","in","Old Trafford","2","0","0","https://x.com/ManUtd_MY/status/1893307011112014174","1846140120","ManUtd_MY"
"1893306724804677867","Sat Feb 22 14:29:00 +0000 2025","0","@NetflixID manchester united vs siapapun","1893307003092545947","","NetflixID","in","","0","0","0","https://x.com/berlylreb/status/1893307003092545947","67144257","berlylreb"
"1893306906040467721","Sat Feb 22 14:28:36 +0000 2025","205","Lah daritadi Manchester United pemainnya jatuh sama pemain Everton kena tangan semua ga diapa2in sama wasit ini malah langsung penalti si emyu ","1893306906040467721","","","in","Jakarta Capital Region, Indone","1","15","19","https://x.com/Tyows/status/1893306906040467721","57282012","Tyows"
"1893306782401044505","Sat Feb 22 14:28:07 +0000 2025","27","Penalti untuk Everton. #MUFC || #EVEMUN","1893306782401044505","","","in","Old Trafford","2","7","3","https://x.com/ManUtd_ID/status/1893306782401044505","1846234722","ManUtd_ID"
"1893306627790459259","Sat Feb 22 14:27:30 +0000 2025","9","Oanananananananananannana https://t.co/GdZrTQsSZK","1893306627790459259","https://pbs.twimg.com/media/GkZgWDjXwAAbend.jpg","","in","somewhere","0","1","2","https://x.com/UTD_Ball/status/1893306627790459259","1727062043654565888","UTD_Ball"
"1893306321551659353","Sat Feb 22 14:26:17 +0000 2025","0","manchester united ini tim apa sih sebenernya?","1893306321551659353","","","in","Indonesia","0","2","0","https://x.com/Ryandoem/status/1893306321551659353","1214069923070111744","Ryandoem"
"1893305756276965427","Sat Feb 22 14:24:02 +0000 2025","0","Manchester United . WANAJUA kucheza na Akiri za watu ","1893305756276965427","","","in","Tanzania ","0","0","1","https://x.com/Abraha1Brighton/status/1893305756276965427","1500783061763514368","Abraha1Brighton"
"1893305463640338876","Sat Feb 22 14:22:53 +0000 2025","27","Penjaring gol kita malam ni ️ #MUFC || #EVEMUN https://t.co/kFeiwbAtc7","1893305463640338876","https://pbs.twimg.com/media/GkZe_dcbUAAOQ8q.jpg","","in","Old Trafford","0","2","1","https://x.com/ManUtd_MY/status/1893305463640338876","1846140120","ManUtd_MY"
"1893304909702779089","Sat Feb 22 14:20:41 +0000 2025","790","SAH: Manuel Ugarte resmi membuka keran golnya bersama Manchester United. Gol krusial gol yg sangat dibutuhkan sebagai penyama kedudukan. More to come! #utdfocusid https://t.co/wqtBSiizVf","1893304909702779089","https://pbs.twimg.com/media/GkZexvib0AAajkV.jpg","","in","Indonesia","2","11","22","https://x.com/utdfocusid/status/1893304909702779089","1345281599605075969","utdfocusid"
"1893304908553539612","Sat Feb 22 14:20:40 +0000 2025","0","1 goal lagi yok manchester united","1893304908553539612","","","in","","0","0","0","https://x.com/pikryaseng/status/1893304908553539612","1727955996633645056","pikryaseng"
"1893304660330500324","Sat Feb 22 14:19:41 +0000 2025","221","Gol pertama @ManuUgarte8 dan penyama di Goodison Park. Ayo Reds! #MUFC || #EVEMUN https://t.co/gWC373iGzP","1893304660330500324","https://pbs.twimg.com/media/GkZdrvhWMAAtipW.jpg","","in","Old Trafford","1","7","13","https://x.com/ManUtd_ID/status/1893304660330500324","1846234722","ManUtd_ID"
"1893304170909966694","Sat Feb 22 14:17:44 +0000 2025","23","UGARTE MENJARINGKAN GOL KEDUA! #MUFC || #EVEMUN https://t.co/igj6fKyoQz","1893304170909966694","https://pbs.twimg.com/media/GkZeGnSaIAAwlwI.jpg","","in","Old Trafford","0","0","2","https://x.com/ManUtd_MY/status/1893304170909966694","1846140120","ManUtd_MY"
"1893304139041370605","Sat Feb 22 14:17:37 +0000 2025","3","Eeei Manchester united yaani free kick zenyu sahii hakuna kuwaste","1893304139041370605","","","in","Vasho.Nakuru","0","0","0","https://x.com/2541_alex/status/1893304139041370605","1711973297326366720","2541_alex"
"1893303763081011601","Sat Feb 22 14:16:07 +0000 2025","93","Satu gol lagi yuk bisa yuk! #MUFC || #EVEMUN https://t.co/pmwSVDSgxa","1893303763081011601","https://pbs.twimg.com/media/GkZcNgJXUAAGIWV.jpg","","in","Old Trafford","0","7","7","https://x.com/ManUtd_ID/status/1893303763081011601","1846234722","ManUtd_ID"
"1893303876566081613","Sat Feb 22 14:16:34 +0000 2025","0","Manchester united zikuchitikadi izizi ?shit players ","1893303876566081613","","","in","kwamacheza ","0","0","0","https://x.com/yamikanikp/status/1893303876566081613","1836413050783485952","yamikanikp"
"1893303903849955677","Sat Feb 22 14:16:41 +0000 2025","3","Ganalo NENE!","1893303903849955677","","","in","Argentina","0","0","0","https://x.com/20legend4/status/1893303903849955677","1064569378195283975","20legend4"
"1893303485430464512","Sat Feb 22 14:15:01 +0000 2025","200","GOL 2-2! ️ @manuugarte8 samakan skor lewat sepakan kaki kirinya! #MUFC || #EVEMUN https://t.co/KiTuyRC4yU","1893303485430464512","https://pbs.twimg.com/media/GkZdb2TaoAEGk9a.png","","in","Old Trafford","10","18","28","https://x.com/ManUtd_ID/status/1893303485430464512","1846234722","ManUtd_ID"
"1893303304496529548","Sat Feb 22 14:14:18 +0000 2025","4","Mbwa nyieeee hii ndo Manchester United","1893303304496529548","","","in","Dar es Salaam, Tanzania","0","0","0","https://x.com/robbybling/status/1893303304496529548","1615639689079279617","robbybling"
"1893300732343759140","Sat Feb 22 14:13:47 +0000 2025","3","@George_Ambangil Manchester United ishafikia hatua hata hao maboss wenyewe hawajui tatizo la club lipo wapi hii mbinu ya kutimua makocha haijaleta mabadiliko yoyote inabidi watafute njia mbadala ya kuokoa jahazi lizizame. ","1893303176838643883","","George_Ambangil","in","TANZANIA","0","0","0","https://x.com/Livinho_CR7/status/1893303176838643883","454395092","Livinho_CR7"
"1893301292040094204","Sat Feb 22 14:11:32 +0000 2025","0","@idextratime SELAMAT UNTUK KEMENANGAN HASIL SEMENTARA ( EVERTON (2) Vs (1) MANCHESTER UNITED )","1893302608762142796","","idextratime","in","","0","0","0","https://x.com/STanggamus58919/status/1893302608762142796","1869038780105244672","STanggamus58919"
"1893301534357651695","Sat Feb 22 14:07:16 +0000 2025","108","GOL! ️ @B_Fernandes8 perkecil keadaan jadi 2-1 lewat tendangan bebas. #MUFC || #EVEMUN https://t.co/NeYI1XIiLr","1893301534357651695","https://pbs.twimg.com/media/GkZboyDaoAEtA7t.png","","in","Old Trafford","2","6","5","https://x.com/ManUtd_ID/status/1893301534357651695","1846234722","ManUtd_ID"
"1893301368007348591","Sat Feb 22 14:06:36 +0000 2025","0","Manchester United nikama wanataka kufuata Chebukati","1893301368007348591","","","in","💫","0","0","0","https://x.com/kisavi82049/status/1893301368007348591","1677981054479613952","kisavi82049"
"1893301292040094204","Sat Feb 22 14:06:18 +0000 2025","92","TORRRRR BRUNO FERNANDES EVERTON 2-1 MANCHESTER UNITED BOLEH TUH FREE KICK","1893301292040094204","","","in","","4","16","3","https://x.com/idextratime/status/1893301292040094204","1222927522033094656","idextratime"
"1893301223333208265","Sat Feb 22 14:06:02 +0000 2025","4","72' GGGGGOOOOOOOOOOOLLLLL BRUNO FERNANDESS HARİKA GOL HARİKA","1893301223333208265","","","in","Old Trafford","0","0","0","https://x.com/DevilsTurkiye/status/1893301223333208265","1542186857999618048","DevilsTurkiye"
"1893301118194639232","Sat Feb 22 14:05:37 +0000 2025","39","Nilikuambia usipatie Manchester United kichwa na pesa ya mzinga. https://t.co/OTuWyrTF80","1893301118194639232","https://pbs.twimg.com/media/GkZbT-AX0AAQN3H.jpg","","in","😎","0","1","10","https://x.com/Topman______/status/1893301118194639232","1261624257446060032","Topman______"
"1893301011512430868","Sat Feb 22 14:05:11 +0000 2025","39"," Pergantian ganda. #MUFC || #EVEMUN https://t.co/pbwYX1ML2t","1893301011512430868","https://pbs.twimg.com/media/GkZbCULW0AApLVP.jpg","","in","Old Trafford","0","1","4","https://x.com/ManUtd_ID/status/1893301011512430868","1846234722","ManUtd_ID"
"1893300956588085305","Sat Feb 22 14:04:58 +0000 2025","91","Hii Manchester United inaweza Kushuka Daraja Hivi Hivi https://t.co/xvNm5hmYDy","1893300956588085305","https://pbs.twimg.com/media/GkZbLPBWUAIExMs.jpg","","in","Dar es Salaam, Tanzania","0","8","2","https://x.com/fumbokhanJr/status/1893300956588085305","1190938711967617025","fumbokhanJr"
"1893300844541497727","Sat Feb 22 14:04:31 +0000 2025","74"," Garna gantikan Case. #MUFC || #EVEMUN https://t.co/KhGgAXKAYK","1893300844541497727","https://pbs.twimg.com/media/GkZY2zjXoAA2s85.jpg","","in","Old Trafford","0","3","4","https://x.com/ManUtd_ID/status/1893300844541497727","1846234722","ManUtd_ID"
"1893300826778579414","Sat Feb 22 14:04:27 +0000 2025","1","Manchester United wanatak kujenga timu kwa malalamiko.","1893300826778579414","","","in","Dar es Salaam, Tanzania","0","0","0","https://x.com/_ThisIsAntony/status/1893300826778579414","1302494638163529732","_ThisIsAntony"
"1893300473412657584","Sat Feb 22 14:03:03 +0000 2025","28","Wakuu Mnauhakika Hii Manchester United ni Team ya Mpira kweli..?","1893300473412657584","","","in","Tanzania","1","2","4","https://x.com/kapeto98/status/1893300473412657584","1241301299800543232","kapeto98"
"1893282885416706329","Sat Feb 22 14:02:59 +0000 2025","1","@AcMilanTwi AC Milan Manchester United Inter Milan Napoli","1893300459269452138","","AcMilanTwi","in","Ghana","0","0","1","https://x.com/AminuMo66534486/status/1893300459269452138","1104723084769198080","AminuMo66534486"
"1893300435210944984","Sat Feb 22 14:02:54 +0000 2025","0","Mpaka referee anahurumia Manchester United hawapatii kadi","1893300435210944984","","","in","Nairobi, Kenya","0","0","0","https://x.com/ClemoFrank/status/1893300435210944984","444707081","ClemoFrank"
"1893299826470568283","Sat Feb 22 14:00:29 +0000 2025","22","Ila huyu kipa wa Manchester United anawasaidia mno ","1893299826470568283","","","in","Makongo juu","0","3","0","https://x.com/Celine6600/status/1893299826470568283","1707031828165537792","Celine6600"
"1893299771474858286","Sat Feb 22 14:00:15 +0000 2025","0","Manchester United rashford relegation amorim man u #osunLGElectionDay25 Maguire Everton casemiro beto ten hag abiola moyes Igbo abacha awolowo dorgu seyi Gowon ugarte Herbert","1893299771474858286","","","in","port Harcourt ","0","0","0","https://x.com/iam_eson/status/1893299771474858286","1632267514292891648","iam_eson"
"1893286751633833988","Sat Feb 22 13:59:52 +0000 2025","0","@mamakaCleo Team yanzwa nzara inodya Manchester United","1893299674087350516","","mamakaCleo","in","Masvingo, Zimbabwe","0","0","0","https://x.com/paradzaidombo/status/1893299674087350516","1769662488780402688","paradzaidombo"
"1893298250439921776","Sat Feb 22 13:59:35 +0000 2025","0","Logikanya begini jika pemilik atau pengusaha memiliki hutang sekitar £1BN atau lebih tapi tidak sanggup membayar hutang sebesar itu maka menjual adalah pilihan terbaik kan? Masalahnya satu si bajingan Glazers gak mau bayar hutang £2BN dan tetap merampok aset Manchester United.","1893299603182678375","","RBlyskye7","in","Manchester, England","0","0","0","https://x.com/RBlyskye7/status/1893299603182678375","424853859","RBlyskye7"
"1893299370675589273","Sat Feb 22 13:58:40 +0000 2025","1","Manchester United msiniharibie bet jameni","1893299370675589273","","","in","Embu, Kenya","0","1","0","https://x.com/Dciembu/status/1893299370675589273","1475881570863046657","Dciembu"
"1893291768596058391","Sat Feb 22 13:58:10 +0000 2025","0","@BlacDaady Ni aibu kushabikia timu kama Manchester united.","1893299244997415305","","BlacDaady","in","Hapa hapa","0","0","0","https://x.com/iamallennm/status/1893299244997415305","1469722600171470852","iamallennm"
"1893298929585852840","Sat Feb 22 13:56:55 +0000 2025","2188","Orang ini mati-matian berikan segalanya hingga jadi musuh bersama (bahkan jauh dari keluarga) demi membawa Manchester United merajai Inggris. Selepas pensiun yang didapat hanya luka. Tak terbayang bagaimana perasaannya. #poroshalangid https://t.co/lXJU6zOtm8","1893298929585852840","https://pbs.twimg.com/media/GkZZVp8XwAAWDKz.jpg","","in","Indonesia","17","111","268","https://x.com/PorosHalangID/status/1893298929585852840","1167808410693144576","PorosHalangID"
"1893298920576401659","Sat Feb 22 13:56:53 +0000 2025","2","Udah @jimans_ @maspai_jo kalian ngefans FC United of Manchester aja... https://t.co/b6NfXAeNIZ","1893298920576401659","https://pbs.twimg.com/media/GkZZU4yXQAAkGIR.jpg","","in","Indonesia","0","2","0","https://x.com/Rebornian48/status/1893298920576401659","1074458138512740352","Rebornian48"
"1893298844856648089","Sat Feb 22 13:56:35 +0000 2025","86","Memasuki 30 menit terakhir. #MUFC || #EVEMUN https://t.co/ffbvnGDkoc","1893298844856648089","https://pbs.twimg.com/media/GkZXRhZXAAAtYbj.jpg","","in","Old Trafford","2","11","5","https://x.com/ManUtd_ID/status/1893298844856648089","1846234722","ManUtd_ID"
"1893286344681562461","Sat Feb 22 13:42:59 +0000 2025","0","@tojilvy manchester united m nya meme langganan pisan","1893295425865580794","","tojilvy","in","tempat antah berantah","0","0","0","https://x.com/ichibozzz/status/1893295425865580794","1873359660058898432","ichibozzz"
"1893295195774394451","Sat Feb 22 13:42:05 +0000 2025","7","Leo mambo ineza chemka huku mbaya sana.. Manchester United are seeing bad things na niliwaambia mpee Everton Kichwa. https://t.co/c57haEwZaE Cheza hapo and win big leo. #SPBeatTheOdds https://t.co/Pr4px3HQ22","1893295195774394451","https://pbs.twimg.com/media/GkZV7XrWYAAT7wy.jpg","","in","Nairobi, Kenya","0","0","8","https://x.com/Liloh_ke/status/1893295195774394451","1473932340032385024","Liloh_ke"
"1893294953272320141","Sat Feb 22 13:41:07 +0000 2025","0","tim manchester united terburuk also tersampah sepanjang 1 dekade mendukung.","1893294953272320141","","","in","Jakarta - Stretford End","0","0","0","https://x.com/sashiharra/status/1893294953272320141","1676228813846642688","sashiharra"
"1893294935862059117","Sat Feb 22 13:41:03 +0000 2025","0","Dik Manchester United mau degradasi kah? ","1893294935862059117","","","in","Malang, East Java","0","0","0","https://x.com/Andhikaputra66/status/1893294935862059117","2324582269","Andhikaputra66"
"1893294833315266659","Sat Feb 22 13:40:38 +0000 2025","38","▶️ Babak kedua di Goodison Park. #MUFC || #EVEMUN https://t.co/Giej99hppL","1893294833315266659","https://pbs.twimg.com/media/GkZVd-_aoAAg7q9.png","","in","Old Trafford","3","14","3","https://x.com/ManUtd_ID/status/1893294833315266659","1846234722","ManUtd_ID"
"1893294783239426455","Sat Feb 22 13:40:26 +0000 2025","2","▶️ Kembali cari gol di Goodison Park. #MUFC || #EVEMUN https://t.co/zDWAqYxBdd","1893294783239426455","https://pbs.twimg.com/media/GkZVkWnaoAEAUbr.jpg","","in","Old Trafford","0","3","0","https://x.com/ManUtd_MY/status/1893294783239426455","1846140120","ManUtd_MY"
"1893294625361707419","Sat Feb 22 13:39:49 +0000 2025","102","Dekati bolasepak tempatan. Hindari Manchester United.","1893294625361707419","","","in","Milan, Lombardy","0","2","39","https://x.com/juanbudiman/status/1893294625361707419","52689158","juanbudiman"
"1893294531514081402","Sat Feb 22 13:39:26 +0000 2025","16","EFL championship kuthe baghaychi?","1893294531514081402","","","in","Old Trafford","0","4","0","https://x.com/MarathiMUFC/status/1893294531514081402","1216633134915059712","MarathiMUFC"
"1893294524342116815","Sat Feb 22 13:39:24 +0000 2025","0","Everton Hancurkan Manchester United di Goodison Park Babak Pertama Berakhir 2-0 . . . Baca Berita Selengkapnya disini : https://t.co/703GJ8mO6X #strategibola #manchesterunited #everton #englishpremierleague #hasilpertandingan #highlightsESPENSENPE2024 Amorim #MUFC Trending in https://t.co/LCE95Jh7HD","1893294524342116815","https://pbs.twimg.com/media/GkZVN4JXkAAY2W3.jpg","","in","indonesia","0","0","0","https://x.com/strategibola_id/status/1893294524342116815","419538179","strategibola_id"
"1893294430662049801","Sat Feb 22 13:39:02 +0000 2025","0","Manchester United hanya mencetak 1 goal di babak pertama dlm 10 pertandingan terakhir di liga yap bruno's penalty against Brighton damn.. #EVEMUN","1893294430662049801","","","in","","0","1","0","https://x.com/TheRedvils/status/1893294430662049801","1004121410","TheRedvils"
"1893294373699293587","Sat Feb 22 13:38:49 +0000 2025","105","#MICHEZO: Manchester United mpaka sasa wameshaokota mipira miwili katika nyavu zao katika uwanja wa Goodison Park Mbele ya Everton HT: EVERTON 2-0 MAN UNITED Leo United watatoboa? #Michezo #Hainakuchoka #EastAfricaTV @nickymeena_ https://t.co/HebdaMhRxP","1893294373699293587","https://pbs.twimg.com/media/GkZVMOOWkAA6qdY.jpg","","in","Dar es salaam, Tanzania","1","13","1","https://x.com/eastafricatv/status/1893294373699293587","169557169","eastafricatv"
"1893294270691319819","Sat Feb 22 13:38:24 +0000 2025","0","20tahun mendukung manchester united ini adalah tahun termalas","1893294270691319819","","","in","Osaka-shi Kita-ku, Osaka","0","0","0","https://x.com/Vold_Mortt/status/1893294270691319819","1663024343398637568","Vold_Mortt"
"1893291025394720790","Sat Feb 22 13:37:31 +0000 2025","0","@LuluHassan Manchester United wanaeza lose kila game lakini siwezi wasaliti ila wewe jaribu kuongea vibaya uone.","1893294047013277701","","LuluHassan","in","Kenya","0","0","0","https://x.com/wisdomkharliff/status/1893294047013277701","1449051250943840258","wisdomkharliff"
"1893293838845837795","Sat Feb 22 13:36:41 +0000 2025","43","Amorim amekuja kufanya wachezaji wabovu kuwa Wabovu zaidi. Kwa maana nyinge amekuja kuiangamiza MANCHESTER UNITED hastahili kuifundisha United. TIMUA MARA MOJAAA","1893293838845837795","","","in","Southern Highlands, Tanzania","3","6","4","https://x.com/Marakiungu/status/1893293838845837795","1304354638091649025","Marakiungu"
"1893287312793989262","Sat Feb 22 13:36:35 +0000 2025","0","@MiskinTV_ Kita memang tidak bisa mengontrol orang lain tapi kita bisa mengontol²in Manchester United.","1893293815131251171","","MiskinTV_","in","Tokyo-to, Japan","0","0","0","https://x.com/10969sarkun/status/1893293815131251171","1427277483959668742","10969sarkun"
"1893293781815877807","Sat Feb 22 13:36:27 +0000 2025","0","Sementara itu Manchester United Umat Emyu tetap semangat? https://t.co/OMKGZlBikW","1893293781815877807","https://pbs.twimg.com/media/GkZUqFOXAAAOElW.jpg","","in","Jakarta Capital Region","0","0","0","https://x.com/akuratco/status/1893293781815877807","786549338818224128","akuratco"
"1893288386309362154","Sat Feb 22 13:35:56 +0000 2025","0","@PorosHalangID Kapten bruno Penalti bruno Tendangan bebas bruno Tendang sudut bruno Cok asu","1893293650634813546","","PorosHalangID","in","Surabaya ","0","0","0","https://x.com/Zik6969/status/1893293650634813546","884857658515144704","Zik6969"
"1893293561451278726","Sat Feb 22 13:35:35 +0000 2025","0","Jago keneh MU (Madura United) bisa nahan imbang juara bertahan &amp; pemuncak klasemen liga 1 nepi menit 75 ieu tipada MU (Manchester United) nu keur eleh 2-0 ti Everton","1893293561451278726","","","in","221B Baker Street","0","0","0","https://x.com/ronagunawannn/status/1893293561451278726","1120132543179673600","ronagunawannn"
"1893293438822416437","Sat Feb 22 13:35:06 +0000 2025","0","Tim terburuk sepanjang sejarah Manchester United. Setiap bertanding selalu bermain buruk seperti seorang amatir. Tidak ada gairah semangat lesu malas buntu hilang harapan dan sampai sekarang mereka belum juga bisa menjalakan sistemnya Amoroim sungguh menyedihkan","1893293438822416437","","","in","Tanah Anarki","0","0","0","https://x.com/cursedfatkid/status/1893293438822416437","272840915","cursedfatkid"
"1893293375329116444","Sat Feb 22 13:34:51 +0000 2025","0","Manchester United degradasi aja udah lah. Capek","1893293375329116444","","","in","","0","0","0","https://x.com/rageagaintss/status/1893293375329116444","1110043858602098688","rageagaintss"
"1893293144004874720","Sat Feb 22 13:33:55 +0000 2025","17","ama hawa Manchester United players hawajakula lunch badoo?","1893293144004874720","","","in","Medellín, Colombia","0","0","6","https://x.com/UTD_mi/status/1893293144004874720","1627684302522576902","UTD_mi"
"1893292382977957985","Sat Feb 22 13:33:54 +0000 2025","0","@prasuthon_ Tau gak sebenarnya Rúben Amorim menginginkan bertahan di Sporting sampai akhir musim tapi manajemen klub langsung cari pengganti secepatnya karena khawatirnya di musim depan tidak ada satupun pelatih yang menerima tawaran ke Manchester United.","1893293138355102027","","prasuthon_","in","Manchester, England","0","1","0","https://x.com/RBlyskye7/status/1893293138355102027","424853859","RBlyskye7"
"1893293118700630020","Sat Feb 22 13:33:49 +0000 2025","7","Nazani tuanze kufatilia timu gani ni tishio huku Ambayo tutakua tunapambana nayo sisi kama Manchester united @ManUtd https://t.co/XNLpsJBl91","1893293118700630020","https://pbs.twimg.com/media/GkZUDN-WwAEVmhU.jpg","","in","Moshi, Tanzania","0","1","3","https://x.com/Eng_ZSamsoni/status/1893293118700630020","1513599257793683462","Eng_ZSamsoni"
"1893292450615111949","Sat Feb 22 13:31:10 +0000 2025","167","Manchester United unaiombea kwa Mungu isishuke daraja tu.","1893292450615111949","","","in","Dar es Salaam, Tanzania","1","5","9","https://x.com/bohny_chengula/status/1893292450615111949","1073190617482715137","bohny_chengula"
"1893292449474453899","Sat Feb 22 13:31:10 +0000 2025","1","Selangor ni angkat piala cabaran malam ni. Manchester united pula terus jd scam","1893292449474453899","","","in","","0","0","0","https://x.com/FauzixEdge/status/1893292449474453899","178017816","FauzixEdge"
"1893292399759138985","Sat Feb 22 13:30:58 +0000 2025","144","Hata zile timu za ndondo ambazo wachezaji wanakutana uwanjani siku ya mechi zinacheza kwa kuelewana vizuri kuliko hii Manchester United.","1893292399759138985","","","in","🇹🇿 🇺🇬 🇰🇪 🇿🇦","1","5","3","https://x.com/MichaelMwebe/status/1893292399759138985","1136854538","MichaelMwebe"
"1893292188315898264","Sat Feb 22 13:30:08 +0000 2025","10","Manchester United players wanakaa tu wa championship lakini shida iko wapi na hio team?","1893292188315898264","","","in","","0","0","5","https://x.com/jhonte_/status/1893292188315898264","1530431679428546560","jhonte_"
"1893292171471790360","Sat Feb 22 13:30:04 +0000 2025","0","Buang De Gea utk Onana....nasib kini di zona degradasi... Manchester United","1893292171471790360","","","in","Jakarta","0","0","0","https://x.com/leter7/status/1893292171471790360","93415698","leter7"
"1893292140903703043","Sat Feb 22 13:29:56 +0000 2025","0","manchester united ini emg harus langsung dilatih sama utusan tuhan kalo masih manusia biasa mending skip latih emyu","1893292140903703043","","","in","","0","1","0","https://x.com/199VX/status/1893292140903703043","1390410394506645504","199VX"
"1893292096888435163","Sat Feb 22 13:29:46 +0000 2025","7","GD ya Manchester United ni -9 ","1893292096888435163","","","in","Nairobi, Kenya","0","0","3","https://x.com/JoeWMuchiri1/status/1893292096888435163","1022111867207147521","JoeWMuchiri1"
"1893292052399407381","Sat Feb 22 13:29:35 +0000 2025","0","Sepertinya Manchester United akan degradasi musim ini udh gak ketolong lagi ini tim. Tolol goblok idiot dongo cacat level akut. Ngoper gak bisa megang bola gak bisa buka ruang gak bisa bertahan gak bisa nyerang gak bisa emang pantas degradasi IQ footballnya jongkok semua","1893292052399407381","","","in","Tanah Anarki","0","0","0","https://x.com/cursedfatkid/status/1893292052399407381","272840915","cursedfatkid"
"1893291796148711818","Sat Feb 22 13:28:34 +0000 2025","0","Persis Solo Marai Mumet Manchester United Marai Mumet Yang agak waras cuma Persika Karanganyar yg bisa nembus Semifinal Liga 4 Jateng ","1893291796148711818","","","in","Gondangrejo, Indonesia","0","1","0","https://x.com/Zetyo_pambudi7/status/1893291796148711818","239282156","Zetyo_pambudi7"
"1893291775260811399","Sat Feb 22 13:28:29 +0000 2025","11","Manchester united yevuganya yoka kati #mufc #PremierLeague https://t.co/2YOh8Tez39","1893291775260811399","https://pbs.twimg.com/media/GkZS0tOWQAAIMlp.jpg","","in","Jinja, Uganda","0","1","4","https://x.com/Nva_Jinja/status/1893291775260811399","1786327765563604992","Nva_Jinja"
"1893291692280942846","Sat Feb 22 13:28:09 +0000 2025","2","Manchester United tertinggal 2 gol dari Everton di babak pertama. Komentarnya? #PremierLeague https://t.co/OQzZtCJao3","1893291692280942846","https://pbs.twimg.com/media/GkZSv8RaAAAhNpG.jpg","","in","","0","1","0","https://x.com/gilabola_ina/status/1893291692280942846","1170153265444442113","gilabola_ina"
"1893291665458172261","Sat Feb 22 13:28:03 +0000 2025","11","Awurade bra na gye me firi Manchester United nsam na sɛ ɛnyɛ saa deɛ mɛyɛ biribi bɔne. https://t.co/fTDRh5O3CZ","1893291665458172261","https://pbs.twimg.com/amplify_video_thumb/1893291582301843456/img/sFn9iqIJxqHMOgIj.jpg","","in","Somewhere","2","2","5","https://x.com/QuekuMainoo/status/1893291665458172261","951585554147217409","QuekuMainoo"
"1893290373256036666","Sat Feb 22 13:27:31 +0000 2025","1","@Mwaka365 Abadili li mfumo hilo.. huo mfumo haufanyi kazi Uingereza leo alone Manchester United.. anakuwa mbishi kindezi tu!!","1893291533664718909","","Mwaka365","in","Morogoro,Kilakala,🇹🇿 Bongo","0","1","0","https://x.com/thenameis_Andro/status/1893291533664718909","896436422","thenameis_Andro"
"1893289401817440511","Sat Feb 22 13:27:01 +0000 2025","0","@silentkillerzw Manchester united yakahwina ndodya 1kg ye salt ","1893291407248412742","","silentkillerzw","in","Harare, Zimbabwe","0","1","0","https://x.com/Domesticnigga/status/1893291407248412742","1843360012678115328","Domesticnigga"
"1893291215640240380","Sat Feb 22 13:26:16 +0000 2025","305","Half Time: Everton 2-0 Manchester United. Sengsara. - Positioning dan shape formasi gajelas. - Zirkzee dan Hojlund ngapain aja. - Cuma Dorgu dan Bruno yang daritadi alirin bola. - Duel bola kedua dan set-piece selalu kalah. Kacau. #EVEMUN #MUFC #ManchesterUnited https://t.co/UM1dfgNzfb","1893291215640240380","https://pbs.twimg.com/media/GkZSUkFXcAAhwPS.jpg","","in","","5","48","15","https://x.com/utdabout/status/1893291215640240380","3029512724","utdabout"
"1893291202587287653","Sat Feb 22 13:26:13 +0000 2025","3","Kucheka Manchester United haitakuponya ukimwi","1893291202587287653","","","in","Law","0","1","2","https://x.com/DaveKengabi/status/1893291202587287653","778564355780739072","DaveKengabi"
"1893291126972654070","Sat Feb 22 13:25:54 +0000 2025","0","Usah kau ragui kesetiaan ku nona sedang aku fan Manchester United","1893291126972654070","","","in","nilai","0","0","0","https://x.com/haziq1202/status/1893291126972654070","215936912","haziq1202"
"1893290956742631913","Sat Feb 22 13:25:14 +0000 2025","0","@damkar_RI tolong bisa bantu selamatkan Manchester United gak? ","1893290956742631913","","damkar_RI","in","In between.","1","0","0","https://x.com/raditdinata/status/1893290956742631913","110898648","raditdinata"
"1893290913016811640","Sat Feb 22 13:25:03 +0000 2025","1","Manchester United waseme tu nani aliua Chebukati waachiliwe","1893290913016811640","","","in","Ata Nishakuona","0","0","0","https://x.com/_salim_ke/status/1893290913016811640","1414271660954378242","_salim_ke"
"1893290744083030266","Sat Feb 22 13:24:23 +0000 2025","0","GOL LAGI Onana EVERTON 2-0 Manchester United https://t.co/k8dqRiXfPp","1893290744083030266","","","in","","0","0","0","https://x.com/fulltlme/status/1893290744083030266","1689903347535687680","fulltlme"
"1893290899981181112","Sat Feb 22 13:25:00 +0000 2025","0","Kone Eriksen Obi Heaven Yoro masuk.","1893290899981181112","","","in","Manchester, England","1","0","0","https://x.com/GGMUPodcast/status/1893290899981181112","1410502349630500874","GGMUPodcast"
"1893290684116807772","Sat Feb 22 13:24:09 +0000 2025","0","Everton adalah laga ke-22 Ruben Amorim dgn Manchester United. Kali ke-17 scoreless di babak pertama. Buntu.","1893290684116807772","","","in","","0","0","0","https://x.com/paulbimo/status/1893290684116807772","816198364760928256","paulbimo"
"1893290646984593895","Sat Feb 22 13:24:00 +0000 2025","83","Babak pertama: Everton 2-0 Manchester United Masih ada sisa babak kedua https://t.co/K4YvRo9aSs","1893290646984593895","https://pbs.twimg.com/media/GkZRyukaoAE2C1x.jpg","","in","Terperangkap Offside","0","10","4","https://x.com/FaktaSepakbola/status/1893290646984593895","1316071146","FaktaSepakbola"
"1893290633634197739","Sat Feb 22 13:23:57 +0000 2025","39","I'm tired of Manchester United wacha nifike kwa nyumba nilie kwa kifua ya bibi .","1893290633634197739","","","in","Nairobi, Kenya","0","0","15","https://x.com/OdhisSr/status/1893290633634197739","1529678930705321989","OdhisSr"
"1893290563274768552","Sat Feb 22 13:23:40 +0000 2025","444","⏸️ Tertinggal dua gol di Goodison Park. #MUFC || #EVEMUN https://t.co/4Mn5Jg4dBf","1893290563274768552","https://pbs.twimg.com/media/GkZRqwlaoAAOZjB.jpg","","in","Old Trafford","81","233","21","https://x.com/ManUtd_ID/status/1893290563274768552","1846234722","ManUtd_ID"
"1893290422547480956","Sat Feb 22 13:23:07 +0000 2025","2","Mashabiki wa soka njooni kidogo hapa chagua moja kati ya: 1. Arsenal ishinde taji la UEFA Champions League 2. Manchester United ishushwe daraja EPL #HapaNdipo #MikikiYaSpoti https://t.co/2kjSBVLiRJ","1893290422547480956","https://pbs.twimg.com/ext_tw_video_thumb/1893290277487411200/pu/img/qllpzVKg1ktR6czQ.jpg","","in","Muthaiga North, Nairobi, Kenya","0","0","0","https://x.com/Radio47_Kenya/status/1893290422547480956","1561617605626060802","Radio47_Kenya"
"1893290342109323606","Sat Feb 22 13:22:47 +0000 2025","2","Bodi ya league ya England ituruhusu tubadili Jina Tu hili la Manchester United jau","1893290342109323606","","","in","Dar es Salaam, Tanzania","0","0","2","https://x.com/KKusekwa60195/status/1893290342109323606","1707650174141534209","KKusekwa60195"
"1893290287310741550","Sat Feb 22 13:22:34 +0000 2025","0","sumpah tim paling menjijikkan itu bernama manchester united","1893290287310741550","","","in","","0","0","0","https://x.com/anakgangoxford/status/1893290287310741550","1034768211122642944","anakgangoxford"
"1893290146356703674","Sat Feb 22 13:22:01 +0000 2025","0","BANGANG SIAL MANCHESTER UNITED KORANG NI !","1893290146356703674","","","in","The Suburb Of Johor Bahru","1","0","0","https://x.com/paantastix/status/1893290146356703674","429273273","paantastix"
"1893287533603365198","Sat Feb 22 13:21:01 +0000 2025","0","@jacqu3swebster Sedang cuba membayangkan perodua sponsor Manchester United ni","1893289895101137000","","jacqu3swebster","in","Malaysia","0","1","0","https://x.com/panjangsejngkal/status/1893289895101137000","1589194039517007873","panjangsejngkal"
"1893289666071121974","Sat Feb 22 13:20:06 +0000 2025","25","Manchester United kazi ni kudinywa tu. Kufuatilia hii team ni kujiumiza bure","1893289666071121974","","","in","Nairobi, Kenya","1","0","8","https://x.com/_Briankorir/status/1893289666071121974","4375327102","_Briankorir"
"1893289629010534585","Sat Feb 22 13:19:57 +0000 2025","0","Kafanyaje huyu ? Aliwekea pesa ya rent Manchester united ishinde Everton https://t.co/6rtiCAdjSf","1893289629010534585","https://pbs.twimg.com/media/GkZQ4geXsAAGKB8.jpg","","in","Nairobi, kenya","0","0","0","https://x.com/viosam18/status/1893289629010534585","1644815505121738752","viosam18"
"1893289626376307171","Sat Feb 22 13:19:57 +0000 2025","0","HT: EVERTON 2-0 MANCHESTER UNITED 19'Beto 33' A. Doucouré Gimana fans emyu udah muak musim ini? #EVEMUN #ManUtd #Everton https://t.co/irnWlGdv3Z","1893289626376307171","https://pbs.twimg.com/media/GkZQ4XcbwAA5M5N.jpg","","in","","0","0","0","https://x.com/allaboutnews06/status/1893289626376307171","1825916249697857536","allaboutnews06"
"1893288386309362154","Sat Feb 22 13:19:06 +0000 2025","0","@PorosHalangID Para pemain saat ini emang gak layak memakai jersey Manchester United","1893289413536354448","","PorosHalangID","in","Solo ","0","0","0","https://x.com/koncomungombe/status/1893289413536354448","1838816099267416064","koncomungombe"
"1893289376714555397","Sat Feb 22 13:18:57 +0000 2025","5","Ila Manchester united dah msimu huu tuanze upya tu hakuna namna nyingine","1893289376714555397","","","in","pori kavu","0","2","1","https://x.com/Dsmile360/status/1893289376714555397","1572989724721127424","Dsmile360"
"1893289282414223682","Sat Feb 22 13:18:35 +0000 2025","0","Manchester United resmi menjadi tim papan bawah klasemen Premier League ","1893289282414223682","","","in","","0","2","0","https://x.com/arkhasy/status/1893289282414223682","109778846","arkhasy"
"1893289275162075543","Sat Feb 22 13:18:33 +0000 2025","0","Dorgu adalah pembelian Manchester United yang bermain dengan baik sejauh aku melihat pertandingan. Sedangkan Zirkee buruk kurung saja dia di kamar mandi ","1893289275162075543","","","in","","0","0","0","https://x.com/n1sm4r4/status/1893289275162075543","1248245597208891393","n1sm4r4"
"1893286772462731296","Sat Feb 22 13:17:54 +0000 2025","0","@RafaelCryptoX selamat malam kang","1893289111567683961","","RafaelCryptoX","in","Sidoarjo, Indonesia","0","0","0","https://x.com/Jo_GoRamadhan/status/1893289111567683961","189812724","Jo_GoRamadhan"
"1893288782771740944","Sat Feb 22 13:16:36 +0000 2025","33","Tunda Sheikh Bello yabo ya tsinewa Manchester United har haryanzu basu kara wani abun kirki ba️","1893288782771740944","","","in","Social media influencer","1","4","5","https://x.com/bb_khamees/status/1893288782771740944","1170246546","bb_khamees"
"1893288772357296153","Sat Feb 22 13:16:33 +0000 2025","0","Kelakar apa la Manchester United ni.","1893288772357296153","","","in","Yong Peng City","0","1","0","https://x.com/_Khuzrin_/status/1893288772357296153","432919859","_Khuzrin_"
"1893288714350273007","Sat Feb 22 13:16:19 +0000 2025","0","Nungguin Manchester United degradasi aja musim ini seru keknya.","1893288714350273007","","","in","","0","0","0","https://x.com/MJReynald/status/1893288714350273007","126382012","MJReynald"
"1893288365640032453","Sat Feb 22 13:14:56 +0000 2025","1110","Manchester United bisa saja terpaut 9 poin dari zona degradasi seandainya Ipswich bisa menang dari Spurs malam ini. Apakah? https://t.co/QqwBFiKxp3","1893288365640032453","https://pbs.twimg.com/media/GkZPt0YbUAAy0SK.jpg","","in","","40","175","44","https://x.com/idextratime/status/1893288365640032453","1222927522033094656","idextratime"
"1893288253425623119","Sat Feb 22 13:14:29 +0000 2025","0","Wkwkwkkww","1893288253425623119","","","in","","0","0","0","https://x.com/Man_Utd_Gallery/status/1893288253425623119","1408441343303581699","Man_Utd_Gallery"
"1893288277836288241","Sat Feb 22 13:14:35 +0000 2025","1","Manchester United inabidi waongee vizuri na babu yetu Sir Alex Ferguson nje ya wachezaji na kocha kuna kitu hakipo sawa. Ni nini hiki tena https://t.co/qzPPnJckYj","1893288277836288241","https://pbs.twimg.com/media/GkZPp4UbkAA2ZYL.jpg","","in","TANZANIA","0","1","0","https://x.com/Livinho_CR7/status/1893288277836288241","454395092","Livinho_CR7"
"1893288326938951994","Sat Feb 22 13:14:47 +0000 2025","0","Mpaka sasa mashabiki wa Manchester united wamesha juwa hatima yao. https://t.co/tO6Enq1xBd","1893288326938951994","https://pbs.twimg.com/media/GkZPsjPXsAA6qBj.jpg","","in","Mbeya, Tanzania","0","0","0","https://x.com/AndisonMikidadi/status/1893288326938951994","1862562612283580416","AndisonMikidadi"
"1893288188224950524","Sat Feb 22 13:14:14 +0000 2025","4","Manchester united inauzwa bei gani Ili niongee na Hawa matajili wawili wainunue kuinusuru @EsirEid @Sonkotz5","1893288188224950524","","","in","Mwanza, Tanzania","0","0","1","https://x.com/mtaalumaa/status/1893288188224950524","1776111728364748800","mtaalumaa"
"1893288133753553133","Sat Feb 22 13:14:01 +0000 2025","0","Manchester united washalimwa Bao mbili na Everton ..2-0 Surely . The Hub Karen | Everton | Booker Omole | Kivuitu | Boma yangu challenge | Amerix","1893288133753553133","","","in","Nairobi, Kenya ","0","0","0","https://x.com/t_philaz/status/1893288133753553133","1552653868676222977","t_philaz"
"1893288020008210838","Sat Feb 22 13:13:34 +0000 2025","3","Kasian banget dah Coach amorim wkwkwk Everton Vs Manchester united #ManchesterUnited bubar ae mending wkwk https://t.co/z2V7s4ScN0","1893288020008210838","https://pbs.twimg.com/media/GkZPa6JXMAEw7ww.jpg","","in","Tuban, Jawa Timur","0","0","0","https://x.com/Juwanramadhan/status/1893288020008210838","1192331521316667397","Juwanramadhan"
"1893287972956754203","Sat Feb 22 13:13:22 +0000 2025","0","sebodoh2 chelsea tapi tak sebodoh2 manchester united lagi la hahahaha","1893287972956754203","","","in","A’s 💍","0","0","0","https://x.com/lvqenzo/status/1893287972956754203","2950703370","lvqenzo"
"1893287958599393401","Sat Feb 22 13:13:19 +0000 2025","2","Koiyoo Manchester United yakatadzei ","1893287958599393401","","","in","kunext door ","0","0","0","https://x.com/shonapapi/status/1893287958599393401","1399997675865526280","shonapapi"
"1893287883722637531","Sat Feb 22 13:13:01 +0000 2025","0","Manchester United le itlhabisa kgala kana","1893287883722637531","","","in","Mochudi - Botswana","0","0","0","https://x.com/PhodisoMO/status/1893287883722637531","1336143168","PhodisoMO"
"1893287810062274781","Sat Feb 22 13:12:44 +0000 2025","0"," GOL! | Everton 1-0 Manchester United | Beto 19' ️ Emyu menuju degradasi... #ManchesterUnited #Everton #PremierLeague Sumber : @livescore https://t.co/LD3SvN8xqe","1893287810062274781","https://pbs.twimg.com/media/GkZPOsfWoAEscbS.jpg","","in","DKI Jakarta, Indonesia","0","0","0","https://x.com/offsideindns/status/1893287810062274781","1636399127176302592","offsideindns"
"1893287751635685592","Sat Feb 22 13:12:30 +0000 2025","22","Aku sudah tidak mengenal Manchester United https://t.co/4vBjDV30bP","1893287751635685592","https://pbs.twimg.com/media/GkZPK2TXIAAJJ12.jpg","","in","","1","0","1","https://x.com/bola_bini/status/1893287751635685592","1662544421664227328","bola_bini"
"1893287474455085505","Sat Feb 22 13:11:24 +0000 2025","8","Amorim anajuta sana kusign contract ya klabu kubwa duniani Manchester United","1893287474455085505","","","in","","0","0","1","https://x.com/Zhyinno/status/1893287474455085505","3004215310","Zhyinno"
"1893287471934276091","Sat Feb 22 13:11:23 +0000 2025","56","Timu yangu Manchester United ngapi ngapi uko","1893287471934276091","","","in","","0","4","2","https://x.com/Adventure_36/status/1893287471934276091","1230927069284048898","Adventure_36"
"1893287428254830882","Sat Feb 22 13:11:13 +0000 2025","0","Manchester United hiyo ni Pesa ya rent bana... Mnalose aje Asubuhi mapema","1893287428254830882","","","in","","0","0","0","https://x.com/2centts/status/1893287428254830882","436348719","2centts"
"1893287386387448188","Sat Feb 22 13:11:03 +0000 2025","0","Seuss na iska douma bayi Manchester United ta yalla takh ","1893287386387448188","","","in","Senegal","0","0","0","https://x.com/Ndoye3Vieux/status/1893287386387448188","1609550705643196418","Ndoye3Vieux"
"1893287316535312514","Sat Feb 22 13:10:46 +0000 2025","0","Pelatih hebat flop ️ Pemain hebat flop ️ Dirtek olahraga flop ️ Itulah Manchester United @ManUtd @ManUtd_ID","1893287316535312514","","","in","Malang, Jawa Timur","0","0","0","https://x.com/yulingganandah/status/1893287316535312514","1318145806382239745","yulingganandah"
"1893287238147981750","Sat Feb 22 13:10:27 +0000 2025","16","Everton Haijali kama Manchester United players hawajui ball hao wanawachapa tu","1893287238147981750","","","in","","0","1","11","https://x.com/Makaveli_83/status/1893287238147981750","1882798887704182784","Makaveli_83"
"1893285575781671384","Sat Feb 22 13:10:07 +0000 2025","1","@idextratime Manchester united : Gambaran pemerintah sekarang","1893287152915472809","","idextratime","in","","0","0","0","https://x.com/tfkwlyptr/status/1893287152915472809","1854719175815839747","tfkwlyptr"
"1893287121290469724","Sat Feb 22 13:09:59 +0000 2025","2","Manchester united tusiposhuka daraja msimu huu labda iwe tu rehema za Mwenyezimungu.","1893287121290469724","","","in","Tanga, Tanzania","0","1","1","https://x.com/AAlcantara47/status/1893287121290469724","1398332427156832262","AAlcantara47"
"1893287105494655309","Sat Feb 22 13:09:56 +0000 2025","0","GASS NONTON DISINI! Streaming Premier League Malam Ini Link Live Everton vs Manchester United Gratis https://t.co/JKRR5BrWOT #EPL #PremierLeague #Everton #ManUnited #ManchesterUnited #MUFC #EVEMUN #LigaInggris PSSI Paes Mandarin Rich Brian Emyu Onana Ruben Amorin https://t.co/tBsHD30Gvi","1893287105494655309","https://pbs.twimg.com/media/GkZOd0ZaoAEQ60n.png","","in","","0","0","0","https://x.com/ErinShopID/status/1893287105494655309","1311032605","ErinShopID"
"1893287076327571823","Sat Feb 22 13:09:49 +0000 2025","0","Manchester United ere tsheisa kadi bari","1893287076327571823","","","in","South Africa ","0","0","0","https://x.com/Hasman7455/status/1893287076327571823","1698154748048822272","Hasman7455"
"1893287031842754641","Sat Feb 22 13:09:38 +0000 2025","15","Manchester United players hawajali kama wanajua ball Hao wanaenda tu uwanja","1893287031842754641","","","in","","0","1","11","https://x.com/Makaveli_83/status/1893287031842754641","1882798887704182784","Makaveli_83"
"1893286728380637429","Sat Feb 22 13:08:26 +0000 2025","3","Na tuliwaambia mwalimu si shida wanafunzi ndio wajinga. Manchester United ","1893286728380637429","","","in","Kenya","0","0","1","https://x.com/bikeeandy/status/1893286728380637429","1715003027659055105","bikeeandy"
"1893286717261488613","Sat Feb 22 13:08:23 +0000 2025","16","Nini mbaya na hii Manchester United","1893286717261488613","","","in","Nairobi, Kenya","0","1","10","https://x.com/ma_nottii/status/1893286717261488613","1849804384298827776","ma_nottii"
"1893286715323801932","Sat Feb 22 13:08:23 +0000 2025","3","Manchester united championship loading team ikutuluka iyi ","1893286715323801932","","","in","","0","1","0","https://x.com/CHRISKEEWNNR/status/1893286715323801932","1831368605323112448","CHRISKEEWNNR"
"1893286686995468599","Sat Feb 22 13:08:16 +0000 2025","0","Sebak juga tengok Manchester United ni","1893286686995468599","","","in","","0","0","1","https://x.com/Shahzorla/status/1893286686995468599","4917160974","Shahzorla"
"1893286659279421863","Sat Feb 22 13:08:09 +0000 2025","0","Manchester United ya sokola.","1893286659279421863","","","in","South Africa","0","0","0","https://x.com/jordaan062/status/1893286659279421863","3600651255","jordaan062"
"1893286614014538146","Sat Feb 22 13:07:59 +0000 2025","0","Maguire bisa bisanya diem nunggu bola gatau ada Doucoure","1893286614014538146","","","in","Manchester, England","0","0","1","https://x.com/GGMUPodcast/status/1893286614014538146","1410502349630500874","GGMUPodcast"
"1893286602115289575","Sat Feb 22 13:07:56 +0000 2025","0"," GOL! | Everton 2-0 Manchester United | A. Doucouré 33' ️ Emyu beneran bakal degradasi ini mah.. #ManchesterUnited #Everton #PremierLeague https://t.co/0GDgYmLDKK","1893286602115289575","https://pbs.twimg.com/media/GkZOIVzXgAAkwRt.jpg","","in","DKI Jakarta, Indonesia","0","0","0","https://x.com/offsideindns/status/1893286602115289575","1636399127176302592","offsideindns"
"1893286528526283164","Sat Feb 22 13:07:38 +0000 2025","0","Tim anjing","1893286528526283164","","","in","Manchester, England","0","0","1","https://x.com/GGMUPodcast/status/1893286528526283164","1410502349630500874","GGMUPodcast"
"1893286411173826662","Sat Feb 22 13:07:10 +0000 2025","4","Manchester United washageuzwa ya pili na Everton","1893286411173826662","","","in","Kenya","0","0","2","https://x.com/ezzikym/status/1893286411173826662","1648806341769678848","ezzikym"
"1893286341879722170","Sat Feb 22 13:06:54 +0000 2025","0","Ketika hidupmu lagi baik2 saja tapi kamu malah milih nonton MANCHESTER UNITED. WHAT THE FVCK #MUFC #EVEMUN https://t.co/5NW9Ddcb4h","1893286341879722170","https://pbs.twimg.com/media/GkZN4saWUAE93L7.jpg","","in","","0","0","0","https://x.com/BeckzJr7/status/1893286341879722170","85265333","BeckzJr7"
"1893286335516909900","Sat Feb 22 13:06:52 +0000 2025","0","Hari ini saya putuskan hiatus jadi fans Manchester United ","1893286335516909900","","","in","","0","0","0","https://x.com/Rift_Scuttlers/status/1893286335516909900","1865420499976949760","Rift_Scuttlers"
"1893286329976328446","Sat Feb 22 13:06:51 +0000 2025","827","Indonesia gelap masi bisa nyala lagi tapi Manchester United udah blackhole","1893286329976328446","","","in","","26","19","249","https://x.com/strootsys/status/1893286329976328446","1315170681261228032","strootsys"
"1893286273701343445","Sat Feb 22 13:06:37 +0000 2025","2","Selangor Manchester United Malaysia. Manchester United Selangor England. https://t.co/akYj460rfJ","1893286273701343445","https://pbs.twimg.com/media/GkZN0z8aoAAYrbj.jpg","","in","1407 Graymalkin Lane","0","0","0","https://x.com/rdh8tv/status/1893286273701343445","427883957","rdh8tv"
"1893286238951502164","Sat Feb 22 13:06:29 +0000 2025","0","Apa maumu Manchester United?","1893286238951502164","","","in","","0","0","0","https://x.com/bawaminum/status/1893286238951502164","1362370476488593413","bawaminum"
"1893286211646521820","Sat Feb 22 13:06:23 +0000 2025","0","Manchester United Wkwkwkwk...","1893286211646521820","","","in","Banjarnegara, Jawa Tengah","0","1","0","https://x.com/sonydwias/status/1893286211646521820","3041693773","sonydwias"
"1893286207381008763","Sat Feb 22 13:06:22 +0000 2025","0","Manchester United adalah tim paling anjing yg pernah ada di dunia","1893286207381008763","","","in","","0","1","1","https://x.com/Adamprtm13_/status/1893286207381008763","1488593299954810885","Adamprtm13_"
"1893286204826652673","Sat Feb 22 13:06:21 +0000 2025","0","jane pemaine emyu sadar gak to nek dee iki maen ning klub sing jenenge Manchester united ","1893286204826652673","","","in","64157","0","2","0","https://x.com/taufanpn_/status/1893286204826652673","1528763945938735104","taufanpn_"
"1893286196752650676","Sat Feb 22 13:06:19 +0000 2025","3","Manchester united iri ku cyokezo ndq","1893286196752650676","","","in","United States","0","0","0","https://x.com/Kyleboy123/status/1893286196752650676","1377221447882510338","Kyleboy123"
"1893286178549301483","Sat Feb 22 13:06:15 +0000 2025","3","had manchester united wakha tjib lihom mehdi lmontadar maydir m3ahom walo","1893286178549301483","","","in","","0","0","1","https://x.com/ayou6hm/status/1893286178549301483","764468866202337280","ayou6hm"
"1893286029345300723","Sat Feb 22 13:05:39 +0000 2025","0","Heri game yangu ya Efootball Hii ya Manchester united hapana","1893286029345300723","","","in","Kitale finest","0","0","0","https://x.com/kashkeedkim11/status/1893286029345300723","1663965438622007296","kashkeedkim11"
"1893286008784859609","Sat Feb 22 13:05:34 +0000 2025","0","Wacha niingie YouTube ni watch Manchester United ya 2008 ndo roho itulie... Hawa wa Saa hii ni Ghasia.","1893286008784859609","","","in","","0","0","0","https://x.com/2centts/status/1893286008784859609","436348719","2centts"
"1893285938983227555","Sat Feb 22 13:05:18 +0000 2025","3","Manchester United inabadilikaa Sana Bora hata kengold","1893285938983227555","","","in","Dar es Salaam, Tanzania","0","0","1","https://x.com/KKusekwa60195/status/1893285938983227555","1707650174141534209","KKusekwa60195"
"1893285911225315615","Sat Feb 22 13:05:11 +0000 2025","9","Manchester United imekuwa haijiwezi kiasi hiki kweli?? Hadi Everton anajipigia tu","1893285911225315615","","","in","Dar es Salaam, Tanzania","1","2","0","https://x.com/AbediMuharami/status/1893285911225315615","1302498004365127680","AbediMuharami"
"1893285900668350809","Sat Feb 22 13:05:08 +0000 2025","0","KOCAK ONANA! Streaming Premier League Malam Ini Link Live Everton vs Manchester United Gratis https://t.co/JKRR5BrWOT #EPL #PremierLeague #Everton #ManUnited #ManchesterUnited #MUFC #EVEMUN #LigaInggris PSSI Paes Mandarin Rich Brian Emyu Onana Ruben Amorin https://t.co/POzbosBD5B","1893285900668350809","https://pbs.twimg.com/media/GkZNdydWsAAw5GB.png","","in","","0","0","0","https://x.com/ErinShopID/status/1893285900668350809","1311032605","ErinShopID"
"1893285882867732583","Sat Feb 22 13:05:04 +0000 2025","2","Manchester United ni elok relegate jelah. Aku baru first time main bola minggu lepas setelah berapa belas tahun tak main pun boleh score.","1893285882867732583","","","in","","0","0","1","https://x.com/fidonasir/status/1893285882867732583","295170833","fidonasir"
"1893285774939799618","Sat Feb 22 13:04:38 +0000 2025","0","MU ni manchester united ke melaka united.","1893285774939799618","","","in","Seremban/Rembau/Hatyai","0","0","0","https://x.com/jacktothequeen/status/1893285774939799618","483655222","jacktothequeen"
"1893285758191927722","Sat Feb 22 13:04:34 +0000 2025","4","Gol kedua untuk Everton. #MUFC || #EVEMUN","1893285758191927722","","","in","Old Trafford","1","0","1","https://x.com/ManUtd_MY/status/1893285758191927722","1846140120","ManUtd_MY"
"1893285723505037508","Sat Feb 22 13:04:26 +0000 2025","0","WKWKW ONANA! SKOR 2-0 Streaming Premier League Malam Ini Link Live Everton vs Manchester United Gratis https://t.co/JKRR5BrWOT #EPL #PremierLeague #Everton #ManUnited #ManchesterUnited #MUFC #EVEMUN #LigaInggris PSSI Paes Mandarin Rich Brian Emyu Onana Ruben Amorin https://t.co/bo5Jrvy6eM","1893285723505037508","https://pbs.twimg.com/media/GkZNS54WsAAroml.png","","in","","0","0","0","https://x.com/ErinShopID/status/1893285723505037508","1311032605","ErinShopID"
"1893285677527158912","Sat Feb 22 13:04:15 +0000 2025","0","Gila awat teruk sangat manchester united ni woi","1893285677527158912","","","in","Alor Star, Kedah","0","1","0","https://x.com/Arashnihaa/status/1893285677527158912","825433646","Arashnihaa"
"1893285621944176778","Sat Feb 22 13:04:02 +0000 2025","0","Dah ila Manchester united wanatia huruma sana","1893285621944176778","","","in","Tanzania","0","0","0","https://x.com/sideandrew/status/1893285621944176778","443539085","sideandrew"
"1893285424216301901","Sat Feb 22 13:03:15 +0000 2025","3","Uzuri mpira hukuwa vitu za wazungu hata kama Manchester united watalose against Everton.","1893285424216301901","","","in","somewhere ","0","0","2","https://x.com/donnibob/status/1893285424216301901","1800780752650469376","donnibob"
"1893284971860689335","Sat Feb 22 13:01:27 +0000 2025","121","Gol untuk Everton. Beto. #MUFC || #EVEMUN","1893284971860689335","","","in","Old Trafford","34","144","6","https://x.com/ManUtd_ID/status/1893284971860689335","1846234722","ManUtd_ID"
"1893281043697860779","Sat Feb 22 13:01:01 +0000 2025","0","@robkidayo_ Na jua haliwagi Kali kama leo Manchester united ni JKT iliyochangamka acha washenyentwe jusni","1893284860996800614","","robkidayo_","in","Tanzania","0","1","0","https://x.com/SongalimiJ/status/1893284860996800614","1028138148507934721","SongalimiJ"
"1893284809885073646","Sat Feb 22 13:00:48 +0000 2025","0","Ancur bgt manchester united","1893284809885073646","","","in","","0","0","0","https://x.com/pikryaseng/status/1893284809885073646","1727955996633645056","pikryaseng"
"1893284456045183279","Sat Feb 22 12:59:24 +0000 2025","4","Masaa ni ya kuingia hall kuwatch game ya Manchester United. https://t.co/OdzdKunD3Z","1893284456045183279","https://pbs.twimg.com/media/GkZMLCIXoAAaPw3.jpg","","in","Backleft","0","0","0","https://x.com/Aggam__17/status/1893284456045183279","1551192160329924611","Aggam__17"
"1893284064162886078","Sat Feb 22 12:57:51 +0000 2025","22","Manchester United itakuja niulia marafiki .","1893284064162886078","","","in","Ozarks","0","2","4","https://x.com/Gesonso1/status/1893284064162886078","1523241496480296960","Gesonso1"
"1893283944117809489","Sat Feb 22 12:57:22 +0000 2025","0","saya cinta manchester united","1893283944117809489","","","in","Dortmund, Germany","0","0","0","https://x.com/nrwngss/status/1893283944117809489","1199911429471473664","nrwngss"
"1893283653804781817","Sat Feb 22 12:56:13 +0000 2025","4","Gol untuk Everton. Beto. #MUFC || #EVEMUN","1893283653804781817","","","in","Old Trafford","0","1","0","https://x.com/ManUtd_MY/status/1893283653804781817","1846140120","ManUtd_MY"
"1893283644602548300","Sat Feb 22 12:56:11 +0000 2025","5","Inafika hatua sasa tunachoka hata kuwacheka mashabiki wa Manchester united ","1893283644602548300","","","in","Dar es Salaam, Tanzania","0","0","1","https://x.com/dullahIcon/status/1893283644602548300","1500670007256260609","dullahIcon"
"1893283558250164487","Sat Feb 22 12:55:50 +0000 2025","0","EVErton 1-0 Emyu Streaming Premier League Malam Ini Link Live Everton vs Manchester United Gratis https://t.co/JKRR5BrWOT #EPL #PremierLeague #Everton #ManUnited #SetanMerah #ManchesterUnited #MUFC #EVEMUN #LigaInggris PSSI Paes Mandarin Rich Brian Emyu https://t.co/H4oyGxVjWQ","1893283558250164487","https://pbs.twimg.com/media/GkZLUFxaMAAayAh.png","","in","","0","0","0","https://x.com/ErinShopID/status/1893283558250164487","1311032605","ErinShopID"
"1893283389915959496","Sat Feb 22 12:55:10 +0000 2025","7","Memang tim tolol gini ya mau berharap apa. Gol Beto dihitung sah. Everton 1-0 Manchester United. #MUFC https://t.co/1UI8gZu898","1893283389915959496","https://pbs.twimg.com/media/GkZK9IuaYAAHa_v.jpg","","in","Indonesia","0","0","1","https://x.com/unitedattackID/status/1893283389915959496","1270722365387714564","unitedattackID"
"1893283309599232255","Sat Feb 22 12:54:51 +0000 2025","40","Manchester United wanataka kuchukua chwani yangu hivo tu","1893283309599232255","","","in","in heven","0","1","20","https://x.com/Lewaa_6/status/1893283309599232255","1607622258998054913","Lewaa_6"
"1893283290666119462","Sat Feb 22 12:54:46 +0000 2025","0","Tim gobloooooook","1893283290666119462","","","in","Manchester, England","0","0","1","https://x.com/GGMUPodcast/status/1893283290666119462","1410502349630500874","GGMUPodcast"
"1893283289907036190","Sat Feb 22 12:54:46 +0000 2025","1","Manchester United itanimalizia marafiki. Dula karusha simu baharini kisa Everton imepata goli.","1893283289907036190","","","in","Mombasa, Kenya","0","1","0","https://x.com/mwana_pil/status/1893283289907036190","1824111825572536320","mwana_pil"
"1893283289814700129","Sat Feb 22 12:54:46 +0000 2025","3","SUMPAH MATI AJA MANCHESTER UNITED TIM GOBLOOOKKKKKKK","1893283289814700129","","","in","Eeklo, België","0","2","0","https://x.com/tahitieighty/status/1893283289814700129","396465852","tahitieighty"
"1893282620869378263","Sat Feb 22 12:52:06 +0000 2025","0","udah cape sama indonesia gelap ditambah manchester united hadeuh.","1893282620869378263","","","in","","0","0","0","https://x.com/najbi69/status/1893282620869378263","1529419447676522498","najbi69"
"1893282603672699077","Sat Feb 22 12:52:02 +0000 2025","0","hidup gw sangat seru dan menyenangkan sampe pada akhirnya harus nonton club bola yang bernama manchester united ️","1893282603672699077","","","in","","0","2","0","https://x.com/muhcasablancas/status/1893282603672699077","333358168","muhcasablancas"
"1893282510504665104","Sat Feb 22 12:51:40 +0000 2025","4","Teyari Manchester United keshaguswa https://t.co/hvsdoIQfs2","1893282510504665104","https://pbs.twimg.com/media/GkZKZl-W0AA3Vs4.jpg","","in","Tanzania","0","1","0","https://x.com/balozi123/status/1893282510504665104","1326024445039960070","balozi123"
"1893282419060375626","Sat Feb 22 12:51:18 +0000 2025","30","Goal Manchester United ni maumbwa ","1893282419060375626","","","in","Las Vegas, NV","0","7","4","https://x.com/Daisy_Dariann/status/1893282419060375626","1465301537463410693","Daisy_Dariann"
"1893282412525769012","Sat Feb 22 12:51:17 +0000 2025","0","SKOR 1-0 ONana awkaow Streaming Premier League Malam Ini Link Live Everton vs Manchester United Gratis https://t.co/JKRR5BrWOT #EPL #PremierLeague #Everton #ManUnited #SetanMerah #ManchesterUnited #MUFC #EVEMUN #LigaInggris PSSI Paes Mandarin Rich Brian Emyu https://t.co/9U0NziVfCm","1893282412525769012","https://pbs.twimg.com/media/GkZKSl3XYAAaC9U.png","","in","","0","0","0","https://x.com/ErinShopID/status/1893282412525769012","1311032605","ErinShopID"
"1893282355072446886","Sat Feb 22 12:51:03 +0000 2025","171","Kekiatan baru! 🇩🇰 #MUFC || #EVEMUN https://t.co/Hvja9PRT79","1893282355072446886","https://pbs.twimg.com/media/GkZKQ3jXoAAGCJE.jpg","","in","Old Trafford","2","22","7","https://x.com/ManUtd_ID/status/1893282355072446886","1846234722","ManUtd_ID"
"1893282337137311901","Sat Feb 22 12:50:59 +0000 2025","470","BAAAAAMMM GOAL BETOOO EVERTON 1-0 MANCHESTER UNITED AWKWKOKWKW","1893282337137311901","","","in","","30","203","10","https://x.com/idextratime/status/1893282337137311901","1222927522033094656","idextratime"
"1893282151732285461","Sat Feb 22 12:50:15 +0000 2025","1","WKWK!! Streaming Premier League Malam Ini Link Live Everton vs Manchester United Gratis https://t.co/JKRR5BrWOT #EPL #PremierLeague #Everton #ManUnited #SetanMerah #ManchesterUnited #MUFC #EVEMUN #LigaInggris PSSI Paes Mandarin Rich Brian https://t.co/NiIBQ4EvDO","1893282151732285461","https://pbs.twimg.com/media/GkZKDYWa0AA86hF.png","","in","","0","0","0","https://x.com/ErinShopID/status/1893282151732285461","1311032605","ErinShopID"
"1893280638796734862","Sat Feb 22 12:44:14 +0000 2025","0","LIVE SCORE Everton vs Manchester United di Liga Inggris Cek Skor Terkini dan Hasil Akhir Pertandingan di Sini https://t.co/bqhwdgfI3M","1893280638796734862","","","in","Kota Bandung","0","0","0","https://x.com/dickyaditya7/status/1893280638796734862","112616155","dickyaditya7"
"1893281167337771086","Sat Feb 22 12:46:20 +0000 2025","3","Prediksi Everton vs Manchester United di Liga Inggris 22 Februari 2025 https://t.co/9UnfZNXphq","1893281167337771086","","","in","SP 5, Tenggulang Baru","0","0","2","https://x.com/TenggulangBaru/status/1893281167337771086","920500203333054464","TenggulangBaru"
"1893281529276862619","Sat Feb 22 12:47:46 +0000 2025","0","Yg mau nonton manchester emyu sm persib madura united bisa order video ke @thcirty 1day 5k 1bul 16k","1893281529276862619","","","in","","0","0","0","https://x.com/sncugs/status/1893281529276862619","2512197739","sncugs"
"1893280207164809536","Sat Feb 22 12:42:31 +0000 2025","0","10 menit pertama Manchester United menunjukkan permainan yang sepertinya tidak ada yang dapat mengidentifikasi pola permainan jenis apa itu. #MUFC","1893280207164809536","","","in","Indonesia","0","0","0","https://x.com/unitedattackID/status/1893280207164809536","1270722365387714564","unitedattackID"
"1893231769702347155","Sat Feb 22 12:39:13 +0000 2025","0","@igiveawaykri tahu tek","1893279378613903584","","igiveawaykri","in","Sidoarjo, Indonesia","0","0","0","https://x.com/Jo_GoRamadhan/status/1893279378613903584","189812724","Jo_GoRamadhan"
"1893277863933063211","Sat Feb 22 12:33:12 +0000 2025","2","▶️ Bermula di Goodison untuk kali terakhir. GOMO REDS GOMO! #MUFC || #EVEMUN https://t.co/xHPszovKZH","1893277863933063211","https://pbs.twimg.com/media/GkZGC5gaQAAT82G.jpg","","in","Old Trafford","0","0","0","https://x.com/ManUtd_MY/status/1893277863933063211","1846140120","ManUtd_MY"
"1893277746404392973","Sat Feb 22 12:32:44 +0000 2025","0","@DavidLumansi E Buganga-kankobe mu Ssaza Mawokota ntumbudde commentary @DavidLumansi. Everton 1-2 Manchester United","1893277746404392973","","DavidLumansi","in","Lubaga Lule-Zone","0","0","0","https://x.com/BusuulwaCharlez/status/1893277746404392973","1340637946765078530","BusuulwaCharlez"
"1893277700363522416","Sat Feb 22 12:32:33 +0000 2025","0","Pelatih debutan Nistelrooy sbg pelatih Leicester city yg baru lg mikir keras krn kalah beruntun 11 12 dg pelatih debutan Ruben Amorin sebagai pelatih Manchester United yg baru now lagi terpuruk karena MUN kalah terus Apakah MUN akan bangkit dengan kalahkan Everton ? #EVEMUN","1893277700363522416","","","in","","0","0","0","https://x.com/Dasikunn/status/1893277700363522416","3505368313","Dasikunn"
"1893277639277768949","Sat Feb 22 12:32:19 +0000 2025","79","▶️ Pertandingan dimulai. Ayo Reds! #MUFC || #EVEMUN https://t.co/dCu7rU6moD","1893277639277768949","https://pbs.twimg.com/media/GkZF9uzXYAAKQV9.jpg","","in","Old Trafford","1","4","11","https://x.com/ManUtd_ID/status/1893277639277768949","1846234722","ManUtd_ID"
"1893277076217590180","Sat Feb 22 12:30:05 +0000 2025","69","Menuju kick-off #MUFC || #EVEMUN https://t.co/L6qlnHrKx6","1893277076217590180","https://pbs.twimg.com/media/GkZDBBhWsAAmbAV.jpg","","in","Old Trafford","0","2","7","https://x.com/ManUtd_ID/status/1893277076217590180","1846234722","ManUtd_ID"
"1893276982424523263","Sat Feb 22 12:29:42 +0000 2025","0","Link Live Streaming Liga Inggris Everton vs Manchester United Selengkapnya &gt;&gt;&gt; https://t.co/0iA1R0ztcL https://t.co/KlJP96VhEA","1893276982424523263","","","in","Jakarta Capital Region","0","0","0","https://x.com/moneydotid/status/1893276982424523263","2993154144","moneydotid"
"1893276599279120814","Sat Feb 22 12:28:11 +0000 2025","2","Hampir permulaan perlawanan ⏳ #MUFC || #EVEMUN https://t.co/NKI4bIlVjN","1893276599279120814","https://pbs.twimg.com/media/GkZFBQcaoAM1Gna.jpg","","in","Old Trafford","0","0","0","https://x.com/ManUtd_MY/status/1893276599279120814","1846140120","ManUtd_MY"
"1893276583764365378","Sat Feb 22 12:28:07 +0000 2025","1","Live Everton FC vs Manchester United i saa 14:30 kuri Goodison Park Stadium ️ ni umukino w'umunsi wa 26 muri Premier League. Umusifuzi ni Andrew Madley Ibitekerezo byanyu bihawe ikaze. Ni @AlunnoRwanda na @PeterEinstein12. Live 88.8FM 90.3FM 107.3FM. https://t.co/xrgdh7st7q","1893276583764365378","https://pbs.twimg.com/media/GkZFAwaXAAAtQrg.jpg","","in","Rwanda","0","0","0","https://x.com/AlunnoRwanda/status/1893276583764365378","1161234703896207361","AlunnoRwanda"
"1893276523571843295","Sat Feb 22 12:27:53 +0000 2025","3","Live Everton FC vs Manchester United i saa 14:30 kuri Goodison Park Stadium ️ ni umukino w'umunsi wa 26 muri Premier League. Umusifuzi ni Andrew Madley Ibitekerezo byanyu bihawe ikaze. Ni @AlunnoRwanda na @PeterEinstein12. Live 88.8FM 90.3FM 107.3FM. https://t.co/xcXrWhcVoh","1893276523571843295","https://pbs.twimg.com/media/GkZE9PSWgAAMnPp.jpg","","in","Rwanda","0","1","2","https://x.com/ENERGY888FM/status/1893276523571843295","789773020147703808","ENERGY888FM"
"1893276465195561280","Sat Feb 22 12:27:39 +0000 2025","0","Sio United tu Manchester kwa ujumla","1893276465195561280","","","in","Rosario, Argentina","0","1","0","https://x.com/thisisadonisj/status/1893276465195561280","2626563233","thisisadonisj"
"1893276337072169428","Sat Feb 22 12:27:08 +0000 2025","0","Link Live Streaming Liga Inggris Everton vs Manchester United Selengkapnya &gt;&gt;&gt; https://t.co/DRiuQRd0j5 https://t.co/tQuxix4NsC","1893276337072169428","","","in","Jakarta Capital Region","0","0","0","https://x.com/otonomicoid/status/1893276337072169428","753824742491074561","otonomicoid"
"1893275758300193088","Sat Feb 22 12:24:50 +0000 2025","0","Link Live Streaming Liga Inggris Everton vs Manchester United Selengkapnya &gt;&gt;&gt; https://t.co/TlsL4v2acy https://t.co/vYxOZXvDP2","1893275758300193088","","","in","Indonesia","0","0","0","https://x.com/newscast_id/status/1893275758300193088","1415167629732446208","newscast_id"
"1893273281937187082","Sat Feb 22 12:15:00 +0000 2025","5","Ruben bagi pendapat sebelum perlawanan kejap lagi #MUFC || #EVEMUN https://t.co/ZGcWw5MLNC","1893273281937187082","https://pbs.twimg.com/ext_tw_video_thumb/1893272206626508800/pu/img/YMwb9OCiclJkNAPa.jpg","","in","Old Trafford","1","0","0","https://x.com/ManUtd_MY/status/1893273281937187082","1846140120","ManUtd_MY"
"1893264566726873535","Sat Feb 22 12:13:55 +0000 2025","1","@iamthatfemale Ngoja Manchester United ashinde mama chap nakuja hapo ️","1893273010921943321","","iamthatfemale","in","Tanzania","0","1","0","https://x.com/anuskills3/status/1893273010921943321","1147969726376816640","anuskills3"
"1893272965749305594","Sat Feb 22 12:13:45 +0000 2025","0","Aku cuba membayangkan perodua sponsor Manchester United.","1893272965749305594","","","in","Malaysia","0","0","0","https://x.com/panjangsejngkal/status/1893272965749305594","1589194039517007873","panjangsejngkal"
"1893271588004417594","Sat Feb 22 12:08:16 +0000 2025","9","Moyes amebadilisha mambo pale Everton lakini Amorim hajasonga vile pale Manchester United. Tuko na mechi kali sana hapa Man Utd wataachilia tena ama leo ni day poa kupea red devils kichwa? Ebu wekelea prediction yako tukisonga. #EVEMUN https://t.co/R6iBKc7WHY","1893271588004417594","https://pbs.twimg.com/media/GkZAd39XMAAguL1.jpg","","in","Kenya","0","8","0","https://x.com/pepeta_bet/status/1893271588004417594","1610881093615353857","pepeta_bet"
"1893271520136568974","Sat Feb 22 12:08:00 +0000 2025","6","UNITED! ️ Hadir di padang Goodison Park #MUFC || #EVEMUN https://t.co/N5l8Sp8Yuw","1893271520136568974","https://pbs.twimg.com/ext_tw_video_thumb/1893270534923657216/pu/img/1RYbVRZFdLYd4Xrt.jpg","","in","Old Trafford","0","0","2","https://x.com/ManUtd_MY/status/1893271520136568974","1846140120","ManUtd_MY"
"1893271018216550565","Sat Feb 22 12:06:00 +0000 2025","0","Manchester United Liverpool dan Chelsea semuanya ingin membajak langkah Real Madrid pada musim panas untuk mendatangkan bek RB Leipzig - Castello Lukeba sang pemain memiliki klausul pelepasan sebesar £74 5 juta. (Christian Falk/Sport BILD) #MUFC https://t.co/9M8e6MWo25","1893271018216550565","https://pbs.twimg.com/media/GkY_83EXkAE12kz.jpg","","in","Manchester","0","0","0","https://x.com/UtdMasterclass/status/1893271018216550565","1879260653602648064","UtdMasterclass"
"1893270623343812912","Sat Feb 22 12:04:26 +0000 2025","0","Wacha niekee Manchester united pesa ya chama sasa. https://t.co/WOm8JWS7u9","1893270623343812912","https://pbs.twimg.com/media/GkY_lzfX0AANmay.jpg","","in","Nairobi, Kenya","0","0","0","https://x.com/iamlegrand/status/1893270623343812912","1523185106302734336","iamlegrand"
"1893270205704421769","Sat Feb 22 12:02:46 +0000 2025","1","Ndaba Manchester United bamunyesa a mazzi Arsenal akubye omuntu fimbo Liverpool bamutadde finger mu nose Chelsea agalamizidwa kubigya bya bajjaja be ndabye bulungi oba bampe omulondo ne kakyayi #AFC #PremierLeague #premierenergies","1893270205704421769","","","in","Sheffield,South Yorkshire","0","0","1","https://x.com/bree_tiann/status/1893270205704421769","1511789130765770763","bree_tiann"
"1893270121780486233","Sat Feb 22 12:02:26 +0000 2025","0","Starting XI #PremierLeague MW26 Everton vs Manchester United Ugarte start setelah sempat knock ia duet bareng Casemiro di lini tengah. Eriksen &amp; Yoro balik lagi setelah absen. Garnacho yg underperform ada di bench bareng Chido Kone Heaven &amp; Harrison. #MUFC #EVEMUN 2024/25","1893270121780486233","","","in","","0","1","0","https://x.com/alfanaflaa/status/1893270121780486233","813252135701708800","alfanaflaa"
"1893267012408705400","Sat Feb 22 12:00:49 +0000 2025","1","@ManUtd Allahuma inni asaluka Manchester United Nasr. ","1893269711330181483","","ManUtd","in","","0","0","0","https://x.com/du_razzaq/status/1893269711330181483","1856404273107533824","du_razzaq"
"1893269148945240363","Sat Feb 22 11:59:31 +0000 2025","0","@idextratime Semoga Manchester United segera bangkit ","1893269386468720979","","idextratime","in","127.0.0.1","0","0","0","https://x.com/Shaddy404_/status/1893269386468720979","1345726841466753024","Shaddy404_"
"1893269158898385318","Sat Feb 22 11:58:37 +0000 2025","0","Manchester United bisa menghemat jutaan pounds jika mereka merekrut Jonathan David dan Angel Gomes dari Lille musim panas ini karena keduanya berstatus bebas transfer. (MEN) #MUFC https://t.co/mEuDF75vAk","1893269158898385318","https://pbs.twimg.com/media/GkY-PPIW0AACvzh.jpg","","in","Manchester","0","0","0","https://x.com/UtdMasterclass/status/1893269158898385318","1879260653602648064","UtdMasterclass"
"1893268936260509984","Sat Feb 22 11:57:44 +0000 2025","0","Everton Manchester United iy kg var - kg var - iy 1.5ust","1893268936260509984","","","in","Bursa, Türkiye","0","0","0","https://x.com/debora2204_/status/1893268936260509984","717675051798171648","debora2204_"
"1893268142526226533","Sat Feb 22 11:54:35 +0000 2025","313","Ubur ubur ikan lele Pie iki lee https://t.co/j4cCBNOr5G","1893268142526226533","https://pbs.twimg.com/media/GkY9Vjub0AA1Qww.jpg","","in","Old Trafford","14","52","46","https://x.com/manutd_world/status/1893268142526226533","464425781","manutd_world"
"1893268011076735303","Sat Feb 22 11:54:03 +0000 2025","89","Bersiap di Goodison Park ️ #MUFC || #EVEMUN https://t.co/CdiNiZIqwS","1893268011076735303","https://pbs.twimg.com/media/GkY9NPDXsAAapSN.jpg","","in","Old Trafford","1","3","6","https://x.com/ManUtd_ID/status/1893268011076735303","1846234722","ManUtd_ID"
"1893267394996400143","Sat Feb 22 11:51:36 +0000 2025","141","Mengintip ruang ganti #MUFC || #EVEMUN https://t.co/I5FOZkXGjD","1893267394996400143","https://pbs.twimg.com/media/GkY8qCUaoAIe79v.jpg","","in","Old Trafford","0","2","8","https://x.com/ManUtd_ID/status/1893267394996400143","1846234722","ManUtd_ID"
"1893267216931451284","Sat Feb 22 11:50:54 +0000 2025","2","Link Live Streaming Everton vs Manchester United Malam Ini Pukul 19.30 WIB https://t.co/8g8iDsjAnC","1893267216931451284","","","in","Indonesia","0","0","1","https://x.com/KompasTV/status/1893267216931451284","71436318","KompasTV"
"1893263259358171356","Sat Feb 22 11:35:10 +0000 2025","17","XI ditetapkan untuk Merseyside #MUFC || #EVEMUN https://t.co/RCwr9C7b8S","1893263259358171356","https://pbs.twimg.com/media/GkY409haoAAp4_c.jpg","","in","Old Trafford","0","1","3","https://x.com/ManUtd_MY/status/1893263259358171356","1846140120","ManUtd_MY"
"1893263059604365534","Sat Feb 22 11:34:23 +0000 2025","0","Follow @MufcEspXtra y @mufcscoutxtra. #mufc #mulive https://t.co/GCXWC9uuHF","1893263059604365534","https://pbs.twimg.com/amplify_video_thumb/1893262987617558529/img/v34GPNm9IkoJ6K43.jpg","","in","","0","0","0","https://x.com/videosmanutd/status/1893263059604365534","1890906755930189824","videosmanutd"
"1893263018097541162","Sat Feb 22 11:34:13 +0000 2025","59","Goodison Park untuk terakhir kalinya. #MUFC || #EVEMUN https://t.co/j1oTkSqw31","1893263018097541162","https://pbs.twimg.com/media/GkY4qhsXQAAKkul.jpg","","in","Old Trafford","2","6","6","https://x.com/ManUtd_ID/status/1893263018097541162","1846234722","ManUtd_ID"
"1893260894324281672","Sat Feb 22 11:26:49 +0000 2025","0","@ManUtd_ID Pertandingan antara Everton dan Manchester United dijadwalkan berlangsung hari ini Sabtu 22 Februari 2025 pukul 12:30 GMT di Goodison Park.","1893261155537203615","","ManUtd_ID","in","Mumbai Maharashtra  l","0","0","0","https://x.com/ABHINAVKUM59540/status/1893261155537203615","1740428670383038464","ABHINAVKUM59540"
"1893260894324281672","Sat Feb 22 11:25:46 +0000 2025","373","Susunan pemain untuk duel petang ini di Goodison Park. #MUFC || #EVEMUN https://t.co/hL3c4oWt2h","1893260894324281672","https://pbs.twimg.com/media/GkY2uZuaoAEuaxQ.jpg","","in","Old Trafford","54","57","49","https://x.com/ManUtd_ID/status/1893260894324281672","1846234722","ManUtd_ID"
"1893259574339051890","Sat Feb 22 11:20:32 +0000 2025","14"," Manchester United Liverpool na Chelsea wote wanataka kuteka nyara uhamisho wa Real Madrid msimu wa joto kwa mlinzi wa RB Leipzig Castello Lukeba ambaye ana kipengele cha kuachiliwa kwa pauni milioni 74.5. (Chanzo: @CFBayern) https://t.co/Ej46Etae1E","1893259574339051890","https://pbs.twimg.com/media/GkY1iMlW0AATN_2.jpg","","in","Dar es Salaam, Tanzania","0","2","0","https://x.com/Unitedtanzania1/status/1893259574339051890","1485848815714381829","Unitedtanzania1"
"1893256837610287282","Sat Feb 22 11:09:39 +0000 2025","0","LIGA INGGRIS EVERTON VS MANCHESTER UNITED Novi Buki Dabin Sukatani https://t.co/QoALEMSEYq","1893256837610287282","https://pbs.twimg.com/ext_tw_video_thumb/1893256602691739648/pu/img/Zn21ixATtSyT9_9s.jpg","","in","Jakarta, Daerah Ibu Kota","0","2","0","https://x.com/situsindobet365/status/1893256837610287282","1887481405246259200","situsindobet365"
"1893256590326628767","Sat Feb 22 11:08:40 +0000 2025","26","Kitu inazuia Manchester United kupiga Everton ni masaa tu.","1893256590326628767","","","in","Backleft","0","0","18","https://x.com/Aggam__17/status/1893256590326628767","1551192160329924611","Aggam__17"
"1893255994546762230","Sat Feb 22 11:06:18 +0000 2025","1","Beki wa kushoto wa AC Milan na Ufaransa Theo Hernandez 27 anataka kujiunga na Real Madrid msimu wa majira ya joto licha ya Manchester United kuonyesha nia ya kumtaka. ️ @cameroon_jr Powered by @k4ssecurity @ubakigoma https://t.co/VdithXk8Gk","1893255994546762230","https://pbs.twimg.com/media/GkYyScrWIAIE1Py.jpg","","in","Dar es Salaam, Tanzania","0","0","1","https://x.com/ubatvtz/status/1893255994546762230","834943236","ubatvtz"
"1893254225787830724","Sat Feb 22 10:59:17 +0000 2025","0","Leo watu wa Manchester United tutakula hii keki tukichapa Everton https://t.co/5BXFivUBpj","1893254225787830724","https://pbs.twimg.com/media/GkYwruHX0AENGn5.jpg","","in","Nairobi, Kenya","0","0","0","https://x.com/Ndunguzg/status/1893254225787830724","1237636650311835649","Ndunguzg"
"1893253520020664521","Sat Feb 22 10:56:28 +0000 2025","23","Semua bersedia di Merseyside petang ni ️ #MUFC || #EVEMUN https://t.co/CriYx5JnyR","1893253520020664521","https://pbs.twimg.com/media/GkYv_GWXoAApSPI.jpg","","in","Old Trafford","0","1","1","https://x.com/ManUtd_MY/status/1893253520020664521","1846140120","ManUtd_MY"
"1893252286576459862","Sat Feb 22 10:51:34 +0000 2025","2","Kitu inaeza niharibia siku lbda Manchester United ️","1893252286576459862","","","in","","0","0","1","https://x.com/Rober_utd/status/1893252286576459862","1377264529013374977","Rober_utd"
"1893250168813740269","Sat Feb 22 10:43:09 +0000 2025","156","Lawatan ke Merseyside menanti petang ini. ️ #MUFC || #EVEMUN https://t.co/4UXzdobuUn","1893250168813740269","https://pbs.twimg.com/media/GkYs5Z0WEAASvrp.jpg","","in","Old Trafford","5","8","16","https://x.com/ManUtd_ID/status/1893250168813740269","1846234722","ManUtd_ID"
"1893247461054980407","Sat Feb 22 10:32:24 +0000 2025","0","Ruben Amorim Blak-blakan Sebut Kesulitan Pelatih di Manchester United Gara-Gara Alex Ferguson https://t.co/1f6bg1EVXQ","1893247461054980407","","","in","Jakarta","0","0","0","https://x.com/jawapos_sports/status/1893247461054980407","1848653528887398400","jawapos_sports"
"1893244766457921574","Sat Feb 22 10:32:02 +0000 2025","0","@DJ_TUNEZ Omoge Manchester shalewa United","1893247370638365047","","DJ_TUNEZ","in","Nigeria","0","0","0","https://x.com/Canelsilver2/status/1893247370638365047","1287362852072894464","Canelsilver2"
"1893219050781585877","Sat Feb 22 10:21:00 +0000 2025","0","@SadahMsangi Chelsea haikufai mrembo hamia Manchester United ","1893244593212149811","","SadahMsangi","in","TANZANIA","0","1","0","https://x.com/Livinho_CR7/status/1893244593212149811","454395092","Livinho_CR7"
"1893244099559371246","Sat Feb 22 10:19:02 +0000 2025","29","Leo kitu inakaa kuniharibia siku labda Manchester United...","1893244099559371246","","","in","Nyeri, Kenya","0","0","14","https://x.com/_Mickey_019/status/1893244099559371246","1597853562754809856","_Mickey_019"
"1893241069703229798","Sat Feb 22 10:07:00 +0000 2025","0","Jelang Everton Vs Manchester United Ruben Amorim: David Moyes Bekerja Lebih Bagus Dibanding Saya https://t.co/w0dzXVLxxI","1893241069703229798","","","in","Butta Panritta Kittaraford","0","0","0","https://x.com/UtdIndonesiaSNJ/status/1893241069703229798","1286097038","UtdIndonesiaSNJ"
"1893241013176602815","Sat Feb 22 10:06:46 +0000 2025","0","Sheikh Jassim Kembali Mendekati Manchester United Setelah Melihat Klub Di Tangan Sir Jim Ratcliffe Makin Parah Dengan Terancam Degradasi https://t.co/WUO9dpGuWS","1893241013176602815","","","in","Butta Panritta Kittaraford","0","0","0","https://x.com/UtdIndonesiaSNJ/status/1893241013176602815","1286097038","UtdIndonesiaSNJ"
"1893240947665744265","Sat Feb 22 10:06:31 +0000 2025","35"," Manchester United inaweza kuokoa mamilioni ikiwa wanataka kuwanunua Jonathan David na Angel Gomes kutoka Lille msimu huu wa joto kwani wote wanakuwa wachezaji huru. (Chanzo: @ManUtdMEN) https://t.co/FUbn87r2HI","1893240947665744265","https://pbs.twimg.com/media/GkYkl3UWgAA4jcn.jpg","","in","Dar es Salaam, Tanzania","0","2","0","https://x.com/Unitedtanzania1/status/1893240947665744265","1485848815714381829","Unitedtanzania1"
"1893238510712221730","Sat Feb 22 09:56:50 +0000 2025","0","Vilabu vya Manchester United Liverpool na Chelsea wote wanafuatilia uhamisho wa mlinzi wa RB Leipzig na beki wa Ufaransa Castello Lukeba ambaye kitita chake cha kuweza kumchukua ni milioni 90. ️ @cameroon_jr Powered by @k4ssecurity @ubakigoma https://t.co/F6WUPXqwEe","1893238510712221730","https://pbs.twimg.com/media/GkYiYugX0AAZ6I2.jpg","","in","Dar es Salaam, Tanzania","0","0","0","https://x.com/ubatvtz/status/1893238510712221730","834943236","ubatvtz"
"1893238411458166995","Sat Feb 22 09:56:26 +0000 2025","0","Meski Skuad Manchester United Kurus Ruben Amorim Tak Tertarik Rekrut Pemain Free Agent Liga Inggris https://t.co/MVWix96dBp","1893238411458166995","","","in","Jakarta","0","0","0","https://x.com/jawapos_sports/status/1893238411458166995","1848653528887398400","jawapos_sports"
"1893237739710992801","Sat Feb 22 09:53:46 +0000 2025","0"," - Potret para pemain Manchester United menyewa arena bowling di Lane 7 di Altrincham untuk sesi keakraban tim dan kemudian menikmati hidangan di restoran Brasil Jardim Rodizio. Photo by The Sun https://t.co/6TEvP8uYIK","1893237739710992801","https://pbs.twimg.com/media/GkYhr5eWsAEbtQ0.jpg","","in","Indonesia","0","1","0","https://x.com/utdgeneration/status/1893237739710992801","1821765122240692224","utdgeneration"
"1893234332057075767","Sat Feb 22 09:40:14 +0000 2025","2","Innalillahi Wainna Ilaihir raji un. Jama a ba matuwa aka yi ba Manchester United ne zasu buga match yau. ","1893234332057075767","","","in","Abuja, Nigeria","1","2","1","https://x.com/starbossZamani/status/1893234332057075767","3326581829","starbossZamani"
"1892992369504469455","Sat Feb 22 09:36:50 +0000 2025","1","@kafangi Hii ni ya watu wa Manchester United pekee ndio walewe wasitoke number 15","1893233480454004942","","kafangi","in","Rio de Janeiro, Brazil","0","0","0","https://x.com/omondif189/status/1893233480454004942","1464585208490078211","omondif189"
"1893228616210849830","Sat Feb 22 09:17:31 +0000 2025","6","Manchester United akan bertandang ke Goodison Park malam nanti (19.30). Kondisi tim yang pincang akibat banyaknya pemain cedera ditambah suasana ruang ganti yang tidak kondusif semakin menambah berat beban MU. Berbanding terbalik dengan Everton yang sedang bangkit pasca https://t.co/1U8XY5D6da","1893228616210849830","https://pbs.twimg.com/media/GkYYi-OXAAAoVtX.jpg","","in","","0","3","0","https://x.com/MiskinTV_/status/1893228616210849830","1437750326707191812","MiskinTV_"
"1893228599727026647","Sat Feb 22 09:17:27 +0000 2025","0","Manchester United Bakal Pecat Staf yang Berani Bocorkan Informasi Klub CEO Omar Berrada Anggap Sebagai Pelanggaran Berat https://t.co/8i22bVorzM","1893228599727026647","","","in","Jakarta","0","1","0","https://x.com/jawapos_sports/status/1893228599727026647","1848653528887398400","jawapos_sports"
"1893218436089573796","Sat Feb 22 09:00:29 +0000 2025","0","@Marakiungu Hii Manchester United ya babu Fergie ilikuwa ya moto sana hata mchezaji wa kawaida anaingia na anafanya mambo makubwa. RVP ashukuru sana kutoka Arsenal na kwenda Manchester United vinginevyo asingevaa medali ya ubingwa EPL https://t.co/zXzZao9rfJ","1893224328990171457","https://pbs.twimg.com/media/GkYVeJHaoAIaqGD.jpg","Marakiungu","in","TANZANIA","0","1","0","https://x.com/Livinho_CR7/status/1893224328990171457","454395092","Livinho_CR7"
"1893223615186792776","Sat Feb 22 08:57:38 +0000 2025","0","Ruben Amorim Percaya Penuh Pemain Muda Manchester United Siap Turunkan Younguns Setan Merah Lawan Everton https://t.co/a7doiRXxLo","1893223615186792776","","","in","Jakarta","0","0","0","https://x.com/jawapos_sports/status/1893223615186792776","1848653528887398400","jawapos_sports"
"1893228351889752184","Sat Feb 22 09:16:28 +0000 2025","0","Everton vs Manchester United Kick-off 22 Feb 2025 jam 19:30 WIB Buat para fans MU langsung join live nya gratis dan kualitas HD di KILATLIVE link dibio #EVEMUN #GGMU #ManchesterUnited https://t.co/NNQrye3e29","1893228351889752184","https://pbs.twimg.com/media/GkYYzx6aoAES75l.jpg","","in","","0","0","0","https://x.com/KilatLivesports/status/1893228351889752184","1700167391421034496","KilatLivesports"
"1893205343733457079","Sat Feb 22 09:03:46 +0000 2025","0","@spidolwhiteboar belum pernah saya","1893225156715094080","","spidolwhiteboar","in","Sidoarjo, Indonesia","0","0","0","https://x.com/Jo_GoRamadhan/status/1893225156715094080","189812724","Jo_GoRamadhan"
"1893222920047976906","Sat Feb 22 08:54:53 +0000 2025","1","Wewe @RailaOdinga tumekusoma kwa vitabu umekua gave note na watu wa lup nyanza wanalia underdeveloped......???? #RutoMustGo. Manchester United https://t.co/NoHYzb2rai","1893222920047976906","https://pbs.twimg.com/media/GkYUMgsWkAAtE2g.jpg","","in","Nairobbery,Kenyamaica","0","0","0","https://x.com/AddictRoots/status/1893222920047976906","1534600292154626053","AddictRoots"
"1893221776307482703","Sat Feb 22 08:50:20 +0000 2025","4","Apa persamaan pemerintah Indonesia dengan klub Manchester United? Sama-sama sedang bobrok dan efisiensi anggaran.","1893221776307482703","","","in","Sukra Wetan","0","0","0","https://x.com/rastafaris/status/1893221776307482703","56578156","rastafaris"
"1893221188945760517","Sat Feb 22 08:48:00 +0000 2025","0","Jelang Lawan Everton Pelatih Manchester United Ruben Amorim Tetap Optimis Meski Raih 4 Kemenangan dari 14 Laga Liga Inggris https://t.co/LF3mJVdNIT","1893221188945760517","","","in","Jakarta","0","0","0","https://x.com/jawapos/status/1893221188945760517","2392460208","jawapos"
"1893221026424607078","Sat Feb 22 08:47:21 +0000 2025","118","Manchester United kabla sijapanga Safari ya kwenda Sumbawanga Tafadhali njoo mchukue freedom fighter wenu. https://t.co/TLJa959Cye","1893221026424607078","https://pbs.twimg.com/media/GkYSfCaWIAAn2EK.jpg","","in","Dar es Salaam, Tanzania","1","22","34","https://x.com/_CFCMax/status/1893221026424607078","1840750721530036224","_CFCMax"
"1893220407332798857","Sat Feb 22 08:44:54 +0000 2025","0","Fans Manchester United Harus Terima Kenyataan: Avram Glazers Tak Berniat Jual Setan Merah Walau Kondisi Finansial Semakin Buruk https://t.co/31rak2YJ6P","1893220407332798857","","","in","Jakarta","0","0","0","https://x.com/jawapos_sports/status/1893220407332798857","1848653528887398400","jawapos_sports"
"1893219175293952211","Sat Feb 22 08:40:00 +0000 2025","0","Everton vs Manchester United bakal berjumpa di lanjutan Liga Inggris. David Moyes mengaku aneh rasanya lihat Setan Merah lagi di papan bawah. https://t.co/IQIlpIz44f","1893219175293952211","","","in","","0","0","1","https://x.com/detikcom/status/1893219175293952211","69183155","detikcom"
"1893216905848082474","Sat Feb 22 08:30:59 +0000 2025","0","fakta kalo emyu memang magnet sepakbola dunia Hidup Manchester United ","1893216905848082474","","","in","bandung,indonesia","0","0","0","https://x.com/starmahisa/status/1893216905848082474","181884745","starmahisa"
"1893216660280205753","Sat Feb 22 08:30:00 +0000 2025","128","Sampai jumpa nanti di Goodison Park! #MUFC || #PL https://t.co/t1FqNld9aJ","1893216660280205753","https://pbs.twimg.com/media/GkVRd0SXoAA8ocw.jpg","","in","Old Trafford","0","1","12","https://x.com/ManUtd_ID/status/1893216660280205753","1846234722","ManUtd_ID"
"1893215193057951893","Sat Feb 22 08:24:10 +0000 2025","0","Manchester United kapewa odd 3 kweli timu yangu ishakuwa mbovu ","1893215193057951893","","","in","Dar es Salaam, Tanzania","0","0","0","https://x.com/Kirumbi08/status/1893215193057951893","976128504","Kirumbi08"
"1892903454026162564","Sat Feb 22 08:13:49 +0000 2025","0","@WaruiJohn2 Sijai ona fan wa Manchester united anadick rude arsenal vile unafanyanga","1893212584746103115","","WaruiJohn2","in","","0","0","0","https://x.com/washingtonthiaw/status/1893212584746103115","1582036830572224513","washingtonthiaw"
"1893212487035527427","Sat Feb 22 08:13:25 +0000 2025","32","Unemployed Leo tumeamka kuchambua odds na kungojea game ya Manchester United.","1893212487035527427","","","in","Backleft","0","1","16","https://x.com/Aggam__17/status/1893212487035527427","1551192160329924611","Aggam__17"
"1893210115785834885","Sat Feb 22 08:04:00 +0000 2025","54","Nataka kuweka Manchester United kichwa lakini nataka wapigwe ajab... dilemma ","1893210115785834885","","","in","in heven","0","2","26","https://x.com/Lewaa_6/status/1893210115785834885","1607622258998054913","Lewaa_6"
"1893209512112517335","Sat Feb 22 08:03:01 +0000 2025","0","@idextratime Antony membuka suara tentang pengalamannya di Manchester United dan betapa bahagianya dia sekarang di Real Betis! Senyum setiap hari itu adalah kebahagiaan sejati! #Antony #RealBetis","1893209868846182497","","idextratime","in","","0","0","0","https://x.com/Sherlo__19110/status/1893209868846182497","1721186367278059520","Sherlo__19110"
"1893209512112517335","Sat Feb 22 08:01:36 +0000 2025","4245","️ Saya sangat bersyukur atas waktu saya di Manchester United. Saya mengalami masa-masa sulit tetapi saya juga memenangkan 2 gelar (disana). Di Real Betis saya dapat mengatakan bahwa saya menemukan jati diri saya lagi. ️ Orang-orang di sini seperti kami di Brasil dan cahaya https://t.co/E9Zjcp7d6i","1893209512112517335","https://pbs.twimg.com/media/GkYIA4YWIAAyC6e.jpg","","in","","66","180","206","https://x.com/idextratime/status/1893209512112517335","1222927522033094656","idextratime"
"1893209116987773312","Sat Feb 22 08:00:02 +0000 2025","2","️ 22.02.2025 - It's time to predict! 13:00 CET | $PERSIB - Persepam Madura Utd 13:30 CET | $EFC - Manchester United 15:00 CET | Parma - $BFC 16:00 CET | $AFC - West Ham 16:00 CET | Fulham - $CPFC #BeMoreThanAFan | @socios | 1/5","1893209116987773312","","","in","","0","1","0","https://x.com/SociosMatches/status/1893209116987773312","1587105902368276480","SociosMatches"
"1893207599270765047","Sat Feb 22 07:54:00 +0000 2025","1","Deretan Pemain Manchester United yang Habis Kontrak pada 2026 https://t.co/H6niGHXAWg","1893207599270765047","","","in","Jakarta","0","0","0","https://x.com/jawapos/status/1893207599270765047","2392460208","jawapos"
"1893205772416270590","Sat Feb 22 07:46:44 +0000 2025","46","Siku hizi hadi Manchester United wakicheza sina raha","1893205772416270590","","","in","Nairobi, Kenya","0","8","23","https://x.com/Tabitha777777/status/1893205772416270590","1517510791917883401","Tabitha777777"
"1893201407014023367","Sat Feb 22 07:29:24 +0000 2025","6","Manchester United ndo timu inayopendwa zaidi Duniani kuliko timu nyingine yoyote huku ikifuatiwa kwa mbali na Simba Leo FT: Everton 1-4 Manchester United #GGMU https://t.co/vlLBa7fllO","1893201407014023367","https://pbs.twimg.com/media/GkYAoUEXAAAFHvM.jpg","","in","TANZANIA","0","3","1","https://x.com/Livinho_CR7/status/1893201407014023367","454395092","Livinho_CR7"
"1893199530851738047","Sat Feb 22 07:21:56 +0000 2025","0","Prediksi Everton Vs Manchester United 22 Februari 2025 Prediksi skor: Everton 1-0 Man United #LigaInggris #EPL #EVEMUN #Everton #ManUnited #PrediksiBola https://t.co/PGzYhc4VLk","1893199530851738047","","","in","Bandung, Indonesia","0","0","0","https://x.com/ligapetani/status/1893199530851738047","1583567856666832896","ligapetani"
"1893186937902489846","Sat Feb 22 07:04:52 +0000 2025","0","@Muchang_i Mnafaa kuogopa manchester united ya next season","1893195233384382914","","Muchang_i","in","","0","1","0","https://x.com/kafangi/status/1893195233384382914","1218241052043284480","kafangi"
"1893194989058040127","Sat Feb 22 07:03:53 +0000 2025","0","Manchester United memang sedang mengalami masa sulit di Premier League namun peluang mereka terdegradasi masih relatif kecil. Saat ini MU berada di peringkat 14 dengan 22 poin Menurut prediksi superkomputer Opta peluang terdegradasi hanya sebesar 0 15% dari 10.000 GO MU https://t.co/43MXTlhYyW","1893194989058040127","https://pbs.twimg.com/media/GkX6zyTXAAAPbB-.jpg","","in","Indonesia","0","0","0","https://x.com/sinyopermata/status/1893194989058040127","488566009","sinyopermata"
"1893193023862784490","Sat Feb 22 06:56:05 +0000 2025","0","Timu za Ligi Kuu ya England zenye kadi nyekundu nyingi zaidi katika historia: Everton Kadi nyekundu 107 Arsenal Kadi nyekundu 106 Newcastle United Kadi nyekundu 90 Chelsea Kadi nyekundu 82 West Ham United Kadi nyekundu 79 Manchester United Kadi nyekundu 77 https://t.co/x2rixPkHF9","1893193023862784490","https://pbs.twimg.com/media/GkX46s1WsAAdX23.jpg","","in","Dar es Salaam","0","0","0","https://x.com/throne_bet_no1/status/1893193023862784490","1651202997689409538","throne_bet_no1"
"1893190376477049079","Sat Feb 22 06:45:34 +0000 2025","0","Manchester United Kejar Kloningan Lionel Messi Sebagai Pengganti Marcus Rashford https://t.co/fYM9DDTkZ2","1893190376477049079","","","in","","0","0","0","https://x.com/subroto_nugroho/status/1893190376477049079","1593979184908767232","subroto_nugroho"
"1893189739148128603","Sat Feb 22 06:43:02 +0000 2025","0","Miguu wa Mohamed Salah imechangia alama 31 kati ya 61 walizokusanya kwenye Ligi Kuu England msimu huu. Ni nyingi kuliko walizokusanya Kikosi kizima Cha Manchester United. United mpaka sasa wamekusanya alama 29 katika mechi 25. https://t.co/HgzcspWTxJ","1893189739148128603","https://pbs.twimg.com/media/GkX2Bo4W8AAQ8J6.jpg","","in","Zanzibar North, Tanzania","0","0","0","https://x.com/lokodigital10/status/1893189739148128603","1362376117462695938","lokodigital10"
"1893185620685558100","Sat Feb 22 06:41:00 +0000 2025","0","@kafangi Eeeh tutawezana viva Manchester United ","1893189228017659977","","kafangi","in","Majuu","0","1","0","https://x.com/_machaicon/status/1893189228017659977","1743130325650112512","_machaicon"
"1893187343609155875","Sat Feb 22 06:40:33 +0000 2025","1","@SKYPAHANCHO Manchester United iko nafasi ya 15 kwenye jedwali la Ligi Kuu ya Uingereza ikiwa na alama 29 kutokana na mechi 25 zilizochezwa hadi sasa. Liverpool FC 18-1 Arsenal FC 15-2 Nottingham Forest 14-6 Manchester City 13-7 AFC Bournemouth 12-6 Chelsea FC 12-6 Newcastle United 12-8","1893189113727082569","","SKYPAHANCHO","in","United Kingdom","0","0","0","https://x.com/sadiarajpot204/status/1893189113727082569","367163560","sadiarajpot204"
"1893187240697688378","Sat Feb 22 06:33:06 +0000 2025","0"," Rúben Amorim alipokubali kazi ya United mwezi Novemba badala ya kuanza katika majira ya joto: Nina sababu zangu sababu muhimu zaidi za kukubali kazi hiyo. Najua itakuwa ngumu na hatari najua kuwa ... lakini ni Manchester United na huwezi kusema hapana . https://t.co/gEUBisYsKd","1893187240697688378","https://pbs.twimg.com/media/GkXzwX5WUAAH4sc.jpg","","in","","0","0","0","https://x.com/Fabrizioswahil/status/1893187240697688378","1885006337249005571","Fabrizioswahil"
"1893186460075077898","Sat Feb 22 06:30:00 +0000 2025","1","Jadwal Lengkap Liga Inggris Pekan ke-26: Ada Big Match Manchester City vs Liverpool Manchester United Jumpa Everton https://t.co/X5RliADfHP","1893186460075077898","","","in","Jakarta","0","0","0","https://x.com/jawapos/status/1893186460075077898","2392460208","jawapos"
"1893182206098477316","Sat Feb 22 06:23:34 +0000 2025","0","@ian_kimaru As Manchester United haters hii siku ijipe na wao kuloose..Amen ","1893184840872206450","","ian_kimaru","in","Mombasa","0","1","0","https://x.com/MrSkelterHelter/status/1893184840872206450","1733449052816121856","MrSkelterHelter"
"1892762945290981681","Sat Feb 22 05:48:49 +0000 2025","0","@dindayohanes Gw kok suka ya dgn insiden ini ","1893176096033587325","","dindayohanes","in","somewhere over the rainbow","0","0","0","https://x.com/donSINGO/status/1893176096033587325","131449847","donSINGO"
"1893092887841366486","Sat Feb 22 05:47:01 +0000 2025","0","@TOM5helby Tolak danantara dikelola oleh keluarga bangsat mulyono","1893175643421938049","","TOM5helby","in","somewhere over the rainbow","0","0","0","https://x.com/donSINGO/status/1893175643421938049","131449847","donSINGO"
"1893175314248806841","Sat Feb 22 05:45:43 +0000 2025","4","OFFICIAL Manchester United akan menghadapi Real Sociedad dalam laga 16 besar UEFA Europa League. Pertandingan akan berlangsung di tanggal 7 Maret (leg pertama) dan 14 Maret (leg kedua) mendatang. #MUFC || #UEL https://t.co/RFOpaphnT8","1893175314248806841","https://pbs.twimg.com/media/GkXo6bcaQAA73Si.jpg","","in","Manchester - Indonesia","0","0","0","https://x.com/UtdWays/status/1893175314248806841","2313146012","UtdWays"
"1893175141900918936","Sat Feb 22 05:45:01 +0000 2025","0","Jadwal Pertandingan Babak 16 Besar Liga Europa: Manchester United Siap Bertempur Hadapi Wakil Spanyol https://t.co/zF0fMUKlEV","1893175141900918936","","","in","Jakarta","0","0","0","https://x.com/jawapos/status/1893175141900918936","2392460208","jawapos"
"1893174682272043206","Sat Feb 22 05:43:12 +0000 2025","355","Hitam manis ️ Belanja jersey &amp; jaket klasik United ️ https://t.co/SacUQpi5Wy #MUFC || @adidasFootball https://t.co/3diXSHNpSi","1893174682272043206","https://pbs.twimg.com/media/GkXnVhTaoAEnU9v.jpg","","in","Old Trafford","19","32","45","https://x.com/ManUtd_ID/status/1893174682272043206","1846234722","ManUtd_ID"
"1893174659610181926","Sat Feb 22 05:43:06 +0000 2025","2","#jersey4sale Manchester City Manchester United Chelsea Liverpool Feyenoord Timnas Argentina Tottenham Harga mulai dari 300 ribuan Size variasi mulai dari Small - XL Detailnya bisa dilihat di Tokopedia https://t.co/rGtVPmWMZv https://t.co/6lCz7J3Drs Thanks om @Jerseyforum https://t.co/98Dl04ZGBD","1893174659610181926","https://pbs.twimg.com/media/GkXoUKyXMAAIcq5.jpg","","in","Jakarta","0","0","0","https://x.com/Jelantikstore/status/1893174659610181926","1876603568721203200","Jelantikstore"
"1893167071716090229","Sat Feb 22 05:36:51 +0000 2025","2","@thejurgenholic Seperti biasa Everton menang 5-0 atas tim kecil manchester united","1893173085488193942","","thejurgenholic","in","Manchester M11 3FF","0","0","0","https://x.com/VinnyKompany/status/1893173085488193942","1693346096402321408","VinnyKompany"
"1893169748281581573","Sat Feb 22 05:27:00 +0000 2025","1","Oiya silahkan difollow akun IG @jelantikstore dan tokpednya. Akan ada update berkala disitu terutama jersey Manchester United #jersey4sale https://t.co/t6uY0i5ehy","1893170604259582089","https://pbs.twimg.com/media/GkXkoamaoAALRQB.jpg","Jelantikstore","in","Jakarta","0","0","0","https://x.com/Jelantikstore/status/1893170604259582089","1876603568721203200","Jelantikstore"
"1893168480633110532","Sat Feb 22 05:18:33 +0000 2025","297","Aksi Zirkzee dalam pertemuan pertama melawan Everton di musim ini. ️ #MUFC https://t.co/D5SRR2nrJ6","1893168480633110532","https://pbs.twimg.com/ext_tw_video_thumb/1893165645493104640/pu/img/SGoD9Lxch60pDsGQ.jpg","","in","Old Trafford","0","4","12","https://x.com/ManUtd_ID/status/1893168480633110532","1846234722","ManUtd_ID"
"1893165147365220855","Sat Feb 22 05:05:19 +0000 2025","3","#jersey4sale MU Manchester United away 2010/11 Condition 7/10 XL ~ 77x60 350rb free ongkir Shopee &amp; tokped bisa @Jerseyforum @jerseysneil @lelanglawas @NangorianSports @Tokojersey___ https://t.co/UgkwU0pV6w","1893165147365220855","https://pbs.twimg.com/media/GkXfqfZXAAAm9UT.jpg","","in","Indonesia","1","0","5","https://x.com/lapakjerseyori/status/1893165147365220855","1669797805953785859","lapakjerseyori"
"1892992369504469455","Sat Feb 22 05:01:37 +0000 2025","0","@kafangi Dawa ya watu Manchester united wasijiue","1893164219400441907","","kafangi","in","","0","0","0","https://x.com/KeOmwabo/status/1893164219400441907","1886670579081658369","KeOmwabo"
"1893163060095001032","Sat Feb 22 04:57:01 +0000 2025","0","Prediksi Everton vs Manchester United Premier League 2024/25: Setan Merah Diuji Keuletan Skuad Asuhan David Moyes https://t.co/K9cCDRbzBR","1893163060095001032","","","in","Jakarta","0","0","0","https://x.com/jawapos/status/1893163060095001032","2392460208","jawapos"
"1893161964286697927","Sat Feb 22 04:52:40 +0000 2025","0","@Jerseyforum #jersey4sale Izin berniaga. - Manchester United Home 2004/05 size L Nns Rooney 8. Rp 1.500k. - AC Milan Home 2003/04 size L Nns Maldini 3. Rp 2.000k. Detail bisa cek ALT. Via Tokped lebih murah: https://t.co/5N2B93VyiD https://t.co/rUQEBOGgdo","1893161964286697927","https://pbs.twimg.com/media/GkXcwF3aQAAoPoI.jpg","Jerseyforum","in","","0","0","1","https://x.com/irfansr1911/status/1893161964286697927","188185858","irfansr1911"
"1893159065058250977","Sat Feb 22 04:41:08 +0000 2025","0","Prediksi skor Everton vs Manchester United Premier League 2025 hari ini Sabtu 22 Februari 2025 jam 19.30 WIB cek head to head link live streaming. #Everton #ManchesterUnited #ManUnited #ManUtd #EVEMUFC #MUFC #MUDay #PremierLeague #PremierLeagueNaESPN https://t.co/sUyWeefPDQ","1893159065058250977","","","in","","0","0","0","https://x.com/TribunLombokcom/status/1893159065058250977","1252799572893511683","TribunLombokcom"
"1893157175947829756","Sat Feb 22 04:33:38 +0000 2025","402","Meluncur mulus ke gawang. 🇵🇹 Mengenang aksi @Cristiano di Goodison Park. #MUFC || #PL https://t.co/FUou7238UL","1893157175947829756","https://pbs.twimg.com/ext_tw_video_thumb/1893156828554600448/pu/img/dE8xSR2cZzYNGtUD.jpg","","in","Old Trafford","1","11","20","https://x.com/ManUtd_ID/status/1893157175947829756","1846234722","ManUtd_ID"
"1893156082270511457","Sat Feb 22 04:29:17 +0000 2025","302","Puskas Award tersaji di Goodison Park musim lalu. #MUFC || #PL https://t.co/y9iql1Npl7","1893156082270511457","https://pbs.twimg.com/ext_tw_video_thumb/1893154722405662720/pu/img/MuZCTUlpt8mkm3tP.jpg","","in","Old Trafford","3","3","21","https://x.com/ManUtd_ID/status/1893156082270511457","1846234722","ManUtd_ID"
"1893154655154381220","Sat Feb 22 04:23:37 +0000 2025","0","Prediksi Skor Everton vs Manchester United 22 Februari Susunan Pemain H2H https://t.co/BtgY0hebXl . '","1893154655154381220","","","in","","0","0","0","https://x.com/AndhikaAWrening/status/1893154655154381220","1801567697244983298","AndhikaAWrening"
"1893153835230912705","Sat Feb 22 04:20:22 +0000 2025","8","Ruben Amorim tentang menerima tawaran pelatih Man United: Saya sudah tahu duluan ini akan jadi pekerjaan sulit. Tapi ini adalah Manchester United dan Anda tidak akan bisa katakan tidak. #beINMUTV https://t.co/8bUBfGPoeD","1893153835230912705","https://pbs.twimg.com/media/GkXU2dRaoAU81Ww.jpg","","in","","0","0","0","https://x.com/beINSPORTSid/status/1893153835230912705","1501547120","beINSPORTSid"
"1893153303279870185","Sat Feb 22 04:18:15 +0000 2025","1","Premier League akan menggelar tujuh laga malam ini. Ada duel Everton vs Manchester United Arsenal vs West Ham United. Berikut jadwal lengkap pertandingannya! https://t.co/DHxmgvztmD","1893153303279870185","","","in","","0","0","1","https://x.com/detikcom/status/1893153303279870185","69183155","detikcom"
"1893152473088696727","Sat Feb 22 04:14:57 +0000 2025","32","David Moyes mengungkapkan bahwa kegagalan saat melatih Manchester United adalah penyesalan terbesar dalam karirnya. Menurutmu apa yang bikin Moyes gagal ketika melatih Man. United? https://t.co/BaIJLCnZJi","1893152473088696727","https://pbs.twimg.com/media/GkXUI-BXoAA_b0G.jpg","","in","Indonesia","7","22","1","https://x.com/panditfootball/status/1893152473088696727","947281567","panditfootball"
"1893148809737261079","Sat Feb 22 04:00:23 +0000 2025","0","Undian 16 besar Liga Europa memunculkan delapan laga seru. Salah satunya duel antara Real Sociedad vs Manchester United. Rangkaian pertandingan babak 16 besar akan digelar pada 6 dan 13 Maret mendatang. #BreakingSkor https://t.co/2RP4jTxBOs","1893148809737261079","https://pbs.twimg.com/media/GkXQz2XXsAEnSm-.jpg","","in","Indonesia","0","0","0","https://x.com/skorindonesia/status/1893148809737261079","858220483","skorindonesia"
"1893148029554958394","Sat Feb 22 03:57:17 +0000 2025","0","Transfer Viktor Gyokeres Mengejutkan Chelsea Kobarkan Minat Target Manchester United https://t.co/n88I1pPByY","1893148029554958394","","","in","","0","0","0","https://x.com/subroto_nugroho/status/1893148029554958394","1593979184908767232","subroto_nugroho"
"1893147991407784428","Sat Feb 22 03:57:08 +0000 2025","0","Akankah manchester united di laga malam ini mencatat sejarah Berikut jadwal untuk pekan ke-26 Premier League. Match mana yang paling lo tunggu? Siapin squad terbaik lo buat pekan ini! #FPLelite #FantasyPL #FPL #LigaFPL #FPLindo #FPLindonesia #LigaFPL #PremierLeague #JoinFPL https://t.co/Lfbv6mBbRZ","1893147991407784428","https://pbs.twimg.com/media/GkXQDkHaoAM06MX.png","","in","","0","0","0","https://x.com/FPLElite177068/status/1893147991407784428","1876469599413379072","FPLElite177068"
"1893147129180537282","Sat Feb 22 03:53:43 +0000 2025","1","Manchester United (MU) dalam ancaman kekalahan saat tandang menantang Everton dalam lanjutan Liga Primer Inggris di Goodison Park Liverpool Sabtu (22/2) malam pukul 20.30 Wita. https://t.co/UwYcjU036i","1893147129180537282","","","in","Denpasar, Bali","0","0","0","https://x.com/nusabalicom/status/1893147129180537282","2655442453","nusabalicom"
"1893146205124993280","Sat Feb 22 03:50:02 +0000 2025","0","Manchester United (MU) akan bertemu Real Sociedad pada babak 16 Liga Europa musim ini setelah hasil undian babak gugur itu selesai digelar di Nyon Swiss Jumat (21/2). https://t.co/cPwB8sGx0a","1893146205124993280","","","in","Denpasar, Bali","0","0","0","https://x.com/nusabalicom/status/1893146205124993280","2655442453","nusabalicom"
"1893146194332750206","Sat Feb 22 03:50:00 +0000 2025","2","Everton menunjukkan sinyal kebangkitan bersama David Moyes. Manajer Manchester United Ruben Amorim bahkan puji kinerja Moyes lebih baik darinya. https://t.co/O6K0cW5q8A","1893146194332750206","","","in","","0","0","1","https://x.com/detikcom/status/1893146194332750206","69183155","detikcom"
"1893142180207960232","Sat Feb 22 03:34:03 +0000 2025","0","Jadwal Siaran Langsung Everton vs Manchester United Siapa Menang Prediksi Line up Everton vs MU https://t.co/KAk7p3IqYJ via @tribunmedan","1893142180207960232","","","in","Medan, Indonesia","0","0","0","https://x.com/tribunmedan/status/1893142180207960232","142305302","tribunmedan"
"1893139867137179655","Sat Feb 22 03:24:51 +0000 2025","0","Akankah manchester united di laga malam ini mencatat sejarah Berikut jadwal untuk pekan ke-26 Premier League. Match mana yang paling lo tunggu? Siapin squad terbaik lo buat pekan ini! #FPLelite #FantasyPL #FPL #LigaFPL #FPLindo #FPLindonesia #LigaFPL #PremierLeague #JoinFPL https://t.co/I4wrqZtfDH","1893139867137179655","https://pbs.twimg.com/media/GkXIk7JbsAA_JZe.png","","in","","0","0","0","https://x.com/FPLElite_/status/1893139867137179655","1711925763723952128","FPLElite_"
"1893137897135710543","Sat Feb 22 03:17:02 +0000 2025","0","Sheikh Jassim dilaporkan masih berupaya untuk membeli Manchester United yang terancam degradasi sob ! Jassim dilaporkan mengajukan tawaran £4 79 miliar untuk memberli 100 persen Manchester United sob ! Gimana menurut kamu ? https://t.co/ag6eE8V2gQ","1893137897135710543","https://pbs.twimg.com/media/GkXG34CXkAAAr8g.jpg","","in","Indonesia","0","0","0","https://x.com/Football5star/status/1893137897135710543","3188392104","Football5star"
"1893136546762760324","Sat Feb 22 03:11:40 +0000 2025","0","Manchester United Jumpa Real Sociedad Inilah Hasil Undian 16 Besar Liga Europa 2024/2025#Partai99 https://t.co/rCw09pSkxa","1893136546762760324","https://pbs.twimg.com/media/GkXFitPaIAAyoBO.jpg","","in","","0","0","0","https://x.com/PBola99/status/1893136546762760324","1239648604844732416","PBola99"
"1893132238474354968","Sat Feb 22 02:54:33 +0000 2025","0","Everton vs Manchester United | K.O Pukul 19.30 WIB #manchesterunited #premierleague #IndonesianRedDevil https://t.co/V63SdUaJCE","1893132238474354968","https://pbs.twimg.com/media/GkXBvNgWoAAJNoU.jpg","","in","","0","0","0","https://x.com/IdnRedDevil/status/1893132238474354968","1888440670676992000","IdnRedDevil"
"1892897581141021164","Sat Feb 22 02:41:31 +0000 2025","0","@anggapph2 Jangan lupa.. Manchester United datang nya bulan Juli ke negara ini bukan negara konoha","1893128959992242324","","anggapph2","in","","0","0","0","https://x.com/cantonawannabe/status/1893128959992242324","47668164","cantonawannabe"
"1893112894176534784","Sat Feb 22 01:37:40 +0000 2025","1","Pengurus Manchester United Ruben Amorim bersedia untuk menurunkan khidmat pemain muda menjelang aksi menentang Everton di Goodison Park malam ini selepas pasukan itu dilanda krisis kecederaan. https://t.co/YYGewimdnC","1893112894176534784","","","in","Malaysia","0","0","0","https://x.com/kosmo_online/status/1893112894176534784","822514562","kosmo_online"
"1893112220789141863","Sat Feb 22 01:35:00 +0000 2025","0","Manchester United menghadapi ancaman besar setelah dipertemukan dengan Real Sociedad yang berasal dari Basque Spanyol. Pasalnya mereka selalu sial saban menyambut tim dari Basque https://t.co/Qk1f9mOpu8","1893112220789141863","","","in","JAKARTA","0","0","0","https://x.com/tribunSUPERBALL/status/1893112220789141863","626306017","tribunSUPERBALL"
"1893112220516544874","Sat Feb 22 01:35:00 +0000 2025","0","Manchester United menghadapi ancaman besar setelah dipertemukan dengan Real Sociedad yang berasal dari Basque Spanyol. Pasalnya mereka selalu sial saban menyambut tim dari Basque https://t.co/IAM7OZwfaN","1893112220516544874","","","in","Indonesia","0","0","0","https://x.com/BolaSportcom/status/1893112220516544874","78239324","BolaSportcom"
"1893080806274568236","Sat Feb 22 01:23:44 +0000 2025","0","@SiaranBolaLive Mantan pemain Manchester United kalau jadi pelatih emang bapuk ","1893109385976783110","","SiaranBolaLive","in","Manchester M11 3FF","0","0","0","https://x.com/VinnyKompany/status/1893109385976783110","1693346096402321408","VinnyKompany"
"1893107625757483196","Sat Feb 22 01:16:44 +0000 2025","191"," | MATCHDAY: SAATNYA MENANG! - Everton vs Manchester United (A) - Malam ini pukul 19.30 WIB - Live di Vidio Setelah beberapa rentetan hasil buruk di Premier League inilah saatnya United bangkit. Inilah kesempatan yang tepat untuk kembali ke jalur kemenangan. Kekalahan https://t.co/KFkT8VsD8r","1893107625757483196","https://pbs.twimg.com/media/GkWrWb1WQAAO42H.jpg","","in","","4","34","8","https://x.com/utdabout/status/1893107625757483196","3029512724","utdabout"
"1893103416122937632","Sat Feb 22 01:00:01 +0000 2025","25","Geng #FromKLtoPL2 hadir di Old Trafford Ehh Rasmus Højlund pun ada lah! Korang rasa siapa menang challenge tu? @AstroGempak #MUFC https://t.co/oxovVBc35A","1893103416122937632","https://pbs.twimg.com/ext_tw_video_thumb/1892846299080241152/pu/img/_ef0M5evriyjId-H.jpg","","in","Old Trafford","1","1","4","https://x.com/ManUtd_MY/status/1893103416122937632","1846140120","ManUtd_MY"
"1893100854888038682","Sat Feb 22 00:49:51 +0000 2025","0","Ushindi ungeiwezesha Leicester kujiondoa kwenye eneo la kushushwa daraja lakini kufikia mapumziko matumaini yao yalikuwa yamefifia kabisa. #KapuLaMichezo #KiungoMkabaji Arsenal JKIA Manchester United Everton Lee Funeral Home Adani Meru Museveni Aoko https://t.co/dAOi9RsZhj","1893100857979289717","","KapuLaMichezo","in","Kenya","0","0","0","https://x.com/KapuLaMichezo/status/1893100857979289717","1597236348943056896","KapuLaMichezo"
"1893098765286023654","Sat Feb 22 00:41:32 +0000 2025","5","Manchester United ada lebih banyak masalah daripada penyelesaian -- Amorim bakal angkat kaki? https://t.co/MTuyUE3Fr7","1893098765286023654","","","in","Bukit Jalil ","0","1","0","https://x.com/ASTROARENA/status/1893098765286023654","160788306","ASTROARENA"
"1893070478128070759","Sat Feb 22 00:23:04 +0000 2025","0","@BolacamarVIP Bismillah semoga rezeki Everton (1) vs (2) Manchester United #BolacamarVIP #Eventtebakscorebolacamar","1893094120429887589","","BolacamarVIP","in","DKI jakarta","0","0","0","https://x.com/NASBAN182/status/1893094120429887589","1751901686858440704","NASBAN182"
"1893090024666865864","Sat Feb 22 00:06:48 +0000 2025","0","Selamat Pagi Dunia yang selalu penuh kejutan Wiralaba sekelas ini menjual produk produk rumahan dengan harga yang jauh lebih murah https://t.co/rHblqvGg78","1893090024666865864","https://pbs.twimg.com/media/GkWbV0paoAEnnSr.jpg","","in","Sidoarjo, Indonesia","0","0","0","https://x.com/Jo_GoRamadhan/status/1893090024666865864","189812724","Jo_GoRamadhan"
"1893085905755283489","Sat Feb 22 00:03:27 +0000 2025","1","@JoeTirtoDiputro selamat pagi Pak https://t.co/F2n3bp38kt","1893089180718121237","https://pbs.twimg.com/media/GkWakiNaoAQ_24_.jpg","JoeTirtoDiputro","in","Sidoarjo, Indonesia","0","0","0","https://x.com/Jo_GoRamadhan/status/1893089180718121237","189812724","Jo_GoRamadhan"
"1893086001859318240","Fri Feb 21 23:50:49 +0000 2025","0","Prediksi Skor Everton vs Manchester United di Liga Inggris Adu Nasib di Papan Bawah Klasemen https://t.co/UYgYUSBaJ2","1893086001859318240","","","in","Jakarta Capital Region","0","0","0","https://x.com/zonajakarta1/status/1893086001859318240","1219947729155047424","zonajakarta1"
"1892934703440884001","Fri Feb 21 23:49:35 +0000 2025","0","@alanrslee Sir saya memang against manchester United sejak lahir.","1893085691162304586","","alanrslee","in","","0","0","0","https://x.com/y_mrma/status/1893085691162304586","1431126040617775106","y_mrma"
"1893084287651770404","Fri Feb 21 23:44:00 +0000 2025","1","Bener-bener ga MU ga Makan ini media Jika Ruben Amorim Pergi Ini 4 Kandidat Manajer untuk Manchester United Sumber: https://t.co/cWDBS79ei9 https://t.co/XYmfrfcsId","1893084287651770404","","","in","Siantar, Bklu, Lubuklinggau","0","3","1","https://x.com/AsepWitoko/status/1893084287651770404","498469927","AsepWitoko"
"1893072984287453282","Fri Feb 21 23:37:36 +0000 2025","1","@Khalifa1695892 Ogara olosha","1893082675348434952","","Khalifa1695892","in","Lagos, Nigeria","0","1","1","https://x.com/ayoola2203/status/1893082675348434952","1457390337111072776","ayoola2203"
"1893081881890988442","Fri Feb 21 23:34:27 +0000 2025","0","Matokeo hayo yaliwaweka Stellies katika nafasi ya saba kwenye msimamo wa ligi wakisajili sare yao ya sita msimu huu. #KapuLaMichezo #KiungoMkabaji #BetwayPrem Arsenal JKIA Manchester United Everton Lee Funeral Home Adani Meru Museveni Aoko Besigye Sifuna https://t.co/lwHY421bYJ","1893081885342838809","","KapuLaMichezo","in","Kenya","0","0","0","https://x.com/KapuLaMichezo/status/1893081885342838809","1597236348943056896","KapuLaMichezo"
"1893081881890988442","Fri Feb 21 23:34:27 +0000 2025","0","Betway Premiership: Stellenbosch yatoka nyuma kusajili sare dhidi ya Richards Bay #KapuLaMichezo #KiungoMkabaji #BetwayPrem Arsenal JKIA Manchester United Everton Lee Funeral Home Adani Meru Museveni Aoko Besigye Matiang'i Palmer Thika Road Ozil Kairo Dubai Ronaldo IEBC Sifuna https://t.co/sfsu80202M","1893081881890988442","https://pbs.twimg.com/media/GkWT7KVWMAAeUv1.jpg","","in","Kenya","0","1","2","https://x.com/KapuLaMichezo/status/1893081881890988442","1597236348943056896","KapuLaMichezo"
"1893073394448637997","Fri Feb 21 23:00:43 +0000 2025","0","kirain tadi di jaket haechi itu logo manchester united","1893073394448637997","","","in","","0","0","0","https://x.com/Pomslatte/status/1893073394448637997","1353828265169833985","Pomslatte"
"1893070478128070759","Fri Feb 21 22:49:08 +0000 2025","161","EVENT TEBAK SCORE BOLACAMAR Everton VS Manchester United ️English Premier League️ Berhadiah total Rp300 ribu untuk 10 Pemenang!!! Contoh : Everton (1) VS (2) Manchester United Syarat : - Follow @BolacamarVIP - RT &amp; Like tweet ini - Jangan lupa Hashtag #BolacamarVIP https://t.co/zfcbHD4BJ5","1893070478128070759","https://pbs.twimg.com/media/GkWJj_baIAA0YqC.jpg","","in","indonesia","1","167","156","https://x.com/BolacamarVIP/status/1893070478128070759","1388819008762179590","BolacamarVIP"
"1892502425841594392","Fri Feb 21 22:21:54 +0000 2025","0","@kegblgnunfaedh syafakillah dek tidak ada yang mustahil bagi Allah SWT DIA yang mendatangkan DIA pula yang dapat menyembuhkan Aamiin","1893063627240022191","","kegblgnunfaedh","in","Sidoarjo, Indonesia","0","0","0","https://x.com/Jo_GoRamadhan/status/1893063627240022191","189812724","Jo_GoRamadhan"
"1892963380505268322","Fri Feb 21 21:44:32 +0000 2025","0","@Don_Justoh Manchester united sisi tunawin Champion's league Nyi hakuna silverware mnapata maybe medal ya kuingia championship ","1893054221747888367","","Don_Justoh","in","","0","0","0","https://x.com/audepeter1/status/1893054221747888367","799243782545883136","audepeter1"
"1892956283512275152","Fri Feb 21 21:44:38 +0000 2025","0","@uj_SZN Lukaku!","1893054245902881219","","MUFC_disco","in","Salford Lads Club","0","0","0","https://x.com/MUFC_disco/status/1893054245902881219","1863692733698670592","MUFC_disco"
"1892559208391782531","Fri Feb 21 22:16:32 +0000 2025","0","@Nigeriansunni Masha Allah","1893062273540989396","","Nigeriansunni","in","Sidoarjo, Indonesia","0","0","0","https://x.com/Jo_GoRamadhan/status/1893062273540989396","189812724","Jo_GoRamadhan"
"1893046089181167659","Fri Feb 21 21:12:14 +0000 2025","0","Hata hivyo KAA imewahakikishia wananchi kuwa shughuli zote za uwanja wa ndege ikiwemo ratiba za ndege usindikaji wa abiria na usafirishaji wa mizigo zinaendelea bila usumbufu. #LibraNews #TaarifaZaSasa JKIA Arsenal Manchester United Aoko Pogba Everton https://t.co/FcNNwuZSh6","1893046093237113260","","LibraNewsonline","in","World","0","0","0","https://x.com/LibraNewsonline/status/1893046093237113260","1846240037534683137","LibraNewsonline"
"1893046089181167659","Fri Feb 21 21:12:13 +0000 2025","0","KAA yasema shughuli za JKIA hazijaathiriwa na moto wa nyasi #LibraNews #TaarifaZaSasa JKIA Arsenal Manchester United Aoko Pogba Everton Adani Museveni Meru Lee Funeral Home Besigye Ronaldo Matiang'i Palmer Ozil Thika Road Mo Salah Kairo Kesho IEBC https://t.co/aQv5bRoqCI","1893046089181167659","https://pbs.twimg.com/media/GkVzVnQXoAAWAoP.jpg","","in","World","0","1","3","https://x.com/LibraNewsonline/status/1893046089181167659","1846240037534683137","LibraNewsonline"
"1893039010605604987","Fri Feb 21 21:01:41 +0000 2025","2","@ChafatheSecond Wa Manchester United zilipo zikumukhudza?","1893043440415293657","","ChafatheSecond","in","Massachusetts, USA🇺🇸","0","4","0","https://x.com/TheLunaticGuy2/status/1893043440415293657","1566163407828647937","TheLunaticGuy2"
"1893040841113116991","Fri Feb 21 20:51:22 +0000 2025","2","Ruud van nistelrooy pelatih leicester mantan bintang PSV dan terutama goal getter legend di Manchester United kelabakan menangani LeicesterIlmunya belum paten sebagai pelatih klub menengah-besar kayak Leicester.kini 0-3 dipimpin Brentford. Ae ae ae parah #LEIBRE https://t.co/YnWH9Qabik","1893040841113116991","https://pbs.twimg.com/ext_tw_video_thumb/1893040743406804995/pu/img/yDYkeR00SCD4l_yo.jpg","","in","Indonesia","0","0","0","https://x.com/anonimman137997/status/1893040841113116991","1704116159665389568","anonimman137997"
"1893036902548214056","Fri Feb 21 20:35:43 +0000 2025","0","Ruud Van Nistelrooy mwezi huu hatoboi anakua jobless Ukiona mchezaji wa Manchester united kawa kocha huyo ni tapeli ","1893036902548214056","","","in","Tanzania","0","0","0","https://x.com/sideandrew/status/1893036902548214056","443539085","sideandrew"
"1893034436679344537","Fri Feb 21 20:25:59 +0000 2025","0","Manchester United imetoka kupoteza 1-0 dhidi ya Tottenham wanashika nafasi ya 15 katika msimamo wa ligi kesho watashuka tena dimbani ugenini kukabiliana na Everton #PwaniMwanaspoti^RZ","1893034452743549243","","pwanifm","in","Mombasa, Kenya","0","0","0","https://x.com/pwanifm/status/1893034452743549243","374476069","pwanifm"
"1893034436679344537","Fri Feb 21 20:25:55 +0000 2025","0","JOMBA WENU ASALIMU AMRI Kocha wa Manchester United Ruben Amorim amesema kikosi chake kwa sasa kina matatizo mengi kuliko suluhisho. https://t.co/PiPG4katL1","1893034436679344537","https://pbs.twimg.com/media/GkVoyYKWgAAMjwI.jpg","","in","Mombasa, Kenya","0","1","0","https://x.com/pwanifm/status/1893034436679344537","374476069","pwanifm"
"1892978961539338263","Fri Feb 21 16:45:28 +0000 2025","160","#MICHEZO: Kocha wa Manchester United Ruben Amorim amesema kikosi chake kwa sasa kina matatizo mengi kuliko suluhisho Mashetani wekundu wameshinda michezo minne pekee kati ya michezo 14 aliyoisiamia Mreno huyo tangu ajiunge na Man United akichukua nafasi ya Ten Hag aliyefutwa https://t.co/DB1UT9HYuw","1892978961539338263","https://pbs.twimg.com/media/GkU2U4QXwAAPj-3.jpg","","in","Dar es salaam, Tanzania","1","2","2","https://x.com/eastafricatv/status/1892978961539338263","169557169","eastafricatv"
"1892974935120789623","Fri Feb 21 16:34:02 +0000 2025","0","@falloumbaye_bf Kone ya ngi xalaat qualifier ","1892976082988433681","","falloumbaye_bf","in","Lyon, France","0","1","0","https://x.com/BHD0601/status/1892976082988433681","1200236304203730944","BHD0601"
"1892504159036858868","Fri Feb 21 16:23:44 +0000 2025","0","@kaluneart dikira manchester united kali MU","1892973489545732307","","kaluneart","in","dihati jonguu","0","1","0","https://x.com/mylovehjwoo/status/1892973489545732307","1497445709221892096","mylovehjwoo"
"1892966292673446031","Fri Feb 21 16:15:57 +0000 2025","0","@sbyfess Ayok ngomingin manchester united mau ta ? ","1892971530159583359","","sbyfess","in","","0","0","0","https://x.com/punkdanyatim/status/1892971530159583359","1276023942315036672","punkdanyatim"
"1892963601255711071","Fri Feb 21 15:44:26 +0000 2025","1","Ligi ya Europa: Droo ya 16 bora yatoa mechi za kusisimua #KapuLaMichezo #KiungoMkabaji #UCLdraw #SmartaWithData Arsenal Liverpool Manchester United Arteta Nwaneri Aoko Spurs Saliba Everton Meru Matiang'i Chelsea Resign Museveni Ozil Thika Road Kigali Bayern https://t.co/H4NvvaGBXy","1892963601255711071","https://pbs.twimg.com/media/GkUoXMYWwAAjU5g.jpg","","in","Kenya","0","1","1","https://x.com/KapuLaMichezo/status/1892963601255711071","1597236348943056896","KapuLaMichezo"
"1892959536362733759","Fri Feb 21 15:28:17 +0000 2025","4","Angekuwa mkali hawangechujwa FA na a 10-man Manchester United ","1892959536362733759","","","in","The slopes of Mt.Kenya","0","0","0","https://x.com/YaneKariuki/status/1892959536362733759","3309018183","YaneKariuki"
"1892955840023547979","Fri Feb 21 15:18:33 +0000 2025","0","Prediksi tim yang lolos ke perempat final: Lazio Olympiacos Ajax / Frankfurt (ketat!) Spurs Roma Rangers (berpotensi kejutan) Lyon Manchester United -DM-","1892957084792262954","","dantemirza","in","","0","0","0","https://x.com/dantemirza/status/1892957084792262954","252437971","dantemirza"
"1892955840023547979","Fri Feb 21 15:17:48 +0000 2025","1","8/ Real Sociedad vs Manchester United Laga besar! Sociedad sangat terorganisir tapi MU punya pengalaman. Jika tampil maksimal MU bisa lolos!","1892956899718385836","","dantemirza","in","","0","1","0","https://x.com/dantemirza/status/1892956899718385836","252437971","dantemirza"
"1892952269018050590","Fri Feb 21 15:05:10 +0000 2025","0","6/ United berencana mengurangi lebih dari 100 karyawan. Sebelumnya klub juga telah memangkas 250 pekerja pada musim panas lalu. Dengan kondisi finansial seperti ini bagaimana masa depan Manchester United? Apakah mereka masih bisa bersaing di level tertinggi? -DM-","1892953718074810674","","dantemirza","in","","0","0","0","https://x.com/dantemirza/status/1892953718074810674","252437971","dantemirza"
"1892952425008443632","Fri Feb 21 15:00:02 +0000 2025","184","Tembus 3️⃣0️⃣0️⃣ penampilan di #PL Lanjutkan @ChrisEriksen8! #MUFC https://t.co/DZKPcsLiok","1892952425008443632","https://pbs.twimg.com/media/GkTnTl0WwAAf8wB.jpg","","in","Old Trafford","0","0","9","https://x.com/ManUtd_ID/status/1892952425008443632","1846234722","ManUtd_ID"
"1892951048576270819","Fri Feb 21 14:54:33 +0000 2025","1","Nikikumbuka Dj apana leta machanganyiko weka ile lero lero ni leeerooo...wacheni tu aende...alafu musimueke Wafula Chebukati sana Lee Funeral Home kwa barafu anashida ya kifua #UCLdraw AI-generated Manchester United https://t.co/NsbyEHoAwy","1892951048576270819","https://pbs.twimg.com/media/GkUc8ioXkAA68fg.jpg","","in","kenya","0","0","1","https://x.com/aboud_akasha/status/1892951048576270819","598573081","aboud_akasha"
"1892946497400123703","Fri Feb 21 14:36:28 +0000 2025","619","Kayaknya cuma ada 2 kemungkinan: 1. langsung disingkirin Sociedad 2. juara (ngeyel dulu gak sih) https://t.co/za69kixsJL","1892946497400123703","https://pbs.twimg.com/media/GkUYhaVXkAAy-Xe.jpg","","in","Old Trafford","20","115","48","https://x.com/manutd_world/status/1892946497400123703","464425781","manutd_world"
"1892945131046580570","Fri Feb 21 14:31:03 +0000 2025","0","Vilabu vyote vitatu vya England viko katika upande mmoja wa droo hali inayomaanisha hakuna uwezekano wa fainali ya all-English. #KapuLaMichezo #KiungoMkabaji #UCLdraw #SmartaWithData Arsenal Liverpool Manchester United Arteta Nwaneri Aoko Spurs Saliba https://t.co/0VhqRF1Xqb","1892945134003572791","","KapuLaMichezo","in","Kenya","0","0","0","https://x.com/KapuLaMichezo/status/1892945134003572791","1597236348943056896","KapuLaMichezo"
"1892945131046580570","Fri Feb 21 14:31:03 +0000 2025","0","Ligi ya Mabingwa Ulaya: Droo ya 16 bora #KapuLaMichezo #KiungoMkabaji #UCLdraw #SmartaWithData Arsenal Liverpool Manchester United Arteta Nwaneri Aoko Spurs Saliba Everton Meru Matiang'i Chelsea Resign Museveni Ozil Thika Road Kigali Bayern https://t.co/R85h8vvODB","1892945131046580570","https://pbs.twimg.com/media/GkUXkJVWsAA9kHW.jpg","","in","Kenya","0","1","2","https://x.com/KapuLaMichezo/status/1892945131046580570","1597236348943056896","KapuLaMichezo"
"1892916079758090541","Fri Feb 21 14:12:55 +0000 2025","0","@SiaranBolaLive @ActuFoot_ 5 lawan sudah pernah di lawan manchester united. Optimis final mudah. Hehe","1892940567228661843","","SiaranBolaLive","in","","0","0","0","https://x.com/faridrasyid2811/status/1892940567228661843","1608322637746380812","faridrasyid2811"
"1892938098520080785","Fri Feb 21 14:03:06 +0000 2025","1","REKOMENDASI KAPTEN GW 26 Mo Salah (vs Manchester City) Merino (vs West Ham United) Watkins (vs Chelsea) Ada rekomendasi lain guys? https://t.co/anhYpH1J5f","1892938098520080785","https://pbs.twimg.com/media/GkURKOoW4AAl0v1.jpg","","in","","0","1","0","https://x.com/KoFPLI/status/1892938098520080785","967340070943449088","KoFPLI"
"1892937508037775591","Fri Feb 21 14:00:45 +0000 2025","0","Hasil #UELDraw Manchester United lawan Real Sociedad. Biasanya MU selalu kesusahan ketemu klub sepak bola dari negara Spanyol. Itu biasanya. Sekarang lawan klub dari negara mana aja juga susah menang. Hehehe Semoga bisa lolos ke 8 besar #GGMU #MUFC #UEL","1892937508037775591","","","in","𝕏 ","0","0","0","https://x.com/iwangln/status/1892937508037775591","275065183","iwangln"
"1892936502491172965","Fri Feb 21 13:56:45 +0000 2025","1814","Ganteng Dapatkan sepatu adidas Manchester United x adidas Terrace Icons Gazelle ️ https://t.co/ZMwzEUYxhD #MUFC || @adidasFootball https://t.co/tFyYZiLl81","1892936502491172965","https://pbs.twimg.com/media/GkUOezXWgAApFnO.jpg","","in","Old Trafford","121","137","291","https://x.com/ManUtd_ID/status/1892936502491172965","1846234722","ManUtd_ID"
"1892935213530911181","Fri Feb 21 13:51:38 +0000 2025","0","Hasil Drawing Babak 16 Besar Liga Europa: Manchester United vs Real Sociedad AZ Alkmaar vs Tottenham Hotspur @ManUtd @SpursOfficial https://t.co/mynZaQZ5e3","1892935213530911181","","","in","Palmerah, Indonesia","0","0","0","https://x.com/DiswayNews/status/1892935213530911181","1847145968837578758","DiswayNews"
"1892934395901960516","Fri Feb 21 13:48:23 +0000 2025","227","Tandukan melayang @B_Fernandes8 di Goodison Park ️ #MUFC https://t.co/HqNhn0GsXt","1892934395901960516","https://pbs.twimg.com/ext_tw_video_thumb/1892933952546971649/pu/img/pX3TTAsBvtFM33-t.jpg","","in","Old Trafford","2","5","13","https://x.com/ManUtd_ID/status/1892934395901960516","1846234722","ManUtd_ID"
"1892933051853758490","Fri Feb 21 13:43:03 +0000 2025","1","Droo ya hatua ya 16 bora ya (Uefa Europa league) imetoka huku Mashetani wekundu kutoka wingereza Manchester united wakikutanishwa na Real Sociedad kutoka Hispania. Mechi nyingine za hatua ya 16 Bora ni kama ifuatavyo AZ Alkmaar 🇳🇱 🆚 Tottenham Hotspur 󠁧󠁢󠁥󠁮󠁧󠁿 Ajax 🇳🇱 🆚 Eintracht https://t.co/gVbAbRF2O4","1892933051853758490","https://pbs.twimg.com/ext_tw_video_thumb/1892933036062228481/pu/img/RUwG6GJ5ZJROht6d.jpg","","in","","0","1","0","https://x.com/GillyBonnyTv/status/1892933051853758490","1444527463581818881","GillyBonnyTv"
"1892932571706576956","Fri Feb 21 13:41:08 +0000 2025","3","Gw kira manchester united aja yg di era kegelapan rupanya negara kita juga ya? ","1892932571706576956","","","in","","0","3","1","https://x.com/exhaustedblack_/status/1892932571706576956","1598639499470606337","exhaustedblack_"
"1892931842010919351","Fri Feb 21 13:38:14 +0000 2025","13","Manchester United akan berjumpa Real Sociedad di babak 16 besar Europa League 2024/25 Terakhir ketemu Real Sociedad itu kayanya musim 2020/21 di Europa League juga musim dimana Setan Merah lolos ke final tetapi harus puas menjadi runner-up. https://t.co/LSDzz2Wyt6","1892931842010919351","https://pbs.twimg.com/media/GkULeLMaUAAeT2X.jpg","","in","","0","2","5","https://x.com/MelodyUnited/status/1892931842010919351","397302261","MelodyUnited"
"1892931023098261574","Fri Feb 21 13:34:59 +0000 2025","0","Hasil Drawing Babak 16 Besar Liga Europa: Manchester United vs Real Sociedad AZ Alkmaar vs Tottenham Hotspur https://t.co/BLKt4zPhZZ","1892931023098261574","","","in","","0","0","0","https://x.com/subroto_nugroho/status/1892931023098261574","1593979184908767232","subroto_nugroho"
"1892931015049707573","Fri Feb 21 13:34:57 +0000 2025","78","Bagan 16 besar UEFA Europa League &amp; Conference League Manchester United ketemu Real Sociedad Chelsea ketemu FC Copenhagen (Kevin Diks) Real Betis (Antony) ketemu Vitoria SC Lengkapnya cek di gambar https://t.co/CVfzLxeUHK","1892931015049707573","https://pbs.twimg.com/media/GkUKdcnWYAALsR9.jpg","","in","Terperangkap Offside","1","3","13","https://x.com/FaktaSepakbola/status/1892931015049707573","1316071146","FaktaSepakbola"
"1892929541120700437","Fri Feb 21 13:29:06 +0000 2025","0","Dewa united permainannya luar biasa bngt jirr.","1892929541120700437","","","in","","0","0","0","https://x.com/RianSap09238975/status/1892929541120700437","1163946631479222272","RianSap09238975"
"1892928186876563741","Fri Feb 21 13:23:43 +0000 2025","0","Manchester united akan bertemu Real Sociedad di baban knock out 16 besar Europa League #MUFC https://t.co/qNibY8Z1nW","1892928186876563741","https://pbs.twimg.com/media/GkUIArUbIAAkbZ9.jpg","","in","","0","0","0","https://x.com/TheRedvils/status/1892928186876563741","1004121410","TheRedvils"
"1892927878997684645","Fri Feb 21 13:22:29 +0000 2025","0","Hasil drawing Liga Europa 2025! Manchester United vs Real Sociedad Tottenham vs AZ Alkmaar final di Bilbao. Cek jadwal dan laga serunya. https://t.co/0UxAxUimFm","1892927878997684645","","","in","Madiun","0","0","0","https://x.com/radarmadiunweb/status/1892927878997684645","1404018642","radarmadiunweb"
"1892925313971085774","Fri Feb 21 13:12:18 +0000 2025","0","Manchester United vs Real Sociedad Hapa kama wataki kushinde Europa League wangesema tuu tujitoe","1892925313971085774","","","in","Hapa Kule ","0","0","0","https://x.com/JumahKhalif_/status/1892925313971085774","1715590921494859776","JumahKhalif_"
"1892925225534181866","Fri Feb 21 13:11:58 +0000 2025","0","Muheria alisisitiza umuhimu wa viongozi kuweka kipaumbele kwenye vitendo badala ya maneno akisema kwamba uongozi unapaswa kuwa juu ya utekelezaji na si matangazo tu. #LibraNews #TaarifaZaSasa #SmartaWithData Arsenal Liverpool Manchester United Martinelli https://t.co/olST3NPH58","1892925229170557287","","LibraNewsonline","in","World","0","0","0","https://x.com/LibraNewsonline/status/1892925229170557287","1846240037534683137","LibraNewsonline"
"1892925225534181866","Fri Feb 21 13:11:57 +0000 2025","0","Askofu mkuu Muheria aitaka serikali ya Ruto kutilia mkazo utekelezaji badala ya ahadi #LibraNews #TaarifaZaSasa #SmartaWithData Arsenal Liverpool Manchester United Martinelli BREAKING NEWS Aoko Everton Meru Matiang'i Burkina Faso Ozil Resign Thika Road Real Madrid Man United https://t.co/ovEZB5n2zT","1892925225534181866","https://pbs.twimg.com/media/GkUFb4GWAAAQJoA.jpg","","in","World","0","1","3","https://x.com/LibraNewsonline/status/1892925225534181866","1846240037534683137","LibraNewsonline"
"1892924468978229384","Fri Feb 21 13:08:56 +0000 2025","0","Undian Liga Eropa UEFA 2024/25 Siapa Lawan Manchester United dan Tottenham ? . . . Baca Berita Selengkapnya disini : https://t.co/4R5REs7iRD #strategibola #uefaeuropaleague #bilbaofinal2025 #ligaeropa #drawing #UCLdraw Mayor Teddy Skintific #KamiBersamaSukatani https://t.co/z1XMInxQaX","1892924468978229384","https://pbs.twimg.com/media/GkUEY8PW4AAiVA9.jpg","","in","indonesia","0","0","0","https://x.com/strategibola_id/status/1892924468978229384","419538179","strategibola_id"
"1892923213048586266","Fri Feb 21 13:03:57 +0000 2025","2","Manchester United berharap dapat kekalkan rekod baik hadapi Real Sociedad. Artikel penuh https://t.co/XPEIzUE0nz https://t.co/hS3bnP9wMZ","1892923213048586266","https://pbs.twimg.com/media/GkUDoWvawAAQA9Z.jpg","","in","Old Klang Road, KL","0","0","0","https://x.com/makanbolaplus/status/1892923213048586266","1155415653861298177","makanbolaplus"
"1892923007758418380","Fri Feb 21 13:03:08 +0000 2025","53","#MICHEZO: Robin Van Persie amesaini mkataba wa miaka miwili wa kuitumikia Feyenoord inayoshiriki ligi kuu ya Uholanzi Van Persie ambaye aliwahi kuwa mshambuliaji wa Arsenal na Manchester United anaenda kuiongoza klabu hiyo inayoshika nafasi ya 4 katika msimao wa Eredivisie https://t.co/ec0yvujUpJ","1892923007758418380","https://pbs.twimg.com/media/GkUDb-mXYAMmR6p.jpg","","in","Dar es salaam, Tanzania","0","0","2","https://x.com/eastafricatv/status/1892923007758418380","169557169","eastafricatv"
"1892922313781518432","Fri Feb 21 13:00:23 +0000 2025","0","Wakil Inggeris Manchester United diundi menentang Real Sociedad untuk pusingan 16 terakhir Liga Europa petang tadi. Skuad Red Devils mungkin bertemu pasukan bimbingan bekas pengendali Jose Mourinho sekiranya kedua-dua kelab itu mara ke pusingan separuh akhir.","1892922313781518432","","","in","Malaysia","0","0","0","https://x.com/Bernama_Radio/status/1892922313781518432","43856742","Bernama_Radio"
"1892922277395628105","Fri Feb 21 13:00:14 +0000 2025","312","Serangan balik kilat di markas Everton dituntaskan oleh El Matador. ️ #MUFC || #PL https://t.co/VbjcDsbFBp","1892922277395628105","https://pbs.twimg.com/ext_tw_video_thumb/1892921544692662272/pu/img/4d4iQ0I_gDdBuXgA.jpg","","in","Old Trafford","4","1","25","https://x.com/ManUtd_ID/status/1892922277395628105","1846234722","ManUtd_ID"
"1892921444662727147","Fri Feb 21 12:56:55 +0000 2025","27","Omar Berrada ameanzisha uchunguzi kuhusu uvujaji wa Habari za Manchester United na amewaonya wafanyakazi wake kupitia barua pepe kwamba kufichua habari za klabu kutachukuliwa kuwa ni utovu wa nidhamu ambao unaweza kuwafanya watimuliwe. https://t.co/sOMDJkYJeX","1892921444662727147","https://pbs.twimg.com/media/GkUCA95X0AA_w7H.jpg","","in","Dar es Salaam, Tanzania","0","0","0","https://x.com/Unitedtanzania1/status/1892921444662727147","1485848815714381829","Unitedtanzania1"
"1892917833602056306","Fri Feb 21 12:42:34 +0000 2025","455","🆚 Real Sociedad 🇪🇸 Lawan United di babak 16 besar #UEL sudah ditentukan. #MUFC https://t.co/sSswgKoSvg","1892917833602056306","https://pbs.twimg.com/media/GkT5hUhXgAAfK2N.jpg","","in","Old Trafford","17","34","70","https://x.com/ManUtd_ID/status/1892917833602056306","1846234722","ManUtd_ID"
"1892909389377655267","Fri Feb 21 12:34:36 +0000 2025","0","@suriacetamol manchester united? berharap apa","1892915827260977215","","suriacetamol","in","Ryoiki Tenkai","0","0","0","https://x.com/ramaidomotret/status/1892915827260977215","253061627","ramaidomotret"
"1892915085086994877","Fri Feb 21 12:31:39 +0000 2025","26","Safari nyepesi sana kwa Manchester United. https://t.co/jht185mw7C","1892915085086994877","https://pbs.twimg.com/media/GkT8PNjaoAAVZek.jpg","","in","Southern Highlands, Tanzania","2","5","5","https://x.com/Marakiungu/status/1892915085086994877","1304354638091649025","Marakiungu"
"1892914546014392418","Fri Feb 21 12:29:31 +0000 2025","2","Manchester United Jumpa Real Sociedad Inilah Hasil Undian 16 Besar Liga Europa 2024/2025 https://t.co/APvcVNGKQm","1892914546014392418","","","in","","0","0","0","https://x.com/Bolanet/status/1892914546014392418","85537477","Bolanet"
"1892914461658218568","Fri Feb 21 12:29:10 +0000 2025","152","#MICHEZO: Robin Van Persie amesaini mkataba wa miaka miwili wa kuitumikia Feyenoord inayoshiriki ligi kuu ya Uholanzi. Van Persie ambaye aliwahi kuwa mshambuliaji wa Arsenal na Manchester United anaenda kuiongoza klabu hiyo inayoshika nafasi ya 4 katika msimao wa Eredivisie https://t.co/m2tnxXh1bF","1892914461658218568","https://pbs.twimg.com/media/GkT7qYQWcAA5xBW.jpg","","in","Dar es salaam, Tanzania","0","6","9","https://x.com/eastafricatv/status/1892914461658218568","169557169","eastafricatv"
"1892914354338841082","Fri Feb 21 12:28:45 +0000 2025","12","Manchester United vs Real Sociedad. Bac tena kombe linakuja old Trafford tutakuwepo ","1892914354338841082","","","in","","0","1","4","https://x.com/vistovic17/status/1892914354338841082","1422427142143496204","vistovic17"
"1892914347825090562","Fri Feb 21 12:28:43 +0000 2025","8","Drawing babak 16 besar Europa League: Manchester United akan menghadapi Real Sociedad AS Roma vs Athletic Bilbao dan AZ Alkmaar vs Tottenham. Prediksi JEBREEETeam? https://t.co/p7MD5Qf9GA","1892914347825090562","https://pbs.twimg.com/media/GkT7jEqWIAArfpq.jpg","","in","","0","3","1","https://x.com/jebreeetmedia/status/1892914347825090562","1264093518357598208","jebreeetmedia"
"1892914135001678217","Fri Feb 21 12:27:53 +0000 2025","0","Shortcut ya Manchester United kucheza UEFA CHAMPIONS LEAGUE msimu ujao. #EuropaLeague https://t.co/AZLyQ6yx5i","1892914135001678217","https://pbs.twimg.com/media/GkT7VYEbQAAxdoM.jpg","","in","TANZANIA","0","0","0","https://x.com/Livinho_CR7/status/1892914135001678217","454395092","Livinho_CR7"
"1892914028545991093","Fri Feb 21 12:27:27 +0000 2025","31","Manchester United kama hatuezi make effort Europa League piq itakua ngumu kushinda .","1892914028545991093","","","in","Ozarks","0","2","2","https://x.com/Gesonso1/status/1892914028545991093","1523241496480296960","Gesonso1"
"1892913780541083777","Fri Feb 21 12:26:28 +0000 2025","12","OFFICIAL: Hasil undian Babak 16 Besar Europa League pada musim ini. ️ ️ AZ ALKMAR VS TOTTENHAM REAL SOCIEDAD VS MANCHESTER UNITED Leg Pertama: 6 Maret 2025 Leg Kedua: 13 Maret 2025 #UELDRAW https://t.co/IBxbQZvkIl","1892913780541083777","https://pbs.twimg.com/media/GkT7DRYWUAIZyet.jpg","","in","","0","0","1","https://x.com/kbrligainggris/status/1892913780541083777","1295716250983763977","kbrligainggris"
"1892913414894215673","Fri Feb 21 12:25:01 +0000 2025","10","Mnaona kama Manchester United itashinda Europa League ama hakuna hopes ? https://t.co/JlXHRwu52m","1892913414894215673","https://pbs.twimg.com/media/GkT6uAoXEAA1cJq.jpg","","in","Ozarks","0","5","2","https://x.com/Gesonso1/status/1892913414894215673","1523241496480296960","Gesonso1"
"1892913073989825013","Fri Feb 21 12:23:40 +0000 2025","2","Manchester United akan menghadapi Real Sociedad dibabak 16 besar Europa League. Keduanya belum lama bertemu di #UEL saat bersama di fase grup musim 2022/23 kemarin dimana United kalah 0-1 di Old Trafford dan menang 1-0 di Spanyol. Optimis lancar kali ini? #MUFC https://t.co/k8tY3k8HVl","1892913073989825013","https://pbs.twimg.com/media/GkT6aJSWQAAv1tJ.jpg","","in","Indonesia","0","0","1","https://x.com/unitedattackID/status/1892913073989825013","1270722365387714564","unitedattackID"
"1892912827997770186","Fri Feb 21 12:22:41 +0000 2025","1348","OFFICIAL: Manchester United resmi akan bertemu Real Sociedad di babak 16 besar Europa League. Merem lolos ini mah.. #utdfocusid https://t.co/kWSjc38Fop","1892912827997770186","https://pbs.twimg.com/media/GkT53w8WIAA1Zjy.jpg","","in","Indonesia","35","257","86","https://x.com/utdfocusid/status/1892912827997770186","1345281599605075969","utdfocusid"
"1892906088942497896","Fri Feb 21 12:08:51 +0000 2025","1","@AzxHn8 Hatuchezi na Manchester united so akuna bernabeu mnatupeleka ","1892909348340339106","","AzxHn8","in","Switzerland ","0","1","0","https://x.com/Nelly1Kremlin/status/1892909348340339106","999947853773623296","Nelly1Kremlin"
"1892908627180016057","Fri Feb 21 12:05:59 +0000 2025","13","️ @MarkOgden_: Manchester United hawakutaka kumsajili Matthijs de Ligt! ","1892908627180016057","","","in","Dar es Salaam, Tanzania","0","0","0","https://x.com/Unitedtanzania1/status/1892908627180016057","1485848815714381829","Unitedtanzania1"
"1892907444361449644","Fri Feb 21 12:01:17 +0000 2025","2","Ada Pemain Muda Keturunan Vietnam Debut di Manchester United U-18 https://t.co/gP757nPnOw","1892907444361449644","","","in","Jakarta","0","0","1","https://x.com/detiksport/status/1892907444361449644","135783107","detiksport"
"1892902003061178719","Fri Feb 21 11:39:40 +0000 2025","81"," Manchester United vs Sc Jabulani Manchester City vs Kitara FC","1892902003061178719","","","in","Uganda","2","12","14","https://x.com/marvinashaba0/status/1892902003061178719","1260929884324577280","marvinashaba0"
"1892901362179908094","Fri Feb 21 11:37:07 +0000 2025","0","Legenda Man United dan Arsenal Resmi Latih Feyenoord Mantan bintang Manchester United dan Arsenal Robin van Persie secara resmi ditunjuk sebagai pelatih kepala Feyenoord hingga Juni 2027... https://t.co/1KzHzr1HoY","1892901362179908094","","","in","Indonesia","0","0","0","https://x.com/ruberUpdate/status/1892901362179908094","1163117800010866689","ruberUpdate"
"1892900811329376377","Fri Feb 21 11:34:56 +0000 2025","25"," Manchester United wana nia ya kumsajili golikipa wa Argentina Juan Musso huku wasiwasi ukiongezeka juu ya kiwango cha uchezaji wa Andre Onana. (Chanzo: Fichajes) https://t.co/xgnexvBoyp","1892900811329376377","https://pbs.twimg.com/media/GkTvP5NWAAASrxi.jpg","","in","Dar es Salaam, Tanzania","0","0","3","https://x.com/Unitedtanzania1/status/1892900811329376377","1485848815714381829","Unitedtanzania1"
"1892897770488353059","Fri Feb 21 11:22:51 +0000 2025","15"," Manchester United wanafikiria kumnunua beki wa kushoto wa AC Milan Theo Hernandez msimu wa joto huku timu hiyo ya Serie A ikiwa tayari kumuuza. (Chanzo: Fichajes) https://t.co/fsyXUG3nJx","1892897770488353059","https://pbs.twimg.com/media/GkTse9iXUAEOBQR.jpg","","in","Dar es Salaam, Tanzania","0","0","2","https://x.com/Unitedtanzania1/status/1892897770488353059","1485848815714381829","Unitedtanzania1"
"1892897284960170339","Fri Feb 21 11:20:55 +0000 2025","20","Daftar cedera pemain dari tim Big Six : ◉ Arsenal : 5 pemain ◉ Liverpool : 2 pemain ◉ Manchester City : 3 pemain ◉ Chelsea : 7 pemain ◉ Manchester United : 7 pemain ◉ Tottenham hotspur : 6 pemain @si_soccer https://t.co/qRBIdUMHZ1","1892897284960170339","https://pbs.twimg.com/media/GkTsBzdaAAAT2wI.jpg","","in","Indonesia","0","3","2","https://x.com/All_AboutARS/status/1892897284960170339","1081777021460537345","All_AboutARS"
"1892897006676574664","Fri Feb 21 11:19:49 +0000 2025","0","forum pria4d diberitakan-Manchester United akan menghadapi salah satu dari dua lawan tangguh berikut ini di babak 16 besar Liga Europa. https://t.co/3MtxhACeqS","1892897006676574664","","","in","","0","0","0","https://x.com/pria4d/status/1892897006676574664","1383313898506309632","pria4d"
"1892896470296383937","Fri Feb 21 11:17:41 +0000 2025","0","Matchday seru + rewards melimpah? Yes please! Gak cukup cuma pakai jersey starter pack Kamu belum lengkap tanpa Maybank Kartu Kredit Manchester United! Emang apa aja sih keuntungannya? Promo spesial di lebih dari 100 merchants beli camilan &amp; minuman nobar makin hemat! https://t.co/1EzIRP5Q0V","1892896470296383937","https://pbs.twimg.com/media/GkTrTOJbUAE6H6y.jpg","","in","Indonesia","0","0","0","https://x.com/MaybankID/status/1892896470296383937","212543328","MaybankID"
"1892893826341077231","Fri Feb 21 11:16:21 +0000 2025","0","@12ozblackcoffee manchester united adalah tim terbaik di dunia ","1892896136328831384","","12ozblackcoffee","in","","0","1","0","https://x.com/hibbiho/status/1892896136328831384","549979436","hibbiho"
"1892892182727610684","Fri Feb 21 11:00:39 +0000 2025","1","Gosip perburuan striker baru Manchester United memasuki babak baru. Setan Merah kini dilaporkan berminat pada striker Fenerbahce Youssef En-Nesyri. Asal jangan habis di beli jadi kayak Patung Kuda aja #Patungkuda #IndonesiaGelap #manchesterunited #sepakbola #football #ligaeropa https://t.co/9W5201jnVw","1892892182727610684","https://pbs.twimg.com/media/GkTnZ3FbUAACh7a.png","","in","","0","0","0","https://x.com/Skorkilat_Live/status/1892892182727610684","1877074425591508994","Skorkilat_Live"
"1892891022302007691","Fri Feb 21 10:56:02 +0000 2025","0","Barcelona Bayern Munich na Paris Saint-Germain zote zinavutiwa kumsajili mshambuliaji wa zamani wa Manchester United Mason Greenwood 23 kutoka Marseille. United itapokea 50% ya ada yoyote ya uhamisho wa mshambuliaji huyo wa Kiingereza. ️ @cameroon_jr https://t.co/LoaiuU6UHD","1892891022302007691","https://pbs.twimg.com/media/GkTmWlKXYAATVTb.jpg","","in","Dar es Salaam, Tanzania","0","0","0","https://x.com/ubatvtz/status/1892891022302007691","834943236","ubatvtz"
"1892890854312071656","Fri Feb 21 10:55:22 +0000 2025","0","Karyawan Manchester United Kembalikan Orderan Selotip Dan Hitung Kembali Jumlah Sekrup Sebagaimana Pemotongan Anggaran Era Sir Jim Ratcliffe Bikin Moral Hancur https://t.co/XeLLdBEzfn","1892890854312071656","","","in","Butta Panritta Kittaraford","0","0","0","https://x.com/UtdIndonesiaSNJ/status/1892890854312071656","1286097038","UtdIndonesiaSNJ"
"1892889860777644271","Fri Feb 21 10:51:25 +0000 2025","0","Gelapnya Indonesia di bawah rezim Mulyono dan Wowo ini masih lebih gelap daripada gelapnya Manchester United saat ini. #IndonesiaGelap https://t.co/a5suwwlfpl","1892889860777644271","https://pbs.twimg.com/media/GkTlSeAXIAEbYoV.jpg","","in","Jakarta Capital Region","0","0","0","https://x.com/nvn_hdyt/status/1892889860777644271","1603683953546006528","nvn_hdyt"
"1892885292446589188","Fri Feb 21 10:38:13 +0000 2025","0","2. Produk Akademi La Masia: Piqué memulai karier sepak bolanya di akademi terkenal FC Barcelona La Masia sebelum pindah ke Manchester United pada tahun 2004.","1892886539706704115","","EGA_82","in","","0","1","0","https://x.com/EGA_82/status/1892886539706704115","131420884","EGA_82"
"1892884359029412033","Fri Feb 21 10:29:33 +0000 2025","1","ROBIN van Persie ameteuliwa kuwa kocha mkuu wa Feyenoord hadi 2027. Taarifa zinaeleza kwamba mkataba umekamilika hadi Juni 2027 kwa mshambuliaji huyo wa zamani wa Arsenal na Manchester United kuwa kocha mkuu wa Feyenoord. Msaidizi wa zamani wa Erik ten Hag Rene Hake pia https://t.co/3S9tGlLatd","1892884359029412033","https://pbs.twimg.com/media/GkTgRKDXkAAwNee.jpg","","in","Dar es Salaam, Tanzania","0","0","0","https://x.com/DimbaniKonekti/status/1892884359029412033","1821183432678158337","DimbaniKonekti"
"1892882291677888759","Fri Feb 21 10:21:21 +0000 2025","1","Manchester United kini menanti hasil undian untuk menentukan lawan mereka di babak 16 besar Liga Europa 2024/2025. Calon lawan MU Real Sociedad Galatasaray AZ Alkmaar FC Midtjylland #Patungkuda #IndonesiaGelap #manchesterunited #sepakbola #football #ligaeropa https://t.co/DFYctqSw8c","1892882291677888759","https://pbs.twimg.com/media/GkTdkJ1XEAAnkZk.png","","in","","0","0","0","https://x.com/Skorkilat_Live/status/1892882291677888759","1877074425591508994","Skorkilat_Live"
"1892878549776028004","Fri Feb 21 10:15:47 +0000 2025","0","10. Persahabatan dengan Gary Neville: Setelah pensiun Carragher dan mantan rivalnya dari Manchester United Gary Neville sering tampil bersama sebagai analis sepak bola dan interaksi mereka kerap mengundang tawa penonton","1892880891258839368","","EGA_82","in","","0","1","0","https://x.com/EGA_82/status/1892880891258839368","131420884","EGA_82"
"1892865876996538613","Fri Feb 21 10:14:56 +0000 2025","0","@big_seadove Wizkid Rihanna Asa Manchester United Ronaldo","1892880677021888782","","big_seadove","in","Owerri, Nigeria","0","0","0","https://x.com/IgweSomtochukwu/status/1892880677021888782","1182312762208337922","IgweSomtochukwu"
"1892879325432824282","Fri Feb 21 10:09:33 +0000 2025","0","Live Streaming Hasil Drawing Liga Europa Babak 16 Besar Cek Lawan Manchester United dan Lazio https://t.co/4dlWq6lOzk lewat @tribunnews #livestreaming #europaleague #manchesterunited #lazio #manunited","1892879325432824282","","","in","Balikpapan, Indonesia","0","0","0","https://x.com/tribunkaltim/status/1892879325432824282","103551225","tribunkaltim"
"1892830604149788812","Fri Feb 21 10:07:47 +0000 2025","0","@DenzoMaesTro @DeadlineDayLive @TheSunFootball Wanatuchukuliaje kwani hawa!! labda Manchester united ndo wazee wakupigwa udalali","1892878878542090637","","DenzoMaesTro","in","","0","0","0","https://x.com/ErickAndre5380/status/1892878878542090637","1887445138135257088","ErickAndre5380"
"1892874028735746483","Fri Feb 21 09:53:54 +0000 2025","0","5. Karier di Klub-klub Elite Eropa: Lukaku telah bermain untuk beberapa klub top Eropa termasuk Chelsea FC Everton FC Manchester United dan Inter Milan menunjukkan adaptabilitas dan kualitasnya di berbagai liga.","1892875384464523410","","EGA_82","in","","0","1","0","https://x.com/EGA_82/status/1892875384464523410","131420884","EGA_82"
"1892873154479247638","Fri Feb 21 09:45:02 +0000 2025","4","Jariyah Shah gelandang berusia 16 tahun ini baru jalankan debut bersama tim Manchester United U-18. Jariyah punya darah keturunan Vietnam dari sang ibu! https://t.co/5l553NUl57","1892873154479247638","","","in","","0","0","2","https://x.com/detikcom/status/1892873154479247638","69183155","detikcom"
"1892873111244329096","Fri Feb 21 09:44:52 +0000 2025","2","Jariyah Shah gelandang berusia 16 tahun ini baru jalankan debut bersama tim Manchester United U-18. Jariyah punya darah keturunan Vietnam dari sang ibu! https://t.co/i52SDm0AuW","1892873111244329096","","","in","Jakarta","0","1","1","https://x.com/detiksport/status/1892873111244329096","135783107","detiksport"
"1892860168691470718","Fri Feb 21 09:27:12 +0000 2025","0","@it_Rutie Wizkid Ronaldo Manchester United Ruth&amp;AdaofLondon","1892868665806139442","","it_Rutie","in","Heaven","0","0","0","https://x.com/sonofGoD_85/status/1892868665806139442","1703091228676440064","sonofGoD_85"
"1892867963788939751","Fri Feb 21 09:24:25 +0000 2025","0","Antony menemukan kebahagiaannya kembali sejak gabung ke Real Betis. Pemain pinjaman dari Manchester United itu tak berhenti tersenyum setiap harinya! https://t.co/xeafMa5Qxn","1892867963788939751","","","in","Jakarta","0","0","1","https://x.com/detiksport/status/1892867963788939751","135783107","detiksport"
"1892835734194630834","Fri Feb 21 09:07:29 +0000 2025","0","@zestromx Mungkin ikatan sesama Fans Manchester United wkwkwk","1892863702984249734","","zestromx","in","","0","0","0","https://x.com/krab_dzulfikar/status/1892863702984249734","1406943943409815555","krab_dzulfikar"
"1892863183305789480","Fri Feb 21 09:05:25 +0000 2025","0","Vietnam Ngarep Pemain Muslim Manchester United Ini Gabung Timnas Mereka https://t.co/s49Nv5bjyV","1892863183305789480","","","in","","0","0","0","https://x.com/matulessy_yani/status/1892863183305789480","1491075790724747265","matulessy_yani"
"1892858282554872036","Fri Feb 21 08:45:56 +0000 2025","1","Sheikh Jassim Bin Hamad Al-Thani disebut masih berminat untuk membeli Manchester United. Bohir asal Qatar itu masih menunggu kesempatan. https://t.co/1YKOsUbcaA","1892858282554872036","","","in","Jakarta","0","1","1","https://x.com/detiksport/status/1892858282554872036","135783107","detiksport"
"1892830864305705453","Fri Feb 21 08:09:11 +0000 2025","2","@irigo_peter @JMariotz @mmanchester_utd @shebi_iggo @George_Ambangil Msimu wa 2011/12 Mchezaji Bora wa Ligi Kuu ya England (PFA Players' Player of the Year) alikuwa Robin van Persie (Arsenal). Van Persie alipata tuzo hiyo baada ya kufunga mabao 30 kwenye ligi kabla ya kuhamia Manchester United msimu uliofuata.","1892849031606374634","","irigo_peter","in","Earth","0","0","0","https://x.com/dullahA1s/status/1892849031606374634","1538880459236593665","dullahA1s"
"1892847812683190603","Fri Feb 21 08:04:20 +0000 2025","515","Dalam wawancara bersama @charlotteharpur Raphael Varane mengaku kaget Manchester United sempat mempertahankan Erik Ten Hag sebagai pelatih tahun lalu. ️ Saya terkejut dia bertahan. Chemistry dengan tim saat itu sudah tidak ada lagi. - Varane @TheAthleticFC https://t.co/xVqfh484RD","1892847812683190603","https://pbs.twimg.com/media/GkS_DbebMAA_Ca5.jpg","","in","","1","21","18","https://x.com/idextratime/status/1892847812683190603","1222927522033094656","idextratime"
"1892840986880934207","Fri Feb 21 07:37:13 +0000 2025","0","Europa League chat ️ https://t.co/BBQ8weO1BA https://t.co/Una220TAP7","1892840986880934207","https://pbs.twimg.com/tweet_video_thumb/GkS414KWEAAvbZ3.jpg","","in","","0","0","0","https://x.com/GSPNManUnited/status/1892840986880934207","1817638984358760448","GSPNManUnited"
"1892840468872122737","Fri Feb 21 07:35:09 +0000 2025","2","Manchester United akan dijamu oleh Everton dalam lanjutan Liga Inggris akhir pekan ini. Tim berjuluk Setan Merah itu didukung catatan sip melawan The Toffees. https://t.co/wv1oeMQmnK","1892840468872122737","","","in","Jakarta","0","0","1","https://x.com/detiksport/status/1892840468872122737","135783107","detiksport"
"1892840115417886853","Fri Feb 21 07:33:45 +0000 2025","2","Big match antara Manchester City vs Liverpool jadi suguhan utama dalam Liga Inggris akhir pekan ini. Sementara itu Manchester United akan bertandang ke Everton. https://t.co/XSZDqaKqvc","1892840115417886853","","","in","","0","2","1","https://x.com/detikcom/status/1892840115417886853","69183155","detikcom"
"1892840090495570314","Fri Feb 21 07:33:39 +0000 2025","1","Big match antara Manchester City vs Liverpool jadi suguhan utama dalam Liga Inggris akhir pekan ini. Sementara itu Manchester United akan bertandang ke Everton. https://t.co/WwNskvd5v9","1892840090495570314","","","in","Jakarta","0","0","1","https://x.com/detiksport/status/1892840090495570314","135783107","detiksport"
"1892831968284279177","Fri Feb 21 07:01:23 +0000 2025","0","Vietnam Ngarep Pemain Muslim Manchester United Ini Gabung Timnas Mereka https://t.co/s49Nv5aLJn","1892831968284279177","","","in","","0","0","0","https://x.com/matulessy_yani/status/1892831968284279177","1491075790724747265","matulessy_yani"
"1892831670757454206","Fri Feb 21 07:00:12 +0000 2025","1","Walaupun Manchester United dipandang rendah dihina dikeji dan ditroll dalam saingan Liga Perdana Inggeris tetapi ada satu fakta yang tak boleh dnafikan yang United memiliki rekod tanpa kalah dalam saingan eropah. Antara 72 pasukan yang beraksi dalam pentas Liga Juara-Juara dan https://t.co/LhHezNKKjZ","1892831670757454206","https://pbs.twimg.com/media/GkSwX4mbUAMP9sd.jpg","","in","","0","1","0","https://x.com/longballMY/status/1892831670757454206","958185853372612608","longballMY"
"1892827831668740391","Fri Feb 21 06:44:56 +0000 2025","0","Chelsea hawawezi kuuzia kitu inafanya. Ask arsenal and Manchester united","1892827831668740391","","","in","Nairobi, Kenya","0","0","0","https://x.com/patricklikami/status/1892827831668740391","2202430262","patricklikami"
"1892826009176846387","Fri Feb 21 06:37:42 +0000 2025","0","Darwin Nunez Tak Selevel Liverpool Sanderson: La Celeste Cukup Cemerlang untuk Manchester United https://t.co/AKKrUqJhnk","1892826009176846387","","","in","","0","0","0","https://x.com/subroto_nugroho/status/1892826009176846387","1593979184908767232","subroto_nugroho"
"1892825330181648521","Fri Feb 21 06:35:00 +0000 2025","6"," Saya harap mereka bersedia untuk bermain di hadapan 75 000 penonton. Jom tengok sesi soal jawab Sir Alex dengan #MUAcademy #MUFC https://t.co/SZO0vCrlAW","1892825330181648521","https://pbs.twimg.com/ext_tw_video_thumb/1892810378456768512/pu/img/46kVwYhRGr7cMfwD.jpg","","in","Old Trafford","0","0","1","https://x.com/ManUtd_MY/status/1892825330181648521","1846140120","ManUtd_MY"
"1892619549683396836","Fri Feb 21 06:28:57 +0000 2025","0","@gom3ntsukk1 harusnya bikin versi tim manchester united yg isinya pemain planga plongo doang ","1892823807238557876","","gom3ntsukk1","in","","0","0","0","https://x.com/whereaiko/status/1892823807238557876","1391151287203364864","whereaiko"
"1892819366288191796","Fri Feb 21 06:11:18 +0000 2025","9"," Vilabu vifuatavyo vya Ligi ya Premia zote zina nia ya kumsajili kiungo wa Atalanta Charles De Ketelaere msimu huu wa joto: Man City Tottenham Man Utd ️ West Ham (Chanzo: @CaughtOffside) https://t.co/UCqho4AJNy","1892819366288191796","https://pbs.twimg.com/media/GkSlLJkXMAAAosB.jpg","","in","Dar es Salaam, Tanzania","0","0","0","https://x.com/Unitedtanzania1/status/1892819366288191796","1485848815714381829","Unitedtanzania1"
"1892816525217976580","Fri Feb 21 06:00:01 +0000 2025","4","Acara United Celebration kami baru-baru ini menonjolkan lagi tahun yang positif untuk #MUAcademy #MUFC https://t.co/kZQzHuORZJ","1892816525217976580","https://pbs.twimg.com/media/GkScfxIW4AAg_FF.jpg","","in","Old Trafford","0","0","0","https://x.com/ManUtd_MY/status/1892816525217976580","1846140120","ManUtd_MY"
"1892811587997851993","Fri Feb 21 05:40:23 +0000 2025","1","Strategibola Ruben Amorim pelatih Manchester United tengah menghadapi banyak tekanan setelah menyebut timnya sebagai tim terburuk dalam sejarah klub . Komentar tersebut muncul setelah kekalahan memalukan 1-3 dari Brighton pada bulan lalu dan langsung memicu reaksi keras dari https://t.co/KnenSz2JD9","1892811587997851993","https://pbs.twimg.com/media/GkSeF42bUAIku3_.jpg","","in","indonesia","0","0","0","https://x.com/strategibola_id/status/1892811587997851993","419538179","strategibola_id"
"1892809201669292192","Fri Feb 21 05:30:55 +0000 2025","13","Mengimbas kembali kenangan di Goodison Park ️⏮️ #MUFC || #PL https://t.co/Vfqm2Nocyd","1892809201669292192","https://pbs.twimg.com/media/GkSb7vSWcAAh-Rn.jpg","","in","Old Trafford","0","0","2","https://x.com/ManUtd_MY/status/1892809201669292192","1846140120","ManUtd_MY"
"1892805401604726854","Fri Feb 21 05:15:49 +0000 2025","0","TGIF Alhamdulillah ️","1892805401604726854","","","in","Sambisa Forest","0","0","0","https://x.com/Richee_Rich/status/1892805401604726854","57279003","Richee_Rich"
"1892802448982458476","Fri Feb 21 05:04:05 +0000 2025","0","Para penggemar Manchester United dilaporkan berencana untuk melakukan protes saat Arsenal ke Old Trafford pada tanggal 9 Maret. Para penggemar berencana mengosongkan stadion untuk membalas keluarga Glazer atas kondisi klub. ️ Alhamdulillah makasih ya Manchunian... https://t.co/H7cPTPt5jM","1892802448982458476","https://pbs.twimg.com/media/GkSVydiW0AEXr1b.jpg","","in","🇮🇩","0","0","0","https://x.com/GoonersGaruda/status/1892802448982458476","1501014135319842816","GoonersGaruda"
"1892799963312378177","Fri Feb 21 04:54:12 +0000 2025","2","Bhayangkara fc vs manchester united","1892799963312378177","","","in","DKI Jakarta, Indonesia","0","0","1","https://x.com/westsidecrew_/status/1892799963312378177","1794271722377814017","westsidecrew_"
"1892797944266371519","Fri Feb 21 04:46:11 +0000 2025","0","Mantan Arsenal dan Manchester United (MU) Robin van Persie dilaporkan ditunjuk menjadi pelatih Feyenoord yang menyingkirkan AC Milan dari Liga Champions. Van Persie saat ini masih melatih klub Belanda Heerenveen. https://t.co/x660E6E7Io","1892797944266371519","","","in","Denpasar, Bali","0","0","0","https://x.com/nusabalicom/status/1892797944266371519","2655442453","nusabalicom"
"1892794653961048146","Fri Feb 21 04:33:06 +0000 2025","161","Klub baru saja menggelar agenda United Celebration untuk merayakan musim positif bagi #MUAcademy #MUFC https://t.co/zYrXR5WH5z","1892794653961048146","https://pbs.twimg.com/media/GkPOhMMXsAE71Qa.jpg","","in","Old Trafford","0","2","13","https://x.com/ManUtd_ID/status/1892794653961048146","1846234722","ManUtd_ID"
"1892473193002389700","Fri Feb 21 04:27:53 +0000 2025","1","@utdabout Semoga saja Manchester United di musim ini tidak terdegradasi ke Championship","1892793339742998991","","utdabout","in","Indonesia","0","0","0","https://x.com/deberita_com/status/1892793339742998991","1838135403934801921","deberita_com"
"1892784875343925432","Fri Feb 21 04:00:59 +0000 2025","4","Jika Fergie dipecat maka eks pemain seperti Bryan Robson Andy Cole dan Denis Irwin hanya mendapat pemotongan bayaran sebagai duta. Ada komentar soal Manchester United? Kita doakan Amorim bisa menyelesaikan semua ini jadi MU kembali ke papan atas... amiiin https://t.co/vnjzYxTuIK","1892786571688177810","https://pbs.twimg.com/media/GkSHDX8bUAE1AfL.jpg","papantengah","in","Indonesia","0","1","1","https://x.com/papantengah/status/1892786571688177810","2779927232","papantengah"
"1892686713203654936","Fri Feb 21 03:55:16 +0000 2025","2","@Sakurajima58921 @idextratime Sejujurnya amorim ibarat dewa/tuhan bagi manchester united. Karna amorim datang ke MU membawa warna baru dan sebagai The next sir alex ferguson.. Baru sejak zaman amorim pemain dan fans MU bersinergi dan semangat yg merajalela.. Musim depan adalah pembuktian amorim!","1892785133838573609","","Sakurajima58921","in","","0","0","0","https://x.com/ben_yelet/status/1892785133838573609","1652759390959828992","ben_yelet"
"1892686713203654936","Fri Feb 21 03:55:05 +0000 2025","1","@bujanginam191 @idextratime Sejujurnya amorim ibarat dewa/tuhan bagi manchester united. Karna amorim datang ke MU membawa warna baru dan sebagai The next sir alex ferguson.. Baru sejak zaman amorim pemain dan fans MU bersinergi dan semangat yg merajalela.. Musim depan adalah pembuktian amorim!","1892785087491821917","","bujanginam191","in","","0","0","0","https://x.com/ben_yelet/status/1892785087491821917","1652759390959828992","ben_yelet"
"1892686713203654936","Fri Feb 21 03:54:29 +0000 2025","0","@idextratime Sejujurnya amorim ibarat dewa/tuhan bagi manchester united. Karna amorim datang ke MU membawa warna baru dan sebagai The next sir alex ferguson.. Baru sejak zaman amorim pemain dan fans MU bersinergi dan semangat yg merajalela.. Musim depan adalah pembuktian amorim!","1892784935746027526","","idextratime","in","","0","0","0","https://x.com/ben_yelet/status/1892784935746027526","1652759390959828992","ben_yelet"
"1892784875343925432","Fri Feb 21 03:54:15 +0000 2025","36","Manchester United makin terpuruk! 1. Dan Ashworth hanya 5 bulan di klub namun biaya rekrut &amp; pesangonnya sebesar £4.1 juta 2. Pemecatan Ten Hag &amp; stafnya: £10.4 juta 3. Kerugian klub: £27.7 juta! 4. Ferguson kehilangan gaji £2 juta sebagai duta 5. Amorim: Harus https://t.co/WigsOKrbkl","1892784875343925432","https://pbs.twimg.com/media/GkSFOLhWYAAenv7.jpg","","in","Indonesia","3","5","6","https://x.com/papantengah/status/1892784875343925432","2779927232","papantengah"
"1892723215530651759","Fri Feb 21 03:43:33 +0000 2025","0","@utdfocusid Siapapun ga masalah karena kita United!!","1892782184752435622","","utdfocusid","in","Denpasar Selatan, Indonesia","0","0","0","https://x.com/pasekmudhana/status/1892782184752435622","837106480037818368","pasekmudhana"
"1892781409359573420","Fri Feb 21 03:40:28 +0000 2025","0","Puncak karir sepakbola diraih Cantona bersama Man. United pun demikian akhir karirnya dalam sepak. Tak kurang dari ¾ lusin trofi diraih bersama Man. United. Jersey yg wajib dipunyai bagi pecinta bola krn dgn jersey inilah Cantona menutup karir di kota Manchester. King https://t.co/FBXj1hd8wK","1892781409359573420","https://pbs.twimg.com/media/GkSCqEuXMAAifYi.jpg","","in","","0","0","0","https://x.com/lelanglawas/status/1892781409359573420","2394073585","lelanglawas"
"1892779438330282030","Fri Feb 21 03:32:39 +0000 2025","1","itu ceritanya kopi muhamadiyah apa kopi manchester united","1892779440515567940","","koonstant","in","19","0","1","0","https://x.com/koonstant/status/1892779440515567940","1818740141323964416","koonstant"
"1892768600395829612","Fri Feb 21 02:49:34 +0000 2025","1","JADWAL PERTANDINGAN 22 FEBRUARI 2025 INGGRIS : PREMIER LEAGUE EVERTON (19:30) MANCHESTER UNITED #SepakBola #Beritabola #JADWALBOLA #agenbolaterpercaya2005 #agenbola #SusantoGuna ️ Hubungi CS Kami Online 24 Jam Wa: +6281296088855 @agen_bola2005 https://t.co/LKM3Mb9f8L","1892768600395829612","https://pbs.twimg.com/media/GkR3AQtbUAIaZ44.jpg","","in","","0","0","0","https://x.com/agenbola_2005/status/1892768600395829612","1439434921999683592","agenbola_2005"
"1892767229659504642","Fri Feb 21 02:44:08 +0000 2025","1","Prediksi skor pertandingan antara Everton dan Manchester United pada matchday ke-26 Liga Inggris (EPL) 2024/2025 diperkirakan menjadi duel menarik. MU memiliki catatan impresif dengan selalu menang dalam enam pertemuan terakhir melawan The Toffees. #prediksiskor #pertandingan https://t.co/fwhFTPYqe7","1892767229659504642","https://pbs.twimg.com/media/GkR1wXlbUAYp2fj.jpg","","in","","0","0","0","https://x.com/prmnpantura/status/1892767229659504642","1630031955554357248","prmnpantura"
"1892761405977161969","Fri Feb 21 02:20:59 +0000 2025","0","Prediksi Everton vs. Manchester United: The Toffees Tepis Rekor Buruk atas Red Devils https://t.co/aRemaDC7Sf","1892761405977161969","","","in","Bogor, Indonesia","0","0","0","https://x.com/MediaVoi/status/1892761405977161969","1578222594","MediaVoi"
"1892756142670909477","Fri Feb 21 02:00:06 +0000 2025","0","GK: Jordan Pickford (£5.1m) - EVE vs mun Everton sedang on fire. Salah satunya adalah berkat hasil kerja keras dari Pickford yang berhasil menjaga pertahanan Everton. Menjamu Manchester United yang penampilannya belum stabil ada peluang Everton memperoleh clean sheet. https://t.co/y6fW8D7W2i","1892756148614250926","https://pbs.twimg.com/media/GkRrmlSXMAICznZ.jpg","FPLPatungKuda","in","Indonesia","0","1","0","https://x.com/FPLPatungKuda/status/1892756148614250926","1416977116072054786","FPLPatungKuda"
"1892756126225355111","Fri Feb 21 02:00:00 +0000 2025","0","Manchester United ke-15. Eh untung bukan dari Indonesia","1892756126225355111","","","in","Bandung","0","0","0","https://x.com/AliBagusAS/status/1892756126225355111","95592485","AliBagusAS"
"1892739763691561280","Fri Feb 21 00:54:59 +0000 2025","0","Manchester United jelas punya peluang lebih besar untuk bisa memenangkan Europa League. Skuad mereka cukup bagus untuk itu. Tapi penampilan kuda hitam seperti Lazio Fenerbahce Eintracht Frankfurt dan Athletic Bilbao harus diwaspadai juga.","1892739763691561280","","","in","Indonesia","0","0","0","https://x.com/PhSimatupang/status/1892739763691561280","1847271745939783680","PhSimatupang"
"1892739446954438743","Fri Feb 21 00:53:44 +0000 2025","0","https://t.co/hjBjIKC7KV info main bola Raphael Varane Beberkan Alasan Banyak Pemain Muda Top Gagal di Manchester United Mantan bek Manchester United Raphael Varane buka-bukaan seputar kondisi internal Setan Merah.","1892739446954438743","","","in","Indonesia","0","0","0","https://x.com/arahbola_/status/1892739446954438743","1659064394679209985","arahbola_"
"1892736803829862855","Fri Feb 21 00:43:14 +0000 2025","0","https://t.co/4wUZiz7TPg info main bola Manchester United Intip Peluang Rekrut Bek Timnas Prancis Ini? Sebuah rumor baru muncul terkait aktivitas transfer Manchester United di musim panas nanti. Setan Merah dilaporkan berminat untuk merekrut Jules Kounde dari Barcelona. https://t.co/Njr0zPXINx","1892736803829862855","https://pbs.twimg.com/media/GkRaFhMbAAELNKF.jpg","","in","Denpasar Selatan, Indonesia","0","0","0","https://x.com/gemar_bola/status/1892736803829862855","755670276923355136","gemar_bola"
"1892733018676019693","Fri Feb 21 00:28:11 +0000 2025","0","Tidak Takut Real Sociedad Menunggu Manchester United atau Tottenham https://t.co/UBkZoO8WOx #LigaEuropa #RealSociedadMidtjylland","1892733018676019693","","","in","","0","0","0","https://x.com/pusat_siwo/status/1892733018676019693","1505001198164021248","pusat_siwo"
"1892723215530651759","Thu Feb 20 23:49:14 +0000 2025","855","OFFICIAL: Manchester United akan menghadapi AZ Alkmaar atau Real Sociedad di babak 16 besar Europa League. Pengundian akan berlangsung pada pukul 12:00 waktu setempat pada hari ini. Kalau boleh milih lo prefer AZ atau Sociedad? #utdfocusid https://t.co/bp7CfHtpKm","1892723215530651759","https://pbs.twimg.com/media/GkRNudyb0AARgiD.jpg","","in","Indonesia","15","168","30","https://x.com/utdfocusid/status/1892723215530651759","1345281599605075969","utdfocusid"
"1892717033067839888","Thu Feb 20 23:24:40 +0000 2025","0","Daftar 16 Klub yang Lolos 16 Besar Liga Europa 2024-2025: Ajax Amsterdam Susul Manchester United dan Tottenham Hotspur https://t.co/R0Qe9wpGC3","1892717033067839888","","","in","Jakarta","0","0","0","https://x.com/okezonenews/status/1892717033067839888","47274731","okezonenews"
"1892715825892876655","Thu Feb 20 23:19:52 +0000 2025","0","Manchester United Butuh Kounde dari Barcelona Setan Merah Incar 3 Bintang La Liga https://t.co/MetdabGuwP","1892715825892876655","","","in","","0","0","0","https://x.com/subroto_nugroho/status/1892715825892876655","1593979184908767232","subroto_nugroho"
"1892686713203654936","Thu Feb 20 21:24:11 +0000 2025","2610"," BREAKING: dari 72 tim yang berlaga di UEFA Champions League dan Europa League Manchester United menjadi SATU-SATUNYA klub yang tidak terkalahkan di babak grup ataupun play-offs. https://t.co/pm6v3qYn4v","1892686713203654936","https://pbs.twimg.com/media/GkQsh-zXIAEOKAO.jpg","","in","","22","81","160","https://x.com/idextratime/status/1892686713203654936","1222927522033094656","idextratime"
"1892681343907291150","Thu Feb 20 21:02:51 +0000 2025","0","Raphael Varane eks bek Manchester United mengungkapkan bahwa ia pernah mencoba berdiskusi secara jujur dan terbuka dengan Erik Ten Hag. Namun hasil dari percakapan tersebut justru membuatnya dicadangkan selama dua bulan. . . Selengkapnya di : https://t.co/NdhEZyi1Bn . #Varane https://t.co/YZ0ghIHGUn","1892681343907291150","https://pbs.twimg.com/media/GkQnpO5bAAA9iKK.jpg","","in","indonesia","0","0","0","https://x.com/strategibola_id/status/1892681343907291150","419538179","strategibola_id"
"1892669955226640565","Thu Feb 20 20:17:36 +0000 2025","0","Sekou Kone akan menjalani debutnya bersama Manchester United sebelum musim ini berakhir. Ia dipercaya oleh Amorim dengan keyakinan bahwa ia memiliki potensi untuk berkembang dalam sistem yang sang manajer. (Dean Jones) #MUFC https://t.co/RBKhmrEASr","1892669955226640565","https://pbs.twimg.com/media/GkQdSZeXAAAA4gp.jpg","","in","Manchester","0","0","0","https://x.com/UtdMasterclass/status/1892669955226640565","1879260653602648064","UtdMasterclass"
"1892659116616909236","Thu Feb 20 19:34:31 +0000 2025","0","Ditinggal Casemiro Manchester United Bakal Rekrut Pemain Bayern Munchen Ini Baca Selengkapnya » https://t.co/xbCTc9i4pd https://t.co/nWLssNu6RB","1892659116616909236","https://pbs.twimg.com/media/GkQTQJZakAADxJh.jpg","","in","","0","0","0","https://x.com/PBola99/status/1892659116616909236","1239648604844732416","PBola99"
"1892628571614584871","Thu Feb 20 18:43:25 +0000 2025","1","@kota_fuego_na Mbono aantu ngaa ya lengwa...","1892646256826036315","","kota_fuego_na","in","Namibia","0","0","0","https://x.com/Wendepunkt_7/status/1892646256826036315","893413042792386560","Wendepunkt_7"
"1892636759063708012","Thu Feb 20 18:05:41 +0000 2025","1","Detail #LawasMalamJumat - Kamis 20 Februari 2025 #Lawas8 Manchester United Home 2020 #18 BRUNO FERNANDES Size M (72x50) NNS &amp; sponsor remake poly Sponsor lengan pudar ada bekas patch di lengan kanan NNS agak kemerahan &amp; kurang rekat No pulls no bobbles Kain MULUS! EXCELLENT! https://t.co/zbdih5kAAK","1892636759063708012","https://pbs.twimg.com/media/GkP_GVtW0AAP7MB.jpg","","in","","1","1","0","https://x.com/lelanglawas/status/1892636759063708012","2394073585","lelanglawas"
"1892568199733838289","Thu Feb 20 13:33:15 +0000 2025","1046","Hard at work 🇨🇦 @JaydeRiviere 🇨🇦 Simi Awujo 🇺🇸 @Phallon91 #MUWomen https://t.co/OdolrHeCc9","1892568199733838289","https://pbs.twimg.com/media/GkPAsXSWUAATNSJ.jpg","","in","United Store 🛍️➡️","4","10","65","https://x.com/ManUtdWomen/status/1892568199733838289","977180963846443013","ManUtdWomen"
"1892566190532227525","Thu Feb 20 13:30:35 +0000 2025","60","Penerapan anggaran ketat yang dibawa INEOS juga berlaku untuk staf posisi tinggi seperti Omar Berrada yang pengeluarannya dibatasi hingga £25 ribu saja. Pembayaran apa pun yang melebihi itu harus mendapat persetujuan dari grup kepemilikan klub. (James Ducker/Telegraph)","1892567527143702772","","manutd_world","in","Old Trafford","0","2","4","https://x.com/manutd_world/status/1892567527143702772","464425781","manutd_world"
"1892566190532227525","Thu Feb 20 13:26:40 +0000 2025","57","Sumber dalam klub mengindikasikan jika sebelumnya jika tidak ada proses ulasan semacam ini sebelum masuknya INEOS yang sedikit banyak berdampak pada menggelembungnya pengeluaran yang ada dalam klub. (James Ducker/Telegraph)","1892566540442071144","","manutd_world","in","Old Trafford","0","1","3","https://x.com/manutd_world/status/1892566540442071144","464425781","manutd_world"
"1892566190532227525","Thu Feb 20 13:25:16 +0000 2025","114","Seluruh departemen di #mufc merasakan dampak dari kebijakan zero-based budgeting yang diimplementasikan oleh INEOS sejak kedatangan mereka ke klub. Kebijakan ini membuat segala macam pengeluaran menjalani evaluasi mendalam sebelum disetujui. (James Ducker/Telegraph) https://t.co/DuMd0waEd8","1892566190532227525","https://pbs.twimg.com/media/GkO-2yKWwAAjN9N.jpg","","in","Old Trafford","1","11","10","https://x.com/manutd_world/status/1892566190532227525","464425781","manutd_world"
"1892561708092170544","Thu Feb 20 13:07:27 +0000 2025","6","Hizi hapa ni njia za kupunguza uzito Kwa haraka 1.Shabikia Chelsea &amp; Manchester united https://t.co/2n3Io0TsRj na mwanamke wa dar https://t.co/cR6Elsj4KF na mke wa mtu 4.Somesha demu wako 5.Daiwa Kodi","1892561708092170544","","","in","Peace No. 135, Alberta","1","2","3","https://x.com/Bakuu270/status/1892561708092170544","1561219009734909952","Bakuu270"
"1892559213835997568","Thu Feb 20 12:57:33 +0000 2025","0","️Gianluigi Buffon: Manchester United adalah klub sepak bola papan atas. Saat Anda bermain melawan mereka Anda tahu bahwa seluruh dunia sedang menonton Anda. #MUFC https://t.co/EAFvecQpZ9","1892559213835997568","https://pbs.twimg.com/media/GkO4kM-aUAAbcOl.jpg","","in","Manchester","0","0","0","https://x.com/UtdMasterclass/status/1892559213835997568","1879260653602648064","UtdMasterclass"
"1892557986360410403","Thu Feb 20 12:52:40 +0000 2025","0","Manchester United dikabarkan sedang bersiap untuk mencoba mengambil langkah transfer senilai €80 juta untuk bek Barcelona Jules Kounde pada jendela transfer musim panas mendatang. (Caught Offside) #MUFC https://t.co/eFWflAokGR","1892557986360410403","https://pbs.twimg.com/media/GkO3cvtXgAAOaN8.jpg","","in","Manchester","0","0","0","https://x.com/UtdMasterclass/status/1892557986360410403","1879260653602648064","UtdMasterclass"
"1892556868372881582","Thu Feb 20 12:48:14 +0000 2025","0","PSG Manchester United Chelsea dan Arsenal adalah favorit dalam perlombaan untuk merekrut Victor Osimhen pada jendela transfer musim panas mendatang. (Ekrem Konur) #MUFC https://t.co/l5XT8AINoS","1892556868372881582","https://pbs.twimg.com/media/GkO2cOsbsAA3Lon.jpg","","in","Manchester","0","0","0","https://x.com/UtdMasterclass/status/1892556868372881582","1879260653602648064","UtdMasterclass"
"1892408337406349602","Thu Feb 20 12:39:01 +0000 2025","0","@yusrilfahriza Inget soto inget Manchester United! Rasa mantep harga sesuai posisi klasemen https://t.co/EEi4IuQX1Y","1892554552668205302","https://pbs.twimg.com/media/GkO0VKWWoAAA7rZ.jpg","yusrilfahriza","in","+62","0","1","0","https://x.com/orenjjisun/status/1892554552668205302","108199299","orenjjisun"
"1892289714423787982","Thu Feb 20 12:37:46 +0000 2025","0","@EGA_82 Diego Forlan sempat berkibar di Manchester united","1892554235042320529","","EGA_82","in","","0","0","0","https://x.com/vanc1Bozz/status/1892554235042320529","1622484956151975937","vanc1Bozz"
"1892461491544346820","Thu Feb 20 12:36:43 +0000 2025","0","@idextratime Pindah aja Lukman ke Manchester United disana strikernya pada bapuk kamu bisa sukses di MU ","1892553970582720593","","idextratime","in","JAKARTA - INDONESIA RAYA 🔥➕","0","0","0","https://x.com/Sesayap10/status/1892553970582720593","1625378904902090752","Sesayap10"
"1892354147246133743","Thu Feb 20 12:36:25 +0000 2025","0","@yatokamiiii Hm apkh ini saingany Manchester United...? Apkh akan sama sama BAPUK","1892553896700129674","","yatokamiiii","in","unlabeled","0","1","0","https://x.com/ngemiyl/status/1892553896700129674","2757388563","ngemiyl"
"1892551255374885084","Thu Feb 20 12:25:55 +0000 2025","328","Petuah bijak Sir Alex. ️ #MUFC https://t.co/qcTf3M3NTN","1892551255374885084","https://pbs.twimg.com/media/GkOxUZqXwAAGRbx.jpg","","in","Old Trafford","2","8","48","https://x.com/ManUtd_ID/status/1892551255374885084","1846234722","ManUtd_ID"
"1892518517469319424","Thu Feb 20 12:19:30 +0000 2025","0","@zoyalenski Perjuangan Antony emang bukan main! Dari jalanan São Paulo sampai bersinar di Manchester United dia udah lewatin banyak rintangan.","1892549639049523483","","zoyalenski","in","El Puerto de Santa María, Espa","0","0","0","https://x.com/wayangtl/status/1892549639049523483","1479123286521004038","wayangtl"
"1892545069548274002","Thu Feb 20 12:01:21 +0000 2025","0","Christopher Vivell akan tetap menjabat sebagai direktur perekrutan Manchester United. Direksi klub senang dengan kinerjanya dan kini akan mengangkatnya sebagai staf permanen. (Tyrone Marshall/MEN) #MUFC https://t.co/jJGEa928nb","1892545069548274002","https://pbs.twimg.com/media/GkOrtbiXQAA7v5A.jpg","","in","Manchester","0","0","0","https://x.com/UtdMasterclass/status/1892545069548274002","1879260653602648064","UtdMasterclass"
"1892545037315043406","Thu Feb 20 12:01:13 +0000 2025","13","- Manchester United s injuries so far Diallo injury Kambwala injury Ugarte injury Mainoo injury Eriksen illness Leny Yoro illness","1892545037315043406","","","in","Kingdom of Saudi Arabia","0","1","1","https://x.com/iesabah/status/1892545037315043406","1530624754952159233","iesabah"
"1892544739510997415","Thu Feb 20 12:00:02 +0000 2025","3","Main tebak-tebakan yuk detikers! 🇧🇷 Clue-nya: Asal Brasil Pernah bela Manchester United Sering disebut-sebut GOAT Siapa hayooo? Jawab di kolom komentar! Jangan lupa saksikan d'hattrick di #detikSore setiap Senin-Jumat pukul 15.00 WIB hanya di detikcom! https://t.co/7sdOShwltt","1892544739510997415","https://pbs.twimg.com/ext_tw_video_thumb/1892492358802972673/pu/img/uJSiXz_Q5e8pWVxc.jpg","","in","Jakarta","0","1","3","https://x.com/detiksport/status/1892544739510997415","135783107","detiksport"
"1892543611503317068","Thu Feb 20 11:55:33 +0000 2025","1","Darwen Nunez asajiliwe Manchester United Arsenal Chelsea misimu mitatu mfululizo unakosa nafasi kila mechi unaigharimu timu pointi za msingi kwenye mbio za ubingwa ukitoka unacheka Angekuwa kw amkobo FC Bournemouth imani ya LFC labda ndo maana tulikaa miaka 30 bila ubingwa!","1892543611503317068","","","in","Dar es Salaam, Tanzania","0","0","0","https://x.com/Nbc_Epl/status/1892543611503317068","1634053440031666176","Nbc_Epl"
"1892529695112974678","Thu Feb 20 11:50:19 +0000 2025","0","@Hayplop Polisi menghilang dari lane","1892542296182198391","","Hayplop","in","East Borneo, Indonesia","0","1","0","https://x.com/Crusadder13/status/1892542296182198391","405568957","Crusadder13"
"1892539817126236351","Thu Feb 20 11:42:41 +0000 2025","0","@DC_ChelseaJKT48 #KTBFFH ttp chelsea! Jgn membelot ya kamu nama kamu chelsea davina bukan manchester davina united ","1892540375673221400","","DC_ChelseaJKT48","in","","0","0","0","https://x.com/ruiruichi/status/1892540375673221400","69260212","ruiruichi"
"1892536905067311119","Thu Feb 20 11:28:54 +0000 2025","0","Sekedar info del Real Madrid sama Manchester united itu Best Friend bangettt @Delynn_JKT48 gausah takut ngapalin chant Glory Glory Man United https://t.co/racSBayMa9","1892536905067311119","https://pbs.twimg.com/media/GkOkSSXaAAAh8Zt.jpg","","in","","0","0","0","https://x.com/Kho_Iman61/status/1892536905067311119","1421406149950140417","Kho_Iman61"
"1892536890248818864","Thu Feb 20 11:28:50 +0000 2025","7","Del @Delynn_JKT48 kamu tau gak sebelum tsunami itu laut itu surut dulu? NAH begitu pun sebuah klub bernama MANCHESTER UNITED ini. dia sengaja surut lalu akan naik dan memberikan tsunami yaitu tsunami TROPI yg akan membuat seluruh daratan eropa merasa takut melihat kebangkitan","1892536890248818864","","","in","Jakarta Capital Region","1","7","2","https://x.com/minkesupremacy/status/1892536890248818864","1562089443829641218","minkesupremacy"
"1892532865134367218","Thu Feb 20 11:20:31 +0000 2025","0","@Delynn_JKT48 Dukung 2 tim kah kamu??. La Liga di Real Madrid &amp; Premier League di Manchester United?. ️ Suatu saat nanti Red Devils akan bangkit dari darknessnya..","1892534796028350585","","Delynn_JKT48","in","Jakarta, Indonesia","0","2","0","https://x.com/ArielFauzan16/status/1892534796028350585","898007620182654976","ArielFauzan16"
"1892534431853764973","Thu Feb 20 11:19:04 +0000 2025","0","GLORY GLORY DELYNN UNITED #GGMU Delynn Resmi Bergabung menjadi keluarga Besar Fans Manchester United https://t.co/p2IcCmy9G6","1892534431853764973","https://pbs.twimg.com/media/GkOiCKUa8AA2eMD.jpg","","in","Cibarusah, Indonesia","0","0","0","https://x.com/Ivandysatria27/status/1892534431853764973","733659666","Ivandysatria27"
"1892473220223164661","Thu Feb 20 10:27:21 +0000 2025","0","@d3to @barengwarga Km harus jadi fans Manchester united dulu","1892521415921791297","","d3to","in","","0","0","0","https://x.com/Derget91/status/1892521415921791297","1882047100374208512","Derget91"
"1892521124031791608","Thu Feb 20 10:27:19 +0000 2025","1","@UtdDistrict @SunSport Masha'Allah.. ️️️","1892521407914856953","","UtdDistrict","in","Kolkata, IN","0","0","0","https://x.com/itsHiM_Rahman/status/1892521407914856953","1406311513913139213","itsHiM_Rahman"
"1892518517469319424","Thu Feb 20 10:15:50 +0000 2025","220","Pemain sayap asal Manchester United Antony Matheus Dos Santos. menceritakan betapa sulitnya hidup yang ia hadapi selama tumbuh besar di tempat kelahirannya hingga menangis kepada The Players' Tribune. a thread https://t.co/Prdc72k3mC","1892518517469319424","https://pbs.twimg.com/ext_tw_video_thumb/1892517647625179136/pu/img/iWiDg4hLYLBSDji6.jpg","","in","Medan Kota, Indonesia","0","229","2","https://x.com/zoyalenski/status/1892518517469319424","781290840606007297","zoyalenski"
"1892512042457956790","Thu Feb 20 09:50:06 +0000 2025","0","Kok nggak glory glory manchester united @karestn.","1892512042457956790","","","in","Find me through @madeIiva.","0","1","0","https://x.com/kalendrazhari/status/1892512042457956790","1677410140377731073","kalendrazhari"
"1892512019284197646","Thu Feb 20 09:50:01 +0000 2025","18","Me ghari shivi Dili bc Rohit mule Lagle Majhe","1892512019284197646","","","in","Old Trafford","0","5","0","https://x.com/MarathiMUFC/status/1892512019284197646","1216633134915059712","MarathiMUFC"
"1892511833291968879","Thu Feb 20 09:49:16 +0000 2025","0","@Delynn_JKT48 merah membara 1 2 3 4 5 6 7 8 9 10 11 12 13 14 15 Manchester united https://t.co/ENhvFt8ngE","1892511833291968879","https://pbs.twimg.com/media/GkONe37XQAE-8GF.jpg","Delynn_JKT48","in","","0","0","0","https://x.com/MuhammadRa34984/status/1892511833291968879","1851845413898457089","MuhammadRa34984"
"1892510822603374816","Thu Feb 20 09:45:15 +0000 2025","2","Untung tim lo di puncak klasemen. Untung tim lo konsisten menang. Kalo ngandelin elo doang keknya Liverpool 11/12 sama Manchester United. Ladies and gentleman Darwin Nunez! #DarwinNunez #Liverpool https://t.co/EImZUlnfMA","1892510822603374816","https://pbs.twimg.com/ext_tw_video_thumb/1892354600147017728/pu/img/n9DYQ3Ssgsv5oJ4P.jpg","","in","Indonesia","1","0","2","https://x.com/bolaskorcom/status/1892510822603374816","940477788959555584","bolaskorcom"
"1892510264320294959","Thu Feb 20 09:43:02 +0000 2025","0","gue tu slalu ngebayangin gimana nanti punya cwo tp dia bukan fans manchester united atau real madrid. KAYAKKK??? gue tkt ngerasa aneh aja semisal pnya cwo taunya dia fans barca city atau liverpool https://t.co/rKWmdac9VE","1892510264320294959","https://pbs.twimg.com/media/GkOMDX6agAA9KRZ.jpg","","in","","0","0","0","https://x.com/svarahez/status/1892510264320294959","1835990308531974144","svarahez"
"1892508963779776678","Thu Feb 20 09:37:52 +0000 2025","253","🇫🇷🇵🇹 Saling percaya. #MUFC https://t.co/tRlRFnRWGe","1892508963779776678","https://pbs.twimg.com/media/GkOK20RWIAMwy79.jpg","","in","Old Trafford","0","7","16","https://x.com/ManUtd_ID/status/1892508963779776678","1846234722","ManUtd_ID"
"1892506099900887412","Thu Feb 20 09:37:33 +0000 2025","0","6: CASEMIRO Alipojiunga Manchester United casemiro alichagua jezi namba 18 alisema Paul schooles ni mchezaji aliekua akipendezwa nae kwenye club ya Manchester United ambae ndiye alikua akivaa jezi namba hiyo apo wakati wazamazake ambapo pia alisema nikuonesha heshima kwa https://t.co/sqpgfZ0p43","1892508881491775620","https://pbs.twimg.com/media/GkOKxH5aAAE7EWO.jpg","WideEdson","in","Dar es Salaam, Tanzania","0","1","0","https://x.com/WideEdson/status/1892508881491775620","1412867533334581256","WideEdson"
"1892506099900887412","Thu Feb 20 09:33:00 +0000 2025","0","4: DON VAN DE BEEK Mchezaji huyu alikuja na Taswila tofauti kidogo Van de beek alikua na utamaduni wa kuvaa jezi namba 6 wakati akichezea Ajax Donny van de Beek alivaa jezi namba 34 kwa Manchester United kama kumbukizi ya mchezaji mwenzake wa zamani wa Ajax Abdelhak Nouri. Nouri https://t.co/0alzSqnjcm","1892507739865182658","https://pbs.twimg.com/media/GkOJveYbcAAEGwR.jpg","WideEdson","in","Dar es Salaam, Tanzania","0","2","0","https://x.com/WideEdson/status/1892507739865182658","1412867533334581256","WideEdson"
"1892507063453905242","Thu Feb 20 09:30:19 +0000 2025","0","️ Thibaut Courthois: Saya adalah penggemar Manchester United yang tumbuh dewasa. Saya tidak bisa bergabung dengan United karena mereka sudah memiliki David De Gea. Aku selalu mengikuti Edwin Van der Sar. ️ Tarian terakhir di Manchester United!? ️ 🇧🇪","1892507063453905242","","","in","","0","0","0","https://x.com/keon12coleman/status/1892507063453905242","1459924729284882435","keon12coleman"
"1892506555800777081","Thu Feb 20 09:28:18 +0000 2025","10"," Payah nak hentikan mereka. Tonton gol terakhir kami di Goodison Park dalam #PL #MUFC","1892506555800777081","","","in","Old Trafford","0","1","0","https://x.com/ManUtd_MY/status/1892506555800777081","1846140120","ManUtd_MY"
"1892502507605139774","Thu Feb 20 09:12:13 +0000 2025","0","The last question in annual evaluation to me from my ibu manager : kamu kalo manchester united kalah suka ganggu mood kerja kamu pas senin nggak sichh?? Damnnn JELEK NYA LO LO PADA @ManUtd SUDAH DIKETAHUI SAMPE EMAK EMAK YANG AWAM PER BOLA AN INI ","1892502507605139774","","","in","Indonesia","0","0","0","https://x.com/maulidyazzh13/status/1892502507605139774","985957026","maulidyazzh13"
"1892500915678011852","Thu Feb 20 09:05:53 +0000 2025","0","Babu rana babu wata duk da cewa ba so muke ba mu Manchester United mun fi karfin su ","1892500915678011852","","","in","United States","0","0","0","https://x.com/LoyalkingNG/status/1892500915678011852","2804975859","LoyalkingNG"
"1892361600356798486","Thu Feb 20 00:31:07 +0000 2025","0","@Yokanang_ Udah tau Manchester ORI cuman Manchester united malah pilih Manchester kW ","1892371366713970953","","Yokanang_","in","","0","1","0","https://x.com/sky_life46/status/1892371366713970953","1685446468608688128","sky_life46"
"1892358679057371438","Wed Feb 19 23:40:42 +0000 2025","42","Dear Fans Manchester United mau belajar sabar jadi fans bola dari kalian dong","1892358679057371438","","","in","Jakarta Capital Region","3","20","3","https://x.com/Novitayulianaaa/status/1892358679057371438","157634035","Novitayulianaaa"
"1892319447286722740","Wed Feb 19 23:26:48 +0000 2025","1","@lagobrune Stp do ma dm li ","1892355181108478167","","lagobrune","in","","0","0","0","https://x.com/BabaFalle/status/1892355181108478167","1719374375521071104","BabaFalle"
"1892254283367633352","Wed Feb 19 22:54:07 +0000 2025","3","@Awelmo1 @KalarneM89717 @Haroun_FX @xauusd @lastborn_smc @MAbba_FX @ictwizard_ @Aadamxy @Abubakariguri @CLIMAX_FX @babujin_fx @AhmadFx_ na manya yaushe rabun danaga Kiev match Amma de dafatan ba Manchester United kake supporting bah","1892346958829813988","","Awelmo1","in","","0","2","0","https://x.com/CHIROMAFX/status/1892346958829813988","1691434013112619008","CHIROMAFX"
"1892299364938502442","Wed Feb 19 22:53:01 +0000 2025","0","@AllahGreatQuran Amiin","1892346679929819195","","AllahGreatQuran","in","Sidoarjo, Indonesia","0","0","0","https://x.com/Jo_GoRamadhan/status/1892346679929819195","189812724","Jo_GoRamadhan"
"1892339975263326693","Wed Feb 19 22:31:30 +0000 2025","1","@TantoGod Iseh","1892341265540214792","","TantoGod","in","Lagos, Nigeria","0","0","0","https://x.com/Susaan_eo/status/1892341265540214792","1519998374572875777","Susaan_eo"
"1892328999537291516","Wed Feb 19 21:57:48 +0000 2025","0","@1fortune0 Nanga Manchester United zayikhuza bwanjiso","1892332784032559400","","1fortune0","in","Blantyre, Malawi ","0","0","0","https://x.com/FrancisPetro265/status/1892332784032559400","1446217353662959616","FrancisPetro265"
"1892332629946421402","Wed Feb 19 21:57:11 +0000 2025","722","Satu-satunya klub asal Manchester yang masih bermain di kompetisi antar Eropa ya hanya satu Manchester? United! Fakta yang sulit terbantahkan. #MUFC https://t.co/90C7E34siK","1892332629946421402","https://pbs.twimg.com/media/GkLqf6AaAAAW11Z.jpg","","in","","12","51","66","https://x.com/MelodyUnited/status/1892332629946421402","397302261","MelodyUnited"
"1892328264191951142","Wed Feb 19 21:44:53 +0000 2025","0","@mshambuliaji Fata link hii kujiunga na wana Manchester United Link hii chini https://t.co/ceVuHxuJVL https://t.co/tDFDq2li8y","1892329534336180515","https://pbs.twimg.com/media/GkLnrXaXUAApPxs.jpg","mshambuliaji","in","Dar es Salaam, Tanzania","0","0","0","https://x.com/Edin_Goblin16/status/1892329534336180515","1483475028113080325","Edin_Goblin16"
"1891171927676395837","Wed Feb 19 21:07:55 +0000 2025","0","@BarloNdabeni Aksi yimi Yi Manchester United ~ MN","1892320230140993982","","BarloNdabeni","in","Africa","0","0","0","https://x.com/ShowmaxSport/status/1892320230140993982","1483062940009906176","ShowmaxSport"
"1890753082784367023","Wed Feb 19 20:54:15 +0000 2025","1","@NtambiJames Ntambi mbuuliza Isa Kimbugwe Batyayambadde nti lwaki aba Manchester United Liverpool weeba esamba gyebawagira??","1892316791583477893","","NtambiJames","in","Kampala, Uganda","0","0","0","https://x.com/SsebakumbaJimmy/status/1892316791583477893","1185467999903465472","SsebakumbaJimmy"
"1892260188951814393","Wed Feb 19 19:47:38 +0000 2025","0","@JD7OFFICIAL10 liverpool vs manchester united nafikir n 2012 /12 ishawah kutokea","1892300027558523039","","JD7OFFICIAL10","in","Dar es Salaam, Tanzania","0","0","0","https://x.com/sailymcasper11/status/1892300027558523039","781133314757361664","sailymcasper11"
"1892299700407009445","Wed Feb 19 19:46:20 +0000 2025","1","Watu wa Manchester United mnasubiri champions league gani?","1892299700407009445","","","in","Nairobi, Kenya","0","0","0","https://x.com/ThuraniraRobin/status/1892299700407009445","1105829306771689472","ThuraniraRobin"
"1892299232813732290","Wed Feb 19 19:44:28 +0000 2025","2","Manchester United Krisis Cedera Manchester United mengalami krisis cedera dengan kehilangan 12 pemain. Meskipun demikian pelatih Ruben Amorim tetap ragu untuk menurunkan talenta muda","1892299232813732290","","","in","Kota Serang, Banten","0","0","0","https://x.com/GajeboGila/status/1892299232813732290","1782764967109771264","GajeboGila"
"1892293542468284523","Wed Feb 19 19:29:57 +0000 2025","0","@Kotsocha_ke Eeeih...manchester united shida Iko wapi lkn","1892295577536282648","","Kotsocha_ke","in","","0","0","0","https://x.com/AlusaClinton/status/1892295577536282648","1617087591366508546","AlusaClinton"
"1892290282617475122","Wed Feb 19 19:08:55 +0000 2025","1","Manchester United wakiteseka kule Mashabiki wanakula tacle huku","1892290282617475122","","","in","Roysambu, Kenya","0","0","0","https://x.com/araphat_ke1/status/1892290282617475122","1305924795150880768","araphat_ke1"
"1892289714423787982","Wed Feb 19 19:06:43 +0000 2025","0","4/10 Di Manchester United Forlán sempat kesulitan beradaptasi tetapi tetap mencetak 17 gol dalam 98 pertandingan. Salah satu momen terbaiknya? Dwigol ke gawang Liverpool di Anfield! #ManUnited","1892289729938542604","","EGA_82","in","","0","1","0","https://x.com/EGA_82/status/1892289729938542604","131420884","EGA_82"
"1892289714423787982","Wed Feb 19 19:06:42 +0000 2025","0","3/10 Forlán memulai kariernya di Independiente (Argentina) di mana ia mencetak 40 gol dalam 91 laga. Talentanya menarik perhatian Manchester United yang merekrutnya pada tahun 2002. #Independiente","1892289725584613398","","EGA_82","in","","0","1","0","https://x.com/EGA_82/status/1892289725584613398","131420884","EGA_82"
"1892288855446880499","Wed Feb 19 19:03:22 +0000 2025","0","8/10 Petualangan singkatnya di Manchester United pada 2007 juga layak dikenang. Sir Alex Ferguson menyebutnya sebagai profesional sempurna meskipun hanya tampil sebentar dengan 3 gol dalam 13 pertandingan. #ManUnited","1892288885989703711","","EGA_82","in","","0","1","0","https://x.com/EGA_82/status/1892288885989703711","131420884","EGA_82"
"1892265430086988199","Wed Feb 19 18:25:30 +0000 2025","0","@Officialastic @davido Make Una report this oloriburuku ACC na","1892279356979871858","","Officialastic","in","","0","1","0","https://x.com/Jpaul0011/status/1892279356979871858","1821280360614744064","Jpaul0011"
"1892253701697597605","Wed Feb 19 17:56:01 +0000 2025","2","@kajima85 @KennedyMmari Sure mkuu hawa jamaa wanakera Sana MBNA Manchester city United real Madrid zina uwekezaji mkubwa lakini zinafungwa na timu za kawaida kabisa tena goli nyingi mf city alifungwa 4-1 Lisbon so kigezo cha uwekezaji kisiwe sababu ya hizi timu kufungwa ","1892271939181285879","","kajima85","in","Mbeya, Tanzania","0","1","0","https://x.com/HezlonKasanga/status/1892271939181285879","1549076509935140865","HezlonKasanga"
"1892270355441418465","Wed Feb 19 17:55:55 +0000 2025","0","@ambwene_ Nikiwa Manchester United Fan siwezi hata kufikiria kuwa huko.","1892271911947686105","","ambwene_","in","Tanzania","0","1","0","https://x.com/Ambele_Young/status/1892271911947686105","847433420","Ambele_Young"
"1892261615653048442","Wed Feb 19 17:15:00 +0000 2025","0","Ruben Amorim Kian Frustasi Manchester United Makin Terpuruk: Pekerjaan Saya Sangat Sulit https://t.co/P4kRRg4mU5","1892261615653048442","","","in","","0","0","0","https://x.com/radaraktual/status/1892261615653048442","853782937782714368","radaraktual"
"1892257341837316122","Wed Feb 19 16:58:01 +0000 2025","0","Manchester United tertarik untuk merekrut Joao Cancelo pada jendela transfer musim panas mendatang. Pemain tersebut juga telah diberi tahu tentang minat United kepadanya. Selebihnya Ruben Amorim akan mengambil keputusan akhir. (Steve Kay) #MUFC https://t.co/cX1muQp7CA","1892257341837316122","https://pbs.twimg.com/media/GkKmAz3bUAcr9kb.jpg","","in","Manchester","0","0","0","https://x.com/UtdMasterclass/status/1892257341837316122","1879260653602648064","UtdMasterclass"
"1892251597255676277","Wed Feb 19 16:35:11 +0000 2025","0","Tadinya Pen nonton #UCL Real madrid vs Manchester United jam segini udh nguap ngantuk ","1892251597255676277","","","in","Woodstock '94","0","0","0","https://x.com/immuezza/status/1892251597255676277","1182529281173311488","immuezza"
"1892245903932543123","Wed Feb 19 16:12:34 +0000 2025","0","Hebat Clara Tauson petenis muda asal Denmark peringkat 30 an dunia menghempaskan unggulan ke satu @SabalenkaA setelah sebelumnya meluluh lantakan unggulan ke 2 @iga_swiatek Congrats !!! #Witaforthegames #wita https://t.co/PtG5OQgwsJ","1892245903932543123","https://pbs.twimg.com/tweet_video_thumb/GkKbnVLaUAAH5p-.jpg","","in","Sidoarjo, Indonesia","0","0","0","https://x.com/Jo_GoRamadhan/status/1892245903932543123","189812724","Jo_GoRamadhan"
"1892189722082246803","Wed Feb 19 15:52:42 +0000 2025","0","@XlaluWin @elmagnific08 Itu Nama MU jaman Dulu Sebelum resmi jadi Manchester United seperti skrng ya karena dulu nya itu MU tempat serikat buruh yg mungkin habis kerja tambang buat sambilan club bola dulu Nama nya Newton Heath isi nya para pekerja Tambang di Daerah Newton Heath ya seriusan ada kok hilda","1892240903474983303","","XlaluWin","in","indonesia","0","0","0","https://x.com/Ramaadhy/status/1892240903474983303","85551954","Ramaadhy"
"1892236488106029072","Wed Feb 19 15:35:09 +0000 2025","0","Lepas Masa Sulit di Manchester United Antony Bahagia di Real Betis: Saya Bangun dengan Senyuman Tiap Ha https://t.co/uUvkpKH06k","1892236488106029072","","","in","Jakarta","0","0","0","https://x.com/jawapos_sports/status/1892236488106029072","1848653528887398400","jawapos_sports"
"1892232970364473495","Wed Feb 19 15:21:10 +0000 2025","24"," Manchester United ilijumuisha kipengele cha mauzo cha 50% katika uhamisho wa Mason Greenwood kwenda Marseille lakini uhamisho wake ujao unaweza kuwaletea faida zaidi kwani wana chaguo la kuongeza asilimia ya mauzo. (Chanzo: @TEAMtalk) https://t.co/ORgnGZQPPj","1892232970364473495","https://pbs.twimg.com/media/GkKP2QubkAAFXRL.jpg","","in","Dar es Salaam, Tanzania","0","0","0","https://x.com/Unitedtanzania1/status/1892232970364473495","1485848815714381829","Unitedtanzania1"
"1892228997532254686","Wed Feb 19 15:05:23 +0000 2025","0","Manchester United Super Terpuruk di Liga Inggris Nama Pelatih ini Muncul Jadi Pengganti Ruben Amorim https://t.co/Cg8pp86a3Y","1892228997532254686","","","in","Jakarta","0","0","0","https://x.com/jawapos_sports/status/1892228997532254686","1848653528887398400","jawapos_sports"
"1892228913042194896","Wed Feb 19 15:05:03 +0000 2025","0","Manchester United Incar Striker Ipswich Town Liam Delap untuk Atasi Paceklik Gol di Liga Inggris https://t.co/jJJ45w5QZY","1892228913042194896","","","in","Jakarta","0","0","0","https://x.com/jawapos_sports/status/1892228913042194896","1848653528887398400","jawapos_sports"
"1892228883568836794","Wed Feb 19 15:04:56 +0000 2025","0","Dikabarkan Pindah ke Manchester United Bintang Barcelona Frankie de Jong Justru Condong ke Liverpool https://t.co/rgbX6SW7mu","1892228883568836794","","","in","Jakarta","0","0","0","https://x.com/jawapos_sports/status/1892228883568836794","1848653528887398400","jawapos_sports"
"1892222063806488845","Wed Feb 19 14:57:11 +0000 2025","0","@Marakiungu Mashabiki wa manchester united wao mambo yao ni tulikuwa tuna uefa .","1892226932525105187","","Marakiungu","in","Hapa hapa","1","0","0","https://x.com/iamallennm/status/1892226932525105187","1469722600171470852","iamallennm"
"1892225536224604227","Wed Feb 19 14:51:38 +0000 2025","440","Berlaga di Goodison Park untuk yang terakhir kali. ⏳ #MUFC || @Betfred https://t.co/Ttv7fYa4LO","1892225536224604227","https://pbs.twimg.com/media/GkKJFKuXcAAEz1v.jpg","","in","Old Trafford","31","89","39","https://x.com/ManUtd_ID/status/1892225536224604227","1846234722","ManUtd_ID"
"1892212188506685840","Wed Feb 19 14:36:34 +0000 2025","0","@prabowo Hidup jokowi ndasmu","1892221743969784163","","prabowo","in","somewhere over the rainbow","0","0","0","https://x.com/donSINGO/status/1892221743969784163","131449847","donSINGO"
"1892218198382010837","Wed Feb 19 14:22:28 +0000 2025","0","Manchester United hancur luar dalam. #MUFC","1892218198382010837","","","in","Indonesia","0","0","0","https://x.com/unitedattackID/status/1892218198382010837","1270722365387714564","unitedattackID"
"1892211938181931257","Wed Feb 19 13:57:36 +0000 2025","0","Kakekane....","1892211938181931257","","","in","East Borneo, Indonesia","0","1","0","https://x.com/Crusadder13/status/1892211938181931257","405568957","Crusadder13"
"1891840792336994448","Wed Feb 19 13:50:11 +0000 2025","0","@txtdaritax Tolak danantara. Danantara = bancakan korupsi kebal hukum","1892210073482543506","","txtdaritax","in","somewhere over the rainbow","0","0","0","https://x.com/donSINGO/status/1892210073482543506","131449847","donSINGO"
"1892208935211241592","Wed Feb 19 13:45:40 +0000 2025","0","Transfer MU 19 Februari: Mason Mount Hengkang dari Manchester United; Man Utd Aktifkan Kasus Tchouameni https://t.co/VM13EAHrga","1892208935211241592","","","in","Jakarta, Indonesia","0","0","0","https://x.com/OlretK/status/1892208935211241592","1578954814729248769","OlretK"
"1892207046461669418","Wed Feb 19 13:38:10 +0000 2025","0","Ciri smartphone terbaik buat peminat Manchester United #GGMU Baca sini: https://t.co/edyJg4ajaU https://t.co/EgSWqRvvSy","1892207046461669418","https://pbs.twimg.com/media/GkJ4RsjWkAAYxxs.jpg","","in","","0","0","0","https://x.com/baybaymedia/status/1892207046461669418","1889305169365786624","baybaymedia"
"1892088494983360964","Wed Feb 19 13:37:08 +0000 2025","1","@MoohBluez @BMtrav @BashirElRufai @_ElbashirB Maguire kenan sunan wani dan qwallon mu a Manchester United ","1892206786477781503","","MoohBluez","in","Kaduna, Nigeria","0","0","0","https://x.com/abbkrbaka/status/1892206786477781503","1527970674668625920","abbkrbaka"
"1892156178659942462","Wed Feb 19 13:26:25 +0000 2025","0","@utdfocusid Fans kayak gini memang gk pantas jdi fans Manchester united..","1892204089708326986","","utdfocusid","in","","0","0","0","https://x.com/rV230523/status/1892204089708326986","2418643524","rV230523"
"1892202736441250288","Wed Feb 19 13:21:02 +0000 2025","0"," Manchester United Rilis Laporan Keuangan: Biaya Pemecatan Ten Hag Terungkap! Manchester United telah mempublikasikan laporan keuangan kuartal terakhir mereka yang mencakup periode Oktober hingga Desember tahun lalu. Fakta Mengejutkan dari Laporan: Total biaya https://t.co/xziiCN4m7F","1892202736441250288","https://pbs.twimg.com/media/GkJ0XDUaEAAebkq.jpg","","in","DKI Jakarta, Indonesia","0","0","0","https://x.com/offsideindns/status/1892202736441250288","1636399127176302592","offsideindns"
"1892201082723369161","Wed Feb 19 13:14:28 +0000 2025","0","Ciri smartphone terbaik buat peminat Manchester United #GGMU https://t.co/uqot74GQCl","1892201082723369161","https://pbs.twimg.com/amplify_video_thumb/1892200992952770560/img/mQbB5JcL7rPxuSev.jpg","","in","","0","0","0","https://x.com/baybaymedia/status/1892201082723369161","1889305169365786624","baybaymedia"
"1892198571275165960","Wed Feb 19 13:04:29 +0000 2025","0","maaf. ada yg bisa bantu gopay 3k?","1892198571275165960","","","in","Sidoarjo, Indonesia","0","0","0","https://x.com/Jo_GoRamadhan/status/1892198571275165960","189812724","Jo_GoRamadhan"
"1892191597187727388","Wed Feb 19 12:58:41 +0000 2025","0","@ig_jana23 @un216luckyD Oh gawd these tuk tuk cricket fans Manchester united spelling theriyuma man unaku.. Champions league kithana team varum theriyuma","1892197112806600737","","ig_jana23","in","","0","2","0","https://x.com/Joseph_Kohli__/status/1892197112806600737","1803039634592862208","Joseph_Kohli__"
"1892196437288776119","Wed Feb 19 12:56:00 +0000 2025","0","Sekelompok kecil pemain inti Manchester United merasa kecewa. Namun para pemain dari kelompok ini adalah orang-orang yang sama yang juga menyampaikan keluhan serupa tentang Ten Hag di era kepemimpinan pria Belanda tersebut. (Shaun Connolly) #MUFC https://t.co/dWJc3L5SqI","1892196437288776119","https://pbs.twimg.com/media/GkJunpubkAAwBmA.jpg","","in","Manchester","0","0","0","https://x.com/UtdMasterclass/status/1892196437288776119","1879260653602648064","UtdMasterclass"
"1891897854861402600","Wed Feb 19 12:49:44 +0000 2025","0","@1960Remija Wewe ni Shabiki wa Manchester United pia unakumbuka Misimamo ya Mzee Sir Alex Ferguson kuhusiana na kuzichapa barabara timu ulizozipita kila kitu? Sasa Namungo anaanzaje kumfunga Simba na kitu Mshahara wa Ngoma unalipa nusu au Robo ya kikosi cha Namungo?","1892194860905509254","","1960Remija","in","Phnom Penh","0","1","0","https://x.com/KiboFinest/status/1892194860905509254","223768474","KiboFinest"
"1892194456583221516","Wed Feb 19 12:48:08 +0000 2025","0","Manchester United wanamtaka mshambuliaji wa timu ya vijana ya England chini ya miaka 21 kutoka Ipswich Town mwenye thamani ya Pauni milioni £40m ambaye alitoka timu ya vijana ya Manchester City kwa sasa amefunga mabao 10 ligi kuu ya England msimu huu huku Chelsea ikimfukuzia. https://t.co/DHZXzE5Jsi","1892194456583221516","https://pbs.twimg.com/media/GkJs1IqXUAAj1Ft.jpg","","in","Dar es Salaam, Tanzania","0","0","0","https://x.com/ubatvtz/status/1892194456583221516","834943236","ubatvtz"
"1892193445919469640","Wed Feb 19 12:44:07 +0000 2025","0","PSG dan Barcelona telah diberitahu tentang Mason Greenwood Marseille menghargainya sekitar £60 juta dan Manchester United memiliki klausul penjualan sebesar 50%. ️ ‍ #TMBNews","1892193445919469640","","","in","","0","0","0","https://x.com/Firmanshxx_Ex/status/1892193445919469640","1747068906614013952","Firmanshxx_Ex"
"1892192835799257472","Wed Feb 19 12:41:41 +0000 2025","0"," BREAKING!! Geovany Quenda telah mencapai kesepakatan verbal dengan Manchester United! #TMBNews https://t.co/ita6z9qGzs","1892192835799257472","https://pbs.twimg.com/media/GkJrW1KWEAAe_o8.jpg","","in","","0","0","0","https://x.com/Firmanshxx_Ex/status/1892192835799257472","1747068906614013952","Firmanshxx_Ex"
"1892192730396479679","Wed Feb 19 12:41:16 +0000 2025","296","#mufc membayarkan kompensasi total setara £14 5 juta untuk memecat Erik ten Hag dan juga Dan Ashworth. Rinciannya adalah £10 4 juta untuk sang manajer dan stafnya dengan sisanya dibayarkan untuk sang direktur olahraga. (Chris Wheeler/Daily Mail) https://t.co/VJ3S1SeHey","1892192730396479679","https://pbs.twimg.com/media/GkJrOjhbIAABrHf.jpg","","in","Old Trafford","0","19","10","https://x.com/manutd_world/status/1892192730396479679","464425781","manutd_world"
"1892191568955887667","Wed Feb 19 12:36:39 +0000 2025","0","Dalam upaya untuk membangkitkan semangat para pemain skuad Manchester United menyelenggarakan makan malam untuk mempererat hubungan dalam tim dan juga guna memberi para pemain waktu untuk sedikit keluar dari suasana klub. (Chris Wheeler/Daily Mail) #MUFC https://t.co/dJyRZuoXzx","1892191568955887667","https://pbs.twimg.com/media/GkJqM0VWMAA8yOb.jpg","","in","Manchester","0","0","0","https://x.com/UtdMasterclass/status/1892191568955887667","1879260653602648064","UtdMasterclass"
"1891931343442837634","Wed Feb 19 12:21:55 +0000 2025","0","@Bang_Garr @YagxYield gak yakin menang https://t.co/gPDWKle59f","1892187858829807624","https://pbs.twimg.com/media/GkJm0wYWQAAxl_j.jpg","Bang_Garr","in","Sidoarjo, Indonesia","0","0","0","https://x.com/Jo_GoRamadhan/status/1892187858829807624","189812724","Jo_GoRamadhan"
"1892186989358960683","Wed Feb 19 12:18:28 +0000 2025","0","Manchester United telah merilis hasil keuangan kuartal kedua yang menunjukkan total pendapatan klub terlihat turun 12% dari pada tahun sebelumnya. (Chris Wheeler/Daily Mail) #MUFC https://t.co/wkW7lB54gp","1892186989358960683","https://pbs.twimg.com/media/GkJmCeaaoAAxKWJ.jpg","","in","Manchester","0","0","0","https://x.com/UtdMasterclass/status/1892186989358960683","1879260653602648064","UtdMasterclass"
"1891678564262580316","Wed Feb 19 12:17:48 +0000 2025","0","@KinantiArizti @gojekindonesia goblok banget Bang... tidak sebanding dengan akibat buruk kejahatanmu. jangan bikin kaum mu malu.","1892186821951701234","","KinantiArizti","in","Sidoarjo, Indonesia","0","0","0","https://x.com/Jo_GoRamadhan/status/1892186821951701234","189812724","Jo_GoRamadhan"
"1892186036610138599","Wed Feb 19 12:14:40 +0000 2025","0","Geovany Quenda telah menyetujui secara lisan persyaratan pribadi dengan Manchester United. Kini kedua klub sedang dalam pembicaraan untuk mencapai kesepakatan dua arah. (Ben Jacobs) #MUFC https://t.co/MfIR2LzOc2","1892186036610138599","https://pbs.twimg.com/media/GkJlJbHaEAAKWlP.jpg","","in","Manchester","0","0","0","https://x.com/UtdMasterclass/status/1892186036610138599","1879260653602648064","UtdMasterclass"
"1892180484748382231","Wed Feb 19 12:13:06 +0000 2025","0","@buttervas Pulu pulu","1892185639833231457","","buttervas","in","Sidoarjo, Indonesia","0","0","0","https://x.com/Jo_GoRamadhan/status/1892185639833231457","189812724","Jo_GoRamadhan"
"1892173866853654946","Wed Feb 19 12:12:06 +0000 2025","0","@buttervas 25k mas disini 15k Bakso Urat ","1892185390129586511","","buttervas","in","Sidoarjo, Indonesia","0","0","0","https://x.com/Jo_GoRamadhan/status/1892185390129586511","189812724","Jo_GoRamadhan"
"1892185354192785489","Wed Feb 19 12:11:58 +0000 2025","1","Manchester United telah mengkonfirmasi bahwa mereka menghabiskan dana sebesar £14 5 juta untuk biaya yang terkait dengan pemecatan Erik ten Hag dan para stafnya. (Rich Fay/MEN) #MUFC https://t.co/aEUKG76dYB","1892185354192785489","https://pbs.twimg.com/media/GkJkiqxaQAAQ57h.jpg","","in","Manchester","0","0","0","https://x.com/UtdMasterclass/status/1892185354192785489","1879260653602648064","UtdMasterclass"
"1892184558524592557","Wed Feb 19 12:08:48 +0000 2025","0"," Raphael Varane Bongkar Hubungannya yang Rumit dengan Erik ten Hag. Mantan bek Manchester United Raphael Varane mengungkapkan hubungannya yang sering tegang dan rumit dengan Erik ten Hag. Ia juga mengklaim bahwa dirinya diabaikan dan dibekukan oleh pelatih asal Belanda https://t.co/vNkujbPCHD","1892184558524592557","https://pbs.twimg.com/media/GkJj1BFWYAEaiow.jpg","","in","DKI Jakarta, Indonesia","0","0","0","https://x.com/offsideindns/status/1892184558524592557","1636399127176302592","offsideindns"
"1892179535451529553","Wed Feb 19 11:48:50 +0000 2025","0","Dibilang pengangguran soalnya marah-marah mulu di sosmed salah njing. Esensi marah-marah enak itu justru pas lu capek kerja daripada marahin temen-temen yang aku sayang mending marahin pemerintah anjing &amp; Manchester United yang begokkk!!.","1892179535451529553","","","in","","0","0","0","https://x.com/pageofjimies/status/1892179535451529553","1305472993385050112","pageofjimies"
"1892178674310316262","Wed Feb 19 11:45:25 +0000 2025","0"," Antony Bahagia di Betis: Saya Menemukan Diri Saya Lagi! Antony berbicara kepada Betis TV dan mengungkapkan kebahagiaannya setelah pindah ke Real Betis. Ia merasa kembali ke performa terbaiknya setelah mengalami masa sulit di Manchester United. ️ Yang paling penting https://t.co/5Il2ELzdYA","1892178674310316262","https://pbs.twimg.com/media/GkJeef_WgAA5zUr.jpg","","in","DKI Jakarta, Indonesia","0","1","0","https://x.com/offsideindns/status/1892178674310316262","1636399127176302592","offsideindns"
"1892178394185425244","Wed Feb 19 11:44:18 +0000 2025","0","Klabu ya Manchester United inapanga kupunguza hadi wafanyakazi 200 zaidi jambo ambalo litaongeza idadi ya wafanyakazi waliondolewa katika klabu hiyo kufikia 450 tangu kuwasili kwa Sir Jim Ratcliffe. https://t.co/UetFhpC1D5","1892178394185425244","https://pbs.twimg.com/media/GkJeNvVXEAAmkCT.jpg","","in","Zanzibar North, Tanzania","0","0","0","https://x.com/lokodigital10/status/1892178394185425244","1362376117462695938","lokodigital10"
"1892156178659942462","Wed Feb 19 11:31:02 +0000 2025","0","@utdfocusid Manchester united tidak disarankan untuk pemuda lemah klemar klemer kek boti ","1892175053518758064","","utdfocusid","in","Rotterdam ❌ Yogyakarta ","0","0","0","https://x.com/vanderwielss/status/1892175053518758064","4905583405","vanderwielss"
"1892156178659942462","Wed Feb 19 11:07:32 +0000 2025","1","@utdfocusid Biarkan saja ingat teman2 setia itu bernama MANCHESTER UNITED ","1892169139415830606","","utdfocusid","in","","0","0","0","https://x.com/LeonRiando/status/1892169139415830606","369356945","LeonRiando"
"1892165886045294613","Wed Feb 19 10:57:43 +0000 2025","1","4. Pindah ke Manchester United: Pada tahun 2015 ia bergabung dengan Manchester United dan bermain selama 18 bulan sebelum pindah ke Chicago Fire di Major League Soccer","1892166669138796894","","EGA_82","in","","0","1","0","https://x.com/EGA_82/status/1892166669138796894","131420884","EGA_82"
"1892165291381313764","Wed Feb 19 10:52:14 +0000 2025","0","Pesawat Cristiano Ronaldo Seharga £61 Juta 'Terdampar' Di Manchester! Tak Bisa Terbang Karena Ada Retak Di Kaca Di Tengah Rumor Kepulangannya Ke Manchester United https://t.co/eHpdcoWjca","1892165291381313764","","","in","Butta Panritta Kittaraford","0","0","0","https://x.com/UtdIndonesiaSNJ/status/1892165291381313764","1286097038","UtdIndonesiaSNJ"
"1892165242538655953","Wed Feb 19 10:52:03 +0000 2025","0","Memukau Di Real Betis Antony Jelaskan Cara Bebas Dari Label 'Flop' Manchester United https://t.co/2VTgB5SFqo","1892165242538655953","","","in","Butta Panritta Kittaraford","0","0","0","https://x.com/UtdIndonesiaSNJ/status/1892165242538655953","1286097038","UtdIndonesiaSNJ"
"1892165234774712612","Wed Feb 19 10:52:01 +0000 2025","3","No yapp nguen Isco blh Titulaire Manchester United mo yomb rek","1892165234774712612","","","in","🤲","0","1","3","https://x.com/Pape_sara313/status/1892165234774712612","1260276404811333633","Pape_sara313"
"1892160637049909412","Wed Feb 19 10:33:45 +0000 2025","1","@K24Tv @abullerahmed Vipi show Iko on fire ndani kama kawaida. Tunangoja tu Europa na FA Sisi kama Manchester United huku msimu. Tunakupata huku Kekalet Secondary School - Malaba","1892160637049909412","","K24Tv","in","Busia","0","0","0","https://x.com/josephmasikah/status/1892160637049909412","2174545867","josephmasikah"
"1892154306302025827","Wed Feb 19 10:32:24 +0000 2025","3","Bahasan ketiga ngomongin mantan pemain Manchester United yang keliatannya udah bahagia bareng klub barunya nih. Penampilan yang bagus di klub baru nya Antony dan Rashford tapi United masih di kesulitan yang sama. Bagaimana Amorim mengatasi kesulitan yang dihadapi tim nya? https://t.co/VmAW7iDZW7","1892160299614212270","https://pbs.twimg.com/media/GkJNwcHaYAANPba.jpg","jebreeetmedia","in","","0","2","1","https://x.com/jebreeetmedia/status/1892160299614212270","1264093518357598208","jebreeetmedia"
"1892155203870195854","Wed Feb 19 10:12:09 +0000 2025","2","Oluwa ejoor e da ogo Manchester United pada Aduraaaaa!!!!!!!!","1892155203870195854","","","in","Canada 🙏🏽🙏🏽🙏🏽","1","0","0","https://x.com/Alte_Tobss/status/1892155203870195854","1230498674352050176","Alte_Tobss"
"1892145617159573573","Wed Feb 19 09:34:04 +0000 2025","0","Krisis Manchester United di Tangan Ruben Amorim Ulang Sejarah Kegagalan Manajerial? https://t.co/MnDPk8AKpO","1892145617159573573","","","in","Kota Bandung","0","0","0","https://x.com/dickyaditya7/status/1892145617159573573","112616155","dickyaditya7"
"1892116086717305217","Wed Feb 19 09:26:39 +0000 2025","0","@kompascom Suruh mulyono dan keluarga bangsatnya tinggal di situ aja deh ","1892143751856013408","","kompascom","in","somewhere over the rainbow","0","0","0","https://x.com/donSINGO/status/1892143751856013408","131449847","donSINGO"
"1892143501015502900","Wed Feb 19 09:25:39 +0000 2025","12","Jiulize toka 2020 ume achieve nn ambacho ni tangible usituambie tabia sijui umeacha pombe iyo uwezi ombea mkopo bank we endelea na manchester united na yanga umri unaenda huone kama kuna bank itakupa mtaji kisa ww ni man u au yanga","1892143501015502900","","","in","Behind The wall","0","1","4","https://x.com/ErickKamihanda/status/1892143501015502900","1676549281","ErickKamihanda"
"1892140505196069332","Wed Feb 19 09:13:45 +0000 2025","2","Manchester United yaangukia kwa Osimhen https://t.co/y45G8KQagZ","1892140505196069332","","","in","Dar es Salaam, Tanzania","0","0","0","https://x.com/MwanaspotiTZ/status/1892140505196069332","1467390343","MwanaspotiTZ"
"1892140431476944994","Wed Feb 19 09:13:27 +0000 2025","0","Manchester United ikiwa chini ya Kocha ambae alipewa matarajio ya kufanya makubwa na kubadilisha timu na kuipeleka Nchi ya ahadi. Vipi apewe muda au afurushwe? https://t.co/njzN7aGUWk","1892140431476944994","https://pbs.twimg.com/media/GkI7r6BWgAAMwTm.jpg","","in","Zanzibar North, Tanzania","0","0","0","https://x.com/lokodigital10/status/1892140431476944994","1362376117462695938","lokodigital10"
"1892139232862593537","Wed Feb 19 09:10:28 +0000 2025","0","@idextratime Boneka Manchester united semua itu","1892139678553211367","","idextratime","in","","0","0","0","https://x.com/FebFreecss/status/1892139678553211367","1594384193311879169","FebFreecss"
"1892137692156276953","Wed Feb 19 09:02:34 +0000 2025","0","Antony Lebih Cocok di Real Betis daripada Manchester United https://t.co/8O893BFe0C","1892137692156276953","","","in","Sleman, DIY","0","0","0","https://x.com/FandomID_/status/1892137692156276953","1175357460468490251","FandomID_"
"1892137056014651643","Wed Feb 19 09:00:03 +0000 2025","2","Kisah Haru Cristiano Ronaldo Legenda Real Madrid dan Manchester United yang Rela Bangun Sekolah di Gaza https://t.co/h6hL7cqIf6","1892137056014651643","","","in","Jakarta","0","0","0","https://x.com/okezonenews/status/1892137056014651643","47274731","okezonenews"
"1892136311869596153","Wed Feb 19 08:57:05 +0000 2025","0","Td ade pelawat dari UK buat workshop kt ofis. Masa dia citer pasal diri dia tu dia ade bgtau yg dia selalu main bola. Aku tanya la ape fav team dia. Dia ckp Manchester United. Pastu semua org mcm hmmmm Dia tanya aku punya fav team. Aku ckp Liverpool. Dia pulak yg hmmmm ","1892136311869596153","","","in","Bangi | KL | Temerloh","0","1","0","https://x.com/Kakaroach/status/1892136311869596153","291668139","Kakaroach"
"1892132889845715054","Wed Feb 19 08:43:29 +0000 2025","8","Selamat hari jadi ke-86 buat lagenda United Paddy Crerand #MUFC https://t.co/ba5dwHUXQ4","1892132889845715054","https://pbs.twimg.com/media/GkI0p6LbAAA11Oe.jpg","","in","Old Trafford","0","0","0","https://x.com/ManUtd_MY/status/1892132889845715054","1846140120","ManUtd_MY"
"1892032475636887706","Wed Feb 19 08:37:59 +0000 2025","1","@Indostransfer persijap jepara samai catatan manchester united https://t.co/MRpkOdrrBi","1892131505788400004","","Indostransfer","in","Sleman, Indonesia","0","0","0","https://x.com/masal_pin/status/1892131505788400004","929744256876494849","masal_pin"
"1892131422652998103","Wed Feb 19 08:37:39 +0000 2025","0","https://t.co/OeInbwGbkW preview tiga laga Liverpool hadapi Aston Villa Manchester City Newcastle United ketiga partai ini diprediksi sangat menentukan langkah Liverpool menjadi juara Premier League COYR","1892131422652998103","","","in","Indonesia","0","0","0","https://x.com/DKYLBcom/status/1892131422652998103","1608035838822330368","DKYLBcom"
"1892128411423838504","Wed Feb 19 08:25:41 +0000 2025","1","Manchester United dikabarkan tengah membidik striker Ipswich Town Liam Rory Delap. Penyerang berusia 22 tahun itu dibanderol sebesar 40 juta pound atau senilai Rp823 miliar. Hal ini dikabarkan oleh BBC Rabu (19/2/2025). https://t.co/DI4TOIIudq","1892128411423838504","https://pbs.twimg.com/media/GkIwvGkWQAAEIsX.jpg","","in","","0","0","0","https://x.com/gawangcom/status/1892128411423838504","1596143757258534912","gawangcom"
"1892127515646329202","Wed Feb 19 08:22:08 +0000 2025","0","2020-21 Setan Merah finish di urutan kedua jauh di belakang rival sekota Manchester City terpaut 12 poin dari sang juara. United menyamai kemenangan terbesar dalam sejarah Liga Premier musim ini dengan kemenangan telak 9-0 atas Southampton. https://t.co/U53ygWbAQT","1892127515646329202","https://pbs.twimg.com/media/GkIv8X_aUAAuNnB.jpg","","in","","0","0","0","https://x.com/lelanglawas/status/1892127515646329202","2394073585","lelanglawas"
"1892118533212950739","Wed Feb 19 07:46:26 +0000 2025","0","Kalah Terus Menerus Legenda Liverpool Michael Owen Ragukan Masa Depan Ruben Amorim di Manchester United https://t.co/cTr4XA0hln","1892118533212950739","","","in","Jakarta","0","0","0","https://x.com/jawapos_sports/status/1892118533212950739","1848653528887398400","jawapos_sports"
"1892115289581469858","Wed Feb 19 07:33:33 +0000 2025","28"," Manchester United wanafikiria kumnunua mshambuliaji wa Ipswich Town mwenye thamani ya pauni milioni 40 Liam Delap. Chelsea pia wanavutiwa. (Chanzo: i Paper) https://t.co/NuSjHptlV5","1892115289581469858","https://pbs.twimg.com/media/GkIk0eUWAAEXjI2.jpg","","in","Dar es Salaam, Tanzania","0","1","0","https://x.com/Unitedtanzania1/status/1892115289581469858","1485848815714381829","Unitedtanzania1"
"1892115065823739958","Wed Feb 19 07:32:40 +0000 2025","1","Marseille menaksirnya sekitar £60 juta dan Manchester United memiliki klausul penjualan sebesar 50%. SkorKilat Resmi: https://t.co/0GFobfQrZp Nonton Live Tanpa Batas: https://t.co/qtfRUn5jBu #skorkilat #skorkilatliveapp #skorkilatlive https://t.co/IZtuWVHoJ3","1892115065823739958","https://pbs.twimg.com/media/GkIj0dLaIAAj5fV.jpg","","in","","0","0","0","https://x.com/Skorkilat_Live/status/1892115065823739958","1877074425591508994","Skorkilat_Live"
"1892109362690244856","Wed Feb 19 07:10:00 +0000 2025","0","Chelsea Tertipu! Manchester United Tertawa Terakhir dalam Saga Jadon Sancho @ChelseaFC @ManUtd https://t.co/UL7KOEkxEp","1892109362690244856","","","in","Palmerah, Indonesia","0","0","0","https://x.com/DiswayNews/status/1892109362690244856","1847145968837578758","DiswayNews"
"1892103950603542927","Wed Feb 19 06:48:30 +0000 2025","2","Apakah Manchester United benar turun kasta atau masih bisa selamat? #Bolanet #blnzdn #manchesterunited https://t.co/ESNvalKiCz","1892103950603542927","https://pbs.twimg.com/amplify_video_thumb/1892103630976913408/img/sZgnIvIMQpRHmSkO.jpg","","in","","0","0","0","https://x.com/Bolanet/status/1892103950603542927","85537477","Bolanet"
"1892102650990145660","Wed Feb 19 06:43:20 +0000 2025","3","Kemana-mana kalo ketauan fans Manchester United sekarang pasti komentarnya: beneran masih ada yakk fans Emyu . #MUFC","1892102650990145660","","","in","Indonesia","0","2","2","https://x.com/unitedattackID/status/1892102650990145660","1270722365387714564","unitedattackID"
"1892102120259617123","Wed Feb 19 06:41:13 +0000 2025","1","Lagi-lagi kabar kurang sedap di Manchester United. Kini para pemainnya dilaporkan hilang kepercayaan kepada sang manajer Ruben Amorim. Waduh! https://t.co/p8oDcKgsmb","1892102120259617123","","","in","","0","0","1","https://x.com/detikcom/status/1892102120259617123","69183155","detikcom"
"1892102093390970985","Wed Feb 19 06:41:07 +0000 2025","0","Lagi-lagi kabar kurang sedap di Manchester United. Kini para pemainnya dilaporkan hilang kepercayaan kepada sang manajer Ruben Amorim. Waduh! https://t.co/f3Ip9NojRo","1892102093390970985","","","in","Jakarta","0","0","1","https://x.com/detiksport/status/1892102093390970985","135783107","detiksport"
"1891987298318745635","Wed Feb 19 06:36:40 +0000 2025","1","@yaniarsim @Danantara_ri Danantara = bancakan korupsi kebal hukum. Ati2 guys","1892100974296130028","","yaniarsim","in","somewhere over the rainbow","0","0","0","https://x.com/donSINGO/status/1892100974296130028","131449847","donSINGO"
"1892095391102836880","Wed Feb 19 06:14:29 +0000 2025","3","Ini Inisiatif Diambil Pemain Manchester United Untuk Bangkitkan Kembali Semangat https://t.co/HZhpYpm1yY","1892095391102836880","","","in","Kuala Lumpur","0","0","0","https://x.com/vocketfc/status/1892095391102836880","927923550383587328","vocketfc"
"1892094093276389455","Wed Feb 19 06:09:19 +0000 2025","1","Hakikat yang pahit untuk diterima oleh Manchester United ketika ini adalah kitaran Liga Perdana Inggeris mereka kini bawah top 10. Usah bercerita nak jadi pasukan top 5 untuk beraksi di kejohanan eropah musim depan untuk menjadi top 10 pun dilihat mencabar untuk United. https://t.co/TUgkqxREqZ","1892094093276389455","https://pbs.twimg.com/media/GkIRjNLXAAAWTk4.jpg","","in","","0","1","0","https://x.com/longballMY/status/1892094093276389455","958185853372612608","longballMY"
"1892084097004028144","Wed Feb 19 06:03:51 +0000 2025","5","@IdrisAOni1 Alhamdulilahi on her behalf...","1892092717007573374","","IdrisAOni1","in","Lasgidi","0","0","1","https://x.com/Kezmanunited/status/1892092717007573374","175660813","Kezmanunited"
"1891973612166652099","Wed Feb 19 05:53:41 +0000 2025","0","@idextratime Ac milan 11 12 sama manchester united wkwkwk","1892090157995610518","","idextratime","in","","0","0","0","https://x.com/HahsaY42200/status/1892090157995610518","1888175377396449280","HahsaY42200"
"1892089784396341704","Wed Feb 19 05:52:12 +0000 2025","0","@HELBpage Hey! Mimi Sina hata batch number ya sem two na mmekataa kujibu dm","1892089784396341704","","HELBpage","in","","0","0","0","https://x.com/PrinceE80656865/status/1892089784396341704","1455253328464601090","PrinceE80656865"
"1892086812295729460","Wed Feb 19 05:40:23 +0000 2025","0","Kalau Juventus juara UCL 2025 saya bakal lari 30 KM dicicil 2 minggu. Tambah jadi 50 KM dalam 1 bulan kalau Manchester United juara UEL 2025.","1892086812295729460","","","in","Taneak Jang","1","0","0","https://x.com/Nataigama/status/1892086812295729460","1040856884020862976","Nataigama"
"1892077100443533468","Wed Feb 19 05:34:39 +0000 2025","0","@utdfocusid Manchester United tanpa glazer adalah Real Madrid saat ini #GlazersOut https://t.co/cbG8WOuDAu","1892085365856522257","https://pbs.twimg.com/tweet_video_thumb/GkIJmveaAAAcvaE.jpg","utdfocusid","in","Bandung","0","0","0","https://x.com/Abhe79/status/1892085365856522257","100173280","Abhe79"
"1892082351007728019","Wed Feb 19 05:22:40 +0000 2025","0","Manchester United harus pintar belanja dengan membeli pemain yang tepat demi bangkit setelah terseok-seok pada musim ini. https://t.co/KFFfWVgovg","1892082351007728019","","","in","Jakarta","0","0","0","https://x.com/indozonemedia/status/1892082351007728019","350668803","indozonemedia"
"1892081570573361353","Wed Feb 19 05:19:34 +0000 2025","0","Mantan bek Arsenal Martin Keown mengkritik keputusan Manchester United yang mengeluarkan banyak uang untuk mendatangkan Matthijs de Ligt dari Bayern Munich. https://t.co/8sAh6cf3Pq","1892081570573361353","","","in","Jakarta","0","0","0","https://x.com/indozonemedia/status/1892081570573361353","350668803","indozonemedia"
"1892080336718238019","Wed Feb 19 05:14:40 +0000 2025","6","LAZIMA KIELEWEKE! Makinda saba waliopandishwa kuokoa jahazi Manchester United https://t.co/0Yl3k99gKa","1892080336718238019","","","in","Dar es Salaam, Tanzania","0","0","0","https://x.com/MwanaspotiTZ/status/1892080336718238019","1467390343","MwanaspotiTZ"
"1892077100443533468","Wed Feb 19 05:01:48 +0000 2025","3461","️| Thibaut Courtois: Saya adalah fans Manchester United saat saya tumbuh dewasa. [Saya tidak bisa bergabung dengan Man United] karena saat itu mereka sudah memiliki David De Gea. #utdfocusid https://t.co/MFiWXD6qA9","1892077100443533468","https://pbs.twimg.com/media/GkICF7jXUAEY1NU.jpg","","in","Indonesia","28","102","129","https://x.com/utdfocusid/status/1892077100443533468","1345281599605075969","utdfocusid"
"1892074157581520938","Wed Feb 19 04:50:06 +0000 2025","0","Casemiro mengungkapkan keinginan menghabiskan sisa kontraknya di Manchester United yang akan habis pada 2026 karena tidak meninggalkan timnya dalam kondisi terpuruk seperti sekarang. https://t.co/shs2bMEPzW","1892074157581520938","","","in","Denpasar, Bali","0","0","0","https://x.com/nusabalicom/status/1892074157581520938","2655442453","nusabalicom"
"1892046031421878483","Wed Feb 19 04:46:06 +0000 2025","1","@PorosHalangID Balik ke MU jadi bloon lagi Mending MU bubar nggak sih? Terus bentuk klub baru lagi pakai nama TETAP MANCHESTER UNITED FOOTBALL CLUB","1892073149543612654","","PorosHalangID","in","Sambas","0","0","0","https://x.com/marvelle_danny/status/1892073149543612654","2458124804","marvelle_danny"
"1892069647828095314","Wed Feb 19 04:32:11 +0000 2025","3","Matchday Uncut sudah tiba! Di sebalik tabir kemenangan kami menentang Manchester United #SpursMY https://t.co/DfTNLqqG7Q","1892069647828095314","https://pbs.twimg.com/ext_tw_video_thumb/1892069482945724416/pu/img/z2G9MNCRaAKPOwWa.jpg","","in","","0","0","0","https://x.com/Spurs_MAS/status/1892069647828095314","2707046850","Spurs_MAS"
"1892064420483957049","Wed Feb 19 04:11:25 +0000 2025","0","Chelsea Tertipu! Manchester United Tertawa Terakhir dalam Saga Jadon Sancho https://t.co/7i2Z6XGHzg","1892064420483957049","","","in","","0","0","0","https://x.com/subroto_nugroho/status/1892064420483957049","1593979184908767232","subroto_nugroho"
"1891942186406625342","Wed Feb 19 03:32:53 +0000 2025","1","@Mzeewajambia Keep up the good work brother!!! Usisahau EPL - Asanali tunamfukuza mwizi kimya kimya. Jogoo anajiandaa kupita kwenye tanuri la moto ndani ya siku 8. Akiteleza tu tunae: 1. 🆚️ Aston Villa Fc (Away) 2. 🆚️ Manchester City Fc (Away) 3. 🆚️ Newcastle United Fc (Home).","1892054722896384311","","Mzeewajambia","in","","0","0","0","https://x.com/davidpaschal_/status/1892054722896384311","1404666582522109954","davidpaschal_"
"1892051522315268457","Wed Feb 19 03:20:10 +0000 2025","4","Manchester United hampiri kelompok penyingkiran The Red Devils perlu mendapatkan 40 mata yang dianggap sebagai angka ajaib untuk mengelakkan penyingkiran dari EPL. #sinarharian #MU #Penyingkiran https://t.co/2UixW10WQ9","1892051522315268457","","","in","Malaysia","1","0","1","https://x.com/SinarOnline/status/1892051522315268457","331383958","SinarOnline"
"1892047758191677679","Wed Feb 19 03:05:12 +0000 2025","0","obat dari semua keluh kesah dan pikiranmu adalah menyaksikan Manchester united setiap mereka berlaga.","1892047758191677679","","","in","64157","0","1","0","https://x.com/taufanpn_/status/1892047758191677679","1528763945938735104","taufanpn_"
"1892046970262307007","Wed Feb 19 03:02:04 +0000 2025","31","Tetesi: Mbali na United Delap ambaye alitoka timu ya vijana ya Manchester City anasakwa pia na Chelsea https://t.co/reDlgW3LyT https://t.co/vId9uESyus","1892046970262307007","https://pbs.twimg.com/media/GkHmsWRXQAEO5b_.jpg","","in","London","0","3","0","https://x.com/bbcswahili/status/1892046970262307007","18186609","bbcswahili"
"1892030491513213158","Wed Feb 19 02:26:50 +0000 2025","0","@doublepaijo lalu...panggil yang bisa bikin mas ","1892038102451093535","","doublepaijo","in","Sidoarjo, Indonesia","0","0","0","https://x.com/Jo_GoRamadhan/status/1892038102451093535","189812724","Jo_GoRamadhan"
"1891874806959898936","Wed Feb 19 02:26:04 +0000 2025","1","@ViantyTJP Alhamdulillah Oma semoga menular ke putri putri kami aamiin ","1892037909122826706","","ViantyTJP","in","Sidoarjo, Indonesia","0","1","0","https://x.com/Jo_GoRamadhan/status/1892037909122826706","189812724","Jo_GoRamadhan"
"1892031731751862557","Wed Feb 19 02:01:31 +0000 2025","0","@kbrisingapura singapura. salah satu perusahaanku klub manchester united liga inggris","1892031731751862557","","kbrisingapura","in","Bandar Lampung, Indonesia","0","0","0","https://x.com/Agu14190Agus/status/1892031731751862557","1851357239636082691","Agu14190Agus"
"1892029347541942570","Wed Feb 19 01:52:03 +0000 2025","229","Selamat ulang tahun @GNev2 #MUFC https://t.co/Sa1sOk1Zkf","1892029347541942570","https://pbs.twimg.com/media/GkHWqiUbwAAMxui.jpg","","in","Old Trafford","0","3","12","https://x.com/ManUtd_ID/status/1892029347541942570","1846234722","ManUtd_ID"
"1892028768081895569","Wed Feb 19 01:49:45 +0000 2025","7","Ruben Amorim pernah bilang kalau Manchester United saat ini adalah MU terburuk dalam sejarah. Perkataan manajer itu ada benarnya dengan sederet fakta. https://t.co/0JAj2fzfp1","1892028768081895569","","","in","","1","0","2","https://x.com/detikcom/status/1892028768081895569","69183155","detikcom"
"1891800621721760041","Wed Feb 19 01:39:43 +0000 2025","1","@JoeTirtoDiputro @budibongg ya Pak saya sering tag juga g pernah nongol lagi semoga beliau sekeluarga dalam lindungan Tuhan YME sehat selalu aamiin @budibongg","1892026245078020271","","JoeTirtoDiputro","in","Sidoarjo, Indonesia","0","0","0","https://x.com/Jo_GoRamadhan/status/1892026245078020271","189812724","Jo_GoRamadhan"
"1892025839228768596","Wed Feb 19 01:38:06 +0000 2025","3","Neville optimis Amorim perlu bawa masuk tiga muka baru perkuat Manchester United https://t.co/rH8uubFtge","1892025839228768596","","","in","Bukit Jalil ","0","1","0","https://x.com/ASTROARENA/status/1892025839228768596","160788306","ASTROARENA"
"1892022659820495310","Wed Feb 19 01:25:28 +0000 2025","0","Manchester United dilaporkan tak akan memperpanjang kontrak gelandang Denmark Christian Eriksen. Oleh karenanya ia akan meninggalkan Old Trafford setelah musim ini berakhir. https://t.co/bcPDfdWvp7","1892022659820495310","","","in","","0","0","0","https://x.com/heralddotID/status/1892022659820495310","1698580133068865536","heralddotID"
"1892022259704836156","Wed Feb 19 01:23:53 +0000 2025","0","Dulu dia hanya sebongkah kayu yg dijadikan 'boneka' hidungnya semakin panjang karena selalu berbohong bahkan 'gepeto' tak mampu berbuat banyak boneka kayu ini sekarang malah jumawa karena sudah memiliki boneka yg tidak kurus seperti dia tapi 'Gemoy' yg mudah di remote","1892022259704836156","","","in","Sidoarjo, Indonesia","0","0","0","https://x.com/Jo_GoRamadhan/status/1892022259704836156","189812724","Jo_GoRamadhan"
"1892014395800076756","Wed Feb 19 00:52:38 +0000 2025","0","Info Main Bola - Ternyata Thibaut Courtois Pernah Ngidam Gabung Manchester United Link : https://t.co/EKAfbGGIWJ https://t.co/FN7wBJN3eS","1892014395800076756","https://pbs.twimg.com/media/GkHJCp6aAAIfGIQ.png","","in","Bandung, Jawa Barat","0","0","0","https://x.com/gemarqq3/status/1892014395800076756","1188630532256485376","gemarqq3"
"1892011681875710104","Wed Feb 19 00:41:51 +0000 2025","0","https://t.co/PWFASvSHW8 info main bola Manchester United Ternyata Sudah Sepakat untuk Datangkan Victor Osimhen Kenapa Akhirnya Batal? Ada informasi menarik seputar Manchester United. https://t.co/6OyDJ6YI1p","1892011681875710104","https://pbs.twimg.com/media/GkHGl-eaAAQZBfB.jpg","","in","Denpasar Selatan, Indonesia","0","0","0","https://x.com/gemar_bola/status/1892011681875710104","755670276923355136","gemar_bola"
"1892005838870503490","Wed Feb 19 00:18:38 +0000 2025","0","Cristiano Ronaldo Diminta Balik ke Manchester United Jadi Mentor Lini Depan https://t.co/Fse3fNz1xw via @tribunmedan","1892005838870503490","","","in","Medan, Indonesia","0","0","0","https://x.com/tribunmedan/status/1892005838870503490","142305302","tribunmedan"
"1892005095770063101","Wed Feb 19 00:15:41 +0000 2025","1"," Thibaut Courtois Ternyata Pernah Bermimpi Gabung Manchester United! Sejak kecil Courtois mengagumi Edwin van der Sar dan sering menonton pertandingan Manchester United. ️ Ia bermimpi suatu hari bisa menjadi kiper utama Setan Merah dan meneruskan jejak idolanya di bawah https://t.co/W4bhMsG9NJ","1892005095770063101","https://pbs.twimg.com/media/GkHAjOJWoAAnPtk.jpg","","in","","0","0","0","https://x.com/yukplay_id/status/1892005095770063101","1875075827303354368","yukplay_id"
"1891993920562667624","Tue Feb 18 23:31:16 +0000 2025","0","Penyokong Fulham label Manchester United tiada perasaan Harga tiket Pusingan Kelima Piala FA di Old Trafford bebankan penyokong Fulham. #sinarharian #Fulham #ManchesterUnited https://t.co/yUYsaH9fTM","1891993920562667624","","","in","Malaysia","0","0","0","https://x.com/SinarOnline/status/1891993920562667624","331383958","SinarOnline"
"1891955656682356778","Tue Feb 18 20:59:14 +0000 2025","0","Atalanta digulung Brugge utk sementara Milan udh duluan dibungkam Feyenoord eh Manchester United pemainny ngeributin merasa gak cocok ama sistem pelatih. It happened before with Rangnick and he choose to change his system to acommodate this so called world class player. #GGMU","1891955656682356778","","","in","","0","0","0","https://x.com/Knightmetal1/status/1891955656682356778","1325282885172031493","Knightmetal1"
"1891817587433984126","Tue Feb 18 20:43:13 +0000 2025","0","@Labella_Mafia95 @Rydx_017 @athanas_pius @babalao__ @DullahTheking2 @MissChelsea1221 @Balyx_ Mungu pekeee ndio maana Tupo hapa kumjadili sio kitu kidogo","1891951628099436723","","Labella_Mafia95","in","Dar es Salaam, Tanzania","0","0","0","https://x.com/Unitedtanzania1/status/1891951628099436723","1485848815714381829","Unitedtanzania1"
"1891947377751359522","Tue Feb 18 20:26:20 +0000 2025","0","LIGABINTANGNEWS - Klub Premier League Manchester United dilaporkan punya target transfer baru di musim panas nanti. Baca Selengkapnya : https://t.co/hETj7xY3US Web Liga Bintang : Link Ältenatif : https://t.co/fNGQfuHCxQ https://t.co/Iqy0qsANu6","1891947377751359522","https://pbs.twimg.com/media/GkGME7fXIAAbQdl.jpg","","in","","0","0","0","https://x.com/JessicaHon41090/status/1891947377751359522","1885514700131360768","JessicaHon41090"
"1891941472938885188","Tue Feb 18 20:02:52 +0000 2025","0","Siklus Manchester United: Pelatih baru: OTW tsunami trofi Realita main jelek &amp; Jarang menang Pemain mulai tidak pecaya taktik pelatih Hubungan pemain pelatih kacau Pecat pelatih kembali ke point pertama","1891941472938885188","","","in","","0","0","0","https://x.com/fulltlme/status/1891941472938885188","1689903347535687680","fulltlme"
"1891940757122187516","Tue Feb 18 20:00:01 +0000 2025","0","10 Kekalahan Terbesar Manchester United Pernah Digunduli Liverpool 7 Gol Tanpa Balas https://t.co/1C7BrShgwj","1891940757122187516","","","in","","0","0","0","https://x.com/radaraktual/status/1891940757122187516","853782937782714368","radaraktual"
"1891940000406589781","Tue Feb 18 19:57:01 +0000 2025","13","Maneno relegation na Manchester United hayapaswi kukaa kwenye sentence moja Ila tupo hapa just bcoz tulishindwa kusajili vizuri miaka 5/6 iliyopita. Leo tunahangaika sababu hatukuwa na Sera nzuri za usajili muda ambao wenzetu waliamua kuwekeza huko sisi tuliwekeza kwingine ","1891940000406589781","","","in","Dar es Salaam, Tanzania","0","2","0","https://x.com/Wakanda_republi/status/1891940000406589781","1514963447854870528","Wakanda_republi"
"1891930159411790010","Tue Feb 18 19:22:30 +0000 2025","2","@Saddam_KE Manchester United Milan Shida ni wewe boss","1891931314217001135","","Saddam_KE","in","Global Citizen","0","0","0","https://x.com/WehliyeMohamed/status/1891931314217001135","257905607","WehliyeMohamed"
"1891929511987409172","Tue Feb 18 19:16:59 +0000 2025","1","@centredevils @FabrizioRomano Follow FC. https://t.co/pVsxYQd667","1891929927697551455","https://pbs.twimg.com/tweet_video_thumb/GkF8PTZWwAAZTwh.jpg","centredevils","in","Salford Lads Club","0","0","0","https://x.com/MUFC_disco/status/1891929927697551455","1863692733698670592","MUFC_disco"
"1891665207312695579","Tue Feb 18 18:20:53 +0000 2025","0","@SacredUse Mau beli manchester united sama ac milan kali nanti indonesia ini biar cuan","1891915809989197927","","SacredUse","in","Everton, England","0","0","0","https://x.com/krisiparuhbaya/status/1891915809989197927","1823153224158728192","krisiparuhbaya"
"1891905913453269067","Tue Feb 18 17:41:34 +0000 2025","1","Juan mata","1891905913453269067","","","in","somewhere","0","0","0","https://x.com/UTD_Ball/status/1891905913453269067","1727062043654565888","UTD_Ball"
"1891905705059418191","Tue Feb 18 17:40:44 +0000 2025","0","Breaking : Casemiro Ingin Bertahan di Manchester United Hingga Kontraknya Berakhir. Bonus Depo WULAN4D - Bonus New Member Slot 50% ( MAX 200RB ) TO x 15 - Bonus Harian 10% ( MAX 100RB ) TO x 3 - Bonus Level Up (Up To 2.5 Juta) https://t.co/Qde71DG4jc","1891905705059418191","https://pbs.twimg.com/media/GkFmKppaEAAoFvE.jpg","","in","","0","0","0","https://x.com/WULAN4DNEW/status/1891905705059418191","1851093670721961984","WULAN4DNEW"
"1891902341462491306","Tue Feb 18 17:32:05 +0000 2025","0","@idextratime 2004-2006 adalah era kejayaan manchester united sekaligus era KETOLOLAN Livarpool apakah ini pertanda kebangkitan setan merah dan kehancuran Livarpool?? Kali ini saya yakin Semesta berpihak kepada sang setan merah!!!","1891903528353911104","","idextratime","in","","0","12","0","https://x.com/lukasyakobus/status/1891903528353911104","1594740494789070848","lukasyakobus"
"1891902634841211176","Tue Feb 18 17:28:32 +0000 2025","0","Li warna si am","1891902634841211176","","","in","Lyon, France","0","0","0","https://x.com/BHD0601/status/1891902634841211176","1200236304203730944","BHD0601"
"1891757295937188182","Tue Feb 18 17:00:23 +0000 2025","0","@jokoanwar @chocaxiabatta Kepala Manchester United","1891895550850523337","","jokoanwar","in","Satan Laughs","0","0","0","https://x.com/WordsUnchained/status/1891895550850523337","1104806332866023424","WordsUnchained"
"1891895536585695430","Tue Feb 18 17:00:20 +0000 2025","351","Zafika poti olo Manchester united itagulidwa ndi Microsoft singapangebe excel https://t.co/6lgWvfcbbw","1891895536585695430","https://pbs.twimg.com/media/GkFc9rtWkAA0hjm.jpg","","in","Blantyre","3","18","63","https://x.com/Kinase265/status/1891895536585695430","1857169667309101056","Kinase265"
"1891895475319521423","Tue Feb 18 17:00:05 +0000 2025","1","Manchester United Akan Terdegradasi?! Rio Ferdinand Prediksi Setan Merah Menuju KEHANCURAN https://t.co/tbolYD6k7I","1891895475319521423","https://pbs.twimg.com/media/GkFc53MaAAMDA7F.jpg","","in","indonesia","0","0","0","https://x.com/cenceryou/status/1891895475319521423","1874707796585062400","cenceryou"
"1891891137855557863","Tue Feb 18 16:42:51 +0000 2025","0","Strategi Transfer Ruben Amorim Kacau Amad Diallo Cedera! Manchester United Siap Tanggung Malu Persingkat Masa Pinjaman Antony Yang Kian Gacor Di Real Betis https://t.co/cv4xj8SNon","1891891137855557863","","","in","Butta Panritta Kittaraford","0","0","0","https://x.com/UtdIndonesiaSNJ/status/1891891137855557863","1286097038","UtdIndonesiaSNJ"
"1891891066653004251","Tue Feb 18 16:42:34 +0000 2025","0","Manchester United Akan Terdegradasi?! Rio Ferdinand Prediksi Setan Merah Menuju KEHANCURAN https://t.co/B0nbwwbiHr","1891891066653004251","","","in","Butta Panritta Kittaraford","0","0","0","https://x.com/UtdIndonesiaSNJ/status/1891891066653004251","1286097038","UtdIndonesiaSNJ"
"1891890628671201317","Tue Feb 18 16:40:50 +0000 2025","30","Baadhi ya Wachezaji wa Manchester United wanasema kwamba mbinu za amorim ni Mbovu haijawahi Kutokea hivyo mfumo anaotumia upande wao wanaona ni mateso tu Nadhani muda Wa Kuondoka Amorim umefika na Sasa arudi Solkjaer amalizie gurudumu https://t.co/JZyQEVyhfb","1891890628671201317","https://pbs.twimg.com/media/GkFYfwxWUAA8XCA.jpg","","in","Mbeya, Tanzania","0","2","1","https://x.com/chicharitojr9/status/1891890628671201317","1369895395522936833","chicharitojr9"
"1891885447816806635","Tue Feb 18 16:27:17 +0000 2025","0","@_aabbeee Si cewek gengsi Si cowok gengsi Ego yang menang Manchester united yang kalah","1891887218341577083","","_aabbeee","in","Stamford Bridge, England","0","1","0","https://x.com/trunotittari/status/1891887218341577083","1349699549917450245","trunotittari"
"1891883347829264523","Tue Feb 18 16:11:54 +0000 2025","0","Dua kata Manchester United","1891883347829264523","","","in","Indonesia","0","0","0","https://x.com/abimima_/status/1891883347829264523","498630398","abimima_"
"1891826223937986953","Tue Feb 18 15:34:06 +0000 2025","0","@Y_CynthiaJKT48 Bukannya merah melambangkan Manchester united yaa","1891873834971578400","","Y_CynthiaJKT48","in","Bogor, Jawa Barat","0","0","0","https://x.com/JKT48BOGORRAYA/status/1891873834971578400","3389999113","JKT48BOGORRAYA"
"1891870511056973912","Tue Feb 18 15:20:53 +0000 2025","0","Apakah penggemar Manchester United siap pergi ke Malaysia? Manchester United berencana untuk mengunjungi Malaysia setelah musim berakhir. Skorkilat Resmi : https://t.co/ZVItVhaNee Nonton Live Tanpa Batas ：https://t.co/zpqkmSaXUi #skorkilat #skorkilateliveapp #skorkilatlive https://t.co/lPk6EsoJNt","1891870511056973912","https://pbs.twimg.com/media/GkFFwmcXYAAy_pl.jpg","","in","","0","0","0","https://x.com/ArthurT71301/status/1891870511056973912","1891138182265393152","ArthurT71301"
"1891870315912765565","Tue Feb 18 15:20:13 +0000 2025","1","Kesho wanakula story ya kuangalia Derby ya Manchester United na Manchester City. Hawajakaa sawa nawapa jinsi mabausa wa Madison Square garden New York walivyoniruhusu nizame ndani ingawa niko below 18 Mshua si Balozi? So ikawa dukani ni very hot kwa michapo wasanii wakaibuka","1891870341447766307","","VuchamaNgofi77","in","Migombani","0","1","0","https://x.com/VuchamaNgofi77/status/1891870341447766307","1869736576143794176","VuchamaNgofi77"
"1891646953479455019","Tue Feb 18 15:09:17 +0000 2025","0","@apri_adi08 Udah seminggu beli rokok non cukai bermerk manchester united.wkwkwkwkwk Becanda manchester doang ngga pake united. Manchester united mah nama ormas","1891867590747652182","","apri_adi08","in","Indonesia","0","1","0","https://x.com/soeripsarap/status/1891867590747652182","1072223295808753665","soeripsarap"
"1891826637165167027","Tue Feb 18 15:00:53 +0000 2025","0","@idextratime Minta tolong Opung Luhut untuk perbaiki Manchester United. Opung ahli strategi dan jago eksekusi. Beliau mantan komandan Gultor Kopasus. Siap menghadapi teror pemain toxic di MU.","1891865475748921452","","idextratime","in","","0","0","0","https://x.com/Kaygendeng1993/status/1891865475748921452","1855891653741195264","Kaygendeng1993"
"1891863373404320062","Tue Feb 18 14:52:31 +0000 2025","0","Keuangan klub yang bermarkas di Old Trafford sedang tidak baik-baik saja. Pemilik Manchester United Sir Jim Ratcliffe merasa cemas apabila klub tidak melakukan penghematan biaya dan bisa berujung kebangkrutan. https://t.co/jrBcJia0O3","1891863373404320062","","","in","Jl. Rawa Terate II No.2","0","0","0","https://x.com/tvOnenewsdotcom/status/1891863373404320062","1738256529462341634","tvOnenewsdotcom"
"1891825057489441138","Tue Feb 18 14:35:13 +0000 2025","2","@PS_AmandaJKT48 Manchester United Football Club adalah sebuah klub sepak bola profesional yang berbasis di Old Trafford Manchester Raya Inggris dan bermain di Liga Utama Inggris. Klub ini memiliki 20 gelar Liga Inggris dengan 13 di antaranya di era Liga Utama terbanyak sepanjang masa.","1891859019394056499","","PS_AmandaJKT48","in","","0","0","0","https://x.com/andhkaaaaa/status/1891859019394056499","1472602479888007168","andhkaaaaa"
"1891857604499898857","Tue Feb 18 14:29:36 +0000 2025","0","Manchester united udh bner bner mirip sama indonesia. sama sama lagi kacau dari awal ga konsisten membangun lebih pengen instant. MU Investasi dengan beli pemain pemain overvalue yg berakhir gagal dan malah jadi investasi mangkrak","1891857604499898857","","","in","Luar angkasa","0","0","0","https://x.com/Alonelyclouds/status/1891857604499898857","1753991598524989440","Alonelyclouds"
"1891850298475356324","Tue Feb 18 14:00:34 +0000 2025","0","Manajer Manchester United Ruben Amorim harus kembali menghadapi permasalahan cedera seiring musim Amad Diallo telah dipastikan berakhir. Winger 21 tahun itu dirundung cedera ligamen pergelangan kaki dan diprediksi membutuhkan operasi https://t.co/8suYyUeEzF","1891850298475356324","https://pbs.twimg.com/media/GkEz0BDb0AAPRri.jpg","","in","Los Angeles, CA","0","0","0","https://x.com/Tigoals/status/1891850298475356324","1838866401572061184","Tigoals"
"1891852297828724990","Tue Feb 18 14:08:31 +0000 2025","10","Presenter Richard Keys mengklaim memiliki pengetahuan mendalam mengenai usulan pengambilalihan Tottenham Hotspur menyusul protes besar yang terjadi terhadap Daniel Levy sebelum dan sesudah kemenangan hari Minggu atas Manchester United.","1891852297828724990","","","in","Jakarta","0","1","0","https://x.com/IndoSpurs/status/1891852297828724990","118099151","IndoSpurs"
"1891848467242213495","Tue Feb 18 13:55:26 +0000 2025","0","@idextratime beliau fokus ucl buat bantai madrid di bernabeu dan bantai manchester united di final ucl","1891849004486443009","","idextratime","in","DKI Jakarta, Indonesia","0","0","0","https://x.com/n4b1lzzz/status/1891849004486443009","1812702395685867520","n4b1lzzz"
"1891841676852985989","Tue Feb 18 13:26:19 +0000 2025","0","️ Nasib Serupa Jalan Berbeda! ️ Rúben Amorim dan Indra Sjafri punya kesamaan: keduanya terus mengalami kekalahan di Manchester United dan Timnas Indonesia U-20. Apakah ini hanya kebetulan atau ada masalah yang lebih dalam? Bagaimana menurut kalian apa yang harus mereka https://t.co/vPeIy6caGw","1891841676852985989","https://pbs.twimg.com/media/GkEroQ6aAAQ5f_u.jpg","","in","surabaya","0","0","0","https://x.com/WatermelonDua02/status/1891841676852985989","1796865199749898240","WatermelonDua02"
"1891840563520885047","Tue Feb 18 13:21:53 +0000 2025","43","MU terjun bebas di klasemen turun ke posisi 15 setelah takluk dari Spurs. Cidera menambah parah kondisi tim hingga membuat pusing Ruben Amorim. Hasil yang memalukan mungkin ini adalah musim terburuk Manchester United sepanjang jaman. Simak: https://t.co/nvuAPoZZQu https://t.co/aQRiUDjT0P","1891840563520885047","https://pbs.twimg.com/media/GkEq9knaAAAbSMY.jpg","","in","Indonesia","1","3","1","https://x.com/PorosHalangID/status/1891840563520885047","1167808410693144576","PorosHalangID"
"1891838226110836751","Tue Feb 18 13:21:05 +0000 2025","1","@Ally__Herman Owati... ","1891840359300300831","","Ally__Herman","in","Namibia","0","1","0","https://x.com/Wendepunkt_7/status/1891840359300300831","893413042792386560","Wendepunkt_7"
"1891837387887833586","Tue Feb 18 13:09:16 +0000 2025","0","Judul beritanya ️ Transfer MU 17 Februari: Miliarder Qatar Membeli Man Utd dari Sir Jim Ratcliffe; Antony Kembali ke Manchester United Paragraf pertama isi beritanya ️ Miliarder Qatar ingin membeli Man Utd dari Sir... #MUFC #ManchesterUnited https://t.co/1zhYWjLREe","1891837387887833586","","","in","𝕏 ","0","0","0","https://x.com/iwangln/status/1891837387887833586","275065183","iwangln"
"1891833019066945854","Tue Feb 18 12:58:06 +0000 2025","2","@tantedinda4h Real kah","1891834578828132596","","tantedinda4h","in","","0","0","0","https://x.com/RMadrid74920/status/1891834578828132596","1848381221673517056","RMadrid74920"
"1891832594053882356","Tue Feb 18 12:50:13 +0000 2025","0","Ulaya Nashabikia Manchester United Bongo Nashabikia Yanga Vipi kuhusu wewe rafiki?","1891832594053882356","","","in","Ujiji Tanzania ","0","0","0","https://x.com/MijazoC63135/status/1891832594053882356","1670485965561798656","MijazoC63135"
"1891832184438133013","Tue Feb 18 12:48:35 +0000 2025","0","Saya dari kecil mengidolakan tim2 aneh kayak Lazio Real Betis timnas Kroasia. Lalu kenal dengan AC Milan Real Madrid dan Manchester United. Yang paling memorable sampai sekarang dari jaman dulu ya Batistuta Crespo Roberto Carlos Beckham Shevchenko Kaka.","1891832184438133013","","","in","Bali","0","0","0","https://x.com/anovicepro/status/1891832184438133013","1152186798","anovicepro"
"1891830557325058254","Tue Feb 18 12:42:08 +0000 2025","128","Rio Ferdinand khawatir Manchester United terancam degradasi musim ini Bagaimana dengan kalian? #ManchesterUnited #EPL https://t.co/ZD0Y5nuUHX","1891830557325058254","https://pbs.twimg.com/media/GkEh3IAaAAEjq8P.jpg","","in","Indonesia","3","8","10","https://x.com/GOAL_ID/status/1891830557325058254","27197792","GOAL_ID"
"1891829495960650226","Tue Feb 18 12:37:54 +0000 2025","9","Beberapa pemain Manchester United mulai kehilangan kepercayaan terhadap Ruben Amorim. Ada dukungan untuk Amorim namun kepercayaan diri terhadap tim mulai menurun. Mereka percaya bahwa kemenangan datang dari kualitas individu atau keberuntungan. Chris Wheeler (Daily Mail) https://t.co/jh0em3A0lH","1891829495960650226","https://pbs.twimg.com/media/GkEg5psasAAXA6F.jpg","","in","","0","3","0","https://x.com/kbrligainggris/status/1891829495960650226","1295716250983763977","kbrligainggris"
"1891788915847127246","Tue Feb 18 12:27:34 +0000 2025","0","@Nkelo__ Toti omudhimba","1891826894804320333","","Nkelo__","in","Namibia","0","0","0","https://x.com/Wendepunkt_7/status/1891826894804320333","893413042792386560","Wendepunkt_7"
"1891826529866334599","Tue Feb 18 12:26:07 +0000 2025","0","Park Ji-sung Seumur-umur Main di Manchester United Tak Pernah Kalah Lawan Spurs Kini Situasi Mulai Terbalik https://t.co/PlnV3DolgQ","1891826529866334599","","","in","JAKARTA","0","0","0","https://x.com/tribunSUPERBALL/status/1891826529866334599","626306017","tribunSUPERBALL"
"1891826474535076336","Tue Feb 18 12:25:54 +0000 2025","1","Park Ji-sung Seumur-umur Main di Manchester United Tak Pernah Kalah Lawan Spurs Kini Situasi Mulai Terbalik https://t.co/boVg71sK6X","1891826474535076336","","","in","Indonesia","0","0","0","https://x.com/BolaSportcom/status/1891826474535076336","78239324","BolaSportcom"
"1891825057489441138","Tue Feb 18 12:23:12 +0000 2025","0","@PS_AmandaJKT48 Amanda M nya apa ya Manchester United ","1891825793950679093","","PS_AmandaJKT48","in","","0","0","0","https://x.com/fdwiadi_/status/1891825793950679093","1851302683103412226","fdwiadi_"
"1891819872751059120","Tue Feb 18 12:15:27 +0000 2025","0","@kittfns kimu tuh mu nya Manchester United","1891823845570453729","","kittfns","in","","0","1","0","https://x.com/nonajennie/status/1891823845570453729","1161156942338805760","nonajennie"
"1891820640769802308","Tue Feb 18 12:02:43 +0000 2025","21","Manchester United di Premier League saat dipegang oleh Ruben Amorim 4 menang 2 imbang 8 kalah https://t.co/a5PrtYCVGt","1891820640769802308","https://pbs.twimg.com/media/GkEY2LsaYAA7Bkh.jpg","","in","","0","4","0","https://x.com/gilabola_ina/status/1891820640769802308","1170153265444442113","gilabola_ina"
"1891819929034170580","Tue Feb 18 11:59:54 +0000 2025","0","Follow @MufcEspXtra y @mufcscoutxtra. #mufc #mulive https://t.co/vT9DCvIXbO","1891819929034170580","https://pbs.twimg.com/amplify_video_thumb/1891819865561866241/img/0vKTC1h0jGY6f_ir.jpg","","in","","0","0","0","https://x.com/videosmanutd/status/1891819929034170580","1890906755930189824","videosmanutd"
"1891794622554218671","Tue Feb 18 11:38:59 +0000 2025","1","@privaldinho Sehemu pekee Priva akitoa point ikawa inaeleweka ni kuhusu Manchester united tu ila huku kwingine hua anaamua kujizima. https://t.co/i8jzNU3QiV","1891814665912557774","https://pbs.twimg.com/media/GkETaYCaAAI_88N.jpg","privaldinho","in","","0","0","0","https://x.com/This_is_B3/status/1891814665912557774","1828375104276803584","This_is_B3"
"1891814652918759908","Tue Feb 18 11:38:56 +0000 2025","5","Beberapa pemain Manchester United mulai kehilangan kepercayaan pada sistem Ruben Amorim. Mereka percaya bahwa bahkan ketika #MUFC menang itu lebih banyak disebabkan oleh momen-momen kualitas individu atau keberuntungan daripada taktik. [@ChrisWheelerDM] BERITA SAMPAH MUSIMAN. https://t.co/rwVKdSQchl","1891814652918759908","https://pbs.twimg.com/media/GkETZqnaAAESC-v.jpg","","in","Indonesia","0","1","1","https://x.com/unitedattackID/status/1891814652918759908","1270722365387714564","unitedattackID"
"1891813679521464596","Tue Feb 18 11:35:04 +0000 2025","1","MAU SAMPE DEGRADASI PUN TETEP MANCHESTER UNITED️️️️️","1891813679521464596","","","in","","0","0","0","https://x.com/sbrynwbsn_/status/1891813679521464596","1215422479935520768","sbrynwbsn_"
"1891812356713288136","Tue Feb 18 11:29:48 +0000 2025","7","Apa nyimbo inkhale ya @GwambaOfficial zizankhala better Manchester united on fire https://t.co/1Jah3qGQq3","1891812356713288136","https://pbs.twimg.com/media/GkERT0CXEAAOeOA.jpg","","in","Malawi","0","3","2","https://x.com/BJava38844/status/1891812356713288136","1845514657840103424","BJava38844"
"1891812273292779619","Tue Feb 18 11:29:28 +0000 2025","0","Klabu ya Manchester United itapokea £31m iwapo Marseille itamuuza mshambuliaji muingereza Mason Greenwood 23 kwenda Paris St-Germain katika majira ya joto kutoka na kipengelea cha mauzo ya 50%. PSG imetoa ofa kwa Marseille ya 75m euros (£62m) kumnasa nyota huyo. https://t.co/FkNDedIf1x","1891812273292779619","https://pbs.twimg.com/media/GkERPI0XcAAIAER.jpg","","in","Dar es Salaam, Tanzania","0","0","0","https://x.com/ubatvtz/status/1891812273292779619","834943236","ubatvtz"
"1891808725268054144","Tue Feb 18 11:15:22 +0000 2025","29","Dream Teams ni tatu tu Duniani. - Real Madrid CF - FC Barcelona - Manchester United","1891808725268054144","","","in","Southern Highlands, Tanzania","2","1","6","https://x.com/Marakiungu/status/1891808725268054144","1304354638091649025","Marakiungu"
"1891806474453520547","Tue Feb 18 11:06:26 +0000 2025","11","Matchday Uncut sudah tayang! Lihat di balik layar kemenangan Liga Primer melawan Manchester United #SpursID https://t.co/KULmRRBjub","1891806474453520547","https://pbs.twimg.com/amplify_video_thumb/1891798502126108672/img/KzEF_FzHvfv8SEQ_.jpg","","in","","0","0","2","https://x.com/Spurs_ID/status/1891806474453520547","2709790752","Spurs_ID"
"1891802231428595929","Tue Feb 18 11:03:34 +0000 2025","2","@manutd_world Manchester United bener-bener udah RIP sejak 2012/2013 sh.. Isinya gini mulu tiap musim.. Anehhh emang","1891805752295137669","","manutd_world","in","","0","1","0","https://x.com/ajielito/status/1891805752295137669","254383197","ajielito"
"1891804444725215419","Tue Feb 18 10:58:22 +0000 2025","0","Pemain berusia 20 tahun ini dianggap sebagai alternatif jika Manchester United gagal mendapatkan Viktor Gyokeres atau Victor Osimhen. https://t.co/Qw1aKWuV40","1891804444725215419","","","in","Jakarta","0","0","0","https://x.com/indozonemedia/status/1891804444725215419","350668803","indozonemedia"
"1891802762192588996","Tue Feb 18 10:51:41 +0000 2025","1","Wot jadi ceweknya diatas soalnya Manchester united yang dibawah","1891802762192588996","","","in","Kuvukiland","0","0","0","https://x.com/Gojo_Pranowo/status/1891802762192588996","2922492978","Gojo_Pranowo"
"1891802231428595929","Tue Feb 18 10:49:35 +0000 2025","78","Ruben Amorim masih memiliki dukungan ruang ganti tetapi kepercayaan mereka terhadap ide yang diimplementasikan sang manajer mulai terkikis dengan hasil-hasil yang dicatatkan tim sejauh ini. (Chris Wheeler/Daily Mail)","1891802235572466113","","manutd_world","in","Old Trafford","0","2","2","https://x.com/manutd_world/status/1891802235572466113","464425781","manutd_world"
"1891802231428595929","Tue Feb 18 10:49:34 +0000 2025","561","Beberapa pemain di dalam ruang ganti #mufc menilai jika kompromi taktik dibutuhkan saat ini dengan sistem yang diimplementasikan Ruben Amorim mereka nilai tidak sesuai dengan materi pemain yang ada saat ini. (Chris Wheeler/Daily Mail) https://t.co/zOQ3bfBAku","1891802231428595929","https://pbs.twimg.com/media/GkEH6sdaAAAzZdG.jpg","","in","Old Trafford","33","151","29","https://x.com/manutd_world/status/1891802231428595929","464425781","manutd_world"
"1891801081530941841","Tue Feb 18 10:45:00 +0000 2025","7","Kemas kini mengenai Leny Christian Kobbie dan Amad dalam sidang media pada hari Ahad #MUFC","1891801081530941841","","","in","Old Trafford","0","0","1","https://x.com/ManUtd_MY/status/1891801081530941841","1846140120","ManUtd_MY"
"1891799580800393415","Tue Feb 18 10:39:02 +0000 2025","0","Manchester United Siapkan Senjata Rahasia Rekrut Liam Delap Striker Ipswich Town Kirim Pesan ke Chelsea @ManUtd @ChelseaFC https://t.co/VrX0llk0dQ","1891799580800393415","","","in","Palmerah, Indonesia","0","0","0","https://x.com/DiswayNews/status/1891799580800393415","1847145968837578758","DiswayNews"
"1891789164279939498","Tue Feb 18 10:29:58 +0000 2025","0","@FootballTalkHQ Hii ndo kitu manchester kumamae wanashuka daraja yaani mtu kama hojland ganarcho wana loose faith kwa trade mak gani manina walioweka united uza kikosi kizima unabaki na wachezaji sita tu wengjne wote kila mtu asepe @donnie_benny @tyball08","1891797297018679582","","FootballTalkHQ","in","  Singida  Tanga, Tanzania","0","3","0","https://x.com/AVEZRAJA/status/1891797297018679582","1028988770","AVEZRAJA"
"1891784863583207657","Tue Feb 18 10:17:52 +0000 2025","0","@papantengah sesuai nama akun dan bio tolong ulas tim papan bawah manchester united minpan","1891794252071338047","","papantengah","in","Tolitoli, Sulawesi Tengah","0","1","0","https://x.com/Suharmadik/status/1891794252071338047","1456549082491539456","Suharmadik"
"1891793419904921723","Tue Feb 18 10:14:33 +0000 2025","0","Manchester United harus terpuruk berada di peringkat ke-15 klasemen Premier League dengan 29 poin sob ! Pada laga melawan Tottenham ada sembilan pemain yang duduk di bangku cadangan. Selain 5 pemain diatas yang kemungkinan akan di depak Amorim menurut kamu siapa lagi sob? https://t.co/341coKGmcf","1891793419904921723","https://pbs.twimg.com/media/GkEAAbbaAAAUMDj.jpg","","in","Indonesia","0","0","0","https://x.com/Football5star/status/1891793419904921723","3188392104","Football5star"
"1891757295937188182","Tue Feb 18 10:05:03 +0000 2025","4","@jokoanwar Waktu kampanye gimmick gemoy emak2. Setelah dilantik jd presiden berubah jd Hitler gemoy https://t.co/LLFlTv6I1i","1891791029948350747","https://pbs.twimg.com/media/GkD96iRaAAEn_vO.jpg","jokoanwar","in","somewhere over the rainbow","0","0","0","https://x.com/donSINGO/status/1891791029948350747","131449847","donSINGO"
"1891772428797292638","Tue Feb 18 09:56:08 +0000 2025","0","@ariefatmojo_ menunjukkan rasa hormat dan dedikasi untuk Manchester United","1891788783298720169","","ariefatmojo_","in","disini ada 2 orang🗿","0","0","0","https://x.com/sxtmaa/status/1891788783298720169","1403296153588748292","sxtmaa"
"1891786701565026566","Tue Feb 18 09:47:52 +0000 2025","14","Selamat hari jadi @GNev2 #MUFC https://t.co/yjfZuTnymE","1891786701565026566","https://pbs.twimg.com/media/GkD5872bkAAA8zQ.jpg","","in","Old Trafford","0","0","3","https://x.com/ManUtd_MY/status/1891786701565026566","1846140120","ManUtd_MY"
"1891785594784616743","Tue Feb 18 09:43:28 +0000 2025","382"," per Capology Casemiro memiliki gaji dasar £350rb + bonus £100rb per pekan dan kontraknya baru akan habis 2026. Casemiro tidak ingin meninggalkan Manchester United dan memilih menghabiskan kontraknya di klub. ","1891785594784616743","","","in","","1","48","8","https://x.com/idextratime/status/1891785594784616743","1222927522033094656","idextratime"
"1891783701958160841","Tue Feb 18 09:35:56 +0000 2025","1","Same group na Manchester United fans huchukia Ronaldo can't take them seriously. Na wanakuanga wajuaji sana huwezi waambia ","1891783701958160841","","","in","future ","0","3","1","https://x.com/IzuTwits/status/1891783701958160841","1445690978556252160","IzuTwits"
"1891663902179516818","Tue Feb 18 09:19:22 +0000 2025","1","@petanirumah ga lah","1891779531914031186","","petanirumah","in","Sidoarjo, Indonesia","0","0","0","https://x.com/Jo_GoRamadhan/status/1891779531914031186","189812724","Jo_GoRamadhan"
"1891775716628607046","Tue Feb 18 09:04:12 +0000 2025","0","Diinginkan Ruben Amorim Bintang Sporting Lisbon Ini Siap Pindah ke Manchester United? Ada kabar baik datang bagi Manchester United. Winger incaran mereka Geovany Quenda dilaporkan tertarik untuk bergabung dengan Setan Merah. Link https://t.co/QuI0qnINFo #L858 #SOROTAN https://t.co/lWsdgfNSLn","1891775716628607046","https://pbs.twimg.com/media/GkDv96uaAAA76Z-.jpg","","in","","0","0","0","https://x.com/CelineWu18/status/1891775716628607046","1241459929560432640","CelineWu18"
"1891675878884802849","Tue Feb 18 09:02:35 +0000 2025","0","@Aryapratam19 @utdabout yang nge-twit akun fanbase Manchester United ngomongin kondisi Manchester Unitd tidak nyinggung klub lain atau pendukung klub lain. Tapi ada orang lain yang nge-twit bawa-bawa klub lain. Ibarat ada orang lagi nangis sendirian ada orang lewat ga dikenal trus bilang sukurin? .","1891775306626707660","","Aryapratam19","in","DKI Jakarta, Indonesia","0","0","0","https://x.com/fznamr/status/1891775306626707660","429080530","fznamr"
"1891775086295765380","Tue Feb 18 09:01:42 +0000 2025","108","Olwaleero eyaliko emunyenye ya Manchester United Gary Neville akoonye emyaka 50. Kiki kyosiga okujjukira mu biseera bye ku kiraabu eno? #Ekisaawe https://t.co/y45ef0r6vL","1891775086295765380","https://pbs.twimg.com/media/GkDvaF6XMAA0EJD.jpg","","in","1st floor Masengere kampala","0","21","1","https://x.com/bbstvug/status/1891775086295765380","4565960369","bbstvug"
"1891773947445903472","Tue Feb 18 08:57:11 +0000 2025","39","️𝐔𝐏𝐃𝐀𝐓𝐄𝐒...! TETESI: Kwa Mujibu wa Ripota wa Habari za Manchester United Rich Fay Amesema Klabu Hiyo inataka Kumrudisha Kundini Mchezaji Wao wa Zamani Paul Pogba. United Wanataka Kumpa Mkataba wa Muda Mfupi Kutokana na Kile Wanacho Pitia Kwasasa ila Masharti https://t.co/Y5zYrI49v5","1891773947445903472","https://pbs.twimg.com/media/GkDuWl5WwAAlWYi.jpg","","in","Dodoma","0","1","1","https://x.com/meamswahili/status/1891773947445903472","1417255913107374088","meamswahili"
"1891772428797292638","Tue Feb 18 08:51:09 +0000 2025","369","️Casemiro: Saya menghormati Man United dan saya sangat bersyukur. Saya masih memiliki satu setengah tahun tersisa dalam kontrak saya dan saya ingin memenuhinya di sini di Manchester . https://t.co/8sNI2nuEnY","1891772428797292638","https://pbs.twimg.com/media/GkDs_qwaAAAGqDV.jpg","","in","","0","397","0","https://x.com/ariefatmojo_/status/1891772428797292638","155862578","ariefatmojo_"
"1891771639248859161","Tue Feb 18 08:48:00 +0000 2025","4","coba sebutkan berapa kali manchester united disebut pada postingan ini","1891771639248859161","","","in","","0","0","0","https://x.com/kaiadicitta/status/1891771639248859161","1801834192671805446","kaiadicitta"
"1891771475507675583","Tue Feb 18 08:47:21 +0000 2025","39","Kama unaona Manchester United hawajui kucheza unaeza unda team yako upeleke England.","1891771475507675583","","","in","Dar es Salaam, Tanzania","0","4","9","https://x.com/_yourBoyli4/status/1891771475507675583","1463769071825080322","_yourBoyli4"
"1891770061041410355","Tue Feb 18 08:41:44 +0000 2025","0","Ruben Amorim menyebut finansial di Manchester United membuat para pemain harus meninggalkan Old Trafford pada musim panas sebelum klub dapat memperkuat skuad. https://t.co/kFLVShWSRO","1891770061041410355","","","in","","0","0","0","https://x.com/heralddotID/status/1891770061041410355","1698580133068865536","heralddotID"
"1891767503707156592","Tue Feb 18 08:31:34 +0000 2025","304","Mereka yang tetap setia meskipun Manchester United sedang mengalami fase terburuk dalam sejarah Premier League tapi tak lupa tetap mengkritik agar klub ini bisa kembali. Sepertinya masih akan lama ya teman-teman. https://t.co/A0MlsD6Hha","1891767503707156592","https://pbs.twimg.com/media/GkDogv9bUAA9lZ_.jpg","","in","","2","21","41","https://x.com/MelodyUnited/status/1891767503707156592","397302261","MelodyUnited"
"1891765519776178489","Tue Feb 18 08:23:41 +0000 2025","1","Ineos ana umiliki Manchester United vile vile ni Sponsor wa Spurs .unayajua matokeo ya Spurs Vs United game tatu msimu huu?","1891765519776178489","","","in","Dar es Salaam, Tanzania","0","0","0","https://x.com/Iam__Jogoo/status/1891765519776178489","1145945461951533056","Iam__Jogoo"
"1891763413350531412","Tue Feb 18 08:15:19 +0000 2025","0","TETESI: Kwa Mujibu wa Ripota wa Habari za Manchester United Rich Fay Amesema Klabu Hiyo inataka Kumrudisha Kundini Mchezaji Wao wa Zamani Paul Pogba. United Wanataka Kumpa Mkataba wa Muda Mfupi Kutokana na Kile Wanacho Pitia Kwasasa ila Masharti Makali Yatajumuishwa Kwenye https://t.co/41JErheXZp","1891763413350531412","https://pbs.twimg.com/media/GkDkhMPXIAEBSbz.jpg","","in","Dodoma, Tanzania","0","0","0","https://x.com/AFMRadioTZ/status/1891763413350531412","1484615252784386051","AFMRadioTZ"
"1891750535671267792","Tue Feb 18 08:12:22 +0000 2025","0","@humbihari_ Bc Sahi mein?","1891762671382348043","","humbihari_","in","Old Trafford","0","1","0","https://x.com/MarathiMUFC/status/1891762671382348043","1216633134915059712","MarathiMUFC"
"1891759853305201130","Tue Feb 18 08:01:10 +0000 2025","1","Manchester United makin dekat dengan zona degradasi di klasemen Liga Inggris. Rio Ferdinand khawatir melihat laju Setan Merah di sisa musim. https://t.co/6eBPgMCVf2","1891759853305201130","","","in","Jakarta","0","0","1","https://x.com/detiksport/status/1891759853305201130","135783107","detiksport"
"1891759846128590977","Tue Feb 18 08:01:09 +0000 2025","1","Manchester United makin dekat dengan zona degradasi di klasemen Liga Inggris. Rio Ferdinand khawatir melihat laju Setan Merah di sisa musim. https://t.co/fvZxgVc1Ze","1891759846128590977","","","in","","0","1","1","https://x.com/detikcom/status/1891759846128590977","69183155","detikcom"
"1891754360847098142","Tue Feb 18 07:39:21 +0000 2025","0","MANCHESTER UNITED haruskah belajar dari nol lagi. Degradasi?! https://t.co/sTYpcIlvS0","1891754360847098142","","","in","Palembang","0","0","0","https://x.com/wongjaloer/status/1891754360847098142","207001442","wongjaloer"
"1891751848404488623","Tue Feb 18 07:31:40 +0000 2025","1","@idextratime @Transfermarkt Awal Amorim di Manchester United merupakan yang terburuk dibanding manajer-manajer sebelumnya hanya memperoleh 14 poin dari 14 pertandingan EPL pertamanya","1891752427704946934","","idextratime","in","Spain","0","0","0","https://x.com/isak_010/status/1891752427704946934","1144834326963507200","isak_010"
"1891751848404488623","Tue Feb 18 07:29:22 +0000 2025","2750","Jumlah poin yang didapat pelatih baru* Manchester United di 14 laga pertama EPL : Solskjaer - 35 poin Ten Hag - 26 Rangnick - 26 Van Gaal - 25 Moyes - 22 Mourinho - 21 Amorim - 14 Amorim jadi yang TERBURUK.. @Transfermarkt *Sejak era Fergie https://t.co/zh0slDjiKx","1891751848404488623","https://pbs.twimg.com/media/GkDaRwFaAAIXHID.jpg","","in","","25","212","170","https://x.com/idextratime/status/1891751848404488623","1222927522033094656","idextratime"
"1891751119900025086","Tue Feb 18 07:26:28 +0000 2025","0","Manager Manchester United Ruben Amorim memberi verifikasi berkaitan luka yang dirasakan Amad Diallo. Dia menyebutkan jika si pemain sayap alami luka karena keteledorannya sendiri. Klik dibawah untuk baca lebih lengkap : https://t.co/hN07FbLFbO https://t.co/OHLKh8TWur","1891751119900025086","https://pbs.twimg.com/media/GkDZkHwbMAA3-yO.png","","in","","0","0","0","https://x.com/BabonBola_id/status/1891751119900025086","1886710890080428033","BabonBola_id"
"1891751021895967088","Tue Feb 18 07:26:05 +0000 2025","0","Ada informasi menarik berkaitan Manchester United. Setan Merah disampaikan pertimbangkan serius untuk memakai jasa Paul Pogba satu kali lagi. Klik dibawah untuk baca lebih lengkap : https://t.co/7blNnSiOtE https://t.co/cqG3bK1Tgh","1891751021895967088","https://pbs.twimg.com/media/GkDZfvQaAAABElh.png","","in","","0","0","0","https://x.com/BabonBola_id/status/1891751021895967088","1886710890080428033","BabonBola_id"
"1891750629929889904","Tue Feb 18 07:24:31 +0000 2025","0","Teddy Sheringham bekas striker Manchester United akui kagum berperforma Cristiano Ronaldo yang hebat walau telah masuk umur yang umumnya menjadi saat pensiun untuk beberapa pemain. Klik dibawah untuk baca lebih lengkap : https://t.co/ZWpf7YUfEc https://t.co/xfCYTWF1bX","1891750629929889904","https://pbs.twimg.com/media/GkDZITqagAAd1ce.png","","in","","0","0","0","https://x.com/BabonBola_id/status/1891750629929889904","1886710890080428033","BabonBola_id"
"1891749054360457631","Tue Feb 18 07:18:16 +0000 2025","0","Manchester United Siapkan Senjata Rahasia Rekrut Liam Delap Striker Ipswich Town Kirim Pesan ke Chelsea https://t.co/xB7Oj8lOHE","1891749054360457631","","","in","","0","0","0","https://x.com/subroto_nugroho/status/1891749054360457631","1593979184908767232","subroto_nugroho"
"1891748464603668681","Tue Feb 18 07:15:55 +0000 2025","0","Manchester United Harus Melepas Pemain sebelum Rekrut Pemain https://t.co/jRCio0vl3p","1891748464603668681","","","in","Bogor, Indonesia","0","0","0","https://x.com/MediaVoi/status/1891748464603668681","1578222594","MediaVoi"
"1891745560748605753","Tue Feb 18 07:04:23 +0000 2025","228"," A return to Old Trafford seems highly unlikely particularly given his age and wage... Artikel aslinya opini soal 5 pemain free agent yang menurut Fay bisa dipertimbangkan. Akun agregator kampret kaya gini gak cuma nyebar misinformasi tapi juga bikin nama jurnalis jadi jelek. https://t.co/zhBrxsEcfM","1891745560748605753","https://pbs.twimg.com/media/GkDT20LaAAECn20.png","","in","Old Trafford","0","10","27","https://x.com/manutd_world/status/1891745560748605753","464425781","manutd_world"
"1891744460104401123","Tue Feb 18 07:00:00 +0000 2025","5","Antony terbukti lebih subur ketimbang satu tim Manchester United sejak ia pindah ke Real Betis Yang salah bukan pemainnya tapi... (isi sendiri) #beINLaLiga #LaLiga #LALIGAEASPORTS https://t.co/egLi7Z4CXL","1891744460104401123","https://pbs.twimg.com/media/Gj_K-zBbwAALEYJ.jpg","","in","","0","0","2","https://x.com/beINSPORTSid/status/1891744460104401123","1501547120","beINSPORTSid"
"1891744225953251816","Tue Feb 18 06:59:05 +0000 2025","0","2 striker utama Manchester United di EPL saat ini hanya menyumbangkan 6 kontribusi gol sedangkan kiper dan bek tim si Biru aja bisa mencetak lebih. #ManchesterUnited #ManchesterCity #PremierLeague https://t.co/egdLE1PWd0","1891744225953251816","https://pbs.twimg.com/media/GkDTP9Gb0AAkS8D.jpg","","in","INDONESIA","0","0","0","https://x.com/senang_say86255/status/1891744225953251816","1823691850789871616","senang_say86255"
"1891727041277374864","Tue Feb 18 06:57:59 +0000 2025","2","@tirta_cipeng He was really ahead of his time. Bahkan ucapannya dapat menjadi tools untuk memahami kondisi Manchester United.","1891743949636661715","","tirta_cipeng","in","","0","0","0","https://x.com/gidry3/status/1891743949636661715","1209441149108117506","gidry3"
"1891742611360133236","Tue Feb 18 06:52:40 +0000 2025","0","Jumlah gol paling sedikit yang kebobolan dari open play di Liga Primer musim ini: ◉ 13 - Arsenal ◎ 19 - Liverpool ◎ 19 - Bournemouth ◎ 20 - Manchester United ◎ 22 - Nottingham Forest The Great Walls of Arsenal | @WhoScored https://t.co/IGHpCoByNE","1891742611360133236","https://pbs.twimg.com/media/GkDR3nKaAAAzT4-.jpg","","in","🇮🇩","0","0","0","https://x.com/GoonersGaruda/status/1891742611360133236","1501014135319842816","GoonersGaruda"
"1891652585737576760","Tue Feb 18 06:51:20 +0000 2025","1","@Craze_26 @GloriOSD43 Kadang pengen liat kejadian kayak gini (klub bukan divisi teratas tapi main di kompetisi Eropa utamanya UCL). Manchester United punya modal buat ngelakuin ini. Tapi ya syarat beratnya adalah juara UEL. Syarat ringannya degradasi.","1891742279490040207","","Craze_26","in","DKI Jakarta, Indonesia","0","0","0","https://x.com/fznamr/status/1891742279490040207","429080530","fznamr"
"1891709182245585168","Tue Feb 18 04:39:49 +0000 2025","242","SASA ITAKUWAJE? . 12 MANCHESTER United wamepoteza mechi 12 kati ya 25 za Ligi Kuu England msimu huu (ushindi 8 sare 5) ikiwa ni idadi kubwa zaidi ya kupoteza katika mechi 25 za kwanza za ligi tangu msimu wa 1973-74 (13) msimu wa mwisho waliposhuka daraja kutoka Ligi Kuu. https://t.co/B3yyqCfXMC","1891709182245585168","https://pbs.twimg.com/media/GkCzd9mXsAASfTk.jpg","","in","Global","1","15","15","https://x.com/SportsarenatzTz/status/1891709182245585168","1268429628076634114","SportsarenatzTz"
"1891343958858465652","Tue Feb 18 04:36:55 +0000 2025","0","@uyoktweet @prabowo Ndasssssmuuuu https://t.co/GB9KGbdQ0F","1891708450930913346","https://pbs.twimg.com/media/GkCyz5WaAAAvhy2.jpg","uyoktweet","in","somewhere over the rainbow","0","0","0","https://x.com/donSINGO/status/1891708450930913346","131449847","donSINGO"
"1891708296261701723","Tue Feb 18 04:36:18 +0000 2025","1","Top 3: Waspada Manchester United Bangkrut https://t.co/35C7BRYfHJ","1891708296261701723","","","in","Indonesia","0","0","0","https://x.com/ilhamiasnawi/status/1891708296261701723","305657272","ilhamiasnawi"
"1891372848540733778","Tue Feb 18 04:23:17 +0000 2025","0","@JMariotz Mambo ya smart phone ayo unaandika hiki kinakuja kile any way kwa mwenye swal lolote kuhusu Manchester united kama tulivokubaliana kwenye kikao aulizwe msemaji mkuu wa Manchester united fans Tanzania bwana George ambangile","1891705018262179984","","JMariotz","in","","0","0","0","https://x.com/jjdamimi1/status/1891705018262179984","1628117376578293774","jjdamimi1"
"1891704189681533348","Tue Feb 18 04:19:59 +0000 2025","31"," Leeds itakuwa tayari kutoa ofa kwa Rasmus Højlund iwapo itapanda daraja hadi Ligi Kuu. Mchezaji huyo wa Denmark anaweza kupatikana kwa £40M msimu huu wa joto huku Juventus na West Ham pia zikivutiwa. (Chanzo: Ontheminute) https://t.co/wHvGzrJGcr","1891704189681533348","https://pbs.twimg.com/media/GkCu7NsW8AAtdlR.jpg","","in","Dar es Salaam, Tanzania","0","2","0","https://x.com/Unitedtanzania1/status/1891704189681533348","1485848815714381829","Unitedtanzania1"
"1891703172457963758","Tue Feb 18 04:15:57 +0000 2025","31"," Paris Saint-Germain wanatazamiwa kutoa dau la €75m kumsajili mshambuliaji wa Marseille Mason Greenwood. Manchester United wana kipengele cha kuuza cha 50% hivyo watapokea €37.5M. (Chanzo: Fichajes) https://t.co/EMa6bwWqde","1891703172457963758","https://pbs.twimg.com/media/GkCuAMwXAAAZSXc.jpg","","in","Dar es Salaam, Tanzania","0","0","0","https://x.com/Unitedtanzania1/status/1891703172457963758","1485848815714381829","Unitedtanzania1"
"1891701985717399706","Tue Feb 18 04:11:14 +0000 2025","2","Beberapa Penyebab Mood Swing Pemuda Indonesia adalah : 1. Indonesia Sedang tydak baik-baik saja 2. Manchester United Lost Streaaaaaaaak Dua Hal diatas sama sama kehilangan Ruh dan Jati Diri. Wkwkwkwwkkwkwk Lantas apa hiburan nya. Mohon Pencerahannya @hayder_imron ","1891701985717399706","","","in","Magetan, Indonesia","0","2","1","https://x.com/Arwani_DGabriel/status/1891701985717399706","1140408471113699329","Arwani_DGabriel"
"1891701048873550268","Tue Feb 18 04:07:30 +0000 2025","0","Ini Yang Dihadapi Ruben Amorim di Manchester United Setelah Laga Tottenham vs Man United Meski tertekan ia tetap berkomitmen untuk membawa tim kembali ke jalur kemenangan. #RubenAmorim #ManchesterUnited #PremierLeague #SepakBola #update #news #seketika https://t.co/Rc7hXRqENM","1891701048873550268","","","in","Jakarta","0","0","0","https://x.com/seketikanet/status/1891701048873550268","1696426676065038336","seketikanet"
"1891698408978776285","Tue Feb 18 03:57:01 +0000 2025","0","Kondisi Jantung Christian Eriksen Jadi Pertimbangan Ruben Amorim Beri Penjelasan Usai Manchester United Ditaklukkan Tottenham https://t.co/vCECD6G7oN","1891698408978776285","","","in","Jakarta","0","0","0","https://x.com/jawapos/status/1891698408978776285","2392460208","jawapos"
"1891690431638810768","Tue Feb 18 03:25:19 +0000 2025","0","Kondisi Manchester United Kian Memburuk Rio Ferdinand Tolak Pergantian Pelatih https://t.co/ycSwhaiCnR via @gilabolacom","1891690431638810768","","","in","Indonesia","0","0","0","https://x.com/gilabolacom/status/1891690431638810768","70632238","gilabolacom"
"1891687918864847287","Tue Feb 18 03:15:20 +0000 2025","0","Sentil Manchester United Ange Poscetoglou: Selamat Datang di Dunia Saya! https://t.co/i0Ao7rBcSY","1891687918864847287","","","in","Bandung,Indonesia","0","0","0","https://x.com/agoygarin/status/1891687918864847287","588903922","agoygarin"
"1891685971751731382","Tue Feb 18 03:07:36 +0000 2025","0","12 kekalahan Manchester United dalam 25 perlawanan Liga Perdana Inggeris (EPL) musim ini adalah yang paling banyak dalam sejarah kelab. Manakala 8 kemenangan mereka melalui 25 perlawanan EPL musim ini adalah yang paling sedikit dalam sejarah kelab. United kini terperosot di https://t.co/o1SNM599ND","1891685971751731382","https://pbs.twimg.com/media/GkCeXbBaAAEf-g_.jpg","","in","","0","0","0","https://x.com/longballMY/status/1891685971751731382","958185853372612608","longballMY"
"1887787874411811104","Tue Feb 18 02:46:11 +0000 2025","0","@Snapdragon_ID laptopku kalo nonton Manchester united gak pernah menang ","1891680585619251379","","Snapdragon_ID","in","","0","0","0","https://x.com/namadepann75466/status/1891680585619251379","1858172400132894720","namadepann75466"
"1891678655971049955","Tue Feb 18 02:38:31 +0000 2025","0","Manajer Manchester United Ruben Amorim ditanyai penyebab mengapa timnya kesulitan tampil konsisten di musim 2024/2025. Baca Selengkapnya » https://t.co/rrWmhCQMyv #PARTAI99 #BOLA #BERITABOLA #SOROTAN https://t.co/tJIBkw4u5h","1891678655971049955","https://pbs.twimg.com/media/GkCXfo9aMAAYl9L.jpg","","in","","0","0","0","https://x.com/PBola99/status/1891678655971049955","1239648604844732416","PBola99"
"1891677237834928353","Tue Feb 18 02:32:53 +0000 2025","1","Kekalahan 0-1 kepada Tottenham Hotspur dalam aksi Liga Perdana Inggeris (EPL) awal pagi semalam meletakkan pengurus Manchester United Ruben Amorim dalam situasi paling sukar sejak kehadirannya di Old Trafford. https://t.co/xFU0WaKCtk","1891677237834928353","","","in","Malaysia","0","1","0","https://x.com/kosmo_online/status/1891677237834928353","822514562","kosmo_online"
"1891676797147750672","Tue Feb 18 02:31:08 +0000 2025","0","Ruben Amorim Bersih-bersih Skuad 12 Pemain Siap Dijual Casemiro: Tak Sabar Akhiri Kontrak di Manchester United https://t.co/jx7TAlUnp1","1891676797147750672","","","in","","0","0","0","https://x.com/subroto_nugroho/status/1891676797147750672","1593979184908767232","subroto_nugroho"
"1891676248708874353","Tue Feb 18 02:28:57 +0000 2025","0","Casemiro mengungkapkan keinginan menghabiskan sisa kontraknya di Manchester United yang akan habis pada 2026 karena tidak meninggalkan timnya dalam kondisi terpuruk seperti sekarang.https://t.co/9GqmWzsjDK","1891676248708874353","","","in","","0","0","0","https://x.com/ANTARABengkulu/status/1891676248708874353","423220305","ANTARABengkulu"
"1891675878884802849","Tue Feb 18 02:27:29 +0000 2025","351","List pemain Manchester United yang cedera saat ini: Amad (engkel Lisandro Martinez (ACL) Manuel Ugarte (otot) Kobbie Mainoo (unknown) Toby Collyer (unknown) Luke Shaw (unknown) Mason Mount (pangkal paha) Altay Bayindir (unknown) Jonny Evans (punggung) https://t.co/qWSZr3zZCl","1891675878884802849","https://pbs.twimg.com/media/GkCVKjEaEAAMByg.jpg","","in","","25","58","26","https://x.com/utdabout/status/1891675878884802849","3029512724","utdabout"
"1891670039230599433","Tue Feb 18 02:04:17 +0000 2025","18","Manchester United jadi tim kaya yang banyak ruginya kok bisa ya? https://t.co/TMeOQassog","1891670039230599433","https://pbs.twimg.com/ext_tw_video_thumb/1891669900021858304/pu/img/EUBaoMY4PjV9V6nt.jpg","","in","Indonesia","1","2","3","https://x.com/panditfootball/status/1891670039230599433","947281567","panditfootball"
"1891669227695702303","Tue Feb 18 02:01:04 +0000 2025","0","Tak Ada Cristiano Ronaldo Ini Daftar 20 Pemain Termahal Manchester United Sepanjang Sejarah https://t.co/L3y8ALNGwY","1891669227695702303","","","in","Indonesia","0","0","0","https://x.com/ilhamiasnawi/status/1891669227695702303","305657272","ilhamiasnawi"
"1891664334796750985","Tue Feb 18 01:41:37 +0000 2025","0","https://t.co/sr9jpbfs3v info main bola Manchester United Terpuruk itu Salah Pemainnya Bukan Pelatihnya! Mantan pemain Manchester United Michael Owen membeberkan pendapatnya terkait situasi buruk Setan Merah belakangan ini. https://t.co/WSuP8YIWed","1891664334796750985","https://pbs.twimg.com/media/GkCKqBeaAAIFmD1.jpg","","in","Denpasar Selatan, Indonesia","0","0","0","https://x.com/gemar_bola/status/1891664334796750985","755670276923355136","gemar_bola"
"1891657377281138879","Tue Feb 18 01:35:19 +0000 2025","0","@RomoKristiadipr Seperti Manchester United Mo terasa berat sekali tp masih blm mampu di lewati","1891662750889177405","","RomoKristiadipr","in","","0","1","0","https://x.com/silvesthereds/status/1891662750889177405","255882034","silvesthereds"
"1890983983866904880","Tue Feb 18 01:35:10 +0000 2025","0","@Nigeriansunni Amiin","1891662711903154310","","Nigeriansunni","in","Sidoarjo, Indonesia","0","0","0","https://x.com/Jo_GoRamadhan/status/1891662711903154310","189812724","Jo_GoRamadhan"
"1891479988102123520","Tue Feb 18 01:28:24 +0000 2025","0","@MasBRO_back Ndasmu !!!!","1891661010416632216","","MasBRO_back","in","Sidoarjo, Indonesia","0","0","0","https://x.com/Jo_GoRamadhan/status/1891661010416632216","189812724","Jo_GoRamadhan"
"1891468637933863266","Tue Feb 18 01:27:07 +0000 2025","0","@ViantyTJP selamat nongol lagi Oma.","1891660685098074552","","ViantyTJP","in","Sidoarjo, Indonesia","0","0","0","https://x.com/Jo_GoRamadhan/status/1891660685098074552","189812724","Jo_GoRamadhan"
"1891273463270134042","Tue Feb 18 01:26:39 +0000 2025","0","@dinulfadli_ bakso seblak nasi pecel nasi lento nasi canpur rujak cingur","1891660567061860551","","dinulfadli_","in","Sidoarjo, Indonesia","0","0","0","https://x.com/Jo_GoRamadhan/status/1891660567061860551","189812724","Jo_GoRamadhan"
"1891656571815415886","Tue Feb 18 01:10:46 +0000 2025","0","Manchester United tuh sekarang udah sejajar sama tim tim kaya Aston Villa Everton West ham. Degradasi enggan juara tak mampu. Yang penting ada di premiere league.","1891656571815415886","","","in","","0","0","0","https://x.com/frmdhn/status/1891656571815415886","70908546","frmdhn"
"1891656203534492110","Tue Feb 18 01:09:18 +0000 2025","0","Kalau di inggris ada Manchester United yang selalu di goreng oleh medianya nah kalau di indonesia ada Persib Bandung yang selalu jadi sasaran oleh media biar berita yang mereka buat viral dan laku. Gak Persib Gak Makan !!! Persib Besar Karena Cacian !!! Fuck Media ","1891656203534492110","","","in","Bandung, Jawa Barat","0","0","0","https://x.com/fiqryfa/status/1891656203534492110","1837359403714138112","fiqryfa"
"1891655582043496815","Tue Feb 18 01:06:50 +0000 2025","2","Amorim kalau melatih klub lain gacor sama dengan pemain MU yg keluar pada bagus kayak Antony Tominay Greenwood. Bener bener yang bermasalah ini lingkungan klub di Manchester United sendiri","1891655582043496815","","","in","Makassar, Sulawesi Selatan","0","1","0","https://x.com/R_Perkasa/status/1891655582043496815","365900433","R_Perkasa"
"1891653743990669426","Tue Feb 18 00:59:32 +0000 2025","0","'Tidur' punca United tumbang di Tottenham LEGENDAThe Red Devils Michael Owen menyifatkan tiga individu menjadi punca kepada kekalahan 0-1 Manchester United kepada Tottenham Hotspur dalam perlawanan Liga Perdana Inggeris (EPL) di Stadium Tottenham Hotspur London. Kekalahan di https://t.co/2p0Mj9hLLN","1891653743990669426","https://pbs.twimg.com/media/GkCA9GSaAAAEv6O.png","","in","Malaysia","0","1","0","https://x.com/SinarOnline/status/1891653743990669426","331383958","SinarOnline"
"1891617440246771939","Tue Feb 18 00:57:56 +0000 2025","0","@EGA_82 Kisah pilu Sancho di Manchester United","1891653339521184190","","EGA_82","in","","0","0","0","https://x.com/kataavana/status/1891653339521184190","1273213802486489088","kataavana"
"1891645320607494329","Tue Feb 18 00:55:54 +0000 2025","1","@easy3won500 Amiin","1891652831582568934","","H_easy03","in","Sidoarjo, Indonesia","0","1","0","https://x.com/Jo_GoRamadhan/status/1891652831582568934","189812724","Jo_GoRamadhan"
"1891641218745954580","Tue Feb 18 00:53:52 +0000 2025","0","@nyonyahsyuuper Selamat Pagi","1891652319785148507","","nyonyahsyuuper","in","Sidoarjo, Indonesia","0","0","0","https://x.com/Jo_GoRamadhan/status/1891652319785148507","189812724","Jo_GoRamadhan"
"1891651425236812192","Tue Feb 18 00:50:19 +0000 2025","0","Christian Eriksen Dipastikan Tinggalkan Manchester United Pada Akhir Musim Panas 2025 https://t.co/qTcJJTNqzo https://t.co/KcOjY5Ldn9","1891651425236812192","https://pbs.twimg.com/media/GkB-8jFawAAIz7H.jpg","","in","","0","0","0","https://x.com/newsindomedia/status/1891651425236812192","1869285008734900224","newsindomedia"
"1890923578004062608","Tue Feb 18 00:13:27 +0000 2025","0","@0xtheresalearns @worldcoin salfok sama bros yang di pakai ternyata fans Manchester United","1891642145531920538","","0xtheresalearns","in","","0","0","0","https://x.com/0xKusKasbor/status/1891642145531920538","1753099006916612096","0xKusKasbor"
"1891638673268936778","Mon Feb 17 23:59:39 +0000 2025","0","Rayo Vallecano kalo ketemu Manchester United minimal 3-0 sih yakin. #MUFC","1891638673268936778","","","in","Indonesia","0","0","0","https://x.com/unitedattackID/status/1891638673268936778","1270722365387714564","unitedattackID"
"1891638089748996368","Mon Feb 17 23:57:20 +0000 2025","7","EPL: Tugas saya di Manchester United sangat sukar -- Ruben Amorim https://t.co/e4aFkIOlCK","1891638089748996368","","","in","Bukit Jalil ","0","1","1","https://x.com/ASTROARENA/status/1891638089748996368","160788306","ASTROARENA"
